序号,姓名,性别,身份证号,用户名,密码,签名
1,熊诗涵,女,440111196602149309,KjOTRmPjebkO,)g]Ri(i?a`,AwJRuzR0ZEwwWzK/SfKSDa0SYnceKjnJ1hI64veQoCmkmSyS5UqSGSQrSBaB3/KwmvpD9fl9c9ezWnBvbB2VTQ6CjkY5SVhSoxwt0+z7RhMGkEb/7Lrcgbu2QCWfX7Jt0aeFIRlJFn4rb2uhwe3ieYPPelUeQ0zhUNRYj58jbzuiFNM0CRERIT8kfX9JO7OxfJdKario9QiYmobQpcTZlzGnRkDe3UjZIjXxMUgHPqeEIfHv196sNveNTfyLQ5T4+egFFh/WL+SUh+bGaeS3SGHx6bbrin+UYBHjQ+w8ANrKI0T6tiWAp9TVhDDxmzJE+NhtS/ezK3qeAXny4Qy7eg==
2,洪庆云,男,44011119680610257X,TZxJefInVMdm,`5swEgmq+=L,vvAZy5Vups6naZhuAiQwUrxac9lPG2Sf6eWAVQACdrlU6ganVkGtPKXmqywIt++AHYuNKH9Bsi4xafLT0g5eIJbN68JmnXOH9d7e+nHq/kjcfyPtnFmS+RnV4n9rkjL66MSsJY5OvBanA6frwL2+TTqXc7labtP6rerzk+tnstbttD5gB4iP+RGc53vXjjslMm1PRae8WaxLF8Vm+7LGBVVHvEBhrie/Gkf5WQwbdeBKO/TeUD2aXRxieRCyy7fM8viOBAxXvtszCXuH4Q5IHatSauAKreQpyCkmbIZbrCtv81i82YPcoL9VHGxjvN2dzsZGrBRT/kc6tls9ACbcZA==
3,葛思成,男,440111200104142138,NCk05zZ6,<!tC@CY*gP,IvZcyLvhHAFHZHtRY5naoJxr7rUKbZLCET2ZGCsAkegipNMRL7Sh+uujQh0aMRe+Zy5wAoaXvScr9iMw/HIGdo/16S05d6s5FR3Ge+6E4KBPXNSFRIH3jWV0Fbl3oZp28SJZo4Js9N5hH+iLrb3E0Fg8TvCMUcGTmWADzAe94rxMDtEz9sBiSUPVFTt+dUhYVJf/PhwuaA5AX55lrNZb2JNPor2quWFUItpQ8i/13ZuBNZ0NLIS9tFr2BTMKXmuIE4e+3wyGLX/jkFbueaTmJQKDf4pOWGyF952xJ7TLfxas+de/ziJvYeox6RvR3h0cVikHwEsYcaqHwijmUsAHFw==
4,鲍芳,女,440111199708076340,mV3p5bDfiYnt,ax9Ms{:$Uz,n4OhsfiMdCm25aXhG34IAzhj7uQUWRbdQZFcohbS6iWYnf8wpb3MK5Zojib3m9bAN6WfqipE8FXv5oM+/D+/618SFx4FHL4SDbU18TQCkK/HB0VeuvptM9X2wWHQ0gaXX6Gp8dw/yT48KmKdSCggpt2Edtb0X+jdbK2heZ+IvspzGmInlv7vwCJBBDSiDp9rGe9A/dAsx0iTomHoo1mB9mJC/MW7X3Nl1wIC6rVJxRFuj5pawi6k6k0mnFyKGyLqMuSKvlX8U4N6ncBRKoYQYwrRBNNSC+TdAatsTv/BQL8S3BXb7onRa6nXDQQJFLoE3MmhTLE1kZrFfZIZMnn1wA==
5,洪森,男,440111197907088214,z4S9Jm,\BT7mllwmXD/3RID,iLSnguvFQrVfmE54fUIrxDkDgNf7xgOcDNeuIchR6lf3FdaRjBM9FEWNF/0dBhaHa+Ay1BYY0MWshqk11SeU558yZMOY/WCBnwKjfLtVuSPboT0N07ygVc+ntMA6ForQfGC1mP6S6cM0vmBGYxQUIwAoEaqV34lDCvTc1xKeQahDsf+LDmEDryMUQyshop/1vrwAdxagEqTs9giWAjl+N+U5rckzZdZiSSs3m5xvNzvgrgUnVKphTTCMXcseyasNxhvQw+d/0Cz2oC2tcaSXRoUy4tyoWMoCinoJeFLKzgIbXD65rweprdhqoMktEX4nbz1HnOAvyzHfVJARIA1hzg==
6,袁雪,女,440111197811063426,VE8oOdkYKFF,go#Ru*X*Q,irnz14GzGoNYm8+CQ3xw4Zj4lPsBOxxg8ge6gh2qdod1U4OyCoAh/NgavPKmsz7G5tTMCaYxELlIIePPGE8ZdQUVkb4CS9GIcGsmNy/OgyyypbAAmDdfjWd9r3MYwhLf8tZDmiFtsrquqXLAo+MZGG7fvxC94ffTu47ish5RZVemi5DqVCzRt6ZdSHy/o18qmivXTCRrrpcicEhz25xqlEsSrpbJGfNu8IuEi7qBPZgLcibUvt1SOCmAzRCudy9UFM7loRj80ribhRCYkl0NFVKuM/h5JMT5rp3X47Jegyp0NuxW97IFCWKyMMTlwUAyjkycidRqQX2wc8xYV52h1w==
7,卢泽宇涵,男,440111197412236879,F5ovDfu0,a+yC[1l2;:2@>;,NF3vQro5vSsKVfaHnvnR7ROHNXQgjg1y04S39nkXBm3r7/bD1f7mfx1luaiHCE2nkvy14W+PXq/xnELAqVmCqzjXwYBdMLB8dCaIayXzdDB5yRF9CH7zy9zuJMxbfb3ELvjQp6d7q4moL4F1AtHGmzm8YCdAMrbKklYS0FDGg7neOj9QOGPi+XhDYzBR7/AxwxTLye/aflaVOPH4Kkz2Hb4LIotWLqZH85/uGUngCEFISFrOQaYSb1siR1TS0kU3V6tHAqae2QrynHF0CykKap1ME6eCJH0bV9nCRNLORtYe+w7BcNMEXVA0Ba3Lg7dAr6BO1tygJEXtN6gKhoP4AQ==
8,徐蕊莎,女,440111197509203969,yUeuPJZDC1,[EzLdgJ0+zEY8aRR,EFCBqp5k8j/Zmbecrc3bMiR6FqHIsl/928T394unsHN0y+CpDlPKSqyqyeouFpEy0o3zaOIwZzCy6RwPfbeWh9s9E2vTUw0S+xnOyoYWkSb6/M/NS9TtmFk1ou7Wp3Ri52euUe6Hu5y1wp91WdT4uWK1x/kbz0ZQ63o1ERnE5jgSaYcHixhWMaFR5DTNpPya6URYOm/9cIap6S6LgPU4rUR7j4ddzRwkNeoCL3Mulg1CBqz5ZsMITahFR/qWONa6ohuwvS9ykqoRnD77Y9+tMromV8CkoORkCOH1fcl1Z1OA4fLtMbXD8z/gxy59igqh+Fn7CLeXsSausOpdzpjUpQ==
9,熊慧,女,440111200303056849,ovXGAkMRk,~XeASyy|0,F9XLvp6EVoc/FBnN0cn3xnESMTd/o6NjmQFuwT8lbiDTBGfc4HXntYzV0Q9/CmdraEXyceMzSwQ7NSQMw6DB1ex6Xvb5u80NLTIM9ThVLhqQ10v53PZoKgpQXjExvGXiizwd2A/hP38flYahoUrpsi9TE9j7cLml5KV3eP6qv+uKrPCCOW2mOJT2afLI4T+SI9EPxQg1+tHGU3IL5KIM+kujA0AKwIm0uZbzOPBo7AOLjsxSOAzoGhfdnegxZVGb/SsI3P13pg2xBGKkoKKlQ2F1wOd6682r55XjrnVrG9h8yPhDSHNHl7iJ1eBWjwHK/jXfBSntakGfrDbfEs/Qmg==
10,卢波霖,男,440111197201091171,rbQL7Wou,}]SqWN/*eA.5|,ACinR40SoczhzqAmjmpUaeFWQhpPI9uS2/zN+Q5+rXg6lgQPhV/ouNjxc11cywrA1gDs6y/1OHUK7aQIDlh2rz7jaF1dhPbj699eOnOTbtn5yrFqb+8O+uVgoA6N6SmcuPAd9EdZhgzHzLRKoGF5iAUnv3phSNQpLk7QlOnP5KPfNPxIH2lW3/wBX2+IjL1zYggljZ2HdcqFA8MbDbCV7jAUCT0zk2g8G7wJlYXwgAoVjO1Tl3E69bR2YST1rLhzVPFVlrLy2+ltpfQSHfEbxLzyIWVbZNTpJQbQ/B6NC01leB5shJl56nv30stf2lUAe2nho2InffIXlyMnCz6biw==
11,魏慧敏妮,女,440111197401061065,VXFhUBd3,if=zwRQJ~Q,QOB3ydOP+2dIfhSUD7UVdXYeAEzV4xEEkfhhtkGhe22YoZfs2Zx6RJochWCj6G3c5pi/quow0YgePA/wOW6ZAB4meII6iuNOGlKO9bbZIB5ggcm1LDxv56XK1PJqBCbc7obEtuHWDZFL/au18M9eYR+h8TwvkYbuHMsXTE2bukV/DGDRSkY58vMnyGMNTtMJWyrbVsr6HlNNOg0PY5TrDjcNjfoiUYV/RrIOaMwrfnA60uElcFSvphuqJS9/rsYDgRCV55wPbdte/AaFbU4taMCb1yH0HZFgwmUOBU9noNmLtez7QIogjjfj6AtqsiM7v6+k5AcViX5XzN6JcQGTUA==
12,闫若瑄诗涵,女,440111200510177141,dKXzSX,]dN7j%0jA1m%?y],ka6nzu/JfoaWhnZ6X4fjLt/5jHHc55A6BVB2FScBP91iwVRaVAeI7IrwehJ+9b8ohuKVjsAAEnqs4114MAUhkMY4ZR3yAWWZBonIBuwjgPHsHUikHcTcl7qwSkZwpUbImrwVs5IyJfg/yQ2wEpNNc1GtXtuYcHJMl9z7OdbEeV89H8+YUUsaOF2N7AiMHsZMCdKycd7jkIVlu+t1ZYEPE4bC5Au1BK+d3D7xUYwLJTs9s84AOrgbry4Uu1sAU2rDg8KtNJm/N3Y6gCJzmKZTXWfGGdR+mIy/NEWaKH39KzF6MOSNss+n9TqTulsPhNbFh3kRxP4qt0yjE3vHXp4K/g==
13,杨金,男,440111199308210790,kQQVw7,88!nP;C/,hvP0WsoE+5DB99qzkCyhcBnumZ5UCXGVPA9QO0PySevNpU3oSBNGppBH59CuNZlCq844wEFJM9uutzW8oxiwYmVjhumDlMEsl+3+FBDXOL3fBp18oVjEhZ+8zUhL65253dhzkLSTC1TRaCaIrOQRxVQKc/+p00f5Clt4XhRpFi7p2ql13zv5yJyFzxSHrVHmxgAaHNKBemh0MjxAaescoiu7r5PucVfLj1AHy0okG3b/V/5kbo0pcSLiVKIcJryvZfocqAeTZ3AueMKp8npCXERiosa8Vh0+TfRk5xVxWLTh2/O19sOVz0D1HzJlJp0V/IYQRsm1h4If5SLLjH3BkA==
14,叶思成温茂,男,440111199711231612,pn4Ox86Yv,)D\_6L^Sdqew9sN,WEG/BFbuoqOIf8j7ktrCbYZfTiGE0snjm7pLtRXsvEVRADeaZexD6UL8X95D+91qcgLauOpa+TU2179jyv/JD3fQB90KPGmvMT/IhkVTQe1nnWanUQw1f1h7vETeKr5EKMogAHBJBtleXT89TIk8Xv/K6BOQNLFVFF1n3lzhkflSX0/P/dqYxt1sJ2iFxhgU405AY5Bgdl0jIzIDay8KQXLon+BnXKHUGeiuf5idgmTN/GZTJNHMlwG2zfYdY3oSBbwmjzLnPmpfodiVBF7DmfeAcQQkIyR7RFbWcLyTBD9r9uypO2w94/gwH+PdQI0rA8/rCvLfPI9oEqm53Lm6jA==
15,喻嘉慧,女,440111199307058803,zhvMQoY7E,m:6cbXW-8,gL2JJR/J9MMUFUQc6jBucSmbS2laujKHXf7gUuJGott70eW9Z7cX5DDPhz4YWzPmmI/CTZncqtAXH7rUinbq9C/8RKW3rkayn1duJLPuuZk5QAETSQLtj3mtOvdHKkBgP9LFidWfe26fbF6tGnpiDIHNb2+rJHdNcnZrhIVut2jwEqTOkdQZJkKec7K7kwb+F8AGpJkgtlGMJxMCaWvGw9rsF5+hjtBx1e0UMd3MLm1aDjbb5yZfBCCNdKtgdQZPxeUlOqEOqoUhJx9mqzdcxsxTprMLmbY51KwMFbgqe2OLLuwzhb2d7EbnGkIlR5yxCb0dFJmFtAvTUKgjODT/CA==
16,闫亮,男,440111197411221798,gasc8tQTy,]b!)AAa<H2iD%v5~,FTij5zl7T1bLbIL4SCCE8t37Tl/SlLGKRo9V9Eo7T7Cf9ySzfsYmWuBmbE0Ne2qybwWjIZAfuncbf6S1zvAdKH6Xo6lZTJGKJSOX7UpQM9fSWbVrLulMi/ya2rA8vhoaF6dxP9I9gowahInQ9jMEK8RXShZibs1dHrWloAbyB7TycYYTCcbsI4mdrGVqxAwjka9RYxzkdi8eWOGVqza7egtcQAUsjh1MZs0jVsxi1W7lp5U5XeLKpy8r2ieJ9Bk8jbBuvaksLTXGA+GhPFrZkZdpl47sEca5Krj0kqP3mVnwxiem+8GBipMkJimmtSLLIoVCFGzT8vCOPhRt4yUdHg==
17,沈美娟,女,440111200210161105,QpJnG7cS,0bL-g\Ge/C@t3s,Yl7RJ8D8hhflVe1PYlJ6Msy3oOJzZJn5MwodTARqkIVQSWUIkVAxxtcBQqRqtj1KGIskRd4TvHcJMIgvek/SriMkuiWrmBXmRxgLz+CSyN7n6f4DPNXutRNA45TCf5LBW/kWOFpEIHBpZC9XEoiMZAAj6waJLdglvKcYB1PYhhNMrb/IQ2CiS4AJ3GXWRT2PN+ufErxKA1lncjxGUy+Pa+ohEq4h3BxCt+qGhGErscX7uJtVtcKAtNnC3z2ipoqPTrSi9Otoi5UoZRTRh0Nhw+rv+0RoZLqigyWYxSWLriSpDwNfITs7/2pN2ePBQmfj1WH3PqKoTWQX9HRYfbeAgw==
18,詹瑞雪小丽,女,440111197806237989,jqR4jT,h-!qmXn%d[!As},hugYdkP2d1UKc/jFbBj2NBZGqJz4LdJ0lhxuL3mjkUHTMujqdeOLcKtDuQYZiBgfA8O6YuPP6BfaId16ih3Ol/LxORuTgtHR6K9Jfleg3ZIOdpTUQk/w0t8Sn8pmcScoxQq02jyQyyQXK64fRQ3kv9Xo49S+2/L8XNtAiQaIOLB2MWeGjr0v4+79AGagdUEmc5MGxN+VemrO1JT8A/1yyxKdxeopOQLEzBfXSOJokso8csLcMWimeYdMir14MV0o5LogH0/JLvEtLhJvG7mPGA+CkWSBjwIRvLRHBaeeCWYU1YgN0glpShGSWKk6idp4CETbDdLOzAuJCMOyv14i6g==
19,宋波博涛,男,440111198908259737,CxBoJeFOFlma,+p{Q=%]B+\gk,cbT6sb05XUlu+2rMEQFjNcxjx++8liNHcBhjGfritxz6bcHUX6YUCsclfXvXyyAn9jn/yWzhEjnMxZ8FsO0wbnC2ldHHkccZcLQLu/OKNA1Jl+gP7V6KCFDcSbHUEZ3NR0aCqS4LbpwR0n4eD+feASlC6uEeGxoviXnfW7zuoYFmps+SoyuXgte/ww0PnHYdMn7kyUsiv8DkPZn0RkYsYqJrv74Z5drOc41BiOdEUYeA3BTLLwomPRDwuGiAN3+bH/EJdfDmPQJghvxqp3z2E9k4QpGfCAW30croDPOMMWW1tdXBCAt3x9GJ6v2T86cQ4VlI6hL9/xeK0+B5bV4gvA==
20,戴苑,女,44011119780110276X,lzGc3W2l,FR~&#/(08,eK3CEb4jXHxTg++47PFDdOtAqj/4ZJeVXX4WnNTgEc0rTGilb2wuUYWgizjGLD/SWeT+EMLije9wkk384RlzZ/iX5CLhlkd2mLmItj6Xa/sz2TS40Uv8CodcSb3KZkVytz3BJPWjMMhrkuMaDdbHgD7DkKE/6C/Caaz/jCHBnmPHGM1C3BpS9IL3mj66EuSfuZZnwEbKM0a+jKJYe3H9CrTzOMote4dPWHd9kFtd7EjR7J8+WVgHo8ohPhj/L6lQ6aOkVOAf6u7/Su2EtRkk9H+dygq4VIlJbDWCFowkT5cSQy0giLEbDDKnHYV2xGKg6BtDKSMUIC+bPEJN0sHlYA==
21,许小红,女,44011120030917212X,fcek24,xb0*_2-*IAT,IX/OobY6ddVKiHijPt0ZfTYOn7Y9PCgUMtkgFCwudyFmU1XussOMzVxZyNtetNt72/Leo3JSsi2i7xnbvOXkXaz7CuoouJMj8WmAhvetQ2IVt3Jraeh9/31l79lkW2Z+FAFtrP5BHXYk+KvMs810WUJq5yKB3OYgUM1JS5t3ymAMztg2FslXm04XRL0ZLZtJjOy03A6SNXl2ZqwqhHznGvIJuXXHBqI4PHCZ0gsSiM430PA7wOXLN/6S8XCgRFKTczWtozXhi1x+z9YcGtsSKi1tvkLAJxyud2zWqbpae4g9K5S/E2Zc0CzsEDkBlyqyBGLxFM4U9qMZlfFbiR4cpg==
22,黄晓峰博涛,男,44011119910615871X,ftFgynalR,_TR5pVk[ci,FNMg2Kszc5Hrnw6hXsgltKTW/uzYTuymg7D0fb3WSz0H2hEjvpV54AkSepU+UPIn75m/wbaA9ACda1EHlKtc5QeVgr/fTd4ygReYB15Fas9IkASKHL9nVUnVoo08+HU3EQFOEjSyB+Vehf0g/T4+LjNkjsyFYJMWqsIobpvgLGQQo5O5OEx9vXsPspmNTD6u+JTxdIoQlxdOjTRvptJHvaNIbrcWyi4MatOQCUYB502ZW8KcFWhUoX2MbTygSz9Q8riLAQei5ndfbTgndjKA3vyqnwbvHZljKzqQpp+ISTDwSMln0qPJoRIq1bQ3Ld1wCI2VNVU5Afi2v7aIFp74SQ==
23,史家辉,男,440111197004167915,iupAP2HSK,aC^w6w&Q#tAJ(Z9n,Um8rPdFT1JYWUqn+WLe6A9pxbHJSctnAoqf8eCdeCw1R5E0kSqahb/qQOlY6tkIudq2NIc9n7a6SSEuFpvp/NpfDookCqjKhQkeVf4/J0CC4YnN+GADDrpNcXF+bGaSAdIqWq1JMaVS7+plWu62vBnnldJn+AsZEVj7ml8vdRDeVRspB1cnxukI7T2m4ghJ+/SGGqANK1nvefFes2M0TN/xNwB4Q/6uxUWLVvdZFJZ+otTtLfvBRUZohcU4DJusJolVp/mNIeokX1pbyxuCrqSv6vwAhNXNz+MJt1tV7C0t1kSbcu6gAyvySaEC0Gunno4npWrzEIDQiFkvWLsI+gA==
24,蒲姣爽,女,44011120011204882X,fLqZSEl,QLcTXy~65,rxPZ12WYp5jfNq1TZE5QPpO4wJ/1LILrvJV/tMLfxg+GzVvFqiLt48ZV4i3qu4EgNOsj/QGSHQZ4PxazSMqOW78cmC1TJ6kut+OQI43wrp7w17IvHeI6pNdtmqCEK8g5vnLaFnRi51sA0OJHkSulTnGHK89Mpn6PpoNjh38scIOlIwIT5SqU689Ww3GtFN784ZpXN4FsS4pShGhJ8I/xoV+n0B09adcDjb72GP4v789rUGYxB3Tucv3VXLeZbfqv0Vxya4AllCkcHh2H/RFHE/uWXJ/0OqL7eLu1raDTB//LUkKt/vEnTwE8pSNp8IeW5bzNsJoU+t9petLuNdLymw==
25,贾军高远,男,440111197211067052,Fm8Xa4I,tgdjpMdD|V@Zl,c+aDywP5HkbKnj0PpufyinKsX0iULzFlnX6qwuO7B+fLirrlKtrHTh+729WrC/L+0WZVT+rM0a1UqOE5k06wYaabHbGxYGCR2rnY/TyqqWh8Xc+VxPJlJEEqNUjkkAW+i03KNMYXhFVeFE39ECRpS2HhCyGb9cBNt5KlBLHEDJ1JqhHZs1leyDb+1Un/LsyIAG9WIY6KUEM8W9k7mQQCsxS8K252PcqfbMG5zNtiz+bmCqYR63FeconetlCiyng3jqrVnzjpZgTs8az2SgrHJgYemeWwYZJ5EqyGxddl/1gON3f/OzsYljTZ+R6xO4X8gBdTIN8j4J1ZbSYkrkeHTg==
26,洪宇轩宁静,男,44011119990811791X,AumHlTH,Ux>zCwn!X|O-NSKP,Bhi9RiuYJqBb/fsThM3bUD8qGom57c/uo7PVDBISzt6KTFAIdIu0+mB3lTAUA/iM3iIDKKz7a9+xSQLygc8ZanbnzFwlSvV6iHzSQ+Qz+EmV21V/fnVklq/8oZWMncRIH5gFKFQyKCzqIYMCratUTidelhvf1UV3RCygnUY0za7dRFsk4SrHF+omFJjvMJOW6NNdZuF60JZtloCKCj1uDlqvhS4aCOodi1cAmJ4dYLNOIbJA2LgRVvNhRhoE2ClCuWsMxSIgrVMCOirff8/ZuOjjdBmYvoiO0KVEWYP8/8iJMSab4y3dQ96Nkdf4W/aYTnrTCKwbDnFbN1hqSczq/w==
27,余河,男,440111200010146218,RpAh8qA,?>aYG-RkN,UrN9dumAPYiWXkxgXncRgZAJpBWVUaTxRgVdXPxsAtXfYde4HvQEOzWYithwSb/BnNKVvUOKNOHK2sMcT/8wJv/IvJdffoePTNatyoRGD5aD6xnyET0IKZkl+DBBwSdiwvu8akwn+0zUFsecZeicg5mvIDxDnOG74D602tv/Yyr/NqOMbOblNyNMom7k5S25bZ84o7xTXBfwCGVOQyndoJWfrOX/xBgKjHFfI1P6+PXbj6opnT69B6E9GrHA3W0ojffdcEfebrFN54YgePU/BH9oJYNDJxvszBC9LBn4CkZxNTAB018B1i1+AFIGeyrDwO5N9L+o3sR5j5CZJPSQig==
28,张博文,男,440111199206237298,Ebkr1hb,ENl_ARx9=^r\5H~,nmjhpbJjZAVO1qlPubMS9owyC8Ux7l/3iLKBnGiY66mK8VPznOpaCZrBbWTQdSGHVbq5vhmuHhHMO4ryXmHjvNLp5r4Aq52TloocTgnMsIpYY/O1E81LeVFYEB0HyTDWuOA5ju5c643SI6bsbFXVy1PdfNa+zshkibl/u9VH7xIXAvUo0s8av+krKXB6kgV1Q5xtN1BGYYBRgnDvWtrK528vF5rc5WuZIC3E9y23e78YzPDpgbiQSGK3U75oQElYbUHu7pxcB03vgeoK2HEwzKTo9F3gWKsGgnY9Uky5ocQMqhbb4Pjsvlnd3MI87/NdTfJ9nRqglK9tFEXr1dGiRQ==
29,龙雅雯雅静,女,440111199108074827,ychTLf,g8LhX{eK_D6KS,mmYSP/r38wJxsZq7lhlE0dklnSAinuRbB4WlNVmWG9lCW9YoE7fit5sexagZ6o3zFse8TQu80d2hMoSXpB69G5gxJDWOnHPFqhCoJXpkobHIx709VenQpwBFJ0xk6krZ49QFGM1jCLcg9eSToNAaYXh5LPtMXEoPNfVLtaTnLWPMRzkFVOicrLFyvpVwSxesLgLsFvtrDTND98rec80WugnWjwgGMO/BAY/gMfyOzuo3AGcAUxj3bnoF/oLy6187l6D344c4lDlIPvIIzZJa/4FXWzUnFwmRH2skey//K3nWfea8j91W1F4uLxvIXTFXPyT4wBq9c5ECK2uu0LCqRg==
30,易俊杰,男,440111197403134299,STn93gPBZIms,&*gNR+yhgq~vq,bkcAGtVQT2+9Twno/qx3ebmMYyUiWiZk5wRWRegfQHp3q5ePDMmAEWMfFgVJGLldVQa5ru7X72vr5f4GSR0n4VAaBvyucOtvlotiex/9Kh15kjJ0S4oAQ0UjwBdXcGXLjeEKHYZoDEh7Fs6liKpjt25Q//HcU4KL19cvbFR/psGY4vl8IreRaNil/amx0+lycs2tg6vmQWtWMjo0ZLod9m/iDYvM9xUvdCPn9Ly/5JzFEZ4OivQE0iLOAPRwPu7qgARuIAjCib+MlOb2MVxLgBzB4EIxB3NCbNil1wiXrqXrWrNydnRAgv3MOX5A9yU0+qA/MSTenRd8zky70s4JFg==
31,莫佩兰蕊,女,440111198907164808,cAyFqhH,[Cn\RvhG:S,SxEiem7vUN+prLM7pjqQN7837IRE70JXQBxdMcBmVrUX60GF8VGW+y08OmDUKozQV19xhqMkjOs2j/LzxZmSevMoCfichHwZutadZH1LjVZ9Wrcbd0RmtLWJS5eUbGRnWa9iteMls4b0fU2ky1K7DZBRHIdG2x9rJBhCwmbVYP31eN9RPVfbJZ2CO+jxgeSMTi0sDmZEY822AAs+WIzieFKxVk0Ml+DnnLVyZkmw0yZ2hbCpLl/d+wf3yLSoT5ZfOmVXHkyBBN7Et253aeTyYoynq7I5/TTYok6Z3ssXEE6Dp7DOLQCaPIcf4UAT99N1tZrSa2ABnrQX7mdWmV2DkA==
32,柯紫萱瑗,女,440111198706026521,tBwyC7444Btu,^$!EN>b6Kt,NmUDqv2oo4XHrmgs3YhjZ+7bIKtM5f+DKnKnuaK/WLy6Lx9d6XrVFLaKVRmLcfZN8ltemyuns32boTltqccR38bMNApljytpC6jxL8I9+8BMBOCLzHm9mAptOdQxCsYSn3hL2n/+MpeXg31zggRLwVYR1SjiAqCelFAjzzmXtpLrcyHAnybFaONurmrPwGUY+PA9PncnSPDSxhoxPZJH1Fq6qlAZjRKquiv62aY8+9HGyWAvFJnFVTemBtHygOdKYTMQgh3nC9+J0hn8yjHCSF2oRpsqQPOZ6Q6juWUWIODA/R6PModY5iJy97qi2mTUTzuahVj74Fkoi0BwcxeXPw==
33,崔向阳,男,440111198607046594,vnu0U0UEMSw,[S()Ke$~Qh,oesvqDA5tF66NRIffClA4MpKbqwB5opNGKl3wPsSNM0ea3KC49v3VHd7idUfk5H17A1A+kCB5oed8vpzp+/e+pgueQzYP7hzKk/cpP1bvAeZc5doRHFUAHSpluSrWKui8d5NtMBipZu9pLteiWorD225EXYij7DzTZb5F+Gqfw2owU6WTOxAJHOJ5IetVsdbp5VEakjwq+cRdoVdVa/dYSIf+IfTQXPwECPuGbtZiUCLJjaBYysATx0DG2EUd5D1WWXjO4faF4YcFJ+ELq6pCSMPdYk2nslLtme/iZsELiXDjN08vS2enJnFtsbgikZ38W8Z1ZmdKdPFfuZcr3755A==
34,章蓓冬雪,女,440111198210147645,qaz52ot6wJcP,ddG3yOONFF$hn,AqGrJnftU6Mdvyax3E5tz9jwbG00DlDqnbOgMXvF2+Oi7yQMdKvYAmOUwhBsPuXRwQ++bXJnEdHZ4oBasRz2AN+BE5fLH4s8trxkuOb1aPM4/MCpVddG+vyC1ZN+7f0e3EKoYS2EO4+CbmmmtWJW/rw1/w6X7z9/XUlffSPrHmsjvogY32Pkxqe3grdspr2x6x1QsYzvpIGM4D7tbxC9wPe3TKIrLxnBhz/GC3u1ASwMj6qwlVEt+CEgfNDXLzl2xCdCKwW+TPvYmixIvY8siLzMzfwrJSI/cRIk/Ep8y1jbslKTQ7M6SVLWlONz8e4JzZc9ULWD7MzLt0IDpdxmuw==
35,康慧敏思涵,女,440111197307213640,j7Qh3V40Gy,C^eBz=/8RA?Y&e5s,FikDashydH3xSLsgVOrTxsnahWY1SqLqBjgWSyz6Qi+aAvq8Oy/dkVr30rnLW9lC/RhcUsFTjqQX+MWkvba/miB+YX+vyC/sw21DhrYtet+G/3qVDC1TLQtZ7tuJJMRZRSMbFhCe8E0Igb1X/s4vffPiQbSPK+X1YNWqP/E99gMjFQmuJ7EGDu0chbirT7K5OYNwj/0r1oM2tWsNLu1Fk+zc0ba/2DlQHF2EiUynBIeIZxljWzqUNDWMg6Ymap7hP3UIAOTn8OCNVqOnTqAjo+nlGsWHe+XSHqXCWKboT5QYmUy1lIE/IDfsWb8Y1wwvmcBJlgbGQjUT1Ujv5D6w7g==
36,孙飞宇国栋,男,440111196703149535,SxW71UN6O0U,rKGMQT\JR7_,ArMDghRmZXYBrf9Kx59thzt1donBrh5Dc6jxGFvLHlca7i4amg6eZWQlkIGnOnWs29bOxHdQ0X2xbLXaFHh1avf1h/Q57F9bMiJVqsRixRTYBWnwhHJiDRX333A/LWCRxjPm4DsR51fkrnhX+O84gwN0IJVsOF/aaDAnhZC2OIwedvAlS3E3hYtKbnFD4JJV9kIEhi6FFM3fJit8HB43JV+TUjTHiqkWYPGEqD2gsa1P/KJftToCZ4i0kZnCDdz4dskriwKG9W1R1cdISm83jUHTR7E2BNULvs0aPl2Lr2Sg7Yps316n9184IdAPIPGnTDIFVrGMOFZ3NI5h2QtTUQ==
37,蒲茂林柏,男,440111200005296895,YJ1jwbeUnqy,gN@$W23&,kiRZT/GJLMvZunpQ+hGYYfm6WmH4C+xMCoreJTV5WEQyRv6vnpAvRYk25BsIMjfzsFfD/hIcdjHGGMs4TxDqyFpaRXJZLUeOXQip8I9+7R1R7sUOBnQrJY3JxJsMtmViCTxxUif7xJ16KcORcZlDF9NC68s6e8eke6hQzC6JNnpn2OPSfY6rZrlXnZ9ARTZa8xVU3ET8gkev6NMHfLrg1KgVSN+b+9TGWqabgFm/fs4BSJkQy1PCt1cPnyEIiHbPeur8zLMAtrGzB486QxCw8dKvpsq/oGKGuYWFRg67IL+flHaHwsTet3Tcdc9nfnPEXbzJNsYVlrs73+D9j4QH7A==
38,李阳文涛,男,440111200311116696,n5xBEJp1N,zDt1Qa6}A,Xy4GaE/QQwVa+CBZvreYr7/64VgnFcJvftJ472m1L3Ma05odutOfZ4SfrXu88KEYOKWm5h16gsaPY9/x73w+w9QAix+AarDk11itPWxcfh24FVsRlwOZN5GVarkGCA673gQBUsoJOjcW42sLJgFUEZGBr4DH6+N4M6tyCXqmrf0rxBLNAsH84zWcWsWZObVnRgyRhdw/h05jIzJfUoSCeX9yduYQPRczs7zn/wkLBcXjnTp0ovJDA9xh6ng6gAiAvJe4GxFV9iHCfdeCKWk34k7kP7VzcIsCpY8hcPIZz0Cs6EgLMM/zjn0BvZweDgv5dDZYNz0mr466oYFmNI51zg==
39,雷霞瑞芬,女,440111196702271686,BKbRt1JKAS6,#Qggh&FzDY@.<#s,Rk1MbOFkkCWlRepBQ5Np8Te8S8X4DYOZ88o0cF/1EYVa/Z3t6IwOs1BSETSPslJz4Q6/PUTSNmpl0ZPNJ/FMekn369HVjvnRK/mGqdKhPq5a8PtYvW2sqhmHY4RA2jys+187YCSmMO7ttStamkpMU9RpGxMrMPSPT/4un1sJzyiigMEwik2MFm1Bafkhpa1PbuHl3ViIDHspV6BbISyJPFAKVLPKqKXt/+v0WDKIzC8WtbAk1nkWD97J+4yiKnbGuRSVjgP8XSshPFhsJBnr2Rvs8zeUwt/xo1J8HwhNGQa+rgqYo15nCBTK/FqUlwF3h8Gl43rc6GX6yYR+gdXcwA==
40,付柏明辉,男,440111198603045754,b9nf2k,w8JiV]E]+$d,WqiTjnOhXk6bH8JAGKwaImUAZEDf4PhpbXecaSFSKWDyX+HTUFF94FbM2txkY5W46nrmJtWSDvwk0cdzVB1SUGiCzHxz3kdOQ+jqsxRrglzJ+0YsDwBJB8BAFMSGu2ee2LbdzaHcjGekquSMmO+EI/XWOR01/HjUImAD55uBF2ydz5eHQ4XtF8QVE57Ew4jj/0I/b4GgLNBIDvNKpUoPsdkDlHLsok1BIrHRZStLkwGb1hmsCilana1dmluEoE+vdUxL0i82wMhuffKt+NCc0BpD1r+nRyC8XHSP3ebqQXB2VTAXlQZ8jtulTK0rfQhM0iU60RF7aCFx7sGPHO+i9A==
41,喻哲海,男,440111199210074479,D78mofYu,3={u}otL.U@,KGM8DjKRgzjJhmWFOMve3Vw9iA7ZM8+NI9nd+bH+9G5QeXOX1keCCZXcOuzWoAmdvVNaQGREV0KGwKBd8QjZubI7SUYOvbng58/XLm5py0Jsk9nyEeAogvb1IwYFE/2py+pRb+be45fDUqyPYxdclLW6BqLyeGhozxhoDH3tm5+Zo+D/redevh1Jpqi+dzBuHbl7C/xnVSEeiT5V6Md8hwl/25/gf0yEpZPJfcvPHdFblvl1Rb9OLh6YDNJ//rjLVSGv9PEwzhkBTImPl5/bgS5ZiQJXhWv+j+RMGAT6kdLI4I28ONmvbPo1UWvQo/QaVhlih43qz7ut+YVGwuZE9A==
42,石婉如,女,440111197203112466,EdJR60,g7z?QOb7^_=r,s2xXaw0qH+K27/XhiyEI7b/KiHIYWdTuzaWrPxi3CpuEDEG8MjB1VgxhG8XjVH08sZDc9xuPcC9cTwtL/eceRCrwt9QRI6DldIH7iBeDo3/ZQlJG+hOuv5ija+vK2uoHszvZ+sRPPFLXET4KE26H944kcOVoyetb7KyQIBz5uaWyKRDrIfrDjWKa15DR/yOYXFuyaE1CWWEhTB3wctiDgXGxeqNFqyZ6BKGQl9+e/AYp/PqeP5kBu1lByWvjAlCVzT/ZpcbgOsoQIGUmYqc+TD9DOPZW1bEz3D0NfLB2YCGLtcy0QuQSOmVSFz4qNqqxOcUiYra1z2TVhMmMC7U7KQ==
43,蒋信鸿阳,男,440111197111154116,Ckv2vthn,7)b!Nw}Ee,a3RjmUQR2Lxp5wym7ZQa9nIeSXsHs8nwI/zIXSj4B6l6e4QsonFZsd96AYC8uHxKC3FPH9qSmSZkrgZ7PfnjeusNDgz+C6mZTOwiKiyQp2jLfVRl0fItFe/xv6n1dlNHGca0SPrvSakcAWPH/JsYhITY7LAzOsATHC7f3POYeYoEfYZfZn0iab6bmYqJexUycvjwWgQh/g2q1L7p6jEWW1L7jWXDusH/4b3AbdTa55y+PJ89BQVDvjM/d76N9yO3QsY6tCaJ7HK2YH+2noZtZHAHj9v3cIp+mDCWI3GWHwxIE71llJnxB++A3SFpvSWJs2iMXkw+Sn2SoBDEL4zdzQ==
44,安心妍,女,440111198906213225,lseKJocCXEWP,4PjM~2]3,k9tVFPhhwS4g2e3U06Kox/WSy0aUKOlPhSG9IevDb7iFpzrXahElY7W5QDJcpgcMtBnX4K5F5KKoLKJpBpWGoXEKINRUO5qYUVZqKx8jvshA8z0sccfuD4L5oD8qwqO+UAi4ocrZ5XAbzQQaiEH7tHXeZm3R3LKQqsn0dgUMkRyTgji+ejiqNeU21d5PyiMSZPdns88toFHLvYd3YR0xJRKGbXfJeSrWRjcpCaVc33yd/oCLDTRDQUQtmmrPN5h0CRsnS/etRjbMU5B86N00AsmWdjbqlWRZM5BJvH92Gpf1Py9J4AOS0jYMZt1QVL8XeHj8gKSJFiUNo4mSoWzHMg==
45,邓彭祖,男,440111199401138279,sxJK8wqFF9,{b\qdjFg]=(,Q6JRpSIJJo9vd1OTCu8AgXchtQfAXbubz0MWR8VKTMwj4eJblgj3ggUNE6xWn7BGpx5ibhVbRFwWenkz+43oRLhZizIg0nfzFote8jkhn0UTIZ9LE8TgsvjxDbtc7CKA+TTQKRpFtbYxtN+0HO5APwJnGd+Ht10TZFkurP55dYa7axUPuyYCeG/XwFI3EGHPEk9xvY1+P+bk/x63BIBU3ILcthsT+izp6iueLGJ9ll+xqezUYX1/rCnNGPMCr4JGbJy0S3Q2W3FPCKho2Rvzd5dX8h3Y/pjNtRRs4XrkpEtUPjH0yb0ZWYNKGkKXZvRDYMJANHlonWmSmwdotVFdxA==
46,鲁阳,男,440111199510212634,0v1hVRyVDs,>AEAGc#mmScmCQoW,RipN01VeU3SGhN3k97W9l6W7QufCnaGgCUg+X0H7nb6t9NLBZnj7ee1K/G/1esKNeCN1hnLbUR4QCd6h9DIYDwyBe7r5PWPJRwtRbigSNB9rLVh4BgXF8RwsB34vyHkU3WO/HH7v7wkiOr20KonGQAeNcdWd/FwTLis9TZpTjK9zGeN0q3NzqK86N5tK2zj87CmRJR50qoz5qEZR4sk66l6SEFhHp5c5clsm9qjbqJ3nyI6PbKSe0S7tgxGfh4f+7Q6Mrifp3NxNYK36JehwHfr0u43Q5LwPdaGwZonGKXkMkfzAkTICwaNDKG6ZCMO9gVLbUIRXhHmK86MfGCz6kg==
47,秦涛锐利,男,440111198008079431,KhsvWfVH,^zip4%0_h+r:S,hAo4d30TD8T4E29uhB+VYcsUpIsyv4vj0U1xYKknlrfDyyLiRU85POnybljEsc3ZaDcB/i8saJJ1YZNYjMeI5PSyk5hbmKBMoPzLoG1Zq/NaEXPguPp4EshWfq0CTzgobQ83RrrSTOUByU5FXAFv9G4t04BZZKS3gxZJzlT8WMxEN+Sbuqlk3SWd3T6/gBJwg+EmzeQZxU0e45/CFx5tGAgk0ypqW9SYPdU/l1CpMnQq5UcJvWDw5w6axdun+P9D5C1JeyNys91YGhz7an8rRHEADpZIFoR8286TRCI2u1sk3vnR3SRYt+HgTTxCuw208rqAM06E42CbQNTSN7TPcw==
48,黎欣妍,女,440111200201219264,G8w1yju,+s8duwr|mb4RIJ|,Y1fqOlWc+2LTloyJjm6OQDO2Z8PNX3jGvOvJ+8Y/P1eu9cuVBj5tBVTqwjSHB7AgofUqFdH+sa4LWhx/NLIcgqUN/Rnw3OSL3jjy323KU9xVUnM9/WHG2w8vMdlTD2JlA5WhYYgSStZ8oj+WbiVVO1mBMOdtodTbtsPRy7q4x9r+BSoJRNDMQIcmAOjXuoIwh6TSDL4iSMa1u46tMQKoRqBt6dNBvohNJ3GpfoEekLvHfRMvRI9qUgznlhGY23gx3+TVDjWFSc3F0Fs+7cdgTIGcv7kxIkZMGeTlAPuU5CX3vBrhBNPO82wZH45BPKwq/FqyQljV7PVi/qYKJywJ3g==
49,甘露菊,女,440111197808117905,LeBhgEdjXn,=X>y>s#.FW#$z),NEDcNpjdJp43dhAJur+xLhqZSolA2dCPx2QLwHuHsF6n7U5cuvMNWWUk2t6tKzQx//s6fZOAM9gUoKmr+PEGy+DUj8gb5dv9C33Oi2XrFJ1ZDvyWPYdvurf7Gaxdbes9421iIQSu+c5FMxj+uveOrMnEtmdzcLnT2YoIZcy9gjIw6eyS5zAHEQd1N1nTvHjVeftQ7/3qXYUBIDD5MML9AXgh4hUP5Obx0AkQvOg/7iuIxptVoymVQa1I/nxn+IKvzfiK1MgT4N9Ml7qxSQPLM3GOECyrz79BstOz12Nebd0g/ZrGVwSAUO4edsMWnuXpyTSKYo/RKzrpWPlhoz5NnA==
50,丁琳,女,440111197909079127,lLxDtm21iS,w*i]W[VB_8UYe,e/PQSLI34QJMp1GVwjPbSW/siPJyydM5Y/s4y3oWDsLj5ZV/FycezIqkgRtPeMHsgl+wssbsyDUJqmM19iXIdMaQt5WGix6Uehmt25LLvas/7/ljPv0H7hYBbYwwG/uLWA1RSDaIhXRGJkqMTa67M9INPKcVZGg0bTr3ykgaHLRY1hWcpuLsaQXE2PRQDjJkX86yS99nlNGLXS+ojshakDt8Dd6P0/fAdvSHLC56GK+buXj4cDK5jE7EMurqJ+/S/YS/QAprIKTRO3cu0t0PerDpS6zlW0WCOXrQhetAQD/a86wBjp3ZUbHqLIP8QWY5FnBItUNpa8RdhiKtiYereA==
51,方依诺,女,440111198102150409,mSXdvQ3xD5,%UI~dFJV,eH9/8VDJ6difM8Bt+H1Jl68Qqz3GuEs/ju4Z4PeDSGZilGFzp5KJQezs1lhasq7zU2Q84u4RumQdp5t231Bh7yQ07ihDgRdUCIKNmqw1RzNu/QcST4FSbgZHAoL+NGpf+rowDtGh7MN4fGixa/0kgXOz/0USQSGtZZ4P4hvJ1PNEdRj4BO8o9BgkT0ZPiPolXkuy6GCrmxK7mNnG8xyxbGsOilRxbL0zqKu0NyrApdipDoStwVe8k2R2RQohBJm12ccdO6UW5mBlvMnR097gwXyi4eNQodsjH9x64oZQBNCvkusLoZnb2330/n7urGUm5JjQEW7xqqqU3vFUeq3gPw==
52,温娇,女,440111196710084709,pSJAHTy,sZb0}nC#Xb9,RUFh7Hw0betBBb1/J9DjEQ534YMicCgwSuQHQdeNaKubWZDri9ZqaCp6r1IsbQOZtyPzj6Oeb4wPWdW5I2bv+dBUDVi77zcT148w+sCH6EOIcPh3im1r/RGDs83ZWP7tkV12E4JTZcQ+G9br5Fh14gO9fi+6lEARt6A8yuu7oeyfYUYHlnoZigTTj+HBdXqRKDMwOyZwPupXwXGxDNdORD1syQ6EeXRO0ihwX7qHN/JjbYrG2CaMcFqYf/dIhh/bnmsEiXFBR8Cy1cVO2HXzsAmZaJzUodUyOCcDEdsMKlSo5RIGQlhfAMhZBs0ACCskst/dcuhp20W8Z/Xr8+iGUw==
53,龚亮宁静,男,440111198601095571,KKnrqPw5ft,gRPsRYF>|^jb-,kQtPq8Qb2uq/O3u5dhGKohXHZYkOKps8xJ5ePJ+a0xTSmRUWq4IsYzvztUJLyREcfL21lCJvfY1IqswFypYy5zJkC/G0LPj6fiE9oQughoEkwtJWSgH6B5KXac7uFlRRxpknwOndctj9SuUqgDSNYPoxdLM3iFvQwikMjYT7Bm+pej8aRf92xRTeSKlkBCVnqtzf7WbjhUVnEz0XH43yA79OaSAwEL4HX6GunvnBLPUStsekR2uQd/g0Hqkvsn2pqBMJ0HS6sdvR4ZXjsfzdk587VA8tIXLmP6pteKZrXxleI7XpCiP6cWCn2GQQLkyv+PsAmFmCR3rQk5ZcJM6UUA==
54,黄荷若瑄,女,440111198708019368,Irj9SV,IVtDx[5HaIfjb,w+aVoWYrDFjycfEiqXM5YIC3LFwJkSVIJah0k2b7Yi+9tWWgbfEMCSKnUyZpsEpzlaywcvyD3TRtkXvv13LKT2TCUcFBoBH46QP1sm7qo/155JW52RAsxcyDFJLYHLPvOFhpg9cOx8RcRVjQjejRe0MAFcxyshgTfqNS0CtFXu0aD5MYKsL3XMo0TOJFARoqbIz2vUg4UVwI2zMGWXzWouxThs9zfGjNNq5R5d2ZTekd/D9LK0k9JFR2slo17uksSNZ/n0GjANAaBOlX2mukLV3uZuxwtvpAKS2CysUQYQlhkNFKHHAwyyIlmCNdJ3vssZF7mp9LfJqZcL2u16DAAg==
55,顾栋德明,男,440111199707160399,EfP6pm7YTn5,|eP^l9|a3Qd,Du9l32mq42USa3dE4epjRLt1fvNBHVnmnYR1d64BeuOrmLr999nloYTnctiu9/14MXTtOKS4Eswy62Jrjdbh8em/XqsToO8qcXQjijna330/1/qAGU1qobGmfi4MzxiXspaaftFqB8qbazw2N8hJonjEmjykZNUTj7dLRD4psWQtULDcBulM5OcsWQQPNcHHlCpGuq4SXdRqrWc8xPn6qS9wSj+rEJbC1Ye4KHn9CElW4vmVeArw5C7GXPWzvlF4D+0ae8Q+ZWcIkmGQFvJrydPRPIINwCs6bYrTAWCgPwrT143bMG8LZe5/71EuxZCy5nSUJvPv913G7LfBcLGnuQ==
56,刘铭昌盛,男,440111197106300959,fW0Yyz,V(Ic^1x!rX|D=,Bk08jahNrwPvow0H+/S1lhIidVVJ5UyXSs656V8rWb10lFAKbgGBvAm31ASGzF2to6caCsWT+rUIeU/cT2nTUCVONhi3ZE1B9A+XmAyyFVcQY0sqUUHXYUZ7Ja7/sHpNXdYCUP7jjW0QbXtV5g1CfrzWXqqk+5HwUSL1YDqI8qB+qW7XsZUNdCO+Yyb8/Xj63xJw6d8v5ccL+CuqK18tnXfLte45HBeO92KBe1M/xVFB0uIfBc7Q73KXfeHu+cTxMf8FHs7n/xHtEL4ANedeFWu5qfTfdhpq7NI7n/6TPQ6Oisa1+yeB1xpEAtvFzMyforgC7kIu9pjpQDu1etjULQ==
57,左丹妮春梅,女,440111196701164264,K9KmQLY9pXGY,*(rab;}@^aD3v,X8nutlgGXFqmvv1ddFbBdONsqtTPD6TrkwG1wszaiLdYhgD6199dXppFIiWui9bXcT+yEo/uZEzluEgS/3IBho5HSnoiwtSU1T0KGOXk6Jl2MJo1ykg7WCYzQEcS4w1jgflL1au95baZ/ldWMDCBxB6vvxNV/kcUlydKEg6XBybwqMHI2q8KIueLvl+SeNyymOXZAYS2OcXrk/EHKVnPA8UyIcx3zAYP0aLegqLdB5mmhlqc84Vuy6PgTUZCji2UFMQGp7KXcJl3YfIbtpylMFh3PTw0+ykAgRWZBqms3BJgLwnf9zImfiKxnZnkRj6cAD0hwFrGafqCgBQM9dOyNg==
58,夏志新宇航,男,440111200008091756,YBPXiSSr4L,reg9T;``itY^xB;6,fO5kBO0XcO3FoTfRoGA7CAGAsoMQgEzdgYUeq65NC+UgrsS5j8eu83+FnEmFaeeYr/jsZmbHzM8k2CLXOOig9iOwxw6k9YrsxsoDvTv3BjSFFXSZU3lud1S0I8tstjw4Pk9Q1ivwf5FCNwpnvg7ug0nET1LAZaT3gQCpx4ZhzoKSU7VoZYMAQvs3PZ8zDAMtEax+Mb09QNBv2NxjCqfNTHmm4oTPceu3djf7+OJKmV8+5oi5kegbWbTNO7rCzqUZvmG48vDPjsqurfWlRscH2P+quhkmhZfxq9+7o45eB0q/B5aJa31Nck8Vg4y5w91NVPgCrOB4gACsHZByKg+oug==
59,蒋波乐山,男,440111198108230119,CteqdQOsX0,VTGBTLb?zth,v+lu9HXMgyGNtttnbAVGscW2hoCSDh96qCbC7HgCZrmstLD2CquZgzui4q6zG7SrZA9ZdJ8un8GFu3Ojiq+Qh3Gxiis/2y2zt6uE9YLYpPwt/DTpp6CWdYMurf+FhOdZNgGPowTiI+xlFAmZePaZ57kK80exYZzRCypzZsZT5DcIOlXhZkmhnSsSxaam67eXvRbvgOJlEAE8XC7HKWVHUzEoT1VLcp8aK6T3nutPuJfhvdsczRPj6OJ+7k/93TwiiCvwTEWstLjVebgm1+WcidIhVrSAjZgAB/DDmnXU48HjEeMQ1t+y0u6qYiF5yi/STs1W386FFWLRsSUQr81j/w==
60,薛依诺,女,440111198410190146,IltpLBno,Y?J]]{{*<2rNm,mP9hUs6VwnC0ccx9au+CBpSCtnS+yNe1NyhgvhhuEtUrtM7VCL3u6dTJcWehcOSXVW/OU+IdCe6nvBe61InDAh0l0i7IYyNKS5S3dOhJqGEcRSjdl+wDxb506NCO+jQZXAMDw0zUDS2iDes4WBKslidI1EvtXitsxi1hvPM0IUZ5xtfxX3UKUHaoRvJ2sfa/yoFSa8K34ubzr6ix3Y0NVV7PCOCoiB+HpARwdPgwTnM0Ir5YV3Q9KiEcsGWWSd2v7Ek/7BCBHeeT37a38SOca42bW5s0XRsP6XTpEOWITJizeCP78topdu/FatFGd1jCTDfkOolRJuGavtNvOCDN0w==
61,梁天宇荣轩,男,440111198606028212,CVDJ58,7avHc0*_F$s67e,R+Cq1M5a0HkBmH+1O5U8zln4RFfGoPFSjFqNXnkj7OFt+yFRSQ9uxnZVxX+wE8/y6tBZyII6PvU9GKEV4tm3rHYYp9K0xrhlntRru+n9yrJpekqy/MasYQsPJj93U4zbz1778SJIrw9UGoctxzHgJ8IA+qj1mX3xCJqeOY4c4vg2bsek9RaYePPr5RFdrlGF9CZj6J5RRYOASw8TSAgIcoN8sMc73kNf4oY9j5O0jWiHZ3jieoRMd2yY4qw7w0xdDMhrBL2jJgCU3jL3MVmplFkkO0WCH22hy4HRZrtlsSGhTB73E3COvOux6zC8QdKcf2pMcjIMWySRNNf/VsZHmg==
62,万庆云,男,440111197005319319,tKIusp,#}yrvS5LB:Ex},ElHCsxOfnfr7YKAW2wXP+qDwswHHuSeQ3Dky6jJpQs6TuqkE/Ld1MhImdvD7AlJXO3poW7ZyJFzE6sqWxl5NtupyT921S/u+3Qn6Vk6FB8NryU0aGkwwYIOeVfa8RpJ0JBHCS7skY+81+D+odCx4H2LGpeniQcIASFWadew/xL8sLNfnnjkI9Wwny4OuuVRL2ysdBiD4qmL9K8d2NeBoZKIaCtB1MmuqPoRjxW4eDfQtH1dF4eoxAG+DrSle1h4a2pzD92UOH5l7fJ8GwdK2KJeDA7Sx54ervI2OrQDGV/tIjkaTqrpYH3Om5eruaOOx64KGhEfUkoWPPe4fukBHQw==
63,邹雁,女,440111196902289266,ESJD2lY,-;(4DcP7M2El|P,Zuhg9hC1ZulchnQChD/qmIbakdZD2IkMX5V29rr2MV6xUb4Z3yVIWvLQ2R3mBBunCUE3LoafCNxO8cz6nVfUP+9w4MXdNUL0HVyQAlbsLzF64/Lb9LbP8aH94QmrmyBkzIZp28VEN1gyY3aAvkUYxHdHppH02rv47lDT8z0kBkeUO/B16EG/a5p6BauNqFmzl5m/XEKHEeisRTACZMTZSB3MNPbnxIpm2DgvZrdPP1M7xzZbX5fZvehK3DkR6y3l7miHOyBe15KWhsxOTq5EQqwLu9QEgNRHgNTIAz/8vjuWp+JlN5X7DVVBodQojlVeTi7nHMZwoLA+FXA/3qIWxA==
64,闵怡雨欣,女,440111198103011101,A1UB6T1ABo,uqE1%Mhkz=gC@,G/Rg6SSDyai+gAzc9rZw3QYTDC2alc1DkpvGe2syoPQ08FZcJAMP2FQl31cTuDHeHWuWfiQIeA52D/9Q6+Gg5zgLE/DJa6lq+OBPHpTCU8HnB33EIySEOllysHf1bzfIPc0wxcaYBqsale6zdDM1u7jLHglqIuiIMSVgpLr/FpwE0SVAYAsoYF8Xa9+ttRzSVKreQovJWbaphT/1yF8ViqlHRJeCWnuoHeM6jobVs5fq5xqhfHdXC3wCzRb6uJVI/HfjtmeIOU6IjV69O47ivOe4kLQHBTx/zgrKKr0xNfNWcse606WQEDvTlLPhUNk1IzbxsE0WnkJbhE9zSqH4WQ==
65,齐安阳,男,44011119791022511X,mNKOmu8UAT,Bm9g!MPR,TMdnsG4QRWf/nTnt8lcAbh9hUCWTuWEOWdiwsv6pOQk1IX8lIfTsQHEv4/rIiE5YUcecTCiAHy7A05Qal3siu+evSKATsSSnE6bPjgXz+1zLgkgnD2AdfSjDsVOk/ihraWzCEvZTS0Wmgf795ukgz9miU1g+/lQ646eWqFsSOehzmexMbSOnWfnS263kovUfQFSLyUbY65djpQlxNepnfLOy04bniP/X+rHLyu5TAcGRnR1oTzsmWBa24Ff4oZ2UntFUV28HIpfgus1islAJXwl9um8IpDRfzR7OQegl3CB+dgmPNFCfqV1rOkgdclnOg4S8gvZQ3oKHVyBa0I4xpA==
66,雷琰雅琳,女,440111197606241625,pxuQgRuFSfl2,rT5ACaL}v|)5S8,AIT7bfVP/ZPVy/UNhT+m/1m9WA3z0kKSnY56t/u3KnNgvyt/dRLFuaPi3zAOrcV8HR4Sl5tbRaNiy9ZoP3aVv19TdaZVSa0+ijUmg4Ir4M7ZCiGv/9AqmHkzpa7rV2IyJybiOcdtirJWNxN/FuF7g+t2pmmOC2EslrO8wxM6OV7G3MqoIzmqDC8SZ1OQtjxc8S3oSBTzpUxYW0whcB7u9geuuO1+1tocmYrkXBtcQLiSNU1WJFGZ+xeK98DXKzULubQykQ9TmbUwVup/Fm0PuEmzsdJYTkF/nlY2h00SwgNjkRLEDS1FwnGGGRZuIPINN9SQXXuCjiuGYOUp6RzUtA==
67,曹诗琪雪琴,女,440111198809032860,JzVvVH,P_y::Tla,Lny5db+Sth+oD5bj7WhJxtAsBfdzNiy8vKSr80h3TLxovU/gjfqEwGvXb2qf5NOroJLz6o2k9P38NCT20zWJZWvNq6iVFD2LzT8n1cm0aXpvsmqA5Aw20sNVumUGCYhgi3UEyUG7wFMK1UtPYq7BbxE+nHu1AIoGJSu9vSWiUP1PmIoLbG3i2uil1KkW6RaEzA36FHNmYUfrrL0ldhTEu+f5KdkqHF8NGXVzEaY59lN6vmQZCbMsf7DPPSHh/1wZj9rbxKtNU9y6e72YWYp5j/QQgZ2zroPfBDd/6ZsIyDHe+Er8JFGTBfU3OCpKUpYk/Ki4uKpyWDcBn5GEGKLKYw==
68,施宁静,男,440111196807126733,MJ4TcX1suxUo,!oCy9q[#Di,sZNv8ahQFnSR+JnqSSqBMUq20MTXUCMCezaHOFt0NEeK27w3gg/eejY9/9D6lWssdxXhWzsT1n9ND94jXnYZEhQSUDl9fD737kQ013clwia1/rKN3HhS2iLbqyTg+8o5ggT28ebjYCU3IfpIcf9Ucko260Gs/i3HrLFn8j3eokQjdD4rzth8yIBBzbNn6SyNC/c9Zvep/fbFYQWlM+wP4Xskp57hYvwrKmXOSoyvVXlx0q5FE2y3+D6rXreUDdUb6cQeEC8ACmGsruLL23TtqAykWgUYddfmY02EJJwoFqDk9yiyKnjiczn2nShmyRzxBjQzNgmrmYdSLroYyILQWg==
69,薛芬涵,女,440111197406066148,KIZol7y,|xp*Rwi|52|({b/5,ivHaeIC75hFCaEB1Xx10HLGAKWXr5ckw8j+JriyuJfERuQzR6+HBr2loxzlROaWWZT9kwQO1G1KmH1gw43dzAltn1MWl8u8H+ePWTSReZVY1MP+jlT+D8MKNrydEElh5wJLryyfqJQsM6rOkX/40tMdGIUniWATavR4tji8PE6MxYTMLK1UI7Wtw7ur/SuaFyScZSOuUOzmLY58c35IN9a75tBEIZVN0cdD9AAfMPnQaZdNUmdlGRHh1R4Pv7oeIpHoIVhBDOmmGzeIhPyMuYAQ5ofTwmKpoxGJNhtYOFsh3+Yayl8Lf23yO1bt0UKgTYyMiJEY0ZxIo1rs7rLHs1A==
70,曹嘉俊志新,男,440111199710115679,imfGhQtIRN2w,0@(+|1Um,eXJs65zp6OC8UA7md9kyglb/D0GqxgTltmkJptBCj3oYQ4xs34wet8G0j+YW0BXq5QBGI9VIc1QPTmgQ3kkvz7Swx5bqhU8mh8rjaRoBDpQF/2edOm8/ayOWwnkB0ymG8rpxjp6U0aevJGarYE+R9VvrE/jZTOkhJVw2U0ffqbfaSmBaFuzW4OT+e+hWIoYyPFrjEdVob0AKn7izRm48ED3mUgqCyV3IsiQxjKVUK1SgjpCuyMxOGTRFdNySeBZ+cfopq9kX1OA+yPZgQyWlQyVJzVv9JwAUfRN7dPwXYpSwlh0j7wQb13vlPhAoVYBnyNRbwY3b8Zs6x2Yb5RqW4A==
71,高建军,男,440111197602097996,0xqw0MBsDc,1AyOJ@-)6BI~,K/DncKjeUS5rrF+Sg2GPE3iHmyt3YzRWgnuYqM/b1LwNK42O3lgGGWhZKM+oUtGZwST0viry7fAMz2pRAOracMgfuCf0mA6gT2ZOBrQ5IK8J41EKtAyPP+ShvjjmZVIj/3VknapxIa+BCH2UXIhhudseuF2PEg8cnVQGuAvVU7/LHXM9nTihlIi14SAdenwD8byIYVupWmgo3dHVC+iIy4eIpmbcN3w4kXZzb/9trKOLGKbImwzUzrKCyYXNfK/Qv1jLIp83HjTaE+vodfvMP7rJ3+QNLSvAJ05WiLPFika3iFOzCQ8DZJiSXVeQ+tT5tAfkIyFcA8zURMUUndHiVg==
72,常诗涵婉婷,女,44011119880901358X,MTiWYR,>wK5s#GaFa,GWNV81nekfvkQiOy04R+2IRRRPgjSyZKoP4O3xURUIGSkd+X3K8eQDB3YBetLlX8ww6rDXFMe4zWJhGzflj86tt4gI7H+Q0fIfHngEvLbNpBLRzoB+t9eOrIWmeCVP6DsOJhtS343Q4zi8AaN+6XPR9ssTa4rdjF4Hn0SrbdTMvmApoqGS2wvwtV9Zsi5JpdT5dEO8y1BwNQRHkoSfjSfXrU+OytIZqQHiCNvBdV2P22cBB7331ZPdFHbdVHID/hn15/QsLytYqwsCLt67tvtG/gYIOX6uygk4H7EXKyCQsDEqBJ4sX2B8aH/tkUiloT6f01Za830ZfJC+PyqxON3w==
73,周向阳江,男,440111199612176291,jiPLy5oWeP5L,JAl/$kd4-V!oK!h,AA+8ext3B4/t7F6ffq1O9+w5bZBmeE3erbFfkaB+wvdkmfIDSW7VYQSnzRSZLQ8COb21yQQJ1ACEPVENbOjkKj+Fiorb0CD6ZzHZVJi7JhTbbl3r5zISmhP6chuH+u+enjmzAzW9P4Fl33obhJIVSEzV6fev5BDAOHMxRPGq60mC2JS4cdtGlRVLGeEV+lAcyDu0q07AGFYAnvnPtPUdzeBz63g8gewN8EeC1cqFrVDLLVVzgtf1wKDLJo4om8C1/1/hGMPdLDlLBv2M83m1Rnje4UyYnj+u/TaUegNBeYbEqmC/+w3fTXMp3WOGFBIAZuCGySnwTEYWRynLefV8Rg==
74,余慧玲小红,女,440111198111060747,QDVQIk0TLbH,v%1Zx?sO+oksya,Icibiv22VRd29cfAhA4xaHG8UfyRJ+mZhkwdkZRFqSPitwlvMJRfRZ51hVJnhXT1+Wl9s/mlPxEHIBu5gxY0znMEC/snj47GuvXys4+5leYVzevFvMklDXnPNZ/mEW3WWY1dzMxnq7KPCt1BkHSTJ06MjMb8JZvRSv52OopkIIMRzmTWNb5X+rDAHnbzabU8IPOHcXmR1fJWf/wsJxzLk5opkMrEqBUn5ee2ivwcvi8JyYoUk13XywzwM3l28PcaKNikGgiYI7jOL6W7ZcropAfFJaUYBqy6OaDS6PYH/xBjn2KTYwzLHpD3kRwpNLPBgK+DtQ03CnTApVXjwksf+A==
75,陈帆,男,440111196810235439,uJ5kwLa,+u^U5-G:mOYs,r2uNMYRVh4FMoURscrQ3KGN4OR2r/baV89isnMYuVIh1Biclb+9z5Bvl0eE7Bl2ggFoDzV2UpcMHkQkMtZdvs/2sXbt1X7cC/bXU/JxneSGflHUvY32FEuIph4fmYyiO048fKh/JoJ8g4+gU3yrWqv5a/B2yUdlqSHenJjd4SVe+SiKeJEB3kk1M5+tI7dEaytTarBy3WN4DDXYdhbUXZ4ACu1+Hc09G2QShA8YeQubT9bPyfpQQglc6HP4dbmHpHXbf1Lx1U5xKMQoE1cLTqFLK9IInqU3UFJ+mT2YLB4XbWEVUZKJVJxm6sR4iUc+Jl1AEg34xT8JdSPSJCsxkdA==
76,袁曼殊兰馨,女,440111197111233367,axMkoYvrK,HOPdp/c^<2N,MEHHvPuSEieegraSW1wEZ1YLrQtlrv2O4m19Js9OzcKis6o07JFVZeyt1e0anvTOv5T+jNF9QaKWQwEhm1hVFyl2wHq7t/ysUsJgCqMU20f6/JHNF8kz0hRQ8ee4gg/bW6v2vKsvUuii4qzNhNLVDgrKqyxffbBYe6taCe7llLHzgKWW/2qSJldWD7wo4XIsrwFelr2x/aTrOTds/kBAMFD2RUd1TshhD4W0BbgQ7Wplf1GVgyvOEO5PXYSugrwzJ5kxxlVW2aLsVWg8zD+M9CFI8OIkRxNpKiMsTV5LwwKAXoVKNR1oTYcLxdyTbgRGifBP0eJ00APZZEGPW1RfCA==
77,黄舒雅,女,440111199308095323,WFTutDB,ASsdxT>b~^}B7Wp,AjinXUNbK1HT7jROeSPcnWetgIdaaXNIoo07Ym6iAKYAwlNHH46m5SvNFkoDU9/rzUVXm3EqJGd6IwvS7Z86Xdpj96fxOSZbfFpz9EkqQBL8yL8CmypfWuCPVNfH21jSBXuOXgaOyBmaszLNg0dkjMjPcw1Yb5sOCWPu8W9YpBc3qL+GIRtwiL+otlPt4lGvg2mdQBG4D6/9Ejo4LBTlvWqWt/GjRqb4hSNG8vZiLOqgujS0PVC+MG9l9ksOvqmY9aNg4VmJC0C9b9fnn0RUiYCxzALH7TZmLJA1GPOy/smEBlK6yJBpNd3vHwnAURZthiFododYPepQyBMacBwcSQ==
78,阮婉,女,440111198903120744,wmcq7T,A{#V#qqVz[,bX4nQU9ZBwIeQCuyz5/4CNOWKuE7D/m8DTgzVL1+lBpZb9354rAr/FVHC74o8QD8WHlN6NUwwyEjgw4tRkftX8ap1j05luEydZMy+u6hJzcyK5h/kuewzBpmJ2MPJsKuhtAOjBTDKjTWDmjzXijHFC+zfG9hnRT1MIdbAoWZ9NVWt+w59UxSxc8pwdoj7deyeD5h+aiaRFKh86KYPeoHW/gmk3vKZ+tmlFYIC/OBcVEyH67qoAO2i0E1mIgH4nuAyUJbx9e1xHC2cPVLuc3raHDX+sRMbd+dXNkoKuY8jbZv3vt+wNqRiZFi0H1fGzQNtUlMGkprt1TAdzXl7hT+sQ==
79,温茜,女,440111198509026004,KqUiVK6L,GO+f!#Fyn(:y]m>,I3BCCoM+fVJzKv9BfDjIjL6WGoCJWBROsVyz+nX/qBaDy/FYGSD/AmocPhvZ2n0o9GS6JQPKKIo5/NE8Iw4darW/0KGB6NY9Yocj+0x2OQyejmHwAecjTqI/QS3ZT3xPmVNB2WE1lD5kegbSocaRKFdaNyQtgaO8BW6a7JQt66QiftwS4VjYa+9lYH4N9m+vFBHXnKn8ocCCoXNVxcRMzFPEcgnR+ilCkIcJAiA/nJyGrsPmQvuNeD7+p5j83u7yhbwTsDKbr2xo339WtPa2aG82MX+zlPtKR2H82M0WinOVwL2RJ/9E+kGbZ1yIH2nk+vqe7TEQNMz6W8wlcSDFUw==
80,石松,男,440111197004273910,tQuWEHlcDd,41O%k-}9{=(W,liD+pxIA9Sno3Z+hZOn4GPdOzG9cTO9ls72JYJUPHkG+W4X4KwmhfO/grBsKoYZOB31M5mtAIPe5aajRWMh3r7w1fFhkgy50bfAx4yQeYJFReIVcx80RD4rUPreBCb+nwmwPveekftol6yTN6/f/HLeoHQfGe0VnH6ASVihh+H4d3hiwnrtAO3EvACMLVZPDCImQK7SxIqviYmaxgrxW6H2VxzEgbYvousCHTbiO8/WuUXmryX0oeVu9C3g5+Kd5wswYgB13QjsHY173vU0+bxZv7BrLveUbAjKzIMNNKZhl3S3EXLISS9og9Cxv3Ypa3+v3VmfyaBs7pCEKuqrjuQ==
81,鲁雅琳,女,440111197703155841,svzKWZj,V?\d-aD4*7JuM,epoVf9/KQjy+E5NhFjNtZ12Q3E8npDH+V+H3P4kXnrlkd3iDYogOlxY169cQFg4YmYZ8Go03wrCRk6nSBCyW53BYYZdIuT84u0wboQJdioFcpdComtFygpfX/6Sy/yWQh7MeoA+zSzwobxog9GIa9i2NeIz/Zn61P+/6a0GOFTTIdHU3+s02eyWWmmeTe1ePiurCIzsgpif0oDi1mCIfSDfhaP4vdmvWqvPHSJV2gX+D6IaWe/OevpheWUy7jj8YuIvb+J2eImi/EecRoxnNzaALy+VKlmkvnSipKYGd4d1zrJmn6VFpbsaLX0k4V2jJOlyWBaIjct54/Ji4KW90pA==
82,张雅洁,女,440111197212225227,vZh43z,e55IoPa(QF!2%,j4mYcYuqbmRGXjmIKH7ymvIEtDQ4rQ5x6rEabY1De//OueWjbIJp0o/WYu0VB81wwxZ+dZG55AOI7o4oY9uTLkLHDfBQ8v/O/bZyzSD4o1VOHwOfzHbFF0MQN7U8ol51x3UQCmCKHXBzSQGMLpqDOhDjvumeAVilVkMPTAwZGeuMDdLG2+EfQVQ9T/sc+kSwhqc1WMDC3YbKIf90sfLByX1BLdJzspfQ/unzVu4IvyKmbWMluaOr3F/+nUQ14qyZ5gFfpP2Xu2Lg8m9jA5vSamIM4yfdsY/hDABst15sz85HK6LBNbLfujKYIYeWuXxSZI8O0k+d+HnZmcq64LYn5w==
83,谢天宇,男,440111198203211979,cssurQ,xj!<)I@1-,unmm89l2A+vM/9eZUFK9kwu5tvDirayY1iBWZ12niZW79CiJHOmmKT34Pt9Bd4GpRx4nRt9C4Sw4pPLHdZRoWg9PBRzrEVN/nkrzsgA5XSrrCcFjZY/S3ZOkKQXcAiiRKrWPYhuL+1PK/XmNzU429hKwbvxGHbWfLKecLkEMXr3oOWXjsbmM0HZmXmAaPBKEc1GD9xgAVwEZuKlC+mhuLKJOVfvbGg2JgGnblzF/MQ3vlDcr8pORv4LKJaQaNXAutUse9R2kNlgZdLn442vqKjN+jG/Ef0tGqiMIXu8tuQusXOGeg22KZym7x+fooMjNMv0Oe3Z693TNUTe+6BEEzg==
84,武泰和,男,440111196902177870,MgjG7esX,M|unjWD.O\P,FtDHal7s71eb0HGWM1W9sx+Yayek85uCUkqIoKHRLBiiyyYKu2QoEfttqz/kYIlstvI8kpt3X61m8qRvAxzOZJx6dWfQMAjbT/il5g0L64mJIDkSjT0irORLeFWMDD6ka/XZ1yELub2ZPUl+mL/cUdSjmd/xZC4jLbpYUGQxbf3Xx9Y8WL9dG3iI9v3WIMmmxtFdPk5eT4bYf8TqFENbkG49eLBkP2Oj56gXaZPytEoUZljJcJ22NkQzEUXmO4bWKjURKK8l3d8ZtXHR/Ol2GQCHcsrONQdyTfcdvDTBjpgq9b8jXV+IBEyRSg9Z42B708/8xoC3giu0VKvPUvVZnw==
85,刘红,女,440111200105182529,cav8iT7,Olr\[-}CS$l[,E5x23Nycl7AJKoVFLk0g4QaUpLgt2Ajt0MCZcr5x6YJEn3kngTi3//raPZq1KGQQXgsQwydHplMeBTK+lfHjgnjkhun2qI4bpzBTLgcuJmW1x1utWqLAHMQSEapBmLknBf0AsseyxX+LibTEaC7Iz9ZDcs9LdfGG/AWtGhDbyyjV+0tVOBlHYzMIXe9TST/jEUiX8YCrB2SjLnbavfBHCZ9aDVatX4O8k3X0GVxwlzXVyPS5wjZXOh4r038v4GGR4IDjihZAS/5mz52hYImGrsMmKfFnFxYfDtGsRFd0uQGBDb93q7zd9aYmrewXJc97jzqzxSqQgJXlyTUIuLme1A==
86,丁栋,男,440111199503036513,tT7PeySw5ItR,eZ1=o?&=DM<6>U9,nfFE4q7TKlOwc5iHuXAQ+bHcqS2Rtr1T1+Y0HbILt9ePtS9Vh7Z0XkUJzaPgHuojfbClf/75deuBtOVE26mslsYyOf9Zq+CDxA2hSnauDzS18rFeUtUhw/AvXX9LlIL+N8mGzmUIiPT7uHQn0i2zKNo7RdMic+uwQ/iyBXJNor1e8KjU2xqDTW368KGJS0P5cQ7Y7dvHJUoDawUhIOZLKRcHpROIgAnGfobELc0v3wGUe6FZNzYlgOqcgw51DGiH/WBPWpHHAU3c2XOl/AZXKjgabvIZ8bTk+RldoEaMVAUMOP/zU7E2+G+lVpRiHLsNizvS5kwHH4UylhwIpYbbjQ==
87,黄琪颖,女,440111197911245147,mzed3b6zaf,DY()GO_E%3,fHqhkmsu9rrFdS6clX+q5im+OlOUYWkHHqK2gyFQHifwFoXFt2yVzE8vtP7SmRArMbjNnbHrHyJueyu/SAxcQ7B8raDjIaXyO0zEZqZUiFQzgRG76dRA+Vp8/jVFAg+xRtdqOOSVn3BaFa3KCT40YcVE5MxjrVD2+U8nTnXWI1/gP5ah8Efjlz2BiiVNDp1R+RiEs4rqmx5f4L+7bQYmqfD3jyg03usz+T3uNsoWfZNr6OdrOxEmlGYim9TqmM8iJXvpl+tR6cjGahry6hccDNK1BN4G114ypuZjt5dTMYxgbL+CsKoi+6it4VlKo0ZFY92KN08SXMc/7kwh2GSCFQ==
88,苏洋,男,44011119791201755X,IAhhNHv,Cy>#IeM!,VU+68JiA37sXRRFD+AYAtHp+UbvSWJiG0W6yr1xZFZflg+m4WrDn9B52Jv8EFx62LDU4Cn2zmCieArysGAysTqbeC5PcfSm2UH+yVh/nm2AyAuamTDXMajiNrTdDa2gQCwu2AJwL71dspl7PsQx/nXKNhnJWdc19v7MgE+gF6qOluylSshYE1x5lBfB9f+HInPZpihwJalXloHUUbRjiFnpXIrYJNHa1UcLp8E4A2TKW51uyg7p3spxqscpbMH5Y7/WUdzfUXjHJCjRi7UYP3+WxCdKGlJxiUEyWsv6742iylE+TEeSPgnspcEMelANgK+tZs8TtnOykID2A9ZY8Iw==
89,陶子涵,男,440111200508054695,qmtwKGIrK5Z,C*2d8RN.K$;,XCLN9gS+mUmjQmODFwryKnhdk8Y4SdQYXntujG9xlQgWQs9PbeDbz2FwPmhA+B+gQ/oICvKTDXud3Ud2uMCryQn9lrE0YLh9NyaG4SyXaO4jPASzhFc0J2dk9HJnCsahco1ULKV/pFB38+W0yRc9chaMEO1alhCRRzHXORxNDg/1EkWDAgXiSHS7ZboCeL1ae70Vv5kVdIH7eOQ+rMIkBeQuHtcK9s+uw4n8PR579BTMSI0M8R2Bhf9XYfgSE1loBhMb4NeGJ5fVleaW5srZ9nCnjsCgNvQ0eYcCmcwys+DX9x8M9i5+c2KteZTOxTZz5XrWRWjNEFaBYJkTeQjHvg==
90,方珊珊,女,440111197108229228,wqTv3x21,oMq{28BPYu>aF9q,mmOJWpvZJqUqXsNLbEhkYD3j2DRz2Qs+/aH40fqDrmDVh789uQ1leGBd/UAnr+IVQ8tB59F7GdQ+9xe+Pt3CKhI0MbnqFWRaUTuxjZv4nR3YMwXus5TneTZ6m3ag0hevo1EAsfcO2b9NJm6OGN82uYWmofD2c9x00RTzzgGaDxbNA7py2MxyTOBRgBC8nKGRHT8AS4MJWpuoSva2oqDW9R8y8MRVlXwXlsrIPDaCcXZUljviTEI27Cwrdez3QFON4HIxb/DqRXzShkGZkW3Rc7PDsukkpa2TT1Tth+EbyVnGv1rbtrMIBy+Ov2iVSERLdc0qvlyAGU3hoaKQ/IXrOQ==
91,戴书瑶静香,女,440111198807016920,CMhvc47S,S<olU\&Gm6=/-G,Lw2m1MkRkNbxxqOPaUohHy9nI4E0F3eMRkDaha81jM0kbhxkuDpYNhi2nHeIJNbAhwm/otu0VAH3/KNo+eF8yuv2Gi0gLKitpt8YA3FvIt1Ey94359m4nHmCpc7q8JkzwGCucoVPbTkYS6LneFj3HMsxo/Q9bIwgiyCIS5u7iq56Is4B4ObTLsUIsCe87SRjWOQ98APBiAgdW1RbBGVVx0dOOQk1O3EfR9ZMrQwr3o766NdZf+6xKAE5mlTDNyxTMJZKjzLwMfpMZM2Rk2gHQGhJLiZH4zVxgw0BMYcOavsvvviB7gwOIoPoxLC8drFnIxd7GCWO8fQ1fZAOke4stA==
92,岳梦,女,440111198401118660,dphwxpx,k5Fed&ng=,fXF1XlPtqpRwhtRcgdzPDMp9qNLPNgPm+wen2b0NdrVb1JELfD4NJTG/RCDoPr0nlmsyYA6q2eLIAenYrcoCbJxneLGMvSAvqQ4EyLYDGXxkmpLWa6908uSHipmWDP79gM3Oulq2nH4/fcxvFPgnMPKey7j3p0Z2eRagRD3MBmxSx/cXc1pkef4TXvCP6y1TgviL64Jcm5pAMGEPbZD42zYDnZEL28L8HksxzRnBc2nL74Wq7JCe6Pfb8tgRYtupCiLIz3m1VLHDy6UahRihnK4R95aeOT0P6eyRRoC2vJO3B2PrYi62sRpKuhhqFNYX1Bv+CpRMzMDvfsISU1uqMA==
93,汤芷若,女,440111200409072281,tBxCRDgu0gkE,(E0g)]i$$97[k-,eR45p1+U+MGXiiQuLsP2HvLwsNNtP27gtaHYt9DN807dp55XhRkuPVqsaRE7nyu8jAfJfy2+qtdP2dFcyicE0qzjZk2LkYiJfgBzAb/m7cgM7rt1vpweuRntOX6mxU7Oce8KbSZb58WH77aMrg4PreYw61if0HfOZ4eDp3sxLEnV1r090irWgZ4Bap8JKOXrQ/Ua2wOW9jpMjptnlnZe8/9wtgC0hgW9HAeesLWvoiRZ2h2RLr9L5wRyQsHbvldDZkTqk2qVhnvC7AVMbyKPGeizGxgy8W44ohIanWbjChBV/5L8Ib/HsV/PLZlUaTXu0/hwN7uFHTWISF1v8N7P0w==
94,屈敏学,男,440111200404252590,PvEcE4iq2fn,#X^1O=STW-{N1,DZur1ZaYMFhY6j0FAYFUvSlmsslQ0QWQKHjyHWpsBhBA8CRH8nvBUpcrlVbu/yA98jPk6fXpR3Dn7im/nDFJTw7jX1NoIAZpxZQucGqi6+RzzOXRLaGRKqOJwlQ3Fa+JNQoZeII6jBIPIoJR//28rTo1BO2f4sFvxus/Clcb6JCnHoqc14TtLpvEicuyBxpBP4USiVJ2dZUA1HagMQCNMk7CF0ZqtMW7CzsdQqsRlbd//5K+NxWi0IusBHo/5NgseHbIIILBRNoOE//vGA/uM7emu25AIzRIemfaHNfS0EW/lArNZ7cbNIJmMyggYECu3oql+aUJSIE5qbdUbWMFAA==
95,付思远,男,440111199504062676,h9JJWI3iRz,f*5ppl5&`,vfk30Xos/yeUzeQDSRM/Y7Z7A3oeKGDjYjd3rfaBTyZI25K6nByB80eug39MRIW1XH30jSBOnoFIFOjjILoyigv0GRqyHc6aOO7rr40RhHjBTr9FJUBTkmBy10P1Yt84j+xZwR5AipL2cJywmlLEhE6gvMfkvt4Ylh1EkSaSOc06vCV41l3vfoGpDtihUMUVmswxUaiWq5Zgxp9DY2MLYi1mQiKLMms9heQzyF6OfDwExTxqRPQ0QejeLJ+EiMWmfxB7nIkJB5YeuuC/PTj8ovTAn6FO9YrXnpY+6JUNZJ/+3QXsG7rRfPwfX0EW/gU5g9jGUET/5b4815xJ/3Qf8g==
96,马伟泽卫国,男,440111198902186071,zuSXq0Gx1F,LhU0x?(k3u93mVi,JTOzOmAa8hRB5WSttkjwnbIi3bQkfYGIJY9fCB8Wb60422pSW+qqBgcGuiSBl8zGm0xa/dorqBvOPcoy5OjKjxbCilM2Cq1sSL6Aaipzn3I6/qwPlhyf6hfBu4/UQUOrdZNL3LH9I1Eq3r6wekzZM3YniN+/1xKcJ4Ni+r0W1o9DUM7qOkKnn0V1dotyp5LcjQc6T0b+dqrw//fnUJT3beIqMfSRw6qTkP2FmSobp497hGQnIu4JebhpWqR8ggcm/p5VGLK30IU9z2XLUC5BREXl71lwgweXnjCRAbwGgu3XiYP+EKJ5IBNsmfTY5vplujdsx7XB57U1MVS39EsvuQ==
97,程宇航展鹏,男,44011119850116973X,YiEW7e6d,O~`NZ1]Q,EY/PXuC2WX7vOtuMIWmpMr4NMEmHqbAowA2k9edcEVPCM/+SpzwSUX8myCBxnBcWR+g7d45RvlFGvxNUo2xkk2BT5nsZ+X8jN5l0Ucg80IPkEphRokaBX+6FLVznbbA7MWIUYAztJ+s4Ezp8YEGh0Nu6pmNFiVnY8y7PhuiV7WnqMuFY0gtOliTIu6vsYEJpuoEL+cQwBs5k3vFy/DCPJ40uOUG4vSRrsGXLRUDWde/O9rpeMIGlsFc/mF4LIYUlnJaDd4PRg2bxAJ7TxRDu4He5OjoG6XJ1XYCux0s4cijx1ZwcJcu7dhBPiOa066llEqU/VtVV6zyMo0Gs2UXwzw==
98,詹旭永昌,男,440111200304278291,twUjpBovEz,Y3<#]`u;2f!$,VVdTT2fLpXE9gIqRBdh0ZnO4YFr7C5F/ZZ4pSGjUO+eZohEt2XYi78QvhyC8/DntgKuz2t2+R+WLVRdhjywZqASctTJBP2msnzUv2m2ExXXKjQDmrsjjEkrtFLt6J6pmV0y2l07VL2xaLSOyYVcUNcZ1XQtozxN6/kWcMMNNDw9TN0aRz/SiHABoYmxOuI0GUdgwXv8Nhe3yMy71Rn+R17GVN46c/7gzwTFQkPvbGAErA7V7hGf5geiknSuOc7e2h3I7/dA1mwGeiNIQ5XBKBKR8Uw5TZ3Ql4NRbwyNMZDqsQ4D7vQKLsZL02f/s8euoilqAKLAhyh3tdfYrdqf7yA==
99,吴卫国,男,440111197812041253,ugYpio9XFK,G0s~U4}gVU`6,DOXmDDQXTvtoX+5OMqJUi0oSafeeVBUm8qAaVoa0fFVx9iGioNYkJrsEavuvbqqTZ7LlleYnUpVt1hH1Cza+spgHYS0KiVLF4JgW/VEzxiuqsgLbKuuu1hmSaXp/UBEuSL9/iiDh09Vj5p/UfohQqFGXIBzPUFPa3IHdidrZQHxF4IKwAWlpLAxyMJU1ykSMsLDRiqDd24e2r8eJ3py9/ijXH7jorpFGQUFHwMB8z6piON0Qx+j/FKdjag+DCuzaoBVUYGR/bMFjLzXShTlKfCmi+gJ3eHWj/4wzNGEFioTJQo0OrzRC+0Hk+EAYohk7nBcCgmh1dceNBFCZU88R9w==
100,汤萍芬,女,440111196509080925,WhgyczFh7M6,G$sl*|KuOx&oO[p(,imV7at+T0bjFNRWU99AG/C/Per34T5kPGj+w12oZnvrSoGz0x4gv5gt4sNkbZHOVqPzIobyZKVgKa8XrH6UdEq42XQDA5A2YSyU6eLgNEq/tXvEdgtlLtk5Wlrod1FtWJUl4jiPQEZlt46pieHTEtxTnJXzdBk4BEhEsR45LxBSM93fuZmL+Mncqhm4xs5ezGgZnZwvBYqACkXz1n/UP8X0eYmWIgONrh7O0nLOpAORF6WrCMIiaYC4DgtHft7P9WsLyozDp0A4zXH+b3VxFJU+Q+QcwitbXL1SzndbcgtvfvnanmLb/NN/8Ka5G/n5Fuxw1R0v2FVbEfn5cGAjGog==
101,牛安琪,女,440111199405107082,ZXPs8zj5o,|>4b=*<HjsOw,N1W3g6ekJsRbk38+KFAQWxCWt73yY79ccofu29Jp3kadKUBCDTP42H+7a1ZUaCewJUzwEYUzdBW9QS7PW0z+hHUCjR7M7CY+dH1FZ8TY9jbMM2W1DYrvAAnopbQ/4jBRqUwwiwio0o9zXkHjzAb0JPL1mpO4TrF72jIXirnhAM/oGTPujAKW7EcQ1sst40kXktQHHMFygLEQHBsG38dTwJ2t1ji748rtFfPTmAoZ9Pu5ThEvdBxdRCir8oLJPwpS5PmjDvSYWip/djH02q/UdSvEXFl+LzQGx4u1uFLqdUEsNpBvGzAp0rvzPBXME0DP9Z5Qes8NbGjgQrLbzrcHkg==
102,武珊珊,女,440111198406154089,QN2WDWyZ,4~anfU6!4`V_|@NP,Gj0m4WQB0hf5kwTmPPYJeVcBCeRbRTuRXBV2uroOkhrkJcNb6zhzTTi38Bi55B5xY1iFsrx5lqPoCqyb92SMscC2eNeJ6xzjKWBgJBazbOJPXurMPlfLTVEqwhNX6m1yL0rzsdiooGKhlTNjieU7x1iWrSgtYvD3oWbpO0HVzxcGGr6vf6keME9wWWik59FdXe1wZzLIkfuJYCMrOF5l90MdaTPFhWi4ixwAY0ra5FGv5u9pBrozLRZN1oNlbPuJmRiEtBsoGamabzGvB3dWY3BcEJzHoeQ2IYTyNkFFpzyegSzVhcs/GQ6sb7UxQw11Pc8zOSlWTQz2uJ/nw/XQAQ==
103,田彦博,男,440111199708276596,vHyd0Pvh8m,i]zl!a)7[_8,oczoimJDhxyN6TA5znNOzNjIl9A3tL8rtiSEVznZr9k1CTBrKjD4PcGEMfbGHvcGFNE7KN66UFyGl7D5Lgw/BUDkbBD52M0Wsrb5oyNRI2IqqDuzYL7Q4Us/Ernap2BENNigz4TRmUiNZoSwZjaO1l5J/SYl00eDOkHfkH6t2ZY2zGFGGcpXELZCT1uGo9Hl26YA0wPrTrnlImMU0FdDqtQqin//iWJGumHs7e5VQnyHeDAcjziiO8vc5m8j58qknjlSi1u+L4+edZq3rVajjBehZkJ0knwd/XEkRWJduMKoY5P2kHzdQqiXxLOVcsUXR+wpTvOBffd18g5vN9r9GQ==
104,贾晓梅秀,女,440111199304219042,QccoI2E,m\UvOqj7Ow&p,P4K3VGf3lxg1uZFPTuXEo3LXE6+45Yn/iUoabQEZHU2Q3rplAXs4dY44QXM/r2nPkUnypFXQhBTN+H/5Yj8WbusG5V//IsDNribBeI/oa9fRonIOILdZhmwh5KtbhPxqZmfMDl2oOn7TD3dR5/SkRzp510t7K6hpHBlYu4qk1oVFktmpkTsQzrdzVhDKS9PxUZVyrewObUdwokzhV3j9uVYI2xEyvzUldt52I7iUC7DFwuB56GcKhqfijVlLBcqaewcD1Evfqf1yn2A79fBRTVRZCcEVxSRqAGa9+FE2FB3S6fuQhFHInDgE/oDnOaPdX7Upxcqx4MJ5+hl+7WmoxA==
105,钱林,男,440111199809035871,ti0GGQP,gT:SF>:EBiF4<:)E,m5dDFbtq/J1sW0YttuMosTo+heLLQ4q4eWKXU0e+Ub5egXhoEpwe1YOR/S7RmvBBP520w2e9pWmnU9347OL82md/eyTjmkUZpPiaBwKebOpCdLuGgNOXoXQu1VK0H5UYSw5RqGvNPQpFDdexfR4INzevzL1YUyFaOKPls+XNLP1KblOmBQ44C/YcByyVlCu5owpGOCTEnL0XckB6wC0j3s/DxoKF8H7sCTBzJcmx+1VarLTj5BNUASgFbj964v4RBhK8n9IHwW6MnGckSJ2V9B/sehMK50EsRlKTzuCrq1zBMei29+wld+UKC+a0bw7kg0T/dLSHd+XsyA8FPwlFIQ==
106,闫帅,男,440111200312195250,C9FxqXwO,Z4B_?#ooE)j6By,C9C6qz/cs+zi1YwPKeDf/tZJ02UJYLqUzilVqjgz/IMy31/VkXZJZ8baUx39TLpMu4Qon1DKe1Q1Ja48zPjzWM0i0Oj/+1VSAQW6IAZXqU6frp+e2IchmAnUTlAwPA6E/d6EfKsMrvUe2mP8cRFB+W/o5XEoaNsFRKzmnBOtLA1PnqhaOvz/aMzKL5nns4eAml6fx0/GJGSaHckxg0dTc7lxYmuYnX21Z+qkoxAc6bHILd3nA/sOCqdjMpdbWnNldlqWINUM9toEgnejD6KubZnXaA/69TBMhfTMsCpkSGdIpu5x3vO/8TrHeojU1oYsnpZk43xCz7Fx/X3CZQlX5A==
107,牟舒雅诗涵,女,440111199205049009,XJGSq6,a\y(oHx^\IvL=!.9,UumcjcthgTE6/0lULw9sCIP/8mpAICzcrGoyQ+Spn/sXXjR6mkdYJB963XmdjDZ73xsfHbu1J2EXc1/RFW8OpHEmSWPfwR+cDjawlK5P8Z+rBMpVLdwutfq3LTv18qSh8OWsBeTsRl8yRf/GYDO2hotCpXzo93O/MjWKSHZaXFftv1mqy7ByYwcx16GXkug4MQuOuD/dwWILp1rP9Bl//zRWgG+eKI3qtJUljRHdLX0QRfRS+CkB/w90raLv1ZwZw794qA2lj8WW+V9Ur6/U+/I5XL9KKPGRiGTRSbDKfjk6h3/LlEudrRslu2CKAw/KS3MvidXw6VtXpwAN+dEMIA==
108,贾海伦紫薇,女,440111197812266145,i7j2r9sOG5,B:d#l\Fz`s#IX5,sBPCBI2vNYVcMTIALrp1Hwk6GUPHNX1xtFZlZPUwgmYlBOhAEMJ1nAlmyxTBbd87aCYt6EllZVtd5fIbj4R6zByESB/oaaLTMXYpVyvWws8TCvba7Oc2qaiAUqW+MXmCHcsg8W2MDjsaJS6HLt8xDf8cmggCUBkyMOiS2k55nd2IwerVId5wOAX97QT8THsJO+LsVdMdZqxLo9s1EZ8D8icYsqsUagAWDV4vINYT0+E45qaPhkvrOa5mFRszYvqlDkt3mNyS2y5l6HvCK9uSX9ipeRb0Rx032IM+fDBtXFTEjWk8pajDyQPsSHqBn5yo+hxFV34KdtmrkJ4QwTFlAQ==
109,陈建军健,男,440111197310036796,K0cD4py,OE~UOCn(Q:9]pH,fNZoM75bzJrYe1kk8+FdkhyKavjP1taZgaIlmIdLXywswpJIziOCVgJlFR4empVOpp0bICnRAGNS/68/AP0f0sgB/NwPWL2G13ugjrCvPTdH3g9J5IhcpUoNrLib6q5gya0GIzUW+lRlktxJCFpwZsGZo2pKrg83q/fhBNKoM5Vgluj/Ct6rr1inc7W1f4BCc7Bozi7a9kt9bMdZ9ofxSXpfucLFZcKu51gZoYANlIhhGXFAx5u6Dz7YxruK0XgcbyxLTNdrYHagpuca2bXl82F61+EPfnIYzqF+7TJcTr9SUS1z6Cw7qP5txzwQL9oRig7TnoK9VIH/QjDAdF+Dog==
110,蒋巧云苑,女,44011119850127840X,dWBge4WK,.eq+RfHV@Wa^{!d,SANTDSm1F3Yaml84gF7B1LGmMEBzA/RMG/ffoEPun7raEe6K2ChUoF5wTOy+AcRTkTILqDx1XQXH66Lwe7XTcYhzDmkxBx3m9hugz0EkBSOrAqwpTCh9goYRoiou+3E56PZKfo3Q150bf8ZwaZnBKj12X0jLtrlkfJxjnHdW9JfJMZV4agAN+Ruop0sZPuLaDAFuxo8CjIhu066ESmCyuvtcKGA04hgLq5r4bR0aRMgvsNUr3pe81i32x2R7PBNtLm4gYAZAOmVovRylNko4eKWGaTX/SxXzrC+IaYdQqo5v0zw8PnhZ0ZVupukbpb2Gl1ZCnQUyNgxcpXlCMV7lVQ==
111,戴鹏飞,男,440111199107279791,Tph9jk,-RSXfwz:Ffht,PNgUe0XTPcWLB3XOT7ZXd7bVn4B08APyhfs9m3khwtPC271epfLe20qGuhn6g++XdmSLmELVl4H1b1xOOfUi4ar27KPg1/+tJ9cqemFsanVOc7iY6rpIVO8C3Yvl2UVDVZElTdRQ6jpeTwCf+ezbDo/aSijOJzPbDvF3wXakJ0edN77cZgV0bzUqU12vQfxqR7uNFzm0YfYJWXhKCNp4baLx75vEfmuavCwE+AykVxsnboHOCKMFEF7HKDUuayXFOgBeg04xS1mTu2ryPcU3kawPouaN+ERoFYYRGBGb77jaCwzb7oKC9SBSjvOIFEW2+pn+Z6yL9bLC02sN7wFFUA==
112,霍超,男,440111198505011577,W4G2wUg3S,P24uH^K(v%ev?iu,G/f2sQWbkxULOYcqYlkARWYaQTeDMRhBuqyTZV82QWQl3syYHR96YTrHjTDnIYsWddZiraBLOcq9GLjJypXzQZ0PJsJHDwUkTqxi610RTIAnb1K+FIAUamrCD9rIY6x0NO+wilSTI3WRoSCfzbFbBWhiZPlW9HqB/Lyj6G+HOAV8Xx7JNjgWhyyAEvqTFROsexZLfFk0A4QQOZboYZEgboDfPde37VnPxl/MekgWQg7pjtUrh5ypmuzIaI0KwvWoPHw1QNffktOBITT4zFlf8YmFPBPtX3kqE+lMTdYXKPYbNemwtd6PQdqWMxCtdnR4fttQAR0lvhUbB4a95/pF7Q==
113,熊宁,男,440111198109070778,wZ28ZJBPAcnQ,hd(xa<(yOXd(rHH,1tHIWilTEXgLEfNQMq9QXtAE+sidVzxyEiPOVksIFwdk8Kb69GyWmOBau0MLHPkUxp5gbLr3D0Bcf7R6SKuluEnRz46vIjUcdHQSZXtJignM4aLYTKZQTHyE0CegtFekv4yuyRKm63b3Du0+/c1oqCDvqlpZNh40SQ0WUZ82YnN4HyLdLZJzbu3rx+Z5hrqbwoGUCBmZiRS2lBN/9xigJo4PCD44PI5TsSzb/7tIKy4KNGbNn3oDi/OWosbLPLqhwonsWRB/Dq0sazDhSlBb+YWXDtp5ay3DttiDp8WdDLhOOHqx5FpZCMSEhp0y6ESSpGTwXT11i154/pvPR9Y7kg==
114,余天宇,男,440111199312167713,b20S1mn,Y+Mwsm95|4u[me,MAMdDov+o/jN2bVNhJ7bVfUGmirxFlFCrbkF5xrMTID1jHGJMMAP/8jU+0zBx5xb1a37EiTCxkzeI7cXBLah2rubyVXNRWB7281PzHzSCK4b9JLprcwJdlUOGXozFtir1ekys0DGnlKHaLM2g4pRF+RMFTPcsaLWyu2CaL8o6RaD+XIVnd6cyaCMHA7opMf6HpePGedvSgnNJwluc2Isuo/MBSjD5fI46TXzsSGovNO+XY4K1GqV5A8DaLTEkfbRxy3qY3sWucoZzgQF5azKzTSScWQWqpmPQN5rrxolVtoqGCkTIxwsvPHJTAyyROpHTQUByoLBxRhoxbO8hnsKIg==
115,廖诗语姣,女,440111197407125605,F4OsKrcdnS,]+/H~0m$qx<>,Bc2Zx+63HhqB5A5UGOhzs1qGokEuMgM15d29CJQSZQlK7IY3/bwnJGDoo0YpfeleGfnOEz3u2tEhLwbXeEgF2PkIhqDCO0q0ujVOJWqww3nwFdV8vfbkChWXoC4JgCzEjWCzHYWSW/3J88uqgZUd6IDfRKLPoEdCqicaSoHNXKTySzITU76R6pt/1Zj2xw4ElvMJ8fntbVlCQa503gB9Zb6pVJPIwL3MT0ckunGndgwB2pVTn5CP3mzWXLhJvR7kivTZX7Q0OGcb0pVc602NAmEYcVD0aO8kiKxpe+fVKPm7zH1oQ18FXq1HONuB4ZbmabfPOSgLsm0CDMR9Cqgsyw==
116,董锋,男,44011119731124209X,KqrFQTEz,=)tx[Vq7bsXi4Oi,hhNZ0cIbkWH5T+/cfoqvSfX6Ce5tCt1VAJK/71o9dg7o5B/bCJHHmJeazZjwGieHjQ6SxJGx9o9pERG8stjLQ0fGCCP+TtmK7aK+s5NLksEau3kvR/XyFTlMEI6Esh39mk0teBqH7aSBpZ6hHf6YIJv6jR3gljItkjCQWnhdBnQC37ahCfp+18L8mqZvaMuleuPEQ2/EN5CbAztWLTE7khFU+Ub6Nbs9L5YYI1ZwJTC5SWVw4Sk573VtNVxbSIdGwBkESLEU+I/WThRUMkBX6Z1bMrHrcWh4TVz+O37t4t6o7RnsnG5tteMFfU16Tg3+ZDLpHbVAsa6cNGXsFjeSyg==
117,韩佳怡瑞雪,女,440111199209291767,Yqlm2P53eic,>v5r{UB>)-Z}NcS,O6XX47+ZWKbnbTrSpDaWKYkyP4uy9kJ4jHE57qshf73wJ1i80ihE93D1ks5zOFaJMlVdt3W44VPKACQ04kaicJDBOC/YYh5p1XlAXijJJEJ5YoCQMgyAbTmZjAXoApPDqfspNTfaxzuoa61gXIJxEaYaHrig+0avU2jl3KogEZSgNsuVkDK1aUvdFlZ4e2TxbOrnAJ2M+CZDZNS9PuUZuIbHaygrwePNFSNRUuyDspr2e4M4SZSAPRTbW54x5C7XfXPITNbthOc62SzPC2VdJWweogQutV0dSaECfuvfV4kgxxNjeiioX+zi4zxXBFK/Va5lEr7ddOpVNMqBBJnKcA==
118,肖磊松,男,440111198011222331,NnDGrsv,$|sRp-`nh!n9wh-q,I3jk0tHWRqyM3fbnIBip9766YJKgVKzoBB/HZ8gRZgLOg8F+GMwcu16/6V41J+A6ajO99mdVSRjblj8jkQf/L+lVhtzf09T3rGukCxuzFby/SaLluJ43Gy0DQ4mlNa2oWyBxqD9RjXdYGvZ9O1z9L53wP4txU5T7+ZG6aKTZfhWIwT8M8iyg8Rfpvng+2ZQ/g0ThoYd7bFRKZMYGhYeqHEE9Iq4loQDty8CveNs3T9azNH7asDe+lBRezakLe6vwuqRLoPrlywLHUtTonzQboYMvPFKgW7gnVAWTANVRamJkXUkVL1/6PbmTpCvK7MroyjKaa2Ga6wrzolAalj92KA==
119,贺晨曦,女,440111200608107782,qrhBGdgney,`hZ`vAKiuv#V|}cF,ShGPkA3Ap66BSVW4wXN8ZmvJ7Zjl+h7cdGIzMsQ2HQKTDI7sgC3JQWrGqfI7ZagVILzW7RdNZ01sbUskXaQd7jr59CXrPcxSDviIGWDRdUcLIPFpugcK+vVwNEycThsvbBgDiPIWBXd7vx68d52LaWnxBP7OThv24o7eF3fwQnRBKNdULV2ewnLTPgPLm55fN1VHAsS93S8G/R7QG8dxLnRTMgqWZGuDItITbjHDWoFDEk/LT0gxQedmfWX+ffJZ0U9XhHLNWxmCXqkyE1VXzDc2JDCEa1pG43sq+53Sf5y/Z0qbdYGcvW264zq7s6cEqO/216PLR5DqS6wDGuL+EA==
120,段翔高远,男,440111196508239295,k35DDeJ98jeP,)nrPfb&+N>Hyb,A3wqHkkDqAQZvaboOnYE+rP6qPMyW37jMZBRYlEO3+V9s+6pWFiAgVNt98bakLS5PclOQbQ39Ei0Y0StbP0rIgDC2ZIQZ7dJxiXHHSrG5Ro8BwsC8OnvsgFh0Av/XtoAlKseICK3D/vwullM6xPOyl4KGgoD3JczLCUenvZHhQEXgQCUXib3kNiY5cNWNUOhsj3mERoFGOT4Lr1igg41Csk+cva0AS8CtNVlWXWAN6zHH9h1ArauAwWOL/RN7xak5YdUN2WzsvpM0JKb5IYuAxmB7rVMN1E9XUgryBxlLuG2kUNtNswkxKDxJQMrYpBH50onBkJ20woo6UO9DAWbBg==
121,魏雪琴巧云,女,440111199501227682,Ps43D6DLJ4P,iA~)lu6ZY!\6be?a,JO5qNUNc+UGHqv7n2SJnJAEF4jmBX7+1taFFjFSNu3goOHWwOgy11VlN1aqe+O1gKPpXe/Jmq0mikYftBzEj1k5xRERge16HynF+W1q7LS+QwsprdfWPVMB5mLP4XAeX1ErT1bHRyoJPk2I8FsVi+asdtOA91gXOOn+rnwEWACiDPmM7Fx/Kr5RWEWb7AwqQ+OchoaTIdAlni6uf0fiOpOENkDHIOrtbOzsPrME0EVz3+2r255ofD/WsqPGUWB7gx2RbE/NpcvwAgqPFWJTKDFo82hllinCvlCXrmM4YiPvzE4EnWEonNTXhnMiKItFWHgHVcgh9CiAmcJwYKGeFWA==
122,卢诗涵书瑶,女,440111197904288480,XgmznShsg,-XGQ^]I(,SSapxpFoXU7Jr+wiCKZIi1tAu6L4AQ5Qvdu9HqPxQivwzkGQdwzs/EblZKHghpRxPR+yfd+rUa7obGE50Wtt3TvDcpKIX/q1QzQExFz0CdecihLfrVSwVJKtPmTToYsGPI26XWieVGMW63yOLnJ5njDLoIKUJUM+uOv7WpqPIdrD+qnUDf/O5kJxOpOt4fNaM2Fiae5QpvjE7620TT/1FAwR5wP4jbRWpgDqSX4WkQLJLpa0HUUcGNl0Xf+ZKv6ew5PZ5901klIif6B+L5SxDrnuUJwxKun2CoF8ySiAYBUt9L4BY8FHoJGyYEOw619UZALBYopYYlqIcXYqarKwiQ==
123,吕娜,女,440111197703216106,An6FD6f,av4))r|icFF^,CgqF5jXkNjAWM759lX6Ry9ERt++9ywSAc+cbhSqhU3xFuLXMo94OlR/bmVDWK/Hq30d7wwx0WF3OxX23Z7ZLlMX+vF3Mk9IGorP4TQONdgwuyCN/5BX1r7jt1NyPK84SreoURGB0GvfJLRh+T1uHa9QyBVdIrSHUvNH2atWUciuWORnDXsv6jujH2L1d+bdGABUSCBbAacuJl0UiAjVo6HRIcOQX+qHXpAOw1TKPnRBo2pUM7ChoNIHus1SEkGUBZT1xFOf5VojFw0pLlz15ZIoln09Fp29uDDELVXBUt3wrLPLh2GMwzFTcj/S2hDkJymwzwrC+MbzQ0EFwLclKRA==
124,周佩兰,女,440111200210148349,CXLQGnQRCf0k,QWo3O|:<O)Ff,DBrXhI8MtObrJed+cw4zIbdPWl8Td/92YooNVHQx5jXDwgq2Mn6TSsJ8dgG0wl1b+jh9Gf3ABu0eJ4MkS+Sbcq9AY6W2ze/IUt5rFAOqEa78mRrvKLgjSbaao1O5cgO+QS6l4BLkkpBUA7DreJjnSv0B/dFyZrkL7Xdo0EHEjZlNu2UJPIfzu0UDq9JeSB0xUsgWL8u8s+e/r5qseEMWt0HdEzVnPHU2wFicmsUFW+KtP2Y0XzmlxQzpNQsvVYzt3nisBr+HzpPaQxavZVYp4UOpF+1/fxuJcqMxe8QN/cqObR2SO0rOFTS8UmWW2rpA4qyy8N9R5LruECVfQUkmSA==
125,伍慧,女,440111196708066843,9enscx86DaoS,O_Nq9$3K,D2BY/sW6zx3+9o4IQmf3+n42ADyQ+9i8mx+e5nAoynPgoLsX9DXrghJHuixIRm4pj6TUe+0ugv0iiJiBPHQdafbEo96t1/OHUnQSYWsakBOIaAX1cgLDX352tNOG3UOrWem9wfAbT5qsoVAg+d8XarVPhS7jB83smXK2F3YVRp3DD5CSSRxJCcsfQwRA3ITG5i3agtR5Q+WKq6OAVih1wKcYU/EPTGQBu/4L7qZrcDqzjD04LOFu3o7u9FR4YIEakbZ6cy+13FUcVNz8ZYAmxXQACKJKxQ5MYSmOfNCg68aMVIs4JtxtqxHeg1S4xhH0VUCeNDUJQ8aDa1VahZulIA==
126,柯舒畅兰馨,女,44011119960606156X,jGKvaa,bZ^B8~NE$j>C>,rSAr3/sIIzhLFuaoHTmg00l9MJHsxbgh8W0db1gP+x7+1qRQAaMsf1v8Bi61eS/sstAIcgssQEgFWhWGVSMDN8FFkQTulkX8SlaGY4G5ghGVmKVY7AYYg9sawueO496ysYhXtO9f3I15TwsS9t75097Kr969NtygTgNliZI8hQyTBDqxmIskDUtp563mEUoNtakcJK1uQgDb0GgkLBTpTBdXw8rZZAbC6wH1pLHq6vQllOgBx1w982bqfp65ekRyIydtjsk/ivuZFCrDP44fAhZ870+/JbQWH1D3JtzkHMMqjrEOVJDMpFum99eOG/2/tL/mBh7jYOoopo3XFIEAAw==
127,庞娇,女,440111200010312749,z6i4ved8C0v,Hx.8sM@j$wl,SrOcMuSJqi2bu61CpDPcGhlrCkYHg/h7agWHfw7xS2C9aDDXPfqY5Eimy/xkng5En4+5v68QoePNwrveD3ooHrP/Q4PMvta+7F66hcg5zn9NRaKrjnDpu2KBzgfXyEY5ksEirLubUG6J785tak+ioCXjhdbxYsbQuhKPvRT6oYnhVtIk8DrcPahML15bYtxaqt1yySawKY4kqsIWkeY5aL8qfadeKPzDyyVVpF1GDWBSoTOd+nqKV+sAfcJXJVmk30PIp/NGs9IMr2t+NU+Mk8oDFnzkgdBmj4KAtn2PtEaV7dZbHyvpD8ery9OBnuVraX80PuPnJuOBqwVju0+Ehw==
128,钱静蕾静,女,440111197501010660,K1aocBi1H8g,m`7go+Xxb,T/9nL5sJQ92+bUd/2i+6fMggMkGQpUS2XHgwYYrmYkjUuzIhrxvbiLAArop7HrABzULKp0lo2S3yKsHauUMwPXpiV+xHxj/VDQPVVFhB4XBRmjOubnNl+wTa7NGvjcwZBCnGeA8aP7YiEvHRBB8H+dbLghY6G02ekWPV+yR81XgiciJ3ML1RJRrN98+W51UCk2KneASRayPH0tU3+pL9ft1wBtBiSokH89AO5Ot3dIWi9rhkuhw82R/z8tDntoHmhufT/cqWAw1zdyncqooSTp7yGAJa8DsW/mD9LdztO3a0GrSsW2zkj03jBVZ45QuTcT4+mx5GwTZPtvF/PgZjyA==
129,彭琳,女,440111199109109702,HweflTuoAwU,uC>/rXQK^eKq,qxK7xXgY6OqZDVZeM+6Qj4etFEpMYACKrs8cEZ4Ygyl3j4BCqWnoDRZ4gMpBBkzOBpgoqzb5PLzVqYaDrXiNZabHSaZ52RSrZRL8auYYxsJ54RahJFeDGlhczTIUeSjP+e0JM5OPLs+R2oVEXUFlqPl3psclB2yipjWtJuQCbiYMNrKruuC3ThB17ordPciyPFPw3St11jow+/aamyi+eErRUR/Kv1pSX518dKUthpNqL3BGU/4rkKbke2L2vyKpZnYL1l4KtWrkA8iHHurRpVbCZlXOOdKqCovMdEQztblFNjS1qMPMKHb+g0HgsoZ/wU2jaBLFO1j3DUgQaX+W0g==
130,阮彦博达,男,440111197212211239,PW23j7K,gY]Bu|cDICp9dDx|,bb5p7gA5O2HwT2OLxEqTc7cSCR7V/pKKFAyBxdxjjij82Up/5ByGcH8IlcisPPNka6xfHKtA66nYM6iipmW65tfU/zcyQdAEhQOECd0cTaPVmYf8B0WQ2CqolIuzghB7IhPYSzd9IDdO2qTH2RVWs3+zmJLNUCL+9F6QUSvdoExvkJeVJJ53L/JLZpx5zh0VEcLIH4EAYsLwRir7UCnxU0T8bm0YPP5QHIl+S2ujcQr+sX+TGCCFURqTpg4U4dXO1oaQ36IWT0aYemm30P3E16u/KS+1L22PTuybcmtwvWkdc4g2x34yeE3swW5NpKQsevWhDy1C91sgJ94IgmZYeg==
131,付可馨琴,女,440111198705251604,O8mPJxlpWW,uhY%qK7mNPvIeo[0,rKlPYm1zWKMenEW0Y3K96CC6hvl0QV+jF9DB89eA72isgh2b1Elqpdvm6iWJjSDuZyDTJOY8L4Jlz1zr8qx6KvtxTL7XgmDQ7Kzp971jIrr/rD4gPPcei9bYGF+UnxrXCBrbCq1+7Uu7onFmLHZ2scTPRYpJ2PzK7aZUAqkQBT7vsyLhmfTT1TVk3lk2qb8gVKBw2nL/2cXIYi4hZ8QH1ejvBTD0Pr4juUDpaIVULvuCMp72rYKehxhzczOo09dMjMJwy98nEyL1727I//EbXlXfoHxoSgihguNxDJm9d7qKDJanLEDJGhMTzHlij3bI+zXxFqncIaQiptggsov77Q==
132,易舒畅,女,44011119870318206X,B1hyKJC4Q,kQ7G4F~D|+lw\hj,Foty9AQk4u7UCulVGXqQTUSmwGFRPxpPbAWmrVMOQ820L9xaGEaUOjTVc7/e3dg9+o/c4cO1sn7nQCGsiWgK7o6QVxtk09LBkRevWKVMyODou/UixdgkTbeqfYMXtx9GgpLyEh2Jrn6dPzsv4UlTgvD+bwu9JRCIPWyWN0+m2drdBkXrMo0+necb/P/Zv/RvbYsbFvoY6D81POm/V6OxsKMpB5AWfc+SrCAe1z75QcEXL/7M4rHTm41VFvrXT9E8j3aYcNU/wiK+jUVVTE3AFuIiwHjxv4dp5OHqGaovbelZa4DMbkeM+shDPcUsgIGz1oskSTUiaHLinmviwWiE8A==
133,汪彩云婕,女,440111198908077781,qWqSx9aPe,mA<#!kq~dhg,O+CZV/bC4JvJgilBZD+cS8uaW3O3XDSI+y4IRyYSBlRhOSycAXrFAoOC+bfXYH/8xSp5sndK1sQ7vttYaQ8JrP03pbuvqNyzWQ85Jnh3nzxXlviuMHEKooi6HLoOtSLej0LwIienSkZvQom+Z6AEMmfjuBVwayT5cOzvKO16h8xTANngoYyzo5MR41PXQswgXs4CH78dFiO0bY91S2ZpPvntU9akf3GUp965zzXIEzbHND0nCzmxdVzyWVmv4wE0L16DcX5vZX8B/uP7UsZdr8iciGlGsZnByNsz2a/r3wkq2q2eCyduxBFtTdRzJ8vvPYGNMTb26G5y7nR0FZ9rEw==
134,章宏伟英杰,男,440111198001119090,D3e3xwv0FQ,Wf.dl^!V=gzkv_7,Eg4R9sM7rcqoe1kY4HAvPOx/VM8SRv1rN8QECnBCS6jhXQgR+T5aP1vcughTWSqkDsE18tgLji8fuVRhHdczsWPtCou6VALFb4MNz373D4NlQr+jBOdz68RidKFlWYrnVZ9z+JzQGlqakBzMEhZMi2DYxyS/7uynzZVbMI1m9YnyfRILGap2UwyzfpnCdcssL/586OWYSjQLCf8dTcYWju/4sZYHvee7nrcEOw6aIWp1Z2ztvu18isfhUR9Nb8Yuup0XqXacRUlfAsEv4VzpGLFctJ+A+fAEVZCqQ6fnboruNl5tZb86iJENQHn2/9QZ2yJ8JYnQpG2fax86vIcJxw==
135,姚兰馨,女,440111198001022985,AQARlpylslr,6Ku~Ysva}hl#,ctIL/ZCWn6IPUSMLUGvKFl3KPRMdkHdz8Av405j1Bvm501WkHq/yk07keaSABseDSVcWO2o+ONjpDRUL4nfGsZXE8mdRjp7reIBhZ2oWRdghA2H3VIxweCi4/TPTmVgQF68TM0HjQYr4A3Sm46WGPX6PdPYVQzNB621bf7W5XvPlUhH8TRCqnfOX3yYXXGV9BOMontjNvpy6CEZBOSwPRIsLkoQTEofWIlmT72ap1ZF9m/cjw1gK1nLJdCWpLtSD0wRBnjq+FTZsKIVTRBTNQoK1a2ssMBoF5wvsiNinJdommT2LY0/rMwbiH9GDlo1/xg6KKh0jQWunk8Z1Yn0EyQ==
136,赵彩云,女,440111199909245446,kH5AkBnD,^W<@U!(&hF5d,WlonSjtgJwV8zk1j6MVyaK/7UB6hUFxZoUMDBFspaDJO6ciW1SmkuNeJXl56ART0Cw9KJavU03lWDOv/2DkCRqj0+G804o6Kf2Os1psa3ge3IDFoYJOBFkBITZGUXo2K2OvtCGwUWEjXN5cWO6d5glrmqCgRHGs82siEgRWahDGKszN710iQ99EqEn0jNQVUOFGyT1q5MZouLARx9aKIxznIXBOdUs70wVj/cZqqw3NjXKxTHetVg+tbMO6n7hu5VNStsEwK127kQK1FfZgLEAVJdDe6ydcmrCG421FteJoVHHjgZ0rgNRODnnZ6gcmZQypxowTmZc9EZWOloFiRwQ==
137,莫可馨,女,440111198011211587,vAtsAb6wx,o|&10p1p]km%QN,W7WkHLeGB/6hsFQE/TDZzl2aCrOhehjk33ALIjh1ndyx7LNtuIREvMdMVkUWGoG0T/Qn3SYs48UvlBh0OEheHTJKie1O3Y8o4Ulcn6RYqfTidqGXDjGmO6gxTkHfcpIJ3ZheBSsZmWCR7KDJdXjj9jYIyOEjW4xJAubaONBcgZ5uN6wA9eZtg3MZwu1EBrrI8Y93wUqdaD1coxqbk0tO7k9B2NWfE4zK2vUtpU4Fh3SDo1l1pe+swWZjeuZLrYILhDExjrzU/hvTxd6SdX/FkvkYbCJO134qeUIZG30cBEVXGO8pkywsyQj0G3v6FgYoEU/jWg2S4GBPkVJILCVnGw==
138,吴山绍辉,男,440111200108155534,Z84dsBt30oU,N$WX0=S`k?7a91Ba,OO4G6RE/BL6154xjgOMacCX85WgEMohMdEUPMkrrurU1MZt0JOxu2VSQAjMpm5McMYvDPmJi6nthfFkvKDWoWgPIi6eaO2bdDh1ETQgoGivCxdMd5D/+qvpCO3dX+RCn3TZ7JvbDqxk91AdgxkQs+hKXwRN2DfGVhTDum29nzXEosO434NxM5Nm/q1JbOSbBORFInaeaLVnNAAs6/huC/Vpq6DDMw6Iv/6enzrLIvo6BoIb/HOCpQ1dvfWxuaHQm+hxan1ivFtrLQqr2hQwIHcDb4dev+9S0wozZuDFbNVmHvrMQ/WIqAGANDSV4bHIoUkl4p4p3GAhASGhuG09zXA==
139,邵超思成,男,440111199502129910,TwiWil3Nvy,rT>bh/y69<[>T,lu4pi5CMqS+Zc/dFFckjaDtLw7vlrpkEs0NTPKPITumnsKjeK/HbMzEfngAqRiPE/5gxiakkruSTXy9O4UQmd1rbeL1pscHExpiL+Myb++gQ/nF2XCCt159HMLeD67cXSfiYupTh++ywRQ/J3bdJ4oDbTSWK59k5MM0bi5BW1r2H/40UY6lM3qOuKc4jJ6mJ6QQh2NLJJu55AtyoQnuaxX51S1S5kOmNAytSPaW+tD7rMiSqpnIDJ43Z/weIhxXPqPD8q27hV2ZkSDXgrRJIzAC8IjzfqV0tovUP3l2ttlNmmxclwn2g6rV6Ai7m+9WC03/OzIrRF9rA92p0flINfg==
140,左石彦博,男,440111199310197556,veqQaiOrlu,)/>?sO#i,jam+GZPlFpFEWEK3klJJI75TaalkYhcdLfgTypTEjCwTrqR/l9wcHWVeMxZoiKp1jSstjXre0dgWogDuRGltHtMoUc5YG5l6bCMntKEAVOrLG3tZFYCSsY9gm8UCHKiURwhGb8XRxotfp/UtaIZ9uiATQ2dY9QKySK6fJWtjdyUwHVhPj0qNAB7IDbz01SOAxaSAw3Is2v5kv7TdM0MueOiQzKmtqFWp9os3yH9yMHqcsLfORCEqoUffI81PifU8iO5Q+j2VymugAS5s+rSz+lIrSACu9d9f9ADQlUengL94AxgFuk4RNZsuZ98FxNjH0BMFpNCVLtcPm8K7tRpIbw==
141,胡月婵,女,440111198305013789,FtI7bIc,R|1sN3\x&||,wmTpNFbM1T1q5ZTTVENHU0mEYcOl80WFPp92fjx6z+l/7ktSKD+8sOVn3pA8stplJ8QsFLuUouud9nzejSCr6E4m7DK1kMAqF9YTsYHBKyVdYXeCiOof0ZpjBvekh+xbxdNCmRw/SimcIxngh7z85r9lkuQxeM1aPGDXNzWaige5HSSDU8suJhpj6gAw/t8Fat54VpPHu2+8d0DJodwXGt2mVdNOsXZt0KwxJHIfQm9yeOA8nBDPKRJCzMtMoDIcEcdPh435GUCrV7punvHPndwWl1YzzvJE4KMEuSA1adZ1hFy6PjI1eFWLAJH/9rvYs+6HV4M6FMtv+jtYzylCDA==
142,白若瑄娇,女,440111197006178001,jP5mMxw2,m65eJkusjN,YpurvhRq5azzM7L8lBaOOc4yJ6Xcva7wQa1bkpMeIBv5ocGk/ybaWWj4FcpjP6BjJDo8a+VPxSVZQDvSnpmB+pdZyrcrwxFbKbJDWJdB3OIu6mgDd9VzwdH37h1IbaENzFBpzOP5S9QCbjMe8wtgf61ifCw2deWd1JbdVeUyi5Y98jqtsW/mRRVgtFSvM5/p3n696D+fmpdRtHGdTrdl64VWTYdkTJnlqbeSuyNQ5dqy+lpaYyayjBzJUld5Yn2vzHulv5wMeg95ng+UwbggXAVS+vZJ2fq1sLblBI+6Na7wkv3oAKwTDIpNrCMj1x1HMIenXdTXUAyqMg88IQZyyg==
143,车宇航晓明,男,440111198701149119,dizIxH3yj,J<HB.`f%[/UU=9H,ewFcB5n5OKNVI2Y7hf0BMXLBMwnxzj+n9k20GRD8uYQt5XEC0ks6S/vc4z9YJImG66Gm3LofHVPUE6zjyXEZpKcq6it1nn0mxizotLii73Yklkh3DwVCxeXdGw6szo5GDhg4tIxX0UYDPQrIySqKlLfxvVyk3UExVzWtk+sGjU+OrOOAtHGNBAHeT9EIzwt1VkiIT1QVUkqhiAG/Z8IFgBMa0Z6jMpnlCTxURkSVgR/lCVTS+FOItbBAj4N0n/cqKms4yEIQ2EQZz1IW3VFcu5Qx83Cd+WRI2kUr/j1x/jBmPXwUqTpBVHxeBT95Bn/OCBKXXuH0GiDwLeFx57wxRg==
144,莫秀英,女,44011120050108834X,X2zljka,}%$EiGHG?XeY,DGPXQLWqGvxgv15O3hSJoMyqqNTpM3Vi/PIdaf2WCCaQkzTxNdpLESiAmWuRblxvjclJ31BAqf/o7ilj5+ro+C5zC2p/HFdWHZp0XUvJEuO5bEBud/RX2r4TRYjNA4QRMXMjQFvWMAaE0LoJ8IkKujHTQjoHd0Sp51U+RNTA3kwjLRpZniQNxFJ0Y57qPci/bC3H3MtV1U4JjCvLSPEXAh+vV6dctV5GiKtAFGoks0FhQdI+Cwu5C49ku24dwTpGr8UaKGiCDZGEGEE4XwdX9PHZc89Gqm09ISQP33sF80yEIyXh44ZNoPHOja+hEOtsQB8tojdiNrDjT5hmGi/ZRw==
145,倪宁,男,440111197709192117,cvj4bzrpEr5T,QR%J]s>IO@aJG,e00GQAkPLiMb63Cv8D3A81O+2ebNfl7FDuTXfBLJd2lIMaYCnmwrcgcGkBoOLhlxcsuvnnB+Rb19hMoZCMCoz8tT/PhBFh890j78NQXor6+hJKPnmviVyJTZsh761WdH4forGJjHF1xsAaFsFPcVDl1W/fUCupinXFOFSSWYj+hn3Zji6qBPqWeV7UUugzrnMnq9UeeXoZyrnPnHK1DMUxw/eNk2SlQsnHhiT5yhCOwto3/bP6n4Ud+Ht2j6SjCvFHZ5g1T5JnARl0O6syRKeRC+cm9r3J5VodNSkusrmNOMtrPY5olwCLAKVP+VZElhwNnuhtfcpAlePDH1/EC4iw==
146,沈明辉志强,男,440111198506106439,fxppCEXVV1T2,d#`xfCF?,i8zPZSYuM2MVqFjQa+uNXSQOnUiLI1XT/ao2ibFxbyut7pwA/toO9Wq7vk1K50qPyZ7+OrOk0aA1Uze13gkpg6ze0BEJY7AO9LHnCcNJfJNTIhEm38+TiB9zUL+iHqHb3lppJtsSk03moWH5N4Zq+0aKiDDg1XWIq2TKNch/GFwBVOtAuXXcmX/DyJ5ap62kHL515Sg8FHzCOBsQLfQRNkkQtAaXoNu6D/ohlAIsJz7mY1mDBz/wd29AzS5og4WTs7gdNvHoX1kbC582fGCZ8mMVj+40drDchCQQpSNn/NPJiaiAlhEgka9bqLyFlK2E+uGT0D6FQMI8oZIYQmQGoQ==
147,付娟卿,女,440111196803110005,CgkVWCAE,\_+{jVGS|s,PVITNeq/nXBC3nTW9bb7JXwYnP77u3yDuNa1hrsRF2whg5SODLQE1fy/m+/Ph7uWcyw/wSuJ78IeizPgqJC2zajh5kMGtYBallOTEfum47mRrjiA7YaPML0PNZcKf7ZqOc+EITNuvh1glhWKlmx/kdo8ZfAv/fe9DL0jvg131iSb+NgSA/pnw+cb8H0fAyRnW1MplJoBbGhhJCMs7g4jEhw47eF7G1UuFvnfZXuq5dtWf51RFXJIKaRq8pfSu57KWS1QXU8HjDIBQ4EdyTEZUop/Apai/aeJw0vuTGOxU8SE5NrawwUtm5jQNRXULtU4vkSMMnvGCJiF/JYjHxQ1eg==
148,严高远,男,440111198510180957,nEmOGypwmn,#*;buCmN,KrdrPYOC6lRXqlp+GeF9onZKpT+AUM1pP08QmCxfOdY4GAp4k+tCJn4SF2zIVxqGBkE52pt0Nu6uFc4JKWytk2fXWbMRo7o8JDajM+CWQzMHiWPQcq2o+sX+Em2mFPbvU6RQ/NqeEFNzirACTjDzCB9tF43cndVzRKb/DurcTc+RYfm7qubsH2EUhB1JVW6oL9pp95kcZJ/otBmXkdKCDE5AV9agaluQAyP9bgFdOSwAZ3FYPZvh0Wv1q0ItJrMD+xnGqCZeGriCpSuwSa3X7fkD8OKn1ZNnitAFAIYTweaLCvlYRUlNLfaFRQ3QX53lk1EMMc0sSqTiAWaOBRBE9Q==
149,顾昌盛,男,44011119651130641X,wJZl4A9zW,Vd`9$Z;p],iBkxNQCom0ab2mdT467nsAwtCvCDTkkpFBezp/slw/t2EQqkcn7lH5hLiqWPDfWdMyzkVjQvxlIWL5kwxhHtTeTEfvrRm9X0w1UVbeX1+UXajbsPrfaLV2RXGs6I3CU29/RNO0OxeX9TYxNS49/cxZxNa+hdUr8Zxi9lTcdVLkjefrjG97rEBDzNCf9ioDeGe8x+xd7wA98UaqBa7Q3V5RA+Vt1zxXDKpMovwUuTIZYBFxnX/3jG1lmxsz2vBT6cW4rE/AI938YPM3b6az86ODCozGtJnl8hrdShhT/UAOelLiVzQgayDOHG6bEuA1x05X4IkybaxgkYtdSPcACnpA==
150,陶瑞,男,440111198601206171,BPGykLnDB,h`5]?F(^,di9HmjLN1/lPYKipELYXIyPEW5ZLdXwvTJvfhPcMFvki4gKSoQGAaVIR1C9bbikJx93XS2qXB+hqgPpaS+RGB723wipV0tjGgThX57dyrmvtqxs9AbfebbHJ+9V4+H3Ltdqg/q0QfVWb70+VZOj0fnIoZeP/84KBHBLmIxm+nXCxSYmHrYxAMFT++vvzQW5Kl/R4/QmXhP17Ui+wxpt0kqgKTxSkTghE7rm/H0crJIGoUIE/hyx4J9X0q4Dr7Ifhi6DDvrdxT1gS2SUkFgWfJnp2I8OuCuasSsGr8rG4Hmjnb5oqlMgbnznomeEcPldNvw1hiEseLvg+TtD59K0zpg==
151,马芸佳怡,女,440111198910087364,I4oGpLoSnP1,GLsJ:eI(&,CzB4WKpaA9rmMgUwfgN5Yx65W+efGC7QvgJdH8KrkZb4/LANuPoNa8cO9jafJXwxvZfrb1Vw1gvCRqN3HwjzC40bnzZJADz2ucocs5/UzxsSYn/QjInetoSzdampNo8vHrQxA36d2cit5ujoMC/Cn77emVeCA9ULxtxY2qZl516IXvlSnueSF+zvYJe9vBrMAHYk1WNZVHNmPDX88xL79yBp7c5IUhVwFfEApIaiFfzeYUAVQLv9jRUP5gJ1RnWF6LaWpH8j+chJ5sTf9mhKeius0hVEytFAEIlLZTjCEeIoLDnCthwnixPCvKI041JtzyXakZEhWfcn1pSV5WdY0Q==
152,蔡瑞,男,440111196805150254,DtsFtnh,#NTZ#x-z2>Q&,AYCfATNBucLsW+a/xa9AnyuEuMnAMSO/3SzSDhuC1YwgUyS9Q4qZXwOI+GdC2Z9bL+cYJCgodim/21FmwdXifSxrWK2j23GL7OX/gZUf95Qtcs58Dgzg5n3/yMm7Xn+FixuRp0oSQLfqcm+HwbFZxB6F0H42vh5zRLfAKYze5jA2sfOqQXKY+C8LqR4lNIDgeNUB4RlL8b6hbCzfi4ieXqx5mYGBnw63nhHQi2Exn3ncfYh3N+N+07ummfBN2kqm2vK/4fsd6zOLwG6+ZClNMRdhRw7/LogY8/AMEjxBcNAqDHp6M/SJy9mrWoDzPozGhdeFBCZ5subL+dCJ1yNnYw==
153,贺松,男,440111200311229471,O1Bh41MpYR,fOPJwC{hD9VKWI,BtBmvw00+r3ufBXXfpB2ARrm9KxNC541XkkqYfZuuAZgKCmTuPznQ0DpsxiDWrpV4k0hGd9UmBEbctilyyCUNZrLE3MEXJoYu1j+/OQksQu7a0H5cqlp26UYmiFy9D2InFr9MaAMYcRS1QshZv+sGuSfJj72OUrLxh1JDaYDOe6EbpdXnyjSt7pnQtRb3CZnO2tICFJRP2dMw5BAl8hU+wqhhJnyDfg/EY036Y9vochThzs6YLmxWb7cwhLCspicExWL2YlcT58Cffr/6olzjcXU9lOf26dwb9Mr80QiMxMceEvOoV3VOrsKnDN24JuZobXNZ/oUl/8UCjyCJ1+awA==
154,姜琴蕊,女,440111199103049382,PEEuK5m,ixy{z99i~(BDq3&,OAZVGBLwRZDIE5YrvZ3jIwEFy8aEjxK5+6RQzoKTqQKfQCO0Ay8hWXDLnaY/tkn49OEEw5uwJS9cxcSb1VphUuCQ0fZgTI/bAKmMZ3TinExjyo2zNTJEFxvRfirYnm2AS5LNcHwaAIMF0PfLYRl/my0M/ThFIkE0NM8cczOOBtphAkwzGBXXtbfvJTBisnw8O+XC9RenyHpBX8PyH7YWcxnBULVWIZDxuJZk+i2tcSSlya/KyVoQnxY0QOplqMeUDLevQsiNmAlmjviQ0PDOnAYpfPlPvcUPJ+0XLwHfCqNXrzoA5N4mBRak5P5XUHJOYXWgkZafA8v5KY74PYVvew==
155,管涵刚,男,440111198109220698,q1cVrZ,Od|ICkz`l,iUFV3DR7SRIZRBaJxxNn2FBscHFZ/zTyLbLZnMTiGNzCJmU/rYE/b0Ar/q8sJXVUpYFZcBvM9GehPch+pe9s9aEfh4h8Q6+neRfyb0l6OQDnZu+bl60MdhP4QqDpc7FeSvXgPlzdf3bgXuFutgAdHR8hHDKZCAlSEtSAeLIOQA7DPe/utwSpMFIiE+Koc1eZelRiSTG8ciS8ntHh2OK/GRnDdD7/JuH/bcDItdulKhTOVAb4WRvwzeYuwxAwQzI3B58BISVy3mU3rat2wulMSX28qviY2/bKiuoSp3SccwIvqb1D+dr8oxj6VGSxftBKGMkTDH/RJOBvUJvqYOdp2A==
156,毛妮念慈,女,440111198511263105,rs8Ipq,C\S3l1DT}WUq,x4huhdvRHvtHUis0FNjuKqBrZWlC8icuFhX6gaPTFeWY0/napF1BRfo75VSMZyptnBdP27xM8t6ehKfF3PTCQVCk1DGNa6SahaAfwlg3gl3EgDg7feX94RCb0fn4budtqlwvPRZmnH0/Q64Q/Tu2gKhn8+297Ax3LgZOa6ZvJTfKslIszO6wLIVCohLBiqK7Dk+dYtHmPLi7iC6iuSqFYumvS7SdN3YPO+R1SFhH3jleSQ+2jH68MqdZTCwYiFDcdzQPnQFnUu0bvcQXVZ1ZGGxTsYJmg/CVaorypndbS1qcTW+k84HB7wc8cJr2KpfXTQ48MiH/t9uPlbze2bX7Jg==
157,聂展鹏嘉祥,男,440111200703216979,XGZX9eD,DmfGG1sNZ}5q,HhFUeyH7pKHaV8CDhcaZvrSbQUo/i8KR95N79wAsts+iNNQ9L0orDfPNSE2ET3UmK0s69ogfY3bJLeV5t0zsNZvHyZk6gvgnMNe7qHGA4BLRknKA8i9bqLXCM7zUPKkYv+LEc90zIyBoXFlZWWEvl9l6P8oZten9O2/iVJ5kyBmS9hE85e9H7KXYhbyx4zCxSGoghIXQAb6/6nFg41UPm7QR0Kjscn7lP2RDdsSzdq+w+UQu9/conIHuUVqx0W9XE5HuxMt/ohJBQ7x9Vda6mk3WH5HtgpAl8BYaBJ6g9sR/jXSl1iDHIyULnL2pkfkLIqwtEyDlBlD3rOOt3/ikMA==
158,彭银鑫,男,440111198602183477,za9V1GV6In,J4TE<>.<rqv6,x1zsFh+gpLKU8KVKzTe9AwARAYKZ8ct38TMgxnPgHNaGHB7nhEqUiTfl07rdCG18jL91QrcRzZUPGsjgGM7TglgdmecmX0kxhdXrYBF3EB6xkcxuLCUR3tu4RdXaxOHGKYYDoFV/ms9wwKFSBjO/V1ZkR0K7pgPTFM5GJndAftQS3UlE385XKO69LHYgjhhB8TJ+zPbOoudccocabynF0aulMZZmmV1VN3UhvVLlVzFqA5p5PM87XaAu/xQU5kPcJg0YMzDjC0V22XZFHOO4n4j3EzOA6kNQ8Z+eb2cfXOr25iabj0pd8xfVuPcpJs3WaalQ7kHmEIEt1SwemBgSNA==
159,吕可馨,女,440111198105123502,vK1IGquBI,{QIL/@#H(IK,A8ZZGGd9Iq1g2TYKYVpJlzIIx7T5vDntyO3zR+GSSlMZG+kKcWmlC9GNHXm2cZ6qtnTEbI6zSfFb6xeCVi4Zh5LC7CcB42t6Z6/BVYBPJw87IewEWeSn+gIMxHRfNM9uS3VL3lqI+z8vOv29c4hDOUqejv7dtEnZCiOgj97GTZCquz348AtTS8wBNuKxScyjUnZeXumOILfkYzt8MQ4YQLz4j87BGFLtg1FuWNb658FZ1gXHF+XnZevFTuv8Z7Wg+Nu0lhIW2EjbJGL36C9hSkQQVFMkGEwnOfZzwLCyVtJkMbU6eIwX01qlHoA7OoGXFzxyatLyqcsQC4yshPuHYA==
160,程露紫萱,女,440111200304032064,wTo77OXfJ,2GnoMsv?kkb[KK,AcWxnpqGID/SFRbOND+JLgskg+4syO7xnGtv1nj/9HQpBUIivla44wxyMk1/lrdP0OFiwDBa3Ge+J0c5eiilNOm/PJ19jNrpr2Qu6MxVG0C+knVq94v8YwXy3iqJeVy5+2w5hOc7FROqwedWOK8L0mG0dKmf/pl8D0rXonS3BXkflzgKdtmDCFnZjVUCUk1CBrPSx1QuzifZV5tivHGmBhJNu804iF15du8JQhNn6kleTvQ7nUi7eS+pc8KlPVmOapr4KT4EpMVpJ/lOlvCsq2er4dU2lJbWX/PqbyZnCWmZKOFfTqFy39Z70pFyWgDmxoRL6jqLoVIE5bY2Fgo+7A==
161,顾达书豪,男,440111199407135159,fq4mGOrDW,QY$qT#JKJhtE(aEe,qBu8YuIakfAXrg96btWWczw01p7e/G0h00UhVX0MxnojxaV8z+Uopr1vf9qCjhi7Ybti7qQHvY0qgXTiJTa+H2SgvpPbPVFXEv2ZZJ2fanMUlW4b1/gsH9UpXzQwhqBC08H20wW6/N5uIojqVaDLB3aENbfmnRj/wg87n40yjwBFNU3O/NssHEG+kU6R/Rv72Ry8vKg9N5Q9XaponHZXXlzko9li6JZXhi3Kj/o0sNwzKGPCkq3CWoCaT8ofp/d1VKIsVh8CrL8Wuf8FXEKnT+WU+cmpXfuCJ+aKfD4IIAjn6ZRXCn+bwuem7ExLCzn2gYSOF9gmA4p9pD+eDOihCw==
162,黄绍辉轩,男,440111199409118854,sHgbUCcBPgF,GS(J7MbOmrKc1Q,UbCmQgWl9q7JaRySK/wbZBJUN22t5aqPlX+yoL0q+DZdnORTEtCQsCaID15SwXYYuL5o9oEBEH22fEVDPsFDXsp6ZGus6govIAi3/SN0v2xxOUjch914HacMsKR/QnbhMfJiQamBGhp0zVeB6sOlgUYYQMFOh3dDKazhrOTSiNBUcIP62rflFEe6ssCpwjiJbeDSXVOJm2RafiYNmpvxbdBULK0gCEyCKs8ktunJhpJaqcciA8oiOv2+J4vngZzd3FFVw8mtGw5PuL+C2Fa9VG2RjRIE1bDyS3ujRqIsDGwz6IcA8fvJ3MSHWstYIy+55jff6KBGTOXSaE4TeBYHTw==
163,贺栋,男,440111200005177212,bNxKXCUR6,Zix:]uwSW<`7XH~P,qFNVCDjINKpzYcYMGnpLWlKKGPSIkrtv2dnTHsG2jJubBvT3RRHGKDzY1eMXNUByWTZKwVH1XImNHmIUXvNev1cIRCDg99g9PEJfEd5pX1UkgKeR57T7P6N/RURAD9mwmF01PApM2l5qKru05413o9CcxvoJmDG2iQvkFNNdVLr/jKPUikF1tmwssoAZlAR0gn1msxdEFxwV7o1R/JNVpcL1NHYqEBdRvxkawnMxfiEnCYClHmXAHetlmzrNgvbsH1hH+NX83/f8N2Mp3OF80ze+mWZqPaJWdia26Py7p++Xxc6FDA1kvTdTcre8UE76/teZQs1gmd/fQFgPUWismA==
164,汤思远,男,440111199404165432,ahkYNzc,~YC5/MT1X_,UTNSFzRH4+WJ3OH0Jz9M7fbGobnwaRPR6YboI9cQKBwJpHV+3Xn9x8Molf9s3rWwQ9o6x7QCoOvTdx4ZhzlHiyfeWJawr+Xv8jA6sZZ5oP5tj2334OZrLYbctAslCtMFkooAlCh8J7F/BwfzNUgjubqfm/u5ijBGJI4RVjlTKF77vJa0N7Lz8R4S4MsdQCzpuJ6HjEyxHpwj4N+jIeHkxcti0at517cZB4VFTOXaCUzqegh1u3wQd2LPOPfvYGwnaBGXwHiOxLg0naE7zHOTuH48ICfaeTrGIT21/SiSd8HQS+8kwszSdTuaNRdvSgx9HR21i+e+VJciz3Rm540n9g==
165,阮帆宁,男,440111197406252370,wbyfG73ILtA,YW~@Er>apMvHLz,UeMEeAJQ0e9Ek8IyA77Oz0D/On0AcwSpMw72Bqsb01/ha7lWtAFLLw5JA7oGnIlY+3ctBjrW3GPlk+qNfPxxBh0KSQkj1mWjhOEENGQD3q1OMxkbeGQczYTzusC6Nt1BqFRygPavvdz/QAr7buCNP+7SPjRWtCpa+a5noIc5J7w/msToa2gVK6AasU9jMx1CKGVc89Kexe/WjRTHcp6Bq04PRyqVwE2XWv0qBw42w6UA5whe7g6yRf9s8UYfdFYobIQV1x6MZI2G9sf5m4rK1ORljGoiTIKLSu0p9VCdLq6Z8Kzv7DyKWqhZ0+6TDBCJ40VGLX1B32EPD+CCiMhlWA==
166,邓瑞雪,女,44011120001231182X,HeUF02aNJY8,5&{H-qJ*Tk[$Nm,VQKjRqsTe/Xe8ZtoRyMAjmusv88PfKkBkWS1lgCMJ22vR2+gCXy6g/D0aILYQTomq9u5L+xXqtJYhNruJsUJcShmqtEbAGA49FoYQ/Baw9AYZD0CeJKr/cAd3T4uUq0roqrO4+7G9fp07SNZRbGhjM5roy4FH497nNNJquVw9z1m5E/4o5j509rj8QgCd6fftRenzSR8sUPyZ8n0vs7OZCK83wutOl8/VgKREBgk75CVPMAdxlrmeyaJQdL+NWWVDIre6ch0fRatRcYDk+/HMLSDcc2yrN3pMXLEUKiqGLA3orxWnc0mjchXsz0/HP4lUcazGYd7uEMo8njYvmZbsw==
167,谭曼妮,女,440111198504110725,tcbftr38,sl{;_gT)?9,cPzj0HTjmhmbGCdeR75EIypUBxYjKJVLkTixbvaHu5jObq3RljlwNwolW9mWAqyhaAkPmVy//qILQu5aJSSHMgsh/BZNTFex/h5wqgm/etYCfKQmsMB/DOsmDw1WkG0szDUJmcDxnaweRcLGOHTGvbs4G7OVE75MoiruibY1skfGtA3YkhRKYYnSo3SKE4XZy4iPPLUqpfglh6P5Xnip2z82DiSjqccpm4O6+BhAIpYYGCsCIv3CQg8Y7u6he311kdGEJI31bKmeNpPr4L1szECipBeJfx69yXlNhvDMfVdW4v4FY4OenkC7wwSrO3x6de+C5Fqxdq1oOXipDFH2YQ==
168,陶舒雅园,女,440111197701088622,fBqIrrHl,7aw4v>2$iA*O,G8Ng7N+pyZA8/ifsQb6NQdTSFFRMSixkvz65aXrjeS84U6fZORw30N5YO0M/3mLuIDy83BAn0e/RhRYGYtECn3k3ZfTj6jEDI7RFz8hsw4G9RXdjSaiIUsJFyI/tw79I2kr3l5fdP84CamvhjXJLyW3U/MYEyTmLvCsVkqfi4y4dEIswDrzb9vAUSv6nfeEeDntJKt2Z1VbhLzlwZuRrRDO+pR4OT5kKCQfOSgZBQgtKsYwaKgWDSeKWB7yywUDNHSiRPLR+BaqRpXseH6AhHkqwviDowQAZvije1mRaWJUImFlWEK/bxawNLsFAtBbOXPYIZbFoBl/sSQIpCOpJEA==
169,章良平泰和,男,440111198708168195,BZtnsnZ27e,(Z2C%>z#6hLQ&l,S/l4FCR2aOIBiHpy6Z/O/rujIsdQ7AcGXhe9duuonH5yMo4l6QPaFykvFXBEil9nDTTAVcVRxOToUoaNoI7EnRxEu7OVomDv1OfEU46aeUlAWAbhGXZ9xWbZQwcRDX98rDO7os0AIVLJ14rJ4qCDIpwZS9AbWcNjp3RFISVULsRgPQTzVxFhnQK3SS5PrLZDfCh/xcm7eukJiC6FEMmmooZW9QB0wlnvRcY0x1amI8QKkmbJBCRD6v8ZeLfSWs8aZGHZa/iLHLvy8uVVOtMlg/J2pZzapv/q18kwUnu01dG7EQzUoJdHAlgkmr8qcedpKdadBSdwLwPgKytFfHcg5g==
170,汤芷涵舒雅,女,440111198710101563,nimmMgvwp,=x#.u;sg=,Dlr7Fmxopg48TUP467avZXFivSZtII1/Gjq20l/sFjm2buFuDS7e/XSXytJ0MO1ez4u3i+QXk3u3+nGTF3lfgEyWPRI+PdPx4W/IFwONxx31UOBnTqHkKJ26MUFFloJ+u8e9HGsqOFK+JifUxbNGorDyh1SZyhq+5YE/DxkapqTGGymALBCPeL1Xjn9xBVAF4z4Y9FAhzp1Bfw5fK6xzrlNcHJawBj6cZReglDw1pnmiATgFJg9drGrasImjmHqCu9gyZeq+EUGyDpH1iWs2KXfMtMrEWj0jp4rgAJ9f9nfVBy+lf7Caspuh/Zx1qVM7WIeq+SVPE+WOlnt9tcEhkQ==
171,江志强文,男,440111199109237878,H5ZSaJ8sr23u,}G`ERW7A^4K$,YAZG0vzdqyBrJu0ca5IgN0dcNfrcJfwnz2Js/kOZ3vRGQB9S1E0rpt0lS913Pk1qx4c3n/gGzNXvdAtGodYKWsr/5awakP8wWsz9dtuwRVapjW5nhlH0O0IezPveXPbASrng1ZWZqQXRQ/4QKx/2lf+HZxlEIt72hNWHxXbpTcBsESMAyft6VIE40hPP0w0dsuxhITJLAJrpYzD7x/Rd2gSi1emQJK2AFMLK9Je6upm2uzhTa7ceDuZpyhWxmbP3FhjNZtIukmhjgwbgJ8Xapz01hQUy1HSPat3f9VjGZAMQSNFV6IVqdILOYuBOTBX9jX8CDOnX7cJKsDOHI4z6hQ==
172,张兰馨,女,440111198407080923,GeNSagIgRTx,hQk\u)mSg~F3\,Sek+EfeNX98sUacE3mud8YvLv8nVyoR8Y2EFe+EN8iixn48pUxyBB9Hje0CWZ839nMNIH3VjW5tbVjVx3FbuG9Y5pa2B5Qd4B90jfhLEavEYbPqXVv9D+PjT4Y3G+araPNgbWb+GecDNgiaWMLSXER6UF6+hPUBvH4y22YDDWZBz7DYSVa69yYr24FuZ42Hyk0tghltd9zNn2Vhj2eb+5fPoNKeN0G1MfXxanRIjmqrI3YheURJi6a57DsfhggEfXaXSHlpPWVpRl6C9m/HPggQBywDYYzyl/yTZYHqRen3a+/7+hFgyf5BTVCdBxepC5BBqRR9pporX279MemN+HQ==
173,莫峰晓峰,男,440111197505033878,kBGNH1r,p-Fo24-dPUm>*rXj,TfB41LYvEqU0/EpSgrAYI6/PnSmbi29FMVMTyZirddoKa530nRAHp4aytuArmYrItlnaV+6Ha9ow8X3E+sI0uEALOX/mUTaidmHCLPDbJFse1o3/RwvVhcmtI2ORoktnrx1tDfy4XsMa/09UC9wHmUeAQctNNplFBKuRfAPyttPQEiMHEENgq6dkpy7IcAAMuwWueS4sHKqbjKMbEREfdCnvAp9YwmUCRpkrXK72CFyndnR+9w3nQcrBr9F1VviHlVKTktD1lvvJl7IPWZ3okom4CbvrHhC1i4Ar6D+HkU69KDXG2BR3acCblrRiRrfLOhytcn8yfU5665XqgK9ngw==
174,田欣怡,女,440111199807173066,zah9Svikp,gk^;_o&F-K,xOaCt1PeMy9EqMP6enNmDYG1+zmD7wkRAvfH2Qqxt07R170VDKx9GWinSebK3V5pyeRe9rJo/YX3xzaj1jvB/K/bFXSp74r8Zng31I7uZMHmuPQpg67zfupW79IwDw0FoT7hHfQ6UTcAAeydk2OERlV7+uriBJYQJSe10yjpdT3llONyRG4x02fqZiA/L597Q/a+k6iBgucdOf53m+I/G64JGlqsmwDgEYmO5l/vuftpyClXOU+hRNfqONHUwnTi+nRH1o0KKgrz+xrm2MmI312+crwtUudR+wn2N1CDfJd3fFWlO/3smaDwvGl6FXkcFVNsAYMyT22XrOx0wtwN5Q==
175,赵航平,男,440111198208221316,EKwpkJ,firdR{Aq[f.,Wmp2+LkhODOyCYOe9q+BN5gVOA7Nnx4pRkM0ZlAabTSrnLeudQztH+1N+giqc8L5xBi58bjTtOeysJ8ek5H/BR4EwPqS0vFsRBZCU0QduPvT0m8OODByYH0gkt0mlQgdA833KXFt+hker1WWYx4jDo66X5iKIoCwvHF/oZRRPQN04LLcwC+2tlgilXnmSRvwTeJbP8BvSnxdIVTKsVjkjTcn7NNf3DR+wm2P20XgVjRdCGT7PV3DVt0DjILbGzfIGBHQaFPBF6G9ta/NAbUUdLRyxEXDyI1/ZiaxtVA9fBx/8zib4vqqh2G0BUzs1Q7YHMmvaMT7ayX8OkPh88FTbg==
176,卢宁楠,男,440111198107046416,PhZTJBhW0,~>rD#3^T,PW+AeABXitCglqNgwsXLdyB6zxPevycP191lNyfKDid71xVHG/aD8YN4QSPc38QipP2JKEz0ySdICwzNnA0bxEEYpzXRZtcFYFe4s3Lye59za5uAzA6ch7lNK04vyMJRD7TkbbqzH+y22ODngYSHr2twj0kBU1uWkCmlOMrNM0dADW/8bzQJtTMNKo0R4J3/FKau4fTGZLGPVplgX+4vx13fwXlOmvTnMjsw0uCC8+9RGPGgO7qg6jqwBx+5f6PhqZAK/jQQTpfhE2yH8U0RA9iE0z3XnQwmUbg5tfRxiwoQ8t/383BKNU1apYetl94aOfgkpOI9Mdt+lxpIa0Z+LA==
177,余彪,男,440111199710142351,fozvzQC,B@*MMg+\n,dV4xI0afVrK6cw9ugu7KSn3LOkOLbqtdBlv+ElOH9n6LhfPePxUxF2WGc3jX1ydgE+6IlI2NUDGoHWwYf/kRxLfu9aSWZ4eRODOkK0T2/sxotD578OuCjTItasHjGnhNORZf3kP7xxHTK3HBHE+E0webww28eTFVB5+WaL7vTfZpV2LomwxIkdJBd6G8Aa3JZReglwX835+clwtdlRS5L5+RL/5e/3u/Xb5V2AMOownYRZrwEk6fZsuJuhzxT8UcsxUlH8dyke1qHM09WlRAxoIjY0BXCUGYbEDiP6eiSXqmhPLmqeiRgi6XuxrhK7+9invA5icptt/TV05+yPaGpg==
178,卢丹,女,440111198706202441,JGppzljV2J,rD(az?huc[(*{,bvDPBJb0qYym1nW2pKz3d0L/H2oBXQwFW4iB22TBZl+6wDaaLB8WISWAD7wFGpci06qVj595J/5QYgUP1uy3zoRzNyBU6tI7HrgkPOCoBIz6pNBAphRJrYIGe2dodWEG9T4CkgrXUFV8tmtWhp2bPfuaN8hfCTDCzSee5IPQ9DfLf3P+WJXKZZskyFEcVgflard1k0HZxDbJSF5yfU8hqR8rbWffYWXrqIvhhwYCimV3ERvu3ZwOfDjGDbGY7GBpcJP3H75NhjrwHKLa3NYtfBBGsUS4b8uein2N6oluBVMgXnptfSIieC1xFju7lBxcTle42ziQUhJ2Z7hkcIBL3g==
179,龚建平,男,440111197808061294,X9FqIKggOv,\^ST%nIa[,EzHD73ngcN+gqQjB66saoz2cA/dhLfMHwDLoavm3J076ZLoa+0znIyP4ghIOpQqRHNN3O+PYmHSfLbBbyJUoGGKh3w4cAS7am80w9r4Hkb7Xg2mRvr2+3aZDxvVdBFiKtW2Vk16wj1fYwNLChDfCHZne65gP/N3cD62zf+EdwoYan5SIkyW9FRvxKzk7TY8pGyppDqAqcULXN1D7o290ghFJLS5eRcdOt8/Sze80C5Pawp4xJfY6QK1ef2I0H6/jnUmCl+uF98QlBu8Zu99Bue+j3Cc5nHubafNXIrEI2HTQY2+Pe9ZCrOsq7O8+sw3U8F7fEqTtDjpTqp+yJRlvIQ==
180,童志强,男,440111198611158513,r2TunSY,|V/lyU#e?Mak8N?n,gy9NZiiLozG9+Aggrjecy100ENtqJHW27rKeaUmCscuUGhH8gVcMYHa4Fm1ibx7m25FGc/kzMwlKu6T3qXhcObUzCJlrS6BwFBHofi8vb0+Wv5h1jaz00BDrLT6WjN729JQ0tnSk6y2ucpwVGNHw5bAxs9IP9ysn1Hf6HJFSufRQROzYVyG42APhx6XXcIr1L4lQVhTCuggLohYDRQXxIl4GTufS1V+1UNA8iISC/MiQgpj17JUuHluj9MhuRSO2wG7muGMB0EX6IBFxxo2nIH15RaLNE4BquFuOwiQEu/QXtBl13r1Cd+7fD4xqV59k1SswwqhUhFIHG3cfbYWqrA==
181,韦佳怡,女,440111199104107943,qN6lY1Fl,VB7h>?z7e6WJD/p),KERXi8EwKEip31zzgI76ZAt7Hf6278QeL8qM1aGyXour1PzSx3LWEieHA01t3BJ/7BRyDO/U99nM5XmEfpBPh1KwiZzqN82IRxTqS+eyPnKlXQUBcreYfKsI/UKparezzWRxIlBOf9CpIM4NbB7e+nPFWkA31wHntsVZ5KGSoLQrPVrjIhw1vTurHc5IL2M8oSNmSka64K9QKayoYCY9AjPNmbUm536l/VbBrT++pXxIzbsKDK3GaQ0OAIML48huTjwMD0lxNjA7/TEdz5KyGezoJoA6j9/oSdQLi25HQTus0qjxOkxg57RAbntklQj94ynA8a6w9F8XqL3eI7FZ+w==
182,孙彪鹏飞,男,44011119701103407X,U1xBxjnF2bgN,[%ex%BbOG5#/,M/dJzMr8Y073KaEmHXsNlh+3hJRZC5RQivO6jLg0LJtk5fsCd3Hb0CpFyA2M2xtGbAczniC+2NHuqgaJ68SJ7ejLUKrnSYsey5NHbwCufR0zfrJjE8EL6A4PqyloLqb9UDUYu4jNpgD/7pe+L1FEp53Ox2+EDtIKj6v8XX9FSEdD4ykkjnECyflXJaKRTIscUIb5YN+HU8O4J2TN3tPmEye8uOizlQ/jtjNl2x2TuRmCGJOIta5HpkYD10XfpwRB2PLAxnV79vbN0/e3n5ubJDuTf2gxbEVtJtXDM5PZOhml7T1fDL6Oo65g2LC4nD6ia7DfqLSdseih+7pW1EKXpw==
183,孔帆振华,男,440111199503046738,SylzWYb0mS,1eS#MHR;EmM,JW8EMk0nr1rjxPgTvjnxr1NqZ33/IITzbAYQbjbFZY8PrO6Aa/sY/1zSDu2JVEEUi60ISpPB0aHG7kXdQadJA27y46ZJdY8HcE5F44lB/XmblAYXJQfY/1nG1wczwzLiJ8pBtykNJ+H5AXTnHRiWpv2k657IZMBV+M09oU937AzJnDKdzVIs6GtRGZnwMU6Kr/7hisWiGybXod6FcfSV/lb9/tWdkxmuaanNhxo1ha4gNo8KfD+sBAKp9qWh4GQqwwbGOT890FcSd8juhUNqzXYvptgKHUugOhC5/s1Fg+X9uqFCMBhyN7GjqMj0f0HOanwzOZH7ul+U+mGfDDckXg==
184,易亮,男,440111199012039250,RFxr8p5V6,4%J9;KH@bxgPGK(8,a7FEwtfYDLsTiRpqM+3LsbjUBUmFi2M5qV9QfMeX7DwnMzu6ng6Jm5TDwiG6jmK3Kgnim/a7+zyv3umlGUHdEzFsXjBllP6xdtigwO2+v4n7LL/g8wQW+nvsWI/vxIhnw+97N2dMQ2Y12YJZgVfOKez0NFbxPgr/gG5YD2VZmJuTLRzgeMix3GmA1AYmyupz+/EYfqV5g12oVEVLN4XjIj2Y2GzWeBsDxN7GxE6QMUDCcbJFSTMtr91pSaQPb4kyyKjJ7wcz/w3NyYJXvt4B16MST3sFVdu6DEFWf8GKgFuks5S4IU+HAR+FCP6pGXwV9kET1t+Jp0Er28MktDliww==
185,廖瑾萱芷若,女,440111199303192140,RR1EMhF,Wqv!}83&TPgXMP,JVFMrGiVTfzzGQZ15lZf4p5kGPDINoVhA/p599/4VmHhODrn0sEQz5co7Gti0vQCHKwzzpZFWyIP/ftY4dnYFDkRC8eAeRUrPnkfKis3xQNzJzGmchZodWhoGnlhtPM6HIg+XY6xeZsRtXzz9GgrChJaYHbBMsvTYjK0b264g7EzvFO0/od2kebPGbeFjYnmLisrgUTT0Yb/HT/HQArheoApM+5/7UucBs39Q1Dd0Fl0S8O7GHMU8RkzAE94pFpy47G3wELRN6mw+8XEzsM+TTsE3qGXYSpU/qbmkGd0veA3w5Ro554OLISWaFQNJ2v65kai06P3z5PNsd2L8jHUbw==
186,房鸿飞斌,男,440111199405093215,XhYNHKSna,*2nDJ->)|xFuL`,dBtwqG1pDrQUsO7MsioXDlifEZ5npbwbDy5Au2I4Kbh2d0EJTt8OTrZo8ki8CEAbRJykJJj1+DdSNuDILnecvI/YFOaqZACePltVFxCuWBFi7PEZna0KhLVko+5TDYHz1H0OolaFTKB3o1cTlKsEXNrpI1STDQVGJerdCOV/uo0iUT3UKOKKdZT7j9xX6ssbIoGuwdA7zC0Xacrv4IYsrK/Pcj5Voxor4oJFvZZYTgLwxB4tawWv+T06p3ddcJu5NNQ8imkHviGXa2RFwbG13Ia5VSCs+GpIZueQIVZUBER9q8B83ZO75AKujzY1JVIW/aF0fN/pUrQ29p0Tn5luMQ==
187,胡思涵,女,440111198606243342,OQVBDBNJ6,`;MNIGvi%e.F,AzGi+AVsWJ9W13NRUW92pE1bAxPr76/Xe4GBZF8chxPY/JcXzJKY3tEBQdwuvOmeCuHIVxl7lMGcaVOdnU5WPVYQuT5JiKezN4bINpZ9Pe/AJpIE5mPNy2alivCL4AzP7GC6ATcS1m9bhCyst6P8ehxk+fhUJkKePrsCdTL7fc+N0pcOVN96TnP6H5HJnfx+4TWedqhz2tdY4ydbXho1xFUY78eJ+lBLo05eI9xA1nC+glX7vSUsqwssr1BmaIHgoXHcjatpshQG9AjHZQAnKPXu7ZeD9wuIEWUmzdx1Lqhw/+k4N31IuSFpYxpxGTgbCCqTvmvZzEp+G/Ip9/E09w==
188,薛磊,男,440111198301293779,mgiG6b,&IQ&B/lh,rihubNYM3Oy6XtD3rItNOLcBU0WjX/agkyShGOtDab1TLqndx5WBrTTHCPms2XJdOaDsX8afw/twMz6MWpOvwBwddtQ7qdoIvfbeXGhURXkD3i3LPtWbUTPIhBHhWVPk3AJf1/UiwYoxrvoHMNMkgy8A1k2DVWPUb/y/TGGJUiJdaEcsA6yjRy2V/f4UtxieJ558MY6g38RxO4Ngh2e7RW9Ca2uEhktRqVzYqUOpwAJSUOOWEK9aex/uCw9CzUrO2IYvLjWS9KXpffz1XtR9udZqANO8UamQ/DMm5c4RIepfRChtfiXyQ0mjE587yLfYphv85VTgaSX1OOAta/TWXg==
189,崔旭东泽,男,440111197004128510,TmgdTD,n$DcV2r_qh,W5RMMUCXDfrdZgPOVz9KJ9kn0+XbpsbF7Tm3zGxzIwOOtZAYpASAzXWE06lRMMlLrHrx68yoTlTlgSXUGBLCrbdB0q68j2/mTJJlpAFbXzMcEbkLAPe8ZKX4Q8obxfYNjRTWlZ47hGNGdJPhFFU71c8nA8chb7WD3FEXGudWZHOyP0Vno3P3kh3NAK61KBwcxNeLt05khQ8KVbEVxwbwRhM/WvW4ofkIW3ZnI6VEWBJ2jvEe9EgA/zv1d9I9AjThPU9ckxVE0UgdcV/PTuIMkszZ+JNNBCVyOBtXSxBWWN0zZxF+6vhOvshPlxswiMCwuR/84CxC5lOtFeFv473NfA==
190,鲁娇娟,女,440111198803228483,TQAyrxy,3?$p`Sa-Y5,jMom6yUwURfgxYJe6EDmqdyHo8IuOwc+jceXjA19Acs+t0qM+n3SVWt44AjsOIM+LMQleJMZMRHvVwqllqsE0HAFuA9l683HfAj2KQkKYRSyetQn3OQIJcB+UHu9pKNGq9Zm4n/UMVKDTZHLmiQ5P9Jt5ScZxDgm39NsB4m/v2BPDyjnJGzrpNzWoy0d9KedQ2IgCcCW7O9oTCjS/JYweWBLnXuvfOd2TzL9l+ZgDLAnL/x6RqwpX5VYankowANxPehlHkOLpOUfr35M2eAmQqJ38WNB0XXj07isN16TnBYV6sygqWuAXS5KH3Xo19Sr0w7uSLIQ4bvup1CmfhMUvg==
191,时晓峰,男,440111196906134018,s50zyr2jmR0,Ost`qp77OT+,lsFBMUO+xTujabBgRbneUdh/fwI87n5W0dH1TBeG28MqUnjjOOviDMaTxBcjsZNWHLD8OgiOmWB6jU1gW2cIyIGR7cy/LK3C5C8aGewFj8TvtGa4AQUGXS6bzRepukZ+D1Bwe3SZRfShxlIZzwyG5tBn3NnjKtX48d/nbJVs3B5vW1KA9a/nqV0dK43Y/++x7MYWZjDLssh0Ua8fdyyzTquDuMubhCWJqch1gaNO9vXLGAuHNILARAPBPxdBnmF+hJmhacceK5Uf+zcm2MjbeQiaOApyUTXdeLsUSjjT/mwFfUJENF/n+wa2FmEM9lTDebkpl0bYaKrfXJIvVCqCnQ==
192,宋雪君,女,440111197108305649,kO9ic3cyw,B6][zvW`Bmg!},euluU39lpUjjo2hhGbGlMKln0Lj3MlyrrjSlqt701CAIMEcM6mNJreA2Veju/u1HLmrSLJLWU4bEYpCpIzPbfLaajp7jQSNlhQ9MU5DP+WA/+0H5YSaM6C+N/DyDWJcBscS5ic3iJNs2PRLVVFpiido3SveeqVx5YtjpO7wNdN6EhMmU7WhCSa4RapxtxEQWIvlLOx6ZldHEA2S+8YTnx0Hr6xors/eQN053vpPwsvVN/XlDvNeuwUb9J3VEdxgf56SUI7kJdsIyYlpJZRYHV87RCTvN6u8Yp9hxFDQ+8X5L5t9A46HpzumUBy4J8rLS1G2SnPSBgGW/tMKyN/poxQ==
193,汪瑞霖昆鹏,男,440111198303017858,VZHMdsexQ,*OkpHr0`G=%q,jxJp3WCHQge3p1vhiDK+jtvbAF6TVPDVJxoP8+GmiSK0AAgbp0lI5NnbbbtFuauP5gDod/wHkF3TbTyAGa32Sv9pUwsTa4ugK16Tbop+orPfnXHx0d1xBaamBr6hTJYMA65UuIX8rurU4gFO5oq1SuFEQvFQWd3YPUc/AI4xiRDvFNy+ZYG9UhzVCDYk/vZ7gQWTjGhKin4UbkR9zq+YKRxO4Kx/DizCfL+9rLFwu5nC4oVoJl2yPPYhs1Hu9MiPIce+djXbxzYF+3cai8xXbYTcQlWDb7XOx/HBUYwn4ThYSYrsUmgpu1pp+qvyJMadKKfywowU1VCSJCOM5CjXiQ==
194,庄兰馨岚,女,440111196507053448,t4oZTx,n=8J6M|I`vR,AwIyxavOScs8ylmHt8QkZuxwZzoywdtOkbfJNrVgvpowHNfS+6iItfIeCjSx4dGLdxnt6QyBCLOwwkqlceCvUh+HpNAtidbRGoEGFtwzflQPof3fTfFoUTy4+y1Lqq5nHC/+KFR8zJsXn+lcplq+q9hjL0e/n6fNAaBmoe69lk2V4JoKpSkZapIAjHHSJ9mV6L/iBq0OicjF00XynSxEd6FVaNvptlvFOx+HPDpGK04A2f5NLim5233KSPo3Yo2l+xbBsNTxgAO3nEgrXRSK+ZSKs//CSEC15+Ptg5Wg8GMKUBel9MfpF6bIRBgQhNeCetH0If8g2eZTiD19BlCB8Q==
195,金菁美娟,女,440111196807019188,LiKZtwEf5Z,Txcn\hhbr2/xw{%,SaNv/6MspSc0xjG0I5/sM5ph0j4WhRsfO1tVnBvuEFhE0JxZkOSheIBfwQG2muM6h9ROCdI0mOoKjIupp9ZchChJJHAXl1vGHO4f4kwqtDbdLRHoSwd6kI2f8uuD+krlTLx6AAprbJip3LhzVFFD7zJ6+6+G6pmo86ARQOTctY0oJeGRNb/TfU7SiPjHVMOPYS3pgU07AYkODi9De1Yh66utXD40j8qIP/h5MSJZnw4oNWVfFhb+phIXpJVJvQMy9KXbJ6/wHv1g4RVgOeiFi4xCrgr3cTXVihqliy0o12GCDWv4QUNLOfFFz8CHHl9Zo42XFTsT48lmjLl2MUenfg==
196,汪超,男,440111199108297078,oMV2QETUczC,9:>9Gs5!`,gWJtsBmGzUMTV+YZnrevqlCn+OJvnVfkwj4hK0uFK06Ym1P0FDhNWoXnznScCeljVbO0pg+CqZibm6XWuf1YyUcwj7maR8u3RS6KJKMyWxuA3tu17kodzlNFkQp/89guwALNnixBlvguxqAr54S/mHvPL4nsQt/zn+Y/EeTmbZILFw3I9S8rg85yQFSv7igOwotG1Y1j+XSzVI+0ci8oAy1iZzpC+qBVeZBb1CdP08N4oIsbOgPMBUxj2tnqd60BIa73immQ55tZkJS0SXKuL70SvJwoeKdqhc9si92nGNiUiEYzW30bZQRguuVMH9PXXL7NnDudN12BKEdnHRLh0w==
197,倪婷美,女,440111199909065226,FrFaEKY7e,qH2iFi&vSF%ZprQh,DfMWYvFsaCNp4ql0MIhgzPdsbMMCxzCHLqLtZWwQla6VD0YI7mGe2PCkhorgbJ6I4Lxee9lghGNIKmKdYctuE7+suNbSVjPWClmGYGcdW09KMSFTHqTwE/bAqNEIyVdI8U+FR1AIPmIJ4XBQp6vFZhyDyx/+UwQX1p99ySsSyrEnT86MbKEYYwHXe5/+bV37XABo6bm6C66K8aMKzbbItUSGBaWnfLLgtrFA+IXVXy3zCp4msSI4ug6cf4lbGOBYxKDuje4YoePhh6i2XAqHRia7IOKoYnPlpYs2s9FbRRahvQobYp+bz8H1iPCkF/2YzD7rSkPAYuVSe0v1ZsXoYg==
198,方升文博,男,440111197503066676,mE5BRKOZd,\*xo.qnrrfg|(YL,GpaQtB+YEEu4fKxiCbNv5+BziFoOcr0aPWzhaT58L/CMCSEoDpi7rJqfMl3ZYtZUWFiTw7GsP0CaxDmF3/GJBsLQkb/0af84r9PAF5WCsr2CK5gaalQcdE6hmikPXilg9f6R5gj1bmfm+u4b33l1LBBS5hwOmOQ1RRIPJxuMuldc3U2GOOJ1QujE5tafbpFry3zWYzHDU7lP2+8iMS1M6MCkc/rnUQ6BWmzzDRk77Swrm210NpRTcrkVVFrGI3B4uRM5ebxkDc2ov0Pg61kPc/pzJR6nlJAN4MVQfNR6xPDKGRkj3yabj5pVG3FS1WX40vcJ1/uCXMJXb2l742wAtA==
199,沈芸萱婷,女,440111196906021785,l6wS03rHF4zZ,d?9O&JVixNf>k|,Heh1cHORV0Y7U5JqZxe/oVmCVf+MmHompeGrW6JwsUIFly1nKHtExGLQBHG0bdEXvlWiJTu3/+hotDzJCzfv5bSGPRN12FphJWPmi8qO7B67Deh9fa4t+AYnfj/9ooLas8IkVQa1taHDTLL5+B6owJG/E+oEec2HlK2VZl9X5IWv5kAis8f6Epr1++GTWPF2cXzsPa2xqRnOq//P0B4VU5vt+ZDB2rPcZWCJ6lpwOeWMZIZE3fF6RANTqK72Pv8iRoaXZ6UVQzIsyAR88/P6HQRld7hvecR1bdsTv/YCYbOP05B6QqgqnspC/fzYAG5MLg9mjl5mYmaEsg7x6E2rkA==
200,闫岚,女,440111197704145581,d82UoVenc,U)))0GKg`uL@a,NFqtAk8m7eWDES/uRoAKqWT2iIU/lQ4R5OckMwOAHrf98iTLF0JqaIuH3mjXMTiB/pRkYv5cj0cXcpgYwz71/FVfaNkOIA63SlNkfYy8OfR6z3MhyFYLuf2iuE2O0SdRu4QZrAgckFlf2V/YeE3ow60/G4H163MaG/Tk+7lyBZaY46EJ3XydlDrX0msn2HQimUPuhX9zOLjKDnK1BNNs9nZ5/oyCpOMQvYLuO5HyaLbgQh64cULant3qFVF4Nha3QyRj+ZVzVklUvPiSu5mctmmzNujgVxBhqa/DQFtw0dSR/uilrvq3Fjar6zEVigWKGYZNq5k9AWEtaJXzrQp5yg==
201,曹丽华,女,440111197112084906,Vt4KXj4,UYn;EiAwIo,aaOi7rKHnQw3dK+pNIRot6dcLWbg5FHrhbE6gz9v2kuX3+uXIn4ZdRhJnHCDHfOxWydlgUVbLCODwMPlsLfjbQacJUGBUUutrE0YA00JOw+e5O4+GHLdXkWrhUWQ5HeqMww4160L+zEIv72eOumtZhdmSgnITHd1sggHx+Q3b53TyrsIMmr/juP01RIKUD1YS07Ga+Su4j83O3sWg3h407ajH34+TgUXAIP3xm105K6xtuK1PgrwY/GRjEVd2ovVDYxO9few2Zfpu/o9aQeneBnwAUs8I2vJ0FzAXA+QlsRwDlZXE9Sy5gchFBFf2VZ4bAo15JB97F86DrgIJYzwUA==
202,屈智宸毅,男,440111198107283091,ZIPUaiyJ0w8,:(~3c~6wwmA,Y15f2w6PQMzmlqiT7BaEkStUeTbZLMRrSn+wlioOZyUmDRxjNMS394ZQNsa4sZlyHRtaiPYb/Xgcqism164Q9oAQ34LmpK+84yvLJZGtltAGGKPnqKjZcsbvFKAzoQmTehN8I4ifS1GTMO+w9fb/cRsn7gBMja9ECGHSPRAcJzqfQYa4WB/fsYlQ8Tuzw1T8/ejd9SF+XCDcntjNbaVIrHMddxyv7pfv5mBuG6mQidBIi1OPHVZNmcrb5FYfbiI47H4GpoiJJTDl1k59vTplpKs7LileI/yjAAQGXF6Y329ANYaPN5HRgFm5v40nHs03jIZjT0Xrq3bKXcIdBefhOQ==
203,易展鹏英杰,男,440111197210017651,arJvYNP,eV=*jM}?6C7$,qW/Av91ieEcsUz5R34J99OQRRY8mZb7W6Kahmmb4WJY6HGhJA5bTlqPfuJNCaf/j6DQ3IRlL1TuRckQ22lnIQHHKhebTpeDRieR5oKnTZwjd23rfaEowWPkRmhReW+qPHDj4FgFendKKROyWrQbH4FF97rX9kxAJdxcgj/btIeftCRjcPUkEHdSHtzq9l4hhftW2NZIyA5bIb/qi/5nhuczQ9CTywxKQmBZ6YEKEWl32DHj5Fsw+Dv8yFtGbrJYk/TXscpH6Q2iJRAmT+fC4l+TUG0+7g7AbhO6ao1Hhkf8+vzhXD8eDNOyVbbsTxfVM+bO7gIEzJMMTgDGfJy0Oaw==
204,谢志新,男,440111200011271336,mfGrj3B,F?YpT<mrGWQ;{p=?,pNsecsn0iVBvwSvqSnZmTJmOWiogy/ECvCyU8qQu+JKJJ5N1HpyihjxgK/FDoFbuQk9DQdyKGGQwE6KhJ6sbvBYMVjmASrEkX8i2M4HFWbQwTF6GN/2ZgaSZ54EclJoW6RVIkIZNM2ahlMVtY8u7RbuVjIAVY/noaMgzzKqBysXEY5o9DQXvf9mLyYpMLvN368Uz6xwp0vYnWyZWZKFiJVGAApM2LsLVlZ7oWXTSZE1OQ5LXiH7JjvI6mvCGxBVpkehWmPRqjAEQOvIX9DgYZl4YghEjJl3lMmWZe31bTmUa9zntKrSunQOIKV/fQG2NgqunPLzltEmTCKN+ixB4yg==
205,聂鸿飞,男,440111200405125438,qVrWhFNWq,ck5:t<=N_nuWeTx,RFz6e6fCYbiSj5kFMhLj8RqxLjitg6K4NSSU/mV0h1AW84wlPrt/mA7f841mGNlFMTL5oJNqmDDrCEG9F5L+l9RjDeCs1XYO60YhPm928LgiaygdpM1GST+OwJINbzntHdF8uKiJKleMupkRy5w6IanL2r/2fXyZ0pOjq7znf4i9Jxs/Ml9519qxMuS0L3NJsNhnPRzMfWy7bnZUswWH8A9x2coM0OMG4aTs5gLxN8U4Yw4VNhJ2G9R5KXGK5ChY9t+0Cj/vMhqJuCIRLBkbM+XynQ2g+ALKAfMDNsMVgaDjfNtKpvVUquEQ3xAUAJBK6zBWawyaC9Y+LJTVcH5/QQ==
206,贾雅洁,女,440111199801200529,xThEhA8f3UY,DgzYtBp%]%nw?,bHS1zOPqP/tUESVRnLYHAf4U4ydAGz6V5oHGR2GWelWkOLjXZOdnh7TvRqUu0QmSFYMMqaGDNZSZS59FcRNc+0qCIZaYj5oIa3jT5VF1+id0NVaHjo/NmbqJdAJE4h3G1rN3XpkOQmQmMzLHkY+DNok/M8iVXe4a5nM25tGkI0mhuU+zmtm6ypg8FLcjp7vgSvQOvL7czM+pRnGAkt3vjp0d7e2RKC+dA+M79pGsC+xmbcQB/tSMlWHmxrHj39LnsUSj/8SVipiPyQPYfHbEpgCndsq31QM9P172PSFl42rDXQlQ+eP1ZlwY/FtrdFGkfFlVK2uQsR5qqTVinWCkNQ==
207,肖鹏,男,440111198707136810,vWwCPB,DU$P1#nVdpMwI{6B,J47xaz5VrCbMGypFMMwyi8oxLy7mD/73Slcyc1bSKMOryIyNNW5HbdRMo/aLIcuwmyRgf4BTzCDVLzwbWPJ9ThXGcqkLXp37mSLvfJiUBq5KhYeuCOPv28GnNGx2d2UjFrrHkctOVfjYedZf8ylr1wjISrUONV/bogciSR8Cdt4pk8WgWYmWwCtqzoYrn0KOqPyCb6+mMx3kZuNE2SRlMFCCi5NhuFTBveE+BEqGC6im7nf18wL2YmXf8o98YV+8w2tKjljliWigHPollxHDe4uCgybVOnJyamttLlTY9r1wO6q9UWqtGK99cnWP2TkyD+G3HWS+C8YzBbNh/+kzcw==
208,刘如意,女,440111198003284700,EVyeXMDY7,>:EC1mDn1\,AixQNVH1qcodXtOeKjJ2V4U+alhQs07ZSpBUriDZtObCXov89rqZKUgJkmlVVGIKlZaqYjs58avUQ80szifiLRr8/j2c09LqiawslWoA+rWMDaBRpn406vLirR4W24dd0+QvJhkpgUkB9yX6kMgd/jKbEH1+IF1Cus/dTtYGrSNE9xErD2edm7DkSPUH1qtnBIRLtcguVeTAPPi0AH2O5ttHOxmG38bHwWtTWCa7wBDsy1plxj9PSuame04TERwufFYSbmcPGrhC3+r1gjVlYFs5LA8qNgk/PRU5e+IYAAXX76qGS2Bq14pCauTS9+ZMvB9Oa/dduxQxxrUVO95oWA==
209,段舒畅秀,女,440111199801233769,hPZxgo,YyVy:;1jXI;6,bhztEtoakpFwdKbp4lvwrQrUxiV4fbqq+OCFx0XzVPzBEG4gky3DXEJs5m115MXbSP+woSt7M7FkC8+OgfV6Fu2WiwqQn5eV9vSqkW/59Doq2ZNcIJYjGG2PvV2b1OkopE97XMVXbPtZtCHEJ7cMg6iBh6ZhrAlYxGG0TmgksMKnGDheNdHPEdcv4l6y5YwQWRurJ5UJoVzkd1thZs5hc/2kYlzHhjZzWG1YFw1RbyIQnC4wbBYv0E7+j6NWXQXSItUfWZjIu0Y8FSbnY++U98L9OnH6IUOl/foEFJeaXo8kXbeYupHHq0OQDuFA5jTRfLfM/KPAbioyFIWdFY3asg==
210,施旭东楠,男,440111199804129131,a0Tf89X5cJ,O;K0.jtLlGYc,R7VOWm9PrIVnmlxL+v/8ZoogtnwnjSMAgyolZS9OmnjOCFTUQf52dg91KbtdEbYO3ptLE1fx8B0ldpR3T8kruMJBpvpusISrDXh5NEFGsz8h2LPeWycPN+YegmdMUc83r2v6SxA21lF/ANe4efulwRJtrXCZrj6VfsGV8z/peyAQ6zPC8/ZpKCnqaEg7RgTE66wRUubZFni4fu/SNgQmsB98ZdfRWgktyIMlOHEm4gkKy4AJ5n7rX65oGGe06L5bmliyZRTtMAJQbXUIsI4QMAAAMPX29gYd5u2gD6S2sxTRSwXKRcmnGX9x6IPgbxcUzKrdd0FyN0vIg7yEC2qlXg==
211,管茜琴B,女,440111198405179663,Q4m0A0,nWo_Ha1nO-/,ahuRmlo5a3d+xKGHTBWFh2ZHGkDClOtzBJwNaZlvHkIRT52UrIUZX9PS0GUIzTZfGw2B17WyXl+bA2O+wxrPphd7o4wK36oUeG0OT0ZYQxLAWotBIsRT/QYMDNcsudaf1D4W03ZRJOmX3slzQpvoiemjrOw+ISqS9O/ie6W0mVwvPBQulvN15bmWHkx1+Yd2KqSseR+raaQZlsvzAjXYHRyyPE4QyaskMAg0SEBchBXa2W6//gX3VZfrsdpDhxee0GGdHg+m05SZvRtKq+4h0Lr3arFdKzGNQFW6vOWtbQjnf8C8GYojnYq1BpZbhtOLYbGVDAaUKpHqkapzrhLAqQ==
212,温蕊菊,女,440111200409181226,zFMQoJIK,Wg)Ts\r0,SmGoSN/fzBIALKFpvV7jqmWWvRoZmTmV1hkYTkMOg56S+6Cw7eSbOLn7U0kqnSrOsquKS1L0gaRqH+LU7i71MhOmXKMWCZ+l51wI9Tcge9TFywIqt4KNbYnTCNq1C7AE7XJCk0IBmRFY+DlhQDoMxh7nnwidoKkLv3DoF4xg7AcwLh7uCjPdVW1td+xqkmp7qe45Y14LaH62GYtSkMMH5mteorbCtPd29ZHvduo9f9oByAbyZcQByRr5sGF6m12pnLwDKyBM7fEoYGTHEhG9TB2IjUBrV/xZwt9h1UiSXttafqmqcG4gld9sd0m4P0ObtX5vzi5fmpU0dWPXEcLH9g==
213,段思佳依诺,女,440111198402298421,zpDWz0J4rHh,^fULq&^!,XQ/QNbvROrMzTHhyz/U4C3UKKCUdcgSF6AHW7ASXeD7FcE+dBDc+LWRjmf6NYLAPzgUKct+RpBUT74BTk7ohXpVmhG+g/R2r3LJoFVRb+J6BjCQ7Ji2teP8kb/re35ERqMkeQcaeJ2eRUTSSA4FOWgezxe+FiZvFzYkIQToQRsfUp8SEVAQJrtuYW6gDCAVR6RwmpyUQeWY8XyMN+icmcD5hZ2eE//GGMxFGwQ7fGiaoN0EYsK7I6rVwjwPORoLJP4N7VlgYAXNIsvM/1KYmR29WO3RPQn7bymHqaAgm+3uaiLs2NxGASDvif7w3m0yAAtE+g5hUnyuT0r4iROlWUQ==
214,廖纨,女,440111198510020101,sk8BmuPA9,zeVQl%5k,Edpxh/vggoyoyYQd86bxJAjx6fNJGPSPgoT0QG7nBs7TeCgNcaiTa7IH8bnCJkqPKLYMyPcPDFeUOPDuFrciCQJsfx6T4eC4EpQiEyZnWz9RwhGyC8Rf7/bdSHjJiA/g6IjBdoG0Vh5w915b4VIWQiE0ikVo446j7xhbww0us6r+AVQ2G7YWQ5gA79PlNh14z8f0ipIOFe0t/9wWp8f0Jl5h4CrwSP8RDmhS4N2/PusVlUZdGSR2NPelqmNQEoeQ66kUN0Bx7jFruvky11AFWP4cH9U5T9JQFs8BQLV7+97pbgTOZx2x6PAlWAdVbIcHkZXTtcIFix5zELlJSL/tCg==
215,田河星河,男,440111197304122858,Nhh4aB6abW,7)4~(WRt40oPC,vsHgKeiWjswvH/cHL+b20nc2jbSNkx3OOnrxRVpatOIbNLvvMcLUcL8beATrdF0TANpNZlxvJIpkAH3ovMEx3xT7qEsBmeP08yY9RTVqzGwHtxa3wwufr3TFNdkq5Cqp4xYtWb3PrzQeKglh02nJtbg3787RQ/yRg2rReba25rWuYrq+p7NWdTEACuky1OQCzhbH7PM+caKbztSN+h1IoQzzHADwqovEDWQ9lwKGv7L+H/s08rn6mr3mZS87A75fsOTbEdi8gdLN92BXNu1p4x7D8HIqasGqiO923SSLdaAHyZyiRIanSdwbtWxq5KPv2JeAhKE0qczqhIF28XEKuw==
216,屈曼殊,女,440111196801302089,m2693S6,#_C$XPx0FZ,nyrn6pt+YwKh78tX8ugdY+Wn0Wg9bjAdxJ+wo4oG2AtbxxdWb546fCY8naYGukGh+FThiBvkGEbB3TfpEvzoByybQuVNbKNB8xgXIZnZBzmpfzNXK5vEO1d7ykOSAp6MybeVlwrM81xFf4h4WWJQvNqrAaCskHakSIgj6U/VYSgrC5BLVzIvzWtehLUjJ9UAT29LrECYjEcEE8KfZV5oJpdXnoP7wylJDedi5xcRpys+S3X8snS1qk7BnzlnXj8KTlgrOCDIuSf1qmhlg/+cmy458Z56RpJtZkh5hplO9B7xZOcO/sHlZsjlek3yHphzg6DJfxp1jBmCoihQ2B6sHQ==
217,房雁芳,女,440111197412135525,kYdyWi,SuE9gOE[vq?&H02,BQVCEIGlXQzX/tejEBx+/yMZ2herFsXl23BEg3Y+iHCqb7mNcnLpHtDOcB+W14rjAsUYVIslf4MGuw6JhFb9bzUZruybvhICAveb8/KNzGNpxxoNRPN9SXKle4GlO0z8ugwtxGIZDgsyotkY+3TeUMWLUFkhOvE5dUK5u8B+aConCT2P8qs8jEOZ1z4Z/hNdpQE+pf+bGy5BGmOz/plaMgAEj3eoElph8ZWKn3ek+z7gA9QPvT104djiIEuW9lkMdyF/L92yXWBJkkRgg3e+PUInvkxFoI7IGg8PUROIGdDJ9dcijUwVegQakNX7I5BkDjqKKf2znX+BLoXsKil7ng==
218,薛舒畅,女,440111196511094189,W6Fyt88SPjb,)HO5Sz#1tip59i,Ja6kgK1VDJSYwGS0oD6IfzCDukCbj5AcKSa1Wdms284t+6LcS8wO2LrVHXlU3iWx6fwOvzZRm8p54YQrijspwKLFR3Ttza4fEbZ0/TvsAQocMd7cG6Z5M4yg9hGiB9RSYwisbLm3VWlorIhmf4eAWY4SlgYMLmU45Zktp1CvGyXPliZQUQ8oUkK+G0fPUls3g9aRSy2e06NpasugANrTE7fvUBhz6WPkHS5eBbBXmjsPGeWoCOVjsq2+BRWp1LirXc3Boyb53/qkFH1MiDe9rPJwHHqbHuePDd8CtShJvLPoMqHSkkxGmVyowkJV+5Q8oH2efXmDUKrD3BB8jqly5A==
219,崔宇轩浩,男,440111196906056152,z7JclT9,2Wf$4zU\V5,TyCM1yoTBHu2JR3oE6mxOeyUzrX/pEmeyhe2+honCp+FVB+/3g6UTQDFxJPMrIcd+zSWQEBnK1pUGgHCXClaWa5P0zLcnhfF/JIiSYCFd9uMeuFe2nriv8PxsGiG+skpQYVTiPm6leJYkd9O9Q4vqb8PM1QFrbqt+cGMvxaV5FY6rvcywRvm8rrYv4vUQmCRRw7Fa4rQOoZtBKMhlQjB5iU7p/a/ho9MONnEfsb7k/NztVu1yXsyS0hHFUAh5vNNFIGSW6LhPlCRrCCkvqSbbdueyEBH3UnhkfeDdvP7biDYV5AdaFLC0a/n9FsRFZKmzksiuDlspB/UjePe6uXoSA==
220,范宁绍辉,男,440111198010177196,YjaUwZ,s;vx=4VU#D,ue2I3O8ZFjAd1HuoG0rHd0P2Phif+NhfX6RePK0bgIxUX48/e/9nIyjrQNASnUMLkZoebPAn79QLrq/bFVqbDVac2a42WNObMxcTW7hRh/jOFBGHZMNBWdojiX7cUM+wlAjGAtoMxyCdl2l/so3ft3Og+LkiQiLcVQVY1J2SNowhGnSH8odBdNKZdgs3DEvjj9b8Own/n4FuhaiGcJszObCjoTWvlyArzlZVhNYKc82hYOXd7jrBxdk20/omO3rZMZZml73j4X6IfAjfAd1epjfrCm02Z9mDK8sp0g65JInX7XYYar5jv1yF3m9ap8XTUD8tqIGwQQWi6i2d3TI+Tg==
221,莫毅,男,440111197903261518,fhTfbVAF,|mLC)R[GW,MG8ZJqDPz9YO9baiAQyb57Vw6WFfMPqSI1qBShdSsUrHV38/27rspHOrM12jStN4GDINIVrscfygHlC9ohtqsBJMeJgpST3areSzow8Q8sQraqsx4vUsINLdb7Pp0IP+pgySivpiAk1We1Cqg2iCo2UAwl8Oq5OY4/2rIqxp6sHzwkqfVNyVjWzNeDMvJjBj+MKBEPGGL/j3L8PmSHylW36J95b8lDpdqo14W2rxBo1ZHUWCV8Up+Mlpy4w4NicOXO/tMCng5GXkEqFK8jYXXlyJVbI9TOJqK2+P+9eAI8waS3yusc1NWNHgDZ4GmXQRx23HNb4FLvmNI2YHH69k2g==
222,聂高远,男,440111198402118291,lAmccMf7lm2I,i|erQ5&5,D/ipR3KAqlEsIA3RkuP1WShuwdMOCs++lpUc3maBypOoQXLbxUkBIVHQLaH27n8WdMxtU+l4J/0oGTJlrxj4dgpjIX0I+P7nHYnjG4MLsxi8nLnhxTyvUWUmKHDM7jeo2z594o7ORyz7nNH3Lv4Aojnr/ntQ+C0buprgxcbLl4mAAVQB74UiTao03ThXbntr1ZBIXGKmR3xUNO/QlI1Ah50x9CRZ8WOlMKsoI2ySKUkJJThlMqbs8WtuECkcvWW9TMPYBHHVNQJyzbN8Osm0gsGLtUXa3i0MKwPKnZ3K7vN+ZnZF4BLTh67+NaNdwHXiBp6270aIpjiQW2qtaN75Sw==
223,江英杰辉,男,440111199507269672,gGFIC9KY,}<9N5lBa=Zf]n4Z,AtOIktObOPUF1DdCOB3FvWtHFXn2TE2FwuOeQQhJHtctzTk7ES6y+SAsjK6+lvIaFZ12ADTsdZ8FnHI9xp2AOqomg3LcvHLEZ8zhthrAx/dtcA5hrSHDlZhIvHE/QiLCKpTAAv4tzdnpPrenCHshbL5Zj3lJchjejqSFf1irGGDnFLJ8BM2DQ8DO1yIosW8FRFWPtyJQt7e3nPcsI+oH/uJCxjMAbxnb18Na3cZQKw8Qurl5nfUeSlFEDCF2GwqwW9LvA7G4B0Ai4VkCdJ0fYjUBqhoJc6aGnmhjkjicOkZKYZ1UOiVmU1vI/K6DCleom95vBLX7WGBtUWxaE0l+eQ==
224,阮蓉,女,440111199409030326,TnrL055,x!Z.p^vAQ,EIDpoxF1Hg/9YwWE3FBiPg4uhblhu2BLyTdwYkEiZO9uGBlXVRBlZy3ABwWyoq73VuvM4ed0q7xrV1UJMike3V1/dYnZ+Vg4dHwQe6LEnSVQtkhbcBBhWwl2inniwZZ/dfxguOlvp/yvORqJm+VVtGtUlft4JwrcKamDdionrfHLSAIfONcFKY1Zznx1VGyVqww3m+oxKUXmPVp79Kdgnp5PPjNXQGpzu9XiHvuyrc5gugt3RsydX+XaK4pmNuseH+nMitm0SS17T8VLldteftbwKKrQ6RwzBwuA7Drgw3CkTYzJABJ1DWIMn0JB0bm1PTW9G1XrSHbOQT3InKlayg==
225,史宏伟宁静,男,440111196706229252,JFIq0gNwuwqa,h;dBl4|My?\vT},U5RErL5NB116LuWt26VNDOMAs8COC2bMbeKUdDG3QGjH+EdA4IAtmrKnV4YJpkoCUqMfHszs73Q3dLBumEj3qBWxiENoTeYWDri2648IxhKMP+T1San2I+wUpOasOynpEViQflrOzpZFtm6t3f6qASE6eqxwH7dl4MuJcL4TANOWuZZcFPzLdYKP+t8zv4SptBvTjLa+n0sn9KDPcEJynzgiWqXiSTeSVJnVEYWSwdwDz2nupRuCqVlvG98j3Ewr7oQxNm4KO8AgXC5Wyru4qUnXUqMeYnNTWjxZtBRuMR3v9u7xpCittt4rmWHlWiYbbfetn4i+8s7XW2ZgW0H0GQ==
226,向志远建军,男,440111199510205274,rWBbEQQ4V,h6OfcLAFH7ASw,NokxJqxS7HUTlpUe7+kGIFgv4oAjh+/QC2bY9JciR6ViwVeIMM1esFPGoEkbPSykgLpwAhgJ2/WUe9XhcCurvZ0WSLR6OFoVi6BZgKVDfrk7mlcaiirneuQm94vor83gYWx3XNxE33iXL59lLCPsG9GTbqCA3dYkcB42XBxYJPtgvBuv0gFrS0G/pzeGey5ylOzLWLDKzi6YDOC7CI7DVljkGIXvH3P0usue1XXEbjGBKlXDpK4uxZf34HIahv0F68tBjX6JIjrZqHjbA08m5pGVNcmAVo2e+gwX46LVm6EjXmFClS/ZItEc3xP5o/w+2Ytva4n4YBf+KJuZ/cEPrA==
227,陆惠兰,女,440111199008015483,OZ0hknDp0Ji6,ze{:I.rCpR9-H7,SipOQps8NCVw4dy1cgSsyBle5q/GnbAL4XK8nCrsix3BjTrLcQC6CSxBbO4Ogyadsw2VP/aGxNB/54RAM6+IAJHAcan+8tCZVnRUPo/WUnicYcOW1IH/h45ecb/Rrc6v0dsA0Q/kWxeXPUcNEBkOrSg1+w3KyUHWxdaudIQo5PH0s3q6UWLnaB64waZtr8fUPlr90QstYz72kHORgCuNwOWhtM4k3yt8gkAJitNqp08sa2oMABWOR+ocDgVVDhs46FeS2cVPiAgY+h7/BjKfZXSjLqXc5JWVJE9egi2SyD2MEPstls7R+rX+XLhpWuFwepOtk2MYcwacv+B4HbOHXQ==
228,姜丽心妍,女,44011119690808398X,ePWHqiuEpoT8,NroivO52),OQmCBTG0x8+3gDvPUM65SGfMCKRykretQLwKYv3P2ngwSMMJReGLkMSEkKtnA9yH+l0h6Z6H4eWUBWs+KqDtRmBis1d0uLgWdXEAzMtDbrYWBId5c96hgqzd058jnJGeWwJcqDgskFq+sV29o87VLM7X4Z3GikBgm/B94LQZamRF9bIxz/ahyyNlNMeK3rh3UfxUVmPU6C8Dtio89+Or0arJ90EMP/YyxacUWDCG5h9WGldiOc8kwA3i37WfH8k3bq0Z3WoXMNZDIfpyIufRDDdHzUVuJ/EgOjYWiCOH9GbfLjAqiedWh7XhT5EZrRyiXzIafWa4bSLrN1b3Sy6yTg==
229,付琴慧玲,女,440111200003122226,FULZg37seV,$ZCEc:DbN,NbzSXwnT6Tp+wfnKYFkuwUGS3uUl8cSvWprc9PQFN7TgfB16/3ZzRZLqqtVazVAqDq+LdDR+gZ71rNFn13RJf5zDFHK63bcWdIefEz2BmQsm1kbqFa3Qr+jGX51XqdbUZYoLFNCEOiO/DlptRxOUT/9/uDyCtFN1UVdgwTHunxdVbsJYtHMXju2DiD5rbvyDHP4niUpot1XJep0mrWHHVTojzUR+kipClZzfS0spu8M4W8Xhy/X8B8xiwfyrt601kD/kukeasyfUJ+efPRsJ0/sry31sjQG8jaQJWvCxG5FhsHOGrLSjd36cywwKgr37hlwDuZdVeBRnYuAM8P2bpA==
230,段胜,男,440111199810116070,x2Uuafko,@6XH%DDAZu5,gNMHBPeQ4vVfBVY3aRcc3NLYezkZycyaC8WyaGkjnp5HGLMBEu9RXgRiHJvPPnpryqE00kNQM3KnwAPKGWY2s5mrg8vULCRHvEHeVqvSorSIhFBn6dgHIGnCq4Pp7M2IDpxDs2m+W5DUIIRgyabp9ixn7uAZceXgShx+RoMPRym0JND5loeHOAWguN7lylAXUYQgyJe0UakeYnysIWIQ6IMMVdTG/kh5N67DUW9xTepwPGAr1TWIVoM5V6mjcNl2/Tphj8lbPNx7tEmRZ6SAtcxmtiVCIVpRwPNgCvZCrw2kpMbtisPrmzg5f+Sn2sodWRhoPYpIJn3X/BBB2pM6wQ==
231,董倩,女,440111199310075321,ANU3r7H,UjERwksJ[(YwX,Kquu+iJEsp0nWhxIONqVC2KaBt5tgct22aUAZwEa+/qJqFQZOHohGbjW8zQETNtXDs9C4xxIxQWHwoiGJkWw0Nux0S97UteEE/qKx6zG7S/ajl/N0Ey/6rcefjGPJZBiJnNcdPHe4XZx1C2OfDUhiga/9xN25GVRwXX/pgjNiRop1I/Qw+vw9eaSPs/JySQCu1+nLYaXY+YumpwEk4FC4wansiYbjzkjlajyxI59hrfPKwzsEnMuyzCa/a7DxtxMlBuE6iiq69xAvDijR5gUiNVvnl05dAYSavxYR59sAUdHPcKLaztmL9+ZyB7dlME43MEK2X0p4uejfugIP/yfzQ==
232,任康,男,440111198609109018,jQPWlR,L>M78r[-Z*(n,bD5xbccrXMksS5AeNkSz36obhZBUpInsgfuI/AnbwwNFA2kktaUXJM8TrBP7E4lkTezpi9H/i/0rAllMoR/eKDNGUnPTBuVKtQ2dqF3wMD9k7GpMbFCje6oID8N9FNzjP9mp4EE9Sn049Phx9mWl+mPsMUIY4qPyPU51KnvLTlq6uDv0Qlfdcfuzjf977/49093CPneL5bChrwOu77DyvmCYQS4Be/TW5yldRHipAfhV2Q7N4zwuREEA7iHvKfs955g78faWQ6SwxJnwMcX1LSS+5CQ8c23iWpCJtIi/m8xSjgbSb0KgqTQ3k/ERa6zkGYFY7DvlX3wS+gB/4woj5w==
233,殷安娜雨欣,女,440111199605172224,RBTckBbW,mPKQuv;IiYHIH2,WWwafAYBqXI4vFdTaid1QlzLR1kvMKedJQj8vUXZPT+wzeAQGacjn5uWD0qXa6OwuVu7siBuqOxEAVpMlIrngHal7WfdIQxTcNLykXw57g/Bcw4ly/do18rAjjvFVgyhawxeq3joxKQE/2GNvvo1MN1B5n0j3o1V7e9hCrAgtEoDUe5k5AqFP6DIKO6JQW/ZLki7js1tFEnja4SU6x+Gn8N2f+zD2EUxhx4kAdln7xNeijxuLAMbqXAczl+V7DSenB1HgnwYjk6bfviENXMhnG4PgtH9OJfAkdRFBQwSuLBqG8Ve6tY8h7mnEX99ykU4x0GU5k8EqrY+4IEHSzjAMg==
234,庞海燕雁,女,440111198108199721,iXbmLea,6#?CqG.PGG(x$!,KYNjWIZgvwu5HBXdlWX5mp87N8xCimJAj8kK8l/STsf/1wiKaD9ffcI/5Nai9Hk+scQ5TX+7rs+bQBrvpBgRqVNm64tXxJwzvcO6PfC96RnHaDSAY2l4YgC7P1dK8K6CcH903c7UkCsY+iSrurTbrt3w868xAwz1r1s6zif4CAXQKiqN4qRDUz9m2mEsxPh6dC/d++LB8zj4FGS7NDCY6y2X72FeO0dkZ0g7hY9WlRE9opvMEKsxKL2JqDvuYNaGFZ0bg9j6IyrVZPP00nNw/P7iaT1K3P0Kfl5oKbfijGJBwKbsHT2Dmb3Y44blkkWg8LYx2nJP4e3ShU+Rfmyt1A==
235,陈嘉慧,女,440111199410281288,iRJbtxfu,Ac73Uu7HQhc,kB/NZoV9FSbfDFqix4/BaDy8GuAyHPvnTf66UfWgnKKN9w96oKwzhWY7ZD1caN+Q3mWq31c8q4LCO0vU7wbP2dIfZj8Hebnf3jMQlPOrNxIX+rcea2OrgCF91JfvpPSXMe0/09dmHFcyHvmzcB/xL/AJAKJdR/Lx1MgdZmqicAfyRXb/9wZEF8MqHInVl/B00rctPpgrdXBYSKbOswIsgK1Td8yu79ZFVnJUwFy6hMLdA3cBEX3UPFNQYIcSZAFzjYSigBOs8jRiSaIVDI/n/apQbrPfD26+iAZg26RGHJjJeiwdFEcuKV2ZUEYlP/VNzOL4oEgn8vniOHfwHUDS+A==
236,左园园,女,440111200301154082,XGXXEOWtbc7V,{@@;>]iEDIAtl,V6/0qBFRiUqW6Q92OuuwaS+jxgjpcpvVUw6tV8GeTH7KB9SLtYn+4S7JgFD18hkQMCx63ffP+Fuk1Nl/9t7QZwJ75Q6Lp9ndfGxfyJA6A0fFm94/mGNcQeZRwHa9C9THVydJDs1lCnIoTm6AV8UdAu/MAX5ioHkobI4KT95Kdu5+XUBbR5avB2gNTa7AjqdCm3L9P5d6FnJxtXH4kNqj5S1DAVIx7yjjvKv4o3NE7cq/BPD0NmRsVfgMcVBFbMWAqUQ5n198zCpQtaAHQUp2/Gs5ziJRnoSqR3ORbzSUKjv450WrMtgAL460YDWyWz9bOJ6OC1WqWNsJdXgislnGsQ==
237,于国强,男,440111199108132230,VA6mjb6a,[a_v7xVE3z6],OiumXG8AIcdO+Lx7Ccq6xZM0ewXljasXxrYI7yOFqYqSEZcqEQndD7pQ+OUtoFDiktxajrT10SP4lr7IdyAt+UNscjoSgUTOyd8R5TMdLHH9V7Li0BlfDdO/QHWPO9zli73bT3TxT7m9thgPvmj5x9XPjv9xSyW4YKfrxnPZf7wJVaMvs7LmVLAnDWPNzLTJ/k3/tRbt/1439mr5TkU/IoS1NQh5qo6oNQGDW/l4+achy0O9d5LHFEqVTp1j7kxdTqH5qcwRncpaRN39OAWaRAGbPCO9F9CP/VnsXRz0XwZvfrQBr233bRQJYaqdAI1FCLSqOePZiBukJb39u/9Hng==
238,夏倩,女,440111198204088626,HX9jRUHjHBR,93u9]e`5AB$,1YcPr0xIhsfVZXyB/zy7Nqk6fRQFVheGnNwx8oX9sBDuIOFtsqRLgKgkmyXma/Biu40ueL/KQqzIbK4jCV2tPXvjBQYi5tZdMVdDVcPBtwIHfQ3HTlxUl4eRMGrXkQSjgzcs6CS5suE/tCQBwl+L2FXxEC3TI++anPyDVxqgKx6sApbrj+svTdkrxmwYeQ6oWwYWGCFuHHH1mbmnHoMJ/JV3WgcA5t0pEcEN246TpKmkE8hZ1q0NCV5fqzEE4IyunyF9RWeyULvzWmwMRUc2+QMBk2TbEN4nIpx2lkeTbpD6TbKjIrLiLIt1RUEXiRIYNTjc6iPQLiYYpCCW5zwRYQ==
239,黄平,男,440111197107214710,ZHt3Py,J-dT|#]B!_PF,eGT8rcsOvpAZHjRv2EEfp/A1wOYYYnE8t8MZ+WWKtnGnYVPD089AXKSD3n0aQXmV+K7cJv9lMc7AukFahaprOEwEoFRs4nIJToY7PmrV89kNGS/QJxaXK+lBQ+iM5jqGru6tf6Z+sSTYPuqXehvEt2aZF6zs4MrCcEbXms0aG3tVIbOTJIW+4okODIAfsF8ygaT+BW6kDhyXJatZkvBQgNzMzvcC3d/uzLuj6K3oq9cYUy33q+Awx+ECFJbCVysNcHMOKMajZew4qoPk9ncA1dGn99SRIaNJ1wTQwVz3AWHjtl0W109eSbNlN3EWRY0nGAOfOilEnb7xs63S46nEkw==
240,林思成,男,440111197704216191,WBiP59llHG,N(<jVM%E84bGR2X3,fXS3+6qOqvAcQjRuOohbge+E2IVm3vN3abFWPLc4DYeh+sBsw8Qe1maoO1xrJLVC/nouuJboSeBsgzfvtpe021hViyCQwIZ4Yf9XzzSD9IJnLRwLy6L9qdkULyeh6FSO0ECWUQfsJuO+Mwn/ZBvZs0CvgXlplxy1azquQ1oHcGhtqhhlkLSuq2Gc7+FTKbbiq0m6xOaPLhhisjBArz2Vj4ygIWb89Ff7UiebUtNc+j61AuofFgG+RYYiKNRqNCegJUXdMyQcBAmiG1eVXS9T/j9OmaRSyJbS+eep0hkgXnmVUyWzj0O/JYInMR/3DJa6SAOIoG8o8C2Mu77TRERDZg==
241,姚文博康健,男,440111199310127734,bsJq4p,mO.9|*O@,gBMVb9F+Svn84tME3Zg7c0+oR9y+RVN2mOvPLIlfE6/duAeuCh2moRBQH2dL0d0HrW01VRK6p3sjP4TzniCKufsgIjYeo2GGv+R2cxGHKanv32tPn1fVVraEOZsWUcitCq8PexYnXmQrIDxd6aJ7YYn9FvThKCoFa18NvUjZmXvIf2j7/WQSn2XtuVnhAoE+k0g0N0wLuX8gqu3ICfCYyJM4ucL4GdDpyK99JVEf34zBMRYe4yPuVIHSRyx6nuoc98ilffD6szD7OiuJf+5FSSN8NOcpy7e34HAtcGFCPU5CnElFXIoKPiITpjIYubZk2G5m50m29AQ36Ufz89fsoQ==
242,秦慧玲,女,440111199204157286,WPshFw8c,-!&kAq~?_d)<.x%,KHUHzlxhh4jUQyGG+eDUAlfXl1/6g5kkia/cxdg3Y598Y/a0l79S/3c3NXnZpO5LV+qDN/Azd1bjHVLUXIoBxF93ImYVVN5JnlSBIpT2u2adYwOaKF/XFJW0ryz/+OHPM47OsDUlkuMX7foHEvZg4eLK3G/W4lPBPSLaL2kBsBwaLAxXjkb61GYtjXi5lg+fGG74oY7021MZSKi/FGJCFzAxNoqX8z1ReMopB36yXzVUm6ZGxgvEnNHAg2OaXc7FGAFfpw9NdB90jaIdHS0I4Z8At9rlRwWoKmF5BE+w6uKbIyxnDjZIli4Da1NsNyziSTL1xHyICev1ciC4ZPltNw==
243,颜佳慧涵,女,440111197510125320,bzLwIhP,wSNUK[&nT,PYMqTivgRndXabCNlvE1Fpe8dIT5kpoeCpvxMd22pRsA7PgktImChzAPp6YfaKZrwkdiU10R32D8IhoawnS+RrWmrzeY24j6fCXzvJhiurMXcLDkNBXDV0h81CUh0ThFvt3JSXQq/j+2T/nYlYmUGy+a3Yns+QEKUCZpO4QdNuGtfp39iJCcFNYRb8+OS+Vqa410lTbGxJOxYuCfV0iIr5hbX46OZf6wuWP2V39vfmznQcPyuvHvJsRdJPjBnIpGpdmzcy8mFcu61MfsnjF/wTuWSru2p98t9ATMJ1xCx0bQfBHwW95GJYPaJalYpOc85DenV80xvEJzGmdIEsGCiw==
244,黎雨欣,女,440111199908034663,QN4e97ABFhQ,G)Qf0S:LKGT,eKvmEoSiRVr678X04jVq/zlN9yJbMpzVA4ZvZHzBPNDc6E6zynOk7krlKmsiAycebipX9LiWxlFjvSAxREcvv4/B7RB0r0HcWoc2GUGQfUWtALk4ZUFY4kO1HQTgcFDKpy4W/ipTeE+3VI3Y1qDQDJ7oJ8FbkpemyU5bSZ7MQxzAgESjV3XyYx7Wfc05ykxye/eSjlxT96Ny8AKNRxVX5qGQuPx61++48DlzGF69mXdLwwcdoz/zQxtj+ieN8guONMerjZhwnZ8DPkZkYLOy8XfhbXNI5YBmiTnqIVWaNHqhC3Qt0Y9mECK7z0IrORIItg9BM4QLt7IwGx1awaMOaA==
245,潘江,男,440111197611029258,YmKbByVSW,e)VoJb^(2w,f5BQXIhsw41cHosOX7WYPuGpCLVVHeoqNyoaGWGT+rxaubnbi9xB02RrTkpZpYeJAOhph3WnRyiR4rmzc8AyF3Ii9gJHPV3LTpHU0OanLbs+LU8paazUR8ypsN1Cqb3vXWyRKkiMKyx1+XzDWNwdaTowSfIEVgm4qegVhB/pfIgZSe071/YPLVTkkjUY5UZ6QYqdT7+buHmGY8mIid79vJyxIYiNplGgkUrC1+QigukQAHy4PpZTWVKcGsGXzSvOrc6G+2iTV+x8/anBLhTdrOiMTovPOJDHK+RkAPUUdrSx79ZC14UJtMsCMKQe0NvS1++nIihma/TwsbvSbfh6uA==
246,葛莎,女,440111200507126642,0UYkgHjwra,ANbsK^5Q,h04iAp92AIkA8K72+DBzrZAoklVr1NZ+niK+PCGkMain0Ut8IvrIuVp44+mFmumFgVx5eJKqhOG/NBkuKl5fDD2OIGySEEPId3yMDHUfUTfj/MzfocuA6GQiB78P0ghjV0ewyTZO2Lbwp5CtSO3sgwuZf82M/ZHDlzZM1AhvMX89Qkaqe5+fQHlO/hhOPuOu8HrO/YTgrJf/5RLGNK5y+CjVZtEp8nuPeBbo66dkWRsVaVd3NRFHANuBjhVfrHx5uE7O33aRKo6J/pplC79UBH7UQ752589QnloIlYhvuPVew+vmydLz6XIQw64SWH7jyY1liVjHSNexaGP6cbHCxQ==
247,霍伟金,男,440111199610172094,GnYSaH5M,zxH-nTK:Z,PNwJnhPXJ9c578f8L7DhaXzGFbRugca7a9P8F0c1B3DX/BBKwxWeTMXGA0+lvtDeMLQ9+08UgErRVYykPMNrouNDss+c6OdhS6dmignMyFJzDsyVNGQqtwQ40I4al5z49cAWNhH/LYZr22Ybcw4qgxY5RK30zBya/dQ+ipHF3z4SbX1g+O1MaYYt6tTewtdqeaYVz0vhi1ty+2hPUi6/dr+SLGad/9aaUqgtFfbAlqe95FsZvqkzcjn5Tmguq897xh/bOdOdq36g9BNMxezMgpQA3u7WdV6RJaqWiJFwxHzRNBHSPVxcJnaDZovbLiVM1MawcRPGCV4eIwG/KyQ2GA==
248,王志强,男,440111197208082139,ErWRCf,_+aEIk|V.^,Iyu+75HM5U62iZykl0vsw1oc1RnG9pIX0F6dobacP/FsE4nA59LhorD/9trYC0T/S63FNgIrx89DH4xCT0tlE7uYbr0NCgUJIGru45gdwxvVRQyNMsAPLCCZmDyZmantL6FASH5KvsTOq1OdDiHX8Jbsiv1PYrBFQaDIemi3H25x034e1i9YYmBPnW7WQFEppaV/yfIPY0rBOoLm4X44rmurfaZn88mpswt0IldkmjBctjWg/lygCZL9iLC6Dn4cr0naGOWrxQ3ZgAOcCwEEEKSsnVSdn6AhxkyyzLbZdTgXfBnVoU5SfM4e73GtHiOiPoc/EV/XhezBUMsbl4gY1Q==
249,廖颖,女,440111199004180545,Mg0LXw,Z1%/nx}$kVW9H,AMmSQl5nHO25ZL/WAa1BmYVwdBSmuBvgxHNZk8Zof6DjMrd5l/nrCoZQxjMkpYXPedTgfnCJGW7gjTbn48jaeurQbfbE7cLsryVEBWbQNLZRjTuijSN8xLRp+Di2ycJpZ3Lubt2VEnkER+ej9AbL/eIFyBgOgF5Dn44eZm+Vo30Fgkz23X96P+d9fTN9DxZnp/RjVa29ExYLy20by0GAOLu9sCH23qQeuyBa2wKUilBsLV6mCg3aNNATuxgk59geG7WcgKYIilSMwtUiGFKKjSo+WA1KClGxKVrYQmp+7CmAYhbB8XywKXb6W8TRArLqVhTA8aWxvPb55HuD4eZ5Fw==
250,刘丹苑,女,440111199303220842,K1U7Sru,WR:d5-?O#1!4M:l+,Dx0dDQrOq9fsdjsmEuF3Elip78gpt0bwLfgIIzi2L+J+nKHTcjDxbmmE34XmlVGeSBImCKuPc/BfoVPTYMcWSJkRFCWJ2IyCsnfL3kfz1ycRTon9TYTuwbx8YpytGR8KA08FUelkTevr5yGzj/3g0UAp837LGhCj1qrypyFKc4jdDImw0fE0E3VcOVNm2m6HRLYnqmb6hX1NVcrgJkDYc7NBZvua9kjZBhTKUyI6JfNLoCqirmHvPMJHwy51TditcZvlAuCECHrNNjeguJdsjmtIURcYXS662Oarc0nj6Y4qdWjFpG58M6cpIk+S56l7pkgyrrFUmCJlpXjcL2du+w==
251,高兰,女,440111198009091205,Juoroel,)nI6LcXzJu,WWLnSMPAEZNRvDN+Yf8oq6KT5xg5varQivB5GtN0B2xPLMecTlyyj4YFYucngSqBaEKEvcHsmG9NY1ONnM1eIYI1XC0emH2lWojZAvBeIT7iynXLVG/ruSZC3JCC3GG8gWgQ3H9nGolnbj4ih4p/HWrvn4BXiR98/evPc14PspID9DK3anPRmKQ1F17HVcge43KKWrhNpjXVM67E0/2eV9B4tjO/Q78VV+byjGn1jlV860VipPnitN078EeM4ZJ4HRwlWDfAbE8r1tH6Ddpijj2+g9rNd7t0EbrHBwgLI46A/VaVULfx+uPgL9DzYpSYWQz9pgEcvFh0lkepLnk8TA==
252,黎婵,女,440111198003252389,oDRUGibr,Gg{CS-^NaSpk,bEvA/E49bWpblVT7pEST5/aoyxSKJS124phd99r3Y4zZjsYh6aix8psv2GV4JT/IhQ5LdQg6Uko9jyDdCF9OqH7A5orS89hKTFTKYVWPSH1foPbbTLL0IkS/vjSHNmm+ra6j4Wq4Nhrz8uHe3preJujuhX+df1drG+OyDihH5eAoEjXU/tcVT86Bu2TJ1ae4izSTU5f8eA8APeanchJptbAIBSArfmUL7Vafpmjgq+rfuZTPen0IiLGOSqgDm80xqJA1DHRHvSvXMIrJNDfczsik/vd8tIBEdUGFR9OoDWXG0LCj1vRMgtHG/HDNOl6kXGuCmBQBCprVenCJEy9dKg==
253,姜思成永昌,男,440111197001047993,K3XKHPWug,v&TSxi=~Xi8C(L-,OU6IXrqjK9mVkGg928YlQO6L2vVBDpdnAzAj08iKpGWM+8w79p+3bdR14qOgRAPTfZI4e0KisK7n23rpFZPx75QL+E4x1KAkeFpXgsGaM3m8htxtmKV8kYFmrl/Wd2D9wMV/hzfpGS/UpwVj0epYLkd82pKOA+hZfgd1Ws288ZsbFbSFZnP51eOsNkzZ6hVVQXOC8hmeAIK2TprxzOncO9hsZGkFIij/SGK6Zf2NgMxZO2uwb4SYLV8quKrq0CgN2Dhevyvftr2yP974kjmsa8GVuMN/89mkdwHSIrHAgvnwzxRYPPIDNAnRjeGValkCjC5hCR3SbzrcLXiP6M6MmA==
254,汤蓉,女,44011120010404284X,hFVWHjxQMTn,2j98*U7r?ap,0JuY1KZMTHWn5QxcKbWp3gkZLMhagTWKtVT08vLMIdP+H0mHctffRQDDNYUn/JBpxZXJbaOTh/AYBv3usQapVBQ40ap9G4uzUHnXMw8u2QcpogXuni+brwgzPukU/ijCIfIrrvt3vXE0NBlAh9RJ3UP0fn+ANbymmwR3qN3JElQMh6YAt3mLkU+d4s2ly+AnVaZdVEdnQ+SVh8rFcdMwFXNxRz8IbJf9vmYQ/0B48TtzYzsfYFSp9Fm150CSz/YnoI3boj52dcnF2WDfPEQTagQGHBJr0Sgqg6skEFvCIq6LADI6lVkeYdXyW5mfWj9T2IdiMo6VoU2f67Rwj9jU6A==
255,甘语嫣君,女,440111197705157525,eKDEwgLCCs3F,AI\&N98ec63)M,tykinHAKsk04AZZ675IO9gHXjz7vcsoQUtrXwt4BEa96y8q6pW8zHQhQuJkPew847e4tmFk3pwm5a5h7tnate6Plstof7680NFh+OmeJoRpEqTl3yiH6BOgoE9Nb5Xiil4/PQai+jZKJIB1lSo6eIIuye/WtnqUE6pBUIWCiv8XDyOHljLVxULu6pBnUr7YqFwW+hyTFV7m7jBR7ZVp/ita7czwAR0CTal/Yrigca1wbxTSmNHOo7OzAwIcYxbpcRvZ4QU4IXqhjBOYIJeUj3nbmqeLEvu6/Nk6vFl1qCT5qJkbeIBQpq5xZs3qz7en685YY6EWBuFvEzH91NYwt+w==
256,杨安和平,男,440111197809204699,tcDGBStN,~GXq3::xmHuwGgE7,tdo4jgxGJR3uXhVVyIO7NTUqsDPu8zlGFPzAZoNbs0evbTttpHoAbcO3EevGXn6AfgIp8XxdXmNpCX05XsZYs03wLeSPIsKpxcoBmSPsy2qOEP6wPmdqtTgj3hkQZ3rQVdRh6XXKWvA85uty3AkIx8VCQTKGdKBh1TfiJpkdVw/20zwgh2HXeuAmdeYSVg73t5w2TfJkw01/Ghg/alK5kZhjU8TJ0Mi1biMeBk/1UetGk6Z+Pf9lZs0bwt5JanzuocjONyC5Kg8wgcFNHkEUfvJnJ3vFClsOuFXKAL2ufIWrUgdCz+AeP7mr1/V+mqr4DO8LBxYUcuiE+ApQDRUAIg==
257,龚振华,男,440111199609298810,OLWFDBAY,</}i$<S:>,GKfIbKT7eIuHV9XLjokrtoSCSTnB4sUJCl0/Ph2s+f3yXjK2toT9YuFPy75SHV3V8WltHpOFpRoDbKH5cbyIeU8wxM3XaH3+U1bI9ryFAhYyJxzouPxVazrVBjVtg3jj2igM3y7SJFGSSInQWuuS50/LVkSMmOhucjWorj/clKN7RFUiQVCQUd8Tw5O4EUZNWhfxNcREO4Jj0qAIgXd2HfcIu57K7XslxdYkDFgHhju4zBjUTP1WQAEEKh3UUCuiAKqURfUDY7iMB4thF+q1vf6bWBcpS5RtRS6gLE1WKsVo3Fnk9u7d6z05aglnFtszwtUFu8IeAUhMOxSFdZIzrQ==
258,宋楠嘉俊,男,440111197311183958,npAEhMMkWeit,wh(#)5Y-=k,CzAygoB6Uyp5WabmpXvG+DYAusOFL0W0G5Uu8ihGG4MqugX0ZRXwruyjGBnbqRHoSNHNlAE+NzRZ/rM0T4P8IYvgpyjSV8Y0jtwdf5TQc4799XG7T58O/3nugmS91TYnDlqnqiySFTKeyq3oji2yYXEZu5uTX9aNsPBbBVxkGN19S/4Vl49feCBl/cayPzYXUTHyzjJGn+ozh3pla/8/QWTKSh5T33DQo6RBGlepqpVT6wUWemGe0w2hlxe/dL293uJdpE52i8Res2OJwJcpwaJkKgR5STQ5x5wt6Miml/pseker11uZk+lRpec5HPhx6tHGzt4Rits3yg4w+3xa8w==
259,汪嘉慧,女,440111197904106683,KmRpwFq,cmf/a0;],MQTgk5bk4c4qJLl3VXVx0DULDls6PlHjjVdM3j6/0h6DlGTeWFwqFkk84WomRljsaqlDSlfyPiWjBayqkT9R/5OFMr6xEb50tLd1L+RwUptBwCDE7a41fUqXCw0HnD+iyI4L7WyTBhXkJ0s54BnDM0jw93ECWJy+L4RR97MLvx37Zv2YxYxPoGtWKw9LCARbnRUdd7bn3QavLX8MaCmlSSgzSxDgMBk5Foji2inDllvDq4GR1NT9gVRJ69pdaX+7HL9HAjSUgoewtmtzFH72gbfkSXbeZ0VwAmKPDRE/FN6qrtnWmFumc0j7Wyjju1nfj+9uQJLg1K8dRl7ATi7nFA==
260,杜梓涵,女,440111199704271325,aItds4my,<lmJyDh#{+IT_3,1kROS9503htFNiQEM5/JtEQi3Ut8zJjqskGmNaLJkE6V/U61WaV5lhA1IjJlf4h2zL+S86cQvQ+kLD064efyzVN5wSr02kXm21OimrcQ0MO4N+rY2pNEFv7IS7osFRiADsSnS7isTAlLOk8dEDa0IDyRSFaGazEZ/RXcNK/EpSR1j+x/qppuM/QnOJv/DnYeDgFZR6k7x3LKbINZiSLUM4DQWaeLzuHJq0h6HxS9TaVcizqftFLzG/jH+Ce4YS/QWTnIBuA3pO/5KhW5jaGH+ZGqjLkQSkM7FfzTg0ozfYA3AHrnWJmAQsvjVLnHWi1elRrVXDOTumUOgSk6c300YA==
261,覃春梅眉,女,440111200003268145,tsYZsZLDiq9,`8(k1@iGm#Ps,AILt9PyYb6UQwJdc1sOAFQxKEgjKtwQkvf54tp330KuZoj9e068v1pY8HKPqWajLxFJunEc4Xk7X2Yi748k1+mGj6oqnlRLjor364iIA9DXwftE2T3A4VZIctvN/0fJi28GHECVk8tuIn+MwFXTu4H6esifB7Xn/Bnl6w5P90VqHIiMDtBMVJ+Ilfx4etLTxvhdNnGJgnotuKMqGrtcJKtpiJ8op8lMZxdBC62NbexHKTG8Q93mwstPOEsUkyBtGPI1+YpzIdQsNXv1E3hGWwJYCsncHmCgk+skR0kQRVXOtmazv2syFN+R/EEt3wNHC19kafxbNWlJNTetbRK8WpQ==
262,温和平鸿飞,男,440111197404138654,TZdffivVc,<QL`524Y~Vn^u,W9rwlls+zH+btGoElql5cbDa36vWTLE4wN4GlslD5w7eg9QLYPJJSTjlW7UFTcwcHql0NPA/zst1ZVcSvIWicraZSbWjyAld4Bp1JwL9O/jkrgy8E0iltQr7VseS2IbIMnUV3y4FfwFDpvyU2BL8EkkzlaYSzWVr2T0Lto3pQ68o8Ys8Nmvl4rDD23s4AozkQuwb56lg2uZS7Eif9ow2CYnni/Y/HCW24wG3z2Pc3273w41hutBURz0NbP0iOW4r0kpATpTUQkCjNMyZhqULhHD7mWuXXUf+XFLPyOrWLjGxgb/2hrFPAeTc9HPfy5EESyXyTWjjm+8GAHY4Yv/QRg==
263,马丹芸萱,女,440111197206170581,W9d3I6d,ee9&.fvbTbEA0,oub19OPKrZ+JSKlXJyXC2q+zJNo2yVhjG6YPgNLHzDf6s8GdOfLMtwEqUhuUqugAf4XWksyEc5y3NBIV5CvdRCqwGqpjNnNNWFvCPtyi9Bmkh1uSxZC1pulG11DfKdhX0q23nNL0q5B7krXnZ74Y1ygtLbj0b9XTHf5uYby87DvCK/VLsZo9yxZnd6UBYSPJ7j6QGpryDYjln6rUrXgOpvF9AkqnodQ7mrjyZGd/f/lof19ViegYPB4TiDWsvnPiorbDopy3Nz5LuSXXjxWajShxAwVj13NfdWjhrLGY+gxCuUGYXXP/U0GpJReYUJkSaCG4zH5m2LVufeEf/3R16A==
264,崔婷美雁,女,440111197503154107,JzoEub2HG,.@dASAHC\Y&>,H9OpglcJRjk0eUAFNly0hsRsal4fbM9wboOr0bLVxNH+V6lbRc8bKj0c8CnQREqrYa8EpLfW1RNCB5Re29TGQnMvRXszS1SvwwRpytJMFS3DwX3DV7ROrvuoVkL7g8XF+xmUL+/aMFe1qG4L9dsjF+LNdLFDrUED5c7D6xxr4dz002cqkWQ4cgRtnfusro8tEgpLtrQNCJsr7cHpChYX5dQR2B37JXPJTZYyq2stzSunYAaMY2uBO2IoWrI4/ppia5XKm3qcatgA7HI3DA85af1KrpwU9SKfCP2B3+qja876EdKvsP3jGhG0BIptjG4wFc9Pnus7Jow5N/QI9eXI3A==
265,伍和平德明,男,44011119950514725X,jjbS9qiJ4p,#p*OMX$B,BFk+LdHCwKs7HPVsy4hzIkjGVNfAzZSTEwJSkwpiVwxhf53uk7y0U0oiXGbYaGvCnpospa8NdJ4zuefbJkHQYWD7hoTCR/qtNzHcH+1AKQSj3VWgSls8E1QMi1+Dn5bhUFKdSE7gTkRib7sLXKfOeWA6QB4KTotVaWXuJOW6idR0zFUC84X+jVeSqvihOmTNmzgtz3Uk8d90Z40inWAc2+nv//E/HYQySfB8CL8gCGwcPKeyXIDyMMoaW6tl8QldKStXFrKOmMt3uAS6rjlLcm15XJHCdiYTYMJmeLPv9xp6OYOBEFOGuPlSbYjTXU8qkz9uA0lAnxgvHyRD9UJvGQ==
266,姜志远石,男,440111197706246474,K2srKlDK,EIk!x1DxK*Kqs,fbyEsu+UaJZ7PBdTVhWrF/9ZiD86n2SCP1OpCpm7ZFDbo0JF6m+A8+HAAZjkU+juVt21dQaSyUvczbzKwXLGIjBmWEu4CTseFJ2SV+sIN8aTxPPnJmkfqq4uIKIYVhsSNHn+N8j0XsOOtAaSPCbFNTANRtP5+1cHuG4+hd65DQ9R167WAjbH2Pr8ziNNAJL/C35H5JUOmaRPoVGLnmOluja44doqbs5oaQRMlofQCe/M4/mjJoq62coXkC0E4Tfw1pM/JoBYRCjQ7m2kdeQQqJfoveiVg/Z6oeBtqyc7ivnoc3orPzI+Q1WsyPQ7ueDg149j4f5DGWtT6nrSijGJIw==
267,韩晓峰,男,44011119841208489X,yy4pJo,w;;Q!_dVIiZw#3Z,hvG5AsCFlrHmr97084oyFEsN/Qj+nzRi8xIJ9kPZr5duz3PzoBbeQdITyed5GT2qkY2TpbZ8nsNhEXvm4SXrfFJx51t9ZLSjxqluuX+KYksiOf40x0XJCL3E7k/ZJdM8ah0fJfMWe6zgyFZkCkQfAIbshkPxv2imrI/LKhwvsWREGmNUPLWqHKydcxWHK+idpl2jW6Yi6VFxKEiPVJefGxr7tLGy0tNr64ZzWV3dFl3bWWCTC0CM3AVUrGl8+niHFH0SH6wOz8O6uSmMTgjYNtSMSBClhkVQkcbdfECugvxDky2XQQnkarye3CjSJVtBdd34N5QxQ53f0XP1bJqRWA==
268,闵瑾海燕,女,440111200404183361,Lpmn8RQltTe,Ty3{em1K,E48Dr3SuAtej1Dpjm/UEBWoEOL1y/lI9GymBuNDwibl5klBOdzvExToCqDhjtp1fiG3IU676YW0rAkx3iHjlwWP/4HINSGFRDbGXtV/i3FcT70TEw6W/NbCljRo20+dvsbfQCAMgtfthFg/VwA7ISAcxWzP0zq3ZO/bQH7qWO42MYxklWC/uOjUWj4goq4i+0sMXeioc3wXROcfgHxrjwvyIJalgXAMst8DhfQ9aT9m71U+nRa5OkXvr0AYxuAMdPqXaRhb9oJjr40B3p5hi8qLUpH20Ywq0tb9ejFzBrsaRQ9dbcucGC/pfjmEBcKFlPRbh2DgEvbYUPfGo5CpQQQ==
269,严林哲,男,440111199612024378,wlrWNPRyrrwx,\{\q;Y3g#,RRSJfo/EKF/M9dnlUIF6hZN3I8y4dH9jr5T80aFGcObD9Kkt6m43OCuwfNZE4u6T/KFhu2POpByS+f9b4TkqEKERgul02FVXCb4L4PmxVp1B0kzskcgADh3edFyNA0lBxWVtqVI/iZ59t2Pa9X5dKd8PBMdRYcNAsww6dvZb1kZXFIFWFQvb8dcjY5lhqaOFkmUxZTtY8yXhhqlEOBA8R0nRB6s3FBBlFTz/G3f//WaUsD/TAEP51y4l3+78GKc4ZagHIL6Hn2+fO/p53Czet2ASBILs4GfC48cv/8XpAmwaDi9rSj22gSsnUDeUDlURgKFzbIzlTZGRubtUno9rNw==
270,鲍梓涵,女,44011119910104860X,o9ZSkZEp,;+l<?X`iJ,t4yfHejKcGQdvsiDz7fp2hbt1mbSCa/QFYGR0hSGo+XwEA+Kp+wYY3M5a0M4CbOegv6jjNWGcd2jyKPlDDkkHJiQm/nMtYTQ0TSpRnrd0wFm4TcObbDZtBpfMUTH5YNAGk55+VF83ZwTC5oMH9QfvQYxPS46KMr/h5Eck9+YQT5fypw6HUE7+kXNsHILFmPb1kqfdyRfOfI+hYh0oI2D7EnqjkjvH78mOlTvYVNxnKE7483Hz580ZpQSLjtAWpQDxAkVF6bNavc50y97PfUMsA1//KRWnA0Psc9S8aIz6zxtf1NZ48xkJCJkTzRxRhRCOF3c284E/PRiV0178txyAA==
271,黎德明明辉,男,440111199902015656,y2xbs117YY2I,/U7}0GDl,Yj4yAjyX8+qVPPNKQR97TswJZo4OwJ3K5y/TpeH1SCudMJKNm3ET6LfhREZmwcsZIKEXBnd4KBgyUUFrSX2aynRtr/mN0QM0XYR+yRTPyAADXrjwlWHDkt5DN/cP3msywGnV01ngcOx3aEJXl3j6llqhM5ohZ5WpTwB1SFZ4+Du0p65vsOh0Gn2iJOLO+oAdUdVxgBdk7AZCSj8GXo8uungyntGqqMMJt65ZHIyU9x/pCXJEvnUf2zNNGJE+kw92RraHBzgASreDWlZ7DkA77kTV0uaKA7U7t76lfiLCfl9S5ZQFjT6BGCKFkv47AS+Mts5jjIGIrrxCZylIT/jaBQ==
272,梁天宇,男,440111198805065833,c8vP4eh,x28u;s:4J9$,UH9o8s86utSaqdKTQSS3eoQ3arAliSOc98VNDmoCB7GM1jjoAxG+CBU0U+att8p46EKwZoftPWzyYg0pzMI/1Ex80BIBu0JvKpMVOs14Wf/V4oYlKUuvJf/LgK9DdE6OruBM8lZiwiisrkhGA1U/B1wmMYqCNTTe3R3xK2YBdG9ke/Q4ppdrXTJkSoWBxE0Y0DyrKvO82Wd5aVNtR3dbnsJz9IrPjHhjAehVCVX6v1v5GZhxO0+A3ygk9IY8GfIUlh4RbuxBW+LFYJcStQ3Jkfu0AtyViULk8M862pg+L80PvbmVexlTfs9I9V2fS9Tf7+2ZZKdXom2byq+pJundpQ==
273,项彪,男,440111197301065931,X3kG1Z,Ryyw4vr5p|N7,LCt13cDi3Knqxd3NGfLA1aPd1RDcX9f/uGBf4veTU/Y6VpbydOjR2MAkJwqRWAzFMbVJ+aHhcjP4UorjiT3SCRiCJ6xwPmVAplprjE5QAwYdAidSffl4aIO8924yxkFsyXbmyygiPaodEGvUhNsWGwunQqUJoNe9fE1vAk+Pu91TFETLzFlItdJ0uuhLIE5+d517Yr9MFKiVrLOY7WfJnMpZk3N6mnAB0lpxdp3MqmGTtKqsQwaIOgXzsThdPtumFwDHbTYHrhNAhwrj2Q+bWxae8voK9o1w9Y4meXormMlz982MFTLrvEiytinFGXVAV6LgutEHRF7EFuG1iQfq6w==
274,鲍珊珊美华,女,44011120001019640X,gCV4aHgS,&WP0+Xc7d){Pr{+,CkZKhCKlyQjnqGHjKx0lkxwNj+6ALblbGzLQKXVHulQErxZ1FhIdySuFyyfWFKV4QEA9Gn5f9gEve1oTgD195Xs46tzBZ8JX1nLmszkNARPCVB6R/EUIQIJwpb6hI4vBoh5NfDMsd1NdcsFq8TzIhJd5nLQo+vE5am5U0st+4+vK0CtogXeSfZdDt7GZuEgx7PLwNLmX55/YfhuifM8TxbJdQ0JCXcbhQU4ZaMzQbQ3tWADRgyhHs80nK9gMu7EMLwRoizrawOoH5+cNV78ZrItsLC7HMB5gFa0AlyHVtbVlOfjE+a0zxLh1vg4mcpmm/5bfZxeM7CBhYQrpI6hN7A==
275,洪琳,女,44011119690727360X,a7Pe3Kd4,f<>a?clrVu`(}.Ad,VFJ4vRP2lCusAYbNdTT4Qd5Wjs0WWUcT4jSXJ0V0tufbcsPHpuPdDSmeqbf65ELy8Y8A5SjJRdsfRScB6RKF7GdaTVsf797pgeas+qQa6Ac4dhFUaoxmBfEtB7UJsFmiMeWQSgUX6woVH48ToyqqXNBRv2fIPgZkNBTmHamShwYGfr8C3CQfqwKRMG94qvIzGAFybHUH1zV24lZTNnSWjn75TlPw1dkJ+595JWeh21Bwj3OgtcxJ/RzDiDRAyLGTobfZKzBgVv1J4kPjNEENVkhZplYlTQMNvmQdASMOnt88XOzbkMXQ+F4NtKXcjQ7L2zdKVb5+ixLvJJEhwuNTEA==
276,卢丽华嘉欣,女,440111197605248286,bQgNe8B,EC>Ojl4<REgL6c,VTgXT/ICj59hJlc2rXAEQGg+dNKUvDP0FqRO8ZU5dGcxhBWHPiSV3GLpMN2d68FSozdvgXKAbeA5qGP5vxJFwNMmEnynVvV4P74FKN4xr3fsaYQkSg9nUDsZch+wp36auY9JL6ldGdT5T5dCvsKB+zYQOsvZQAJ5FsEnEpDoA6rk+uQonco733B9swHYXxdLRRKFQGBBk7iMfU0LbAR64ZhPqYoPwln9P5uWcsKBXBNGBrXifkpVQBBondEUranvQLcd21buVuYEJ4vBKbHcxhN2D1dUvLhUikGuconEd/SZOtuQkhJ38/B6laKaRWgNKAw7bADzVQfNn41el8PVCw==
277,董建平晓峰,男,440111196905318472,fMqdnFCZXjM,>#g1A=zO=C,hC/c5YKi2kkFVui6+6+AwTlKOsELlh6VKBMpNCt2BHlVOTntGPMEWZH+W2q/zig5tlSYzhHLI7PTfIDBU9Qc/wA8PymYI2L9gm5Wuak10Bx0lh8lp+FkG++BtyIAtLzVjF+tg/FzLPJ9KD/5ryw7xGc/9+OZWPE4BLTwIPysX1+bf5y8gj05YsblWoe3PPkkzArOSWHvFLOgwhr7/KeYJ3hI9yt31SltgY2HDDsLMMG8x+UTddvW6VkaCzhnoilYwbNDgwf2CfhKOg9vjfjQA0e8JnBoQNLeyUFyODYPXK3e3vTEVA7W9cLeePdxquP3hBjQP/GXWqvqE52pfLWnVA==
278,刘梦瑶,女,440111198808089865,LC2Y2ew1j,3[wl%\}w#,6WebzUFCdimiqBzahSBmSysZ3a6wsdpqX8YTUF8EYVQwLYkqhuwKaEREoS0wvNDcMYWVMztYvH9nIvDFSPpu32hi3bnMVE4yerGX2DdmCdJ/pw+ctW67E3RzxPQWpzUObJngLZMRYFkW9K+KH9fY0fSgza5lmEy8NmTIPmjOHAXIMFAIuWzvokoNNLLM1TwNTjPoX2gWlkZxknEnnxePGCVaGAy4uitwggp8io5z8fisHFJ3JhWKPB28PXfNuxXpPlq4au9L1VpZ10heUsY7qe5qmRTh2j0HPtTfetP9NrpPbt1S9U6SJDpZXw4/1374kWoVdDaTtVeBk+U2rvpsqg==
279,司瑞霖健,男,440111197204195291,BlOzNDcjNcd,zMoaBSB+),N+fM+flUHTs4qeSWIBLtx8bd9AE+hP5p80NBXnijZLwzfaDED4glv+uNJiy28axCpNanWhoIzrO7zknGji49Nymglgq14L35NceLFZIyAF5qI/MTN/VSqQcKTE0TocBFXRCNJsQCUBZVHVmTlWXmQKj25DAp9kjK6bHY2vOAWMafaaJFaahiqy1apPpIqbtWeAxG4IXSXgHQ8OAK7+uCI2ijLrOQ/Mg27evwpMIwxCQm3j3MXJ0JjCEzv5bBkUkFscJYy7yhTmEcmzn9GeLjutaBvtjY4s9DKKyd2wG4gLQg4U3J3DMZsdOjtt7GAVE/LlkS8k1quP8m7WHYAQvwQg==
280,林夏兰,女,440111197104157300,s1HS60MRK2p5,hTQYaK}G?^,DNrFt7sLjORP7jDHi40pvODfcrAeOFoydTa359JPfoYXozyG4B38qn17fd7DGL93eb4HU9rNBn2CasMK5iklChtD2h+5uJTxbmoo3FXTzTH2dn1FXx1VyAG5OKorV6saJl56yZDwladlthOPJRt2+jbUsxe+LM4meu6frd0lTT+vtc3Q5eXJo5UzvpHEgXAglbmrS7twdC8kJeunWLNe/2gAPUtYXh03o1BZjrgvx+Eh+wXkbnIKPtsquVIEp9+R03ccZXVa6TkktpY6BCDjrU4crY9kVk0QYW9X80TKlfjkDA5zuPVQ3+3BLQLgikBxe8TDENzcN5kRtgGCnRh0dQ==
281,李安琪,女,440111197310265468,yRenllutB,jA&hjy$7@ea,VSVU2/fce0A8AfCYlSRxQBSE0t7+pP4zTRJ4umxzyQKzkHKof2w1Ag3o59cGrIIaY7Ogvf4uJyuoKuTlhvuy5YRKHz1YQ4mHBRVCEKJYVUgPVVtkvYKzE2t6E6V7oJ7jGGI7NJGCCbQsqi8MRqR11GODAEv31w13Q8jLWA3ShsdwA2XSBzQIW5xOc33RSGs9SifA4UZvFqPcmWKqqnnZhWRgfdmNbTshrP9UiC5BSagQS42Bxej64xsZIfnZZhuzvifmGlukn7LJIUF7+wgNbFMQ69VQYMQziEeYB8qTYPX7bGmGBJAD9o+UL6DIuQQe+RJuNzL2puqh+lID/M/7Pw==
282,岳荷,女,440111199801099344,eTQn6pJ,CX9[{9a37Uk&2cl,briwbdePIz5ArI8rh289vTun9X4UlGBQv/6ltg63wTYynmgKhTTH0KJTIGYqP0Xn5z9YWOPSpcgd6tR5dxIkp/8FzFUFhJ2QE0QxoBoQbuqFFS8k6Mhn8d4dF2jZAgEpP/8XSSA/gH7jnOXIVMtvsuB4EHsz97yuLGXlCtYA0JRz7VHCboND0HLmM1h6WFw/u27CdAqyuXXQCcnzRg0ppXLjnhzmCC1XRjo7RdkfsfCwwJ17h/UPr5mIw3YMEI3fD+lVDoo8AQthT1K+MSODVDnOxQVubkwK6LTEwQSK05sjKQmPJk04CpHQ/3ndY5p45caJ4m79xs15E4D0ncMeSA==
283,龙文,男,440111199611218410,NAqB6lK,:HOxQ!Bk{_Rg,HFvjDXSM6iR9LMb/7lpLMOWpdN+1u9ZFEpyWKOZWB7DUMCPnSTfEZShxkx77ziSK2mThJC8OMNxrMYiZsHgxCdufUmlwlnrZ2qUJgxQQA5hVTQcN+g/o0m4gqAneRmsunLGmm8yy8IwbdKRQV70Fa9yHEsf2CKUMf1PbNv9tDb2xOhDDrtVTQZBNhQqc8cfgvAoB02iRypQuMra070jW2s38sAnY/kszQ5Hpg3m9S1dPZnV4EoL3aRXPz/cCYz/dKe8FAbLYVIW9XXkHfszECN8zhrkfTAx47fC7jLl0pRo80Vhl/hdrYpWDgxqaZEAyrLZe0XzS9j7Kerr3cldHRA==
284,段雪琴琳,女,440111198005017446,kzO0Rqknh25,Z%Ui12?$14G&hQc,gSLVDz7+wc4RGRWIAQJkSX0FMk6SnP0Tf1Dx0NSLSLpTEC8bkdAfZ+8VRvP/5iGyOCrnwPAWtSYbAN49cAv9WFISaZ1TFZiFQ0sbe/1vT9Hll9zUHO2vwDZzoB6onidb+ZQtfOKTknmywKbqn4cUwK6MEFMMGZrf3eO0wfBjH9hvPa86XW7KuLZdCM56NFlDueKbfPbZJVOQ6Em/WfGZqGPzloXJlbICfcUKzsybIfuS/rsAsy/vLNx4B+Y5FFG4Ty6LiWRXv/7gaHLqa9AVDwnwK8K+SzuIpMDKu4SLefPvBkGZdpDEQp1VGRyjb/ickVxWcQr/NmcFQ7EAsm7A0g==
285,杨伟强志新,男,440111198106293431,unpYw62pCIP,4LYcvdOT1:,r1jwQbxKlkDWH4Mik9ZV/sTKbgjbvsDUvS2MQGMJFAqzCFIAj4h13B53gOAjpOOjLpnJKu7K893O1ARmCJB1pG4HlU2iX76xQRq4xwOc0H/lTVELM/0ih0aX2UxdIpi8IiePeMbztKqqcpKw0LlrIF0V/zrHYHfDfAPSQrqkGSubFPFgdxiqb0SeNnpUHTJUzQIPP0RAqmDRuiEIXTKz6acG6CHD6s03DvI59btgVK2CG78gtfXHhf+qpJbz9ufqy5t5DGJN9m2zQkXLJhCRjb72OndY9W91wbhI12IzPwB6Wfyzvy/Tu93bfElOiHF74lV+4NOVT1zI2743JEoiaA==
286,秦海燕纨,女,44011119870307232X,czylqyg,syPI{xn>c~,lhhUURqk1YnEDNsCSQXhqurd5oh3kGhGZmr9xew5ycKd2ZJc1KyUp2sAc3kXH3DEMsUsKW5UBPnRpbKuKlvy9F8Fahb79ETHIxlmN/RM6/6JM9CUUvvl6UsvAKZ06zWQCCPvyEA7ZSb9HasXmssb75+SvSg+bUbBVMkvlBqfUQLIDTTEy3k5fvKRqgSG9wsw9/dnx4xuSRXawbxLAV9ISlipXtT7+N8REIV3DngejNOWpXRuBiprpCEWFuTLc4qL75pZOZsF/ktjWRP4yPGcOoWlVDjSBRaNqjFuMzqw0AIfdryIwvJrDUmSlbQJ2U3Yqi5xnBKwkXg3+M+5XTTpSw==
287,蒋嘉伦博文,男,440111197601015055,yDSrSZ6ogh,vY\)!UP%t,G5cObYLuUsYiAXKppz3GD/WUFHZ/KnCUTrGrW0My1LbVoF10asM6m3CDOGq/AnHKpVele70jJv8AEaiItJ34RUVf9wSPlP6gF4BGy7ivL1hipXMqpo+HJaVJ6zboBwnaKTEWCrUeeg2l51aB4EjAEDhzA4WFfBqEtTkKuV7/ALK25/j8PIBex5/7+TNm+0EM0LaOaVEq0UwX4cpXyAywYMzBBnXClLgzmuy3k1f6V/oSmCxhXgT7SXiwC+UrlhvoBahQc73wdJPiivY4duC8QCV34yMsw5Q7Frapl1I7IdifZIIpSI8GdkBkkdY5z3tsb9nktjtuDWq9O0AY4/czBg==
288,胡雪琴,女,44011119760114480X,uyRVM00kwM4,jrqyb4bT|~@1/>,zTxKJLgIfGZdW/mZu4Wb7HIg8IdiqhYgQ63NpuJJIXjgjeapQAjicmb2w6y9WM7ZelC6oS4Ydrps4bhxzupmLg4ZaaWJcAEfnNs3WrPyDKJo2zxHHdi3Ft43tYFB9gx037u87UqOreEyPI+uWc+/tjt5Y+ZPd+unacan15QPtESPyDRreoAq5YSv1ANLNwg9aHtyuL/WFqjLI1oQOGamxQA9UubIaGTgOGVrln5nwxq2Tmsvod+rE+MYHWuzNEhQdvkN/mhJ3c3VmHWBo+hgwjB+8XbY9RB356asLGuXB2NXg0KUrxYkWDh0qbbQq1Ze6kmUU9yQaeUAcEzdK8JCwA==
289,管婵依娜,女,440111197805212501,o2h5i06F,\JXFgR$@a|pH/6Vf,HaJWSGr8z5MqCttg+9T58FaRz8jzXun+4Y/xRF49v/mTpuLckKQH0JxkVjFbYVs2P0OYmaCRzk63WKhvZt5hztwRZDxcOzSfM14qIIPcHwUF3dd3ct+9CcbDqM5K3Xh+VoaYpcKBYfsxVowFRc1IvuitRGO9apdkkqQzG4rlWZRyAGnxOB+h2IBt2wVJF1mvS8ktZ+eZpmm9skd86z+CNTZ5gBivJI53c1HbjngYXUB5r4N3tflFAYE8KlEWUDSW7OBWqQjorOGQ1Vl7f+6K4uArnEIX3mJUYox0mAkCzktNUN0z8yISvjJjlGpfXmrc09vhkM9SBeOXN00Emac7Xw==
290,韩旭,男,440111199808126974,fBY1vLvV1n,^1m%G0[7n*[b,KvYpohX7ysxmOYro1GV/fH36xs5QlkJ5/yrzz0nvMiuJmrsT5AEsjUQ6FiGFsIjD0OA73ucbihejvv6VSC1rZ3hqGayfKUlaG2sK6nRvb6SqR2UErmu1oy+oHrm1irZxwgbqSdUjCb7sKxvGHh/ULgDfnK/OVqbcDPEm41QNG+ylgHHfAPltGFkK8K4uPbPd/AFo+YMruWrU8gZPahEICD7f4PQGMI7lmGCupfmGTI1XAAvUlQ73A6I9BzQLP7aIXSESAhYsOF44T0AqTtdEorhbqmuiJu6OehvUj8NBRsttwUk5C+Qh4oQhiNZhqd8YmO/riuKydpBNWdOI6msH2w==
291,蒋晓梅婉如,女,440111200005097968,WvBXeDr95cn,EBWkj;%FW,NNBpRlwiIqKkt/CuOG+78Wf1RKNOSstBWfQwI/+8vojmPrWID+NwUjke19xNDK4tY2MV5gZnzmr9M4CBtAhHA2MHmCjGGwuBNBvDyJwZA4gLNIj9bcgvubNS1a34mN+abxDqTT0c4pYgcJPnp4X6R64LaZPYp8/pvt6Y6eML73DYe+u0O/VaPMFJEBBSiNpjbXLcxqA7hy7QKcNpB7a6wpMsfNGLv6+AfPM4rOidPEx1k7bJNvts4kK2dGUYKmFJ3r+m5PFKb8Ggp+ghHrEIpfd8rX9bWUHyA8cVfljNtggR78dtctH4wdmGEXAsulF0E6gBjl4PXOv0Ltu7lW5RpA==
292,崔红晓月,女,440111197210084766,RkP7Tof2UzWj,|0W`l.7uU4,0hqQ3KdPuYLF3KzcFpGtEHdElCFx4+QVyC8+A5dQ2PLxjKVuafHSgm97XvmZsjhspCB004TuJ3WCWuamARRGWwcKmfObxfP6Z6ReFq3G1TiK3gPEtkN/Pxwh8WvL4acIiLKjqNQRn9xB/34H1hQaZFplKO2+9kNt4xqgd+0xP3WDFBhOCjtOt5YTMaaxcy8fMgiCvXRzXzcb6T9NIvkWKenHEoxK/M2lAALVg34/Im2WPIq32pYhHw9X/2CVZw7gspRX+wFTV38Xq8NeuGECALJ2/A11TEbm2IqhDkQU7qSlm+sGHYTxhTkvZT03Hzaf00d16VVYojCOZf4+158aWQ==
293,温美华,女,440111199606056282,XA4vch,f7UAf(u?xDBtB,OB1M1PqIUNJh0t3Mr5u+1gGqFH4AEuLq7xuNCg+NEwyyi5Czh4ii8fVNl06Gx1zvEvpW2IyTCqWtbANBgNMMQCG9CXMQKxw0cEKLr6HmSuUS6BVB3SUW+8C2h1zPf/BvQiLtAebR0Q4YgSf7tl1HuUaVpWqp0VYY2p8oax225ecPToKHvNQ+wJQH9eRjdVDt03aK8QmDMTeZWvfqV0sp79Fg0A5R+r4/KGggJnZ4LN1rMaQAw5/1s2V+iXfPE3XpoqaH29OP/RsfmxScJOYeSppCLcQBYrxRaWNZSuzfVi/80wbfOn0ixr41ke2abKS1Tmyfor/Bj+Ah87OLcDWYeg==
294,邓国强博文,男,440111200009031894,sh8slD,R.Jp;n27dH][Z0=Q,OIp/LEQJvQW6nvFpVaNEXAQQ/FAELadDu8mQVz7rBc21LeLzBKMhCYlv4VMqhKMURfB5x89PsWN01eZdlb4eMG/jsam1qRyhNpQglQn7MwC+K6AaFR94/MAGbtA/8x0VMFe6nJDNuHEH+oiGYczsZquG/EzCx3p+p+UvdEwgfIR1hZNmln7+VoIHRmaOxNHHj+d+xKSoDEfx9bv4eQP6kFnOynjO+VWpBW9cAZJ5PlL13cVeitX6TVU5w1dcgzYt/8QZfVD68EHNKXF0WIYjQ3K9Lxun8/unEP3EJQ/KooBfUM6l65FlTdAIpDRwMb9E2uU8niYkeLKh/nADPyNrMw==
295,甘梓涵书瑶,女,440111199207183105,TjO7r7,|&T*23dlEHT7V,oufgjRsbzj96tsh+WI7njTQoUITPy7zHuNkRY+OME3f1AK7wmUbUyeYZ1TwEnTYXK2VwAKBLNzfQ6AuRNFqULl2gaiIJMX916Ct/TwC7Q7ouesxwy0kAo8+6Wc9Ww6E5OYjOKX/q2QcJWF+zUaqikkV07tfl+GiALumQTdv3ox+t4/DUrEJ+7zsjpz+2MAUohTpyXuouniWl2dAHjFRrhmgAMXhhgmV9NRg9xONTsR2jY9wA3RWQcBgw0LzO2y3ZxF8XNxiprdx5Q/fNHtqLYjbq/38AeXcrqtebfColBQNhTNE1ENvjAJlWYTHzbc3c8X/vRIDh6RB9UHrUmpkbfw==
296,侯锋,男,440111198211192974,sSh6wVOK8PYH,}?(pP4r+dPbI,KmUN7ce550PZvSELXx56hgqMYQJpcoLq88LJxgAjLzAPxpDDV2WBeHHUlNA44W3+aqdpdfwfgiBJHgQ+/UytawM4vOMe9DH+cLElu1liyOlSg1i1Q64VmHAn6LgdBhF69r240pCX05QvYLehqw4Pk0tfbIN5/4/OWNkQlzSusF0nU5EWYQEup0/9HywyOrJXNLJW8z0pS1UqUrBb+P8coNUsHEH1JIiIXDBUZ49uDUG/qL+HjA8DbGLGhVYHSu3cjhuOJDSRUzzdi0Km1EvHvEO7vJZ7TjuGgTPOrx74qYnJdR2C/qCETlnTXU8XUWiNXSNOg2X8Xf5hLR2NrUH1Rw==
297,樊晓彤梦,女,440111199105125780,D5Xm5Fqj9Fh,Xue]j3~HrWVb:l,k/chY24Un6Tw17UUT8lALGrIMV8W/xaImwRpLHZAJ0TmUcWIk7Iw4+aJxrZ/pec4opmww+FxR/StzZm621VwSoLzBnFgaQJC6wEp1E1I55yKQkNVw0ouaGX1MchsItSZ4FffKR9orRHaCyG4fx2I3qNm7F1D20moT/ogale77dgKpwL64Qma2ifTprdkzy3KiX93uUb6D9wf+qkTEqjf/dG8C27f40X9wbTdPqoUgV4l9c5Mi6VYSFJ2wLhGVSTr7Mws1VABZjMF4xT5035B30XApdun67GO97tYXpSsF0DSQiXxsVcjXSUydFsdq1tyaQZNPn5u3i65td70YCa7kQ==
298,崔珊珊芷涵,女,440111199804284844,hDC7dmp,FJ~@v>Ml&K7U,lMTCSH8YZPtejNhX90TVNxYAVNzDjWtBoEz0IhCoPbs1ZgfafyBKBT6068kxH7FqkAY+gK/2j7Q8YxlqVWMlmpGMTIFnc7qxWFUtx8R1Z/7Y5DtzRDzv6odp+61Ej7BO58/FlqvGyiLsrTFaX49wvzVR9YUilipmbS7WwviW/12xTPVZoR49S1u17uxQISnnsaCp+zzq/RBoahzmrzBu2ni9TVOSa2k6VRQAHXVFblIOH60AXN5k92sI/wTifUJTWFLNs5vn5+F/K9UhcoEnYsEh8EMroaSMzBujRCx/0HWP6ifti5XdTa1kmF1sOejm39FBDmpcnC++76ceBwNOVw==
299,邢静蕾,女,440111196610156605,m7CitsI6,]>@f(v.G=,gUKfQfy0ScZkuf3Z/Ah0D/w8kp4KrGIg6+10BD4J6uNbQ9Q1/R1M2wncW1kvL+/zwwDYiMjtTPgL82WxtsRREeM8CQXXAl6lbsPL6/Y24DsoalPinVYbAtdOjeJrAcelpWMijTrazVo9f/Z3SLBH0lIm77enOSG8zUOnQRm+Qg9N3Bdcl+RAXPCe+87nxUdRdWyYzgDz1au6/DLKi/35+ai1C+NbBTf30tvE4AJs4hnQ79S7hBwW4+8ERgtPhMIGjeeylfUKTRkR6x3g8Qj9TWh6vQ0TVhkPURjSz72OVTYhlI3WI7HhmDj2/tnuFyIIV4ul+RJjzOt27lJqtG6GsQ==
300,葛雁,女,440111198211159904,cKkqfW,%@g9GUeP6&#!lUe_,rg+/W2eJRb18TdPm+71LGQdWYxiAelPzg4IO64GAqwwVQESt629yu4uOtiWahOMf9RA/cCRCCRsh4tVeTbJX5cHighbpaX4Ctz2cZgc3j9SfmBFDsT1UZhgMkFlyafZ+mIqEFB2GvoYYFYBn1zui1T0rPokVreXCYj1cMbAiXSEvkwml/uKIDHGIXtlIQlGpA1R2nh9h15Ye2cS+70ofMWKWQEf+7AEZsLMcPGr/yJChW+kXrHufVNR5M44V31m9Qqbu9/amZf15S1qhpYm900e3MimRA5Trsay6wHlcX4sJcyqADTr9J1hYGoKI87gw9ZYGnLCKnxhgca2HYrDaQA==
301,胡子涵平,男,44011119851230997X,Dp6uq4grF,>s7dx\{jFGC,ErRTHoTckRHawCIMLSf3qnQDkh5aCW3wps8azdvo1vjnEV80eRg06dOb/J281I5orasBFRAoIvpqZ5uPSo5qHSBim/hx2OLrWswVB2xhbMb4tTK2ioU3eOWjClwlRauGTEfVqGflAmrfZdgiDFwXTYGfurFzcFn72dD9Culuv1433xIYrslbZe0u3M3oxK+EvyBNXuDAy/+vRXz4QsGMvMDda8AJIgR1IVi5dUWfWL10JeGqzfYlhbzDf0KOspBRrJTP0z8+szD7KPP38AmQPvkMnx0gy0Fhz3/UDVOkw2N7LgTyQmY8wCqUIyp5lhMILvvcIad3Ef/zRS/NfwVPzg==
302,杨良平明轩,男,44011120030612507X,iHS4aKR,0]yG8{8&&r,T/u/1aDkUcDqqP6qsVfNauRrNGxoOrmasR3ita18zEkexeK42yA1fsPOq/qTVo1TDOOohAAnM8iN2ejkPCEh1CB2GeOqpFdn/9wihHlrJnsWVNiEPpOK3EW5qOJWQcGR0+wv5dT6R5Ap3u5PfOfS8ZXJr4INJ4cbBrIO70DEBHsfrlYkL5+eCfcovAT5MxDmIrSuvNo2+4b0B0OWaBXj51edNVQvjeVJRIsHlhWfXk2j0qEWo+2x0KFTM2NCuOvy1mVHKYQGwENPPoZaQkf1zbc3dDUdflACLeX7ZRJvoeSj1rEuKHy3lkfsSFKUhrYBkf2WS7CfDmAUnjkErVaLqw==
303,伍紫萱,女,440111200009038981,olgOX7RB0gBW,iLAXs+ef?,D/HkNLxgMnK2XB6e6ER2Bsj5IJCy7tz5XVDLEqSw+4MKo90rvlQOrCWN4BQlArSn0aPp7TaMTrBu4eenqs/TbJq6blIfRG70mp5eYnL79KSo7//zC62OqJ6DbKAYop/fXl0m/d36otXK7smqHGUxK1su3OaDsBxVZt7CgrQvuDEm8AtPjZDVC2dOlYn9iIOICRJewBr9CmpJln7sMhZS5seoKqAXN9jO9cdvQ1FHHINzG5FLCY427IhqBiqEMQ88YS1CnOkr6bzQ8vK2ZlBw2NRsG0Wd24ytn19xomicefKmb/HvcoBU1qiXXcvTedFvPnBizT47sF7QTxHGoigtxg==
304,伍彦博明哲,男,440111196906055635,fNTVjQnwM06,k@xvtBL4<G,EQelQDe7kKueFpSEHgIRdtK4i1i2CZAsBlN+ec+DSPqZtUjVnW3nct3CyRBdhuuq7lO6ohtsVq+O9l1Sl6InRTKJ7fbfG7jBGKE5hkwue2N0ND1P9Ev0sKStTd/mg/y1RTWkuG+qHMPVMK5PCLoY9JIk/jobMVrJvlXDvq1WLuDJagJUt2uUXTBWRFgOnxPfjdTHW01cMgVf2eFYVxnetnLsqKsAuWC3DhbyGYv63AGJj4W3KyoVUp/+w17I39CHdU3599FvsTBhBJ/eg0IE8TM7szArf08/iWu2mKEqtLwq1yGGd6l7zN9j82T9FA7LQ5/Q3otIFGFWGpWUCTjr/w==
305,胡晓明,男,440111196605094710,ihVwX9,L2]?k6i&<,Hlwa0mezjlG9lJ/YGNSzJTcEmpL6nauvQ6CmtlFV24bRJI6anWyMO830+VFt6fxA0iSIf5tDGY9NSFHAvqQ/JrUqfanfUDVXK784jAmFXYP4cVfRcuHRzvT3AKWxY07jN0UQxHFEzHKNifSXlhiz5Ve7Oyzzp6c5mW8WY7Oq4GsGpcDBluGoM17kX2MJpBInio7EHUNI3nUzLJ4fO2PyxjDhrL0hMjwYy8VuLf4rqtciU2zRuG+IgAtBhe3T4OD+b8rP9vEvmY5lz8i7yORiU4ExiiKtzdGbDlGOHSUlIhtwPCk9nZIBcQUSjuvwNge9UZu2SUtrxzIVXj5uiG/U8g==
306,贺若瑄雨涵,女,440111198810185928,jaYGNOJC8d,uj8]t+WD,kKQqNb79iyN66BQ02GMBAT6T1bQfrZxh9du7UO5rJC+j4sbr9h+SRZ4vMI+t7uu8Xu/3reRwWIIm1jYdg/k8o7P7P5VJ+jc5zWw4O9iLjxUnNQmaQ4KDHIc3G5mK4FXQRyX+Z4re5sImKgfQ7iohbExD9Tvkpn5H98UJXAFtNoLM8azmy3lVX/b/4THEDPjDK+F34z/OZqIe0DVeq/ZQkqbQ96AFaphdcIaJMOfLZhHxOrP6H2Ce69feTlndXWDuk/30MX2suquW07wrIptrJjj6y1IzXKFUUH+bMlZUXh347NF1m2od4pqeGsRzg14KwhhH6hFjqHsG4duWj8ZUNA==
307,尹志,男,440111196704011271,v6lUjfsxS,K_CtDo%DHw56,MHHoLjxzHh7ej0iYQ0idfoeIYbZlhERMSxdCSLMzazdX2GFzD6HuLXUo57+odItLI1wT5w1dF9836ufAFnlZ1oZmfZy6MzSlirpWWCztm0AJGUjk+OmTMKAptsZMKa7zXYzVpN45vpT0CHDyofadEr84OD1Vog/g3Ib7KcIDN0vaodk0FBjeOdTPoRta0vlr7iEHvGxDpVLqup4UUz3E/1/+4SBBjQ8KXeTVvJfPvuaMSR5faXJG5YD/xJuKtF6lx3qnk8bvRchVZeX1rGp0RZ+gKzZthXEy9G8aqj3q1Wdd5wEs+xT0BWguy3YLVUwKMxi/ryXw/LcFAKp2Qp+phQ==
308,叶昆鹏旭,男,440111198911076456,OODaTBYYr,%\ff-{cIRudu1,RyyRKACKyBLWxxZnIOnACfPe0s5S8j8eWxRuOtvS0l54RTjlsqwyOkWAU2UqyXDONMm7XC9H9fMsMt9W2DrioPxffz2KwWsW7x8QpBqlBTpggJrwk25ZtXMPfKNMz2BfKATzhA5rskvcSmfaU7Hd/CNCVa/ZeV3jR0vzSbfqrjPm2PmSkE7GuwNM+CVL0EO44dQK8fdG7gw7Et+QwrhfMkUyG4TCLiIYpkLUdH1SFVKNDxV4+MZ5BaDGirEjiDHXIz27iCgTLdT96eKJ5AMVezdENOtTekC7Vta0Sk4akVUnnPUL1kGt8FF8qbKHgMw1jX4Q6MuvcfgzUD1T5v1D/Q==
309,范爽,女,440111197412074507,SNLQEy,K%@b/>rxO%(?!v,GKOId2R3SJy0hdjPLyVzOJLWxZQTT5JKU7O7D2EwqmgYRQtO/ZokwRn7XDcn7wgvD+DNTgWlRckQ9Ll7qFk50GsJ81GkKArW/74OJZjS3bJ5h/E2eI5hQgoGDsIh2RHO6ijtksNBwwTslb0AaMTwX7ag6YyUIoHt/3HKjQTvrtdKcjPiCfdin+OB2nKgxTF7axtSRx8SbE5K54VdsQkZFPIQW9gI0D4DeVyFxqrPPQaxN4yXwdwyneoQxSoTRzc9uo09PYfhfEIwhQ5fM9RthyDruXjQYHu5FE4mZ054mBIoIytvPM56GbX6uMgbxeoEGjRpUm28m3chQnqlmqL5CA==
310,赵仪,女,440111198211302045,glkecMW,|@}SK9F1@h.,CncZPRBIaNPZMVWT7B39H53zt7blPojIXytnZGnfrofhUNqr3sOJkjxETb9rZrkJRAV0/ETmr1hUM07Bx+X1Ti/owd1byKbBWLGG6HvJwp1dq+QyRdTBPjDWzLijC0v+uAbjSyf6wPfgBaKB0jiMmY34vL8IrnP1rtd85jijw8PuBGptfkQBxd8Yt/lULxoljkdapBIkZynIyxQl4Of1++A6r41Ukw0jxMNv65vNQ1bjiGr2bxCWsBv+Ep37RswOeNaDOFBwfOOgW+y2Assbw3SjC0ZtZyAFp/CMaGieaU2YkKAiFWOUcKe7bhgjKfx1VI4U+oPnUt+2gdjj2kKRlA==
311,谭君雅雯,女,440111199104246281,lq6XrQxYUj,~!ulZ19B|,JWyndSSD+ilPi+sqX6ms8NeyU1cGeUQaf5CkAs2KPDZTP/O7VlUSMzi191yLQTj2CuF7dH0FAW7dVDkfBroV+UQwatp9xErh/sv7a5l+eaWuUmrbRnJ9wKuukeB6ECzjwcYYs8OcJO6pOj232Z9JUNVJPyGmCQpliQ7/P5OETVyEzb58mTrklwzlrNoEgukjhZM9psvEZDlcgD9Kp13H7VkO6JsVcHrSg0KRsp4l+83/N4L+wJIIn+TpajI7ZZ30pQ0XdWr7cDjY875l+AIfE6IvACu4BzHK0+SA64IfVOIe2/HepE/IONqShRNwxJO5G6zYSuT7IdhFjbHv6IcXeA==
312,牟婵,女,44011119710420842X,FlehhxAUKpmg,!{c|4S8==kpU;r,CQNmeH+EjonPRMrJ/wz6A/YFSHtxVqbQ9GijnQdL7wV+JXmzWkbnXWw0nSB4Ha/VxqZtDLgi7YS4sz31EPHPLUVhnhoU+1tk+m270ARgFVSddSV1oXR5n/Ux/boycwXh9a3EYTS7/TcIgreh/5I6qtF/ULrayLpwrUBl8aqH3BgpIdxQGxYQ8g8A30J3/CaPXdlV4CfALz6zN4Wrz/LO8NRRjsRUxy4KdURXmdF5OkaDVELBjoavhFRNXg2JF/7YJ2rLv1xzjnJ/VC5bcFGEZawPtRCj1pmzDNa+U0frA33UkjadJgZmfmMIa1xJFYi2WJ8p1QExxbeJ4bTaVFp27w==
313,魏琳,女,440211197409259682,ATT1IeEWxwva,#Av.6$2S,Y6FgABle0W0ml9deUvK2wX6P8M8oTtzUTyUiBzKnwQzn50Lie2SFrPUQ5VcQ/6W8HFo3FCKhu/jL4cGdONgkBgpux+plg9OSpgKVwJsr2YJSTDc0H0yscmbZrXP+uFxXEVYISWfJ82QztBCZSfs+Oix7Cy+tJvCVDH2iRObfL2oPDMxjF9Hhr4RxfXdqLYqJcUN0TIF4XqsVcOppMIm7KYsaljXA2+uHYRYXrcwIuRgpDdaWa6dqxeIjN9ia9LozrvyavONOEQESNLsqOoD+Xxii9haqTYwseYdqFARbEiViziovSMVQ5OiP9JGfbIKfWNrsYmm7mvS5VbkAsGpiHw==
314,康蓉琴,女,440111199104098645,JbfnSpL8NF,|QaX!d;S49u=?#NK,F+c1EcXspJgafWHEVD15WuQBG5yVZY+uQAJ+VdF98gOpwImlCLOOsBroXuX/YW94FhiAjIgwLIzMC4ZWCKi0fHsoqkr31PMES9vXLgB7+XQRdGtWAgr332CHpIWkG9EoAet+7fmkUXzPYwJXgWGIdllCGfeVVPztv+bYWoV7Kq2yG3vvNItAWgOJXn/aNTrwSRXpKvrVxAEQs83SlFX8EqxmjMuZ2kxxt6N7ldxK1xcTujkQRDZamK1ORb/DC/zbTLgzwLQ6yGsdgu8Ca8wtRylPGuhE2PrB5HI/rBR8HRZ09h5youIzVONb3vDuzuGEq6qJqSBdb6nMLAmqlv80UA==
315,牟明德明,男,440111197612102592,GzHo9nXB0e,5RN8vEv\*#%HK`,b/ES3NgF/B9L//A/Qn7OgAhERMGtkpWnGNloadU2wfPvw4FzI879fuHTQawbJxrHLvIVnsA6PvetX6HwUultK7dhb2ixPRzqW8KcnDq9d4JzsWye896o1RrQeXrBGgLgZcKeijBBauTkSYOXr+Z4Gwrr/HCAQRKxyoCBr73cAsZxQPh/eNo4rTZN5rdB8uPhKWCB+EAmJaFEEBHLa56NB3IFGo9UCbwEdH//7R5EIbw+8gQVd5Olr95jBpKPgxIIOcCEv2Dn8oFtJ0OUiZQHbTEyVrSYg2CyEisDtQEwBZn4lE/1hzwVraaLqh0UjQK2XPmdAti5hWQuDT7+sOB+9A==
316,陶若瑄璇,女,440111198210025402,nNxnk4,pgfm`$s&r0@0),UD0wVkUgog/nQ5wk2EIyODQZCPntcgpjL0e8Xb4EVrDUMqIgu9DG/RFL3YdKWrNiRJOvoSbKxpJUudmrS4kcEqULHh18MU8D3pxKV9G0VyUQ8VudQUXYhgIWw9o0JaJYT0JtwjwSDgzCx2NjYFcHD/zAZ+tOKtpdQ6uL0P8t/T5mmT6nvPhC8b3rn29U0F9XHvRDxeaVltn+z5IqBBj6u8a5ciddH16ChazmDI+Q521ag/oR8fz/KqOtFZGX0j+73FG2HWLuCRwVFeW7UDsQ5/TjziGQ6qjYT0cR5E3U/WNiXBPV6/C0v8TqrKEgXHdtXWFSuN6Q3ezSV/Be9HIYiQ==
317,高巧云瑗,女,440111198812285949,eZv0KmkFBpy,I-K(d6:R,fcetItN6AcDYXiL/9vK80ZjpMGLzEO8HBSFxHMU65fWXvYNAfOcNaW6O2eNClK9ASypQHUTP7aOYFXkJnHNU24tew9hGBi/VshxML8hdFMu1KJP4XNBwX7070HCUGt8DSdOibuaYdM3AJP6U7/D+TABhJK7e9MCet8jCpcyCCDoRthbux/u+50B3Q8doA1XjLH+w1pIOhX9PjhwK1pMiKZWFI8sDuS0MxI2Sf5wWJR3N1EaB+VYqtzAb9MI2TEbYAnz/mdMu42zfYp1N0Tws9/JlzYeLb7irSU7xGmwqOK6pZqrvf5BmNdUrtbtyl/PVKgm/kiL375WMdk3Poigk0A==
318,陶诗琪,女,440111199512104100,d3o9bJd0,7!`o2J~rk&.,CsBjuAOxLNnApJMW+VuLvmppzRiQoqpHxRbHGn+cOPu3Y/KON5Q+lIi7rzXj2mYYswqcWsthfP+7v+OLuvTLMfY+TiUvr4Vyh/5k/Vp36xqKkgSPHIr+B2AWwlV/3cZrSlYZ/zaXxfeEjNaGfAQ34GzHihTXH58zZmB77rfnV+jY8J3IsgkVoOQI177D3NljrSpyrVT/wS1QX4Yh+R2Ul2gK2j0wXSLkGHd3lt5OYfSohkvkSPZ13BFlWX22sj887PdWwkNPF07Hqg9Gb0LUHuiQPjKTlTJCIhZYqD0hbh3EpW5AM0kPB2dSXL+OmHDaE2URMogUAUMmY4SuWCtIqQ==
319,葛仪敏,女,440111200305034344,phrcWV,AtZ&|-E7GpqE,BcrAa2Jp473m4gDrRDJPIuoTeJsHzoBPqeAsASB30p4Ni7ABvJqY271u1fGle7yre5njq+sQFG9g8zFqyfDaypEDa3USqOlYFAnzTGVC1/nbix7A7fYfVtT9/dwzVlgB83ltlPbCkQp2oR3WjmH5tmD6QsxqiwkPyWQTNTRN+oi5QVhGq0Al3QGjEhPVJNVHG868lTTc+7PKxZuNQ7jtvZFEafe0sBJ1nbRC9tBe4rkDKOW2johjpfM1MXOO/4ZU0ExpzT+Uy/39dYpOti8F98E/HaXNMap9IOjKc6C16AuZyEaKu2aeBVowVlEfq2mU/KCAMdxnbjxHI5W4vFUVJg==
320,房怡,女,44011119850429662X,sVe38Wz,(K$K6$&\=U,VHss4/JmN0mlD9BF/FSuZdGx8WVgwo1S/G5rieVZLG1V+7z9j82387z01kknnqRiPp6iI1VHcadoY9hggw+g/Be7VFfH1cC2dMnBJVJfchXdy9he0mjMd2xlX9Z4dKISJFQLqat7QvsgUL6x8pbEb/hzYukWwR+oQ7dFGopfdafQHKmlK7tzxWyjzeqje6Eggwl/CtnvOKGOVLux9ZcQwFclcC6XPVSUg+Yot5vNMkrAEShIJnE1Na5vUslnH+PC66/5fNrhhoS6WgW8fWyFGL0lILsEAe2yO6iW15t2tKQ/c7vze+TRhiZd2+A/6ltXavOw81YUfXJSWymX7rAWAA==
321,程秀倩,女,440111200011108109,oLPFRT,881a%}Rl%~,nmoMDhZlfVDVbME0uQD6cFd8COl4Pb6rBPimiMFll2aMg6HUDHFsMhvOVaI3zczpN1otrpbBdsiTjm2Tp6dahUMoEHdc2g2rwlK96VWrSpm5uJkM4SST2vb50K1w9WAsDXb5LOeXaOaXSkCSx5OGM5vECviStXjNy10RUBrHu+u61pgo49KVDZOEwCNbaad89HROWjiMiv4Yx4YPiIIijIrqVpnuz4MxuZrFoweTuZlqTr4yTJsptrU9B5QTY5/cmlfwQEDADo63wcj5ixXtIuWZQ1MkTllevmgJFnDtbj6r+37QtD5fUQLLrA5rpvs9ljKmUBLjAySM17Y/JRWKSg==
322,戴薇,女,440111200601195644,uKn0x12vqhD6,2!;EXKdEm.^FNG,PKBF9ajkKWZviSSlbL7R16rWluXWsyTOuG9AVLDxkOv014GajsnHAN50mjYoxRJyWVO5wu9XQugQlL8oaw0o5TJb5IsUDrjHofgQ0x2CYgrlRY/bhxExeqMXKBO8ESQQKZpOdGfPN9jcmKFsWG3kpIrdPppLOH8+cZi37cdgMKBgKUOruyXGYjAHyzXA7jYmWG5Z/XgqC0aktdZ6wC3yUMYhDc53/zs8TSerHivuY9vwNSmcYuOYZT7aRu1klNyYUscIEDDmkLWMFlx4NSKoETH/s095TbWsJS0tWyOUK5XFFuytsnVWBljF+XMlDQ9v8Bk1JPQ0Ew2s0cYpmhbR2Q==
323,林彪子涵,男,440111196803154956,vZql0DhG9sVq,7IE3t=UG+$-+a@Z|,nDbownnY7cAQVOjFkWuDQKGqY4wi0odc0hIi6f7vbMncxGuR4Y+8QvL7uyLqyk31dJ6vUdulDFLHNbb8TGqGpE2hpa7SotUU9N6+xcxHOhW5eaRF7U6JYZzbP+e6oZMCbbr/R50gaDk4Y1eNclsIvGOrWygdUiPHJy4PwSEB7peCUFw4s8//nKZLsQuufc/CpK2PmktXhNbE1EKYJMC2JQZH+LOMk+V9JLfVCwa8ENa+SS6z4yLnldE6qiEkpbFx4HOgozBc8L0fzV4D8+vK+V6fDQJNHOYPg9PatXQBBh/XRKFyksl+AN65dcAfbO8L3z6yYuW8S/bwiOB0xVCfRA==
324,邹海,男,440111199409264691,cYlugylJ58,z?!{5n(oZ0,mOHFJcLwHg60HD5hUg2vQXvFs2qVRCKVBLGo88er3BQtL5xRKfSkc4nMvPIi3+bC7gwcVezB1PnYKhSGuBMdfyfVRm6Nid0uGUPnJ6B2KMVxtw280mrNxLaf9E8gaD3Bg2eMwle9OhA3W1QiM9a/6JvaZpu90wUmPC4RRtACtVGNuf6oRuxfY/BmgIcdIDJgblkUlyph3RmDFMq07UQOnGv+mTqOkHn5nKU6y17oWgLlxMBCJeiLOPFb05OLA7R9krflaDt194i9gxQc+YZC48bed3HmcPoruQCRw1xWp2jWqoDCmQRQppXJCcLmmkFOdIvzhkX5GYdijQq4j5W97w==
325,颜海伦M,女,440111200501226642,E0UmHyBm,#p%zpecQFB(g=Hq,Xb8HY5Vq5qmJKtkV45LVT8xwBj/ePPzIuUkI8xgEAGZbhIVdgq6HyDRubKkVI7vLWvOaXQ6jkszeHEjRicVLvNl+xoCP6fXS3pzimvUShwN4F1myHIfXOR6bkdjZD5wYDlbLv9C5LqIYEtxG74uhi3IWTOhv+GdKa9A+ry8sXDW/ZwzkETd5wxVWE8r+3Lim2v9iE0a+WChWm54T9iSFNVB+GxEXr1FOaA8Ls77bTkqk53ZVEBt+hBzOnhrtLigrIAm99qB8xDHzGulNUiSkbavd+mtXd69btFO1i5RZtvi0nPdW361+Z8jjNn51K3EMbIDMkjyIRRQKJ48WbmFuNA==
326,姜聪,女,440111196812042980,qqnn5NSTd3GQ,DE$+2N`%%Z.,MIPxXzxgEowVpHfARKzGm0rH6NIkucfCG/tvqOpjetDoyuYVJ2DG5IaY5xKbpWDH9YfWWq6s4ChxlpEiLKCnen7zfoB+CKqUY8q23DrchY+HklvosdF7pUBkIifSjOLjdqELx+d8GRyYHog/3CaZTdTv5/15dKeBCUwk7Tjw+h1FHsC1kLvhS0wEho43WsDECF1wC3lgAPHaXIdH7HT03MwcsPlejFmpPR8LIZdenzRGx5h/P5tmsg+DlQbOeXoYFDIl6Oyxh7xNoq4lYGNwjfIkkQl5wKr7818sfthmR6ZHqIOjEmt6zdhS+dA+MnE2GJN5yygORzHerlw5oSE9UA==
327,曹苑佳慧,女,44011120040526354X,jmo5q6UfDXY,A9as@CUNfs*E,sSDZX8E/xgE9DDXYTtvrJzb3ZAURguj5AaaVrG8sZdEV5NaAu8l8PmrdqKJdKpkFeUJH8lSxJdcqJvelyn3HZYJfjyypBx6rCbYALmh73JjTsciSGkgkg7GB7qx67WBJV4HHjJXRW2xNotm8sqN/s+RSNCvtby6PiWeYiRsUw0UemMQwlyfw/KivrEY7S1Rfe8BdIm1BM4ZYEoEgKlZVN9++dionIAF85qEP+jKsnka49BrTEhZ5qm5JE28IGDYMOWgiyiOZfxSu+S1aPy/jzWL9GLDqbKG1x8Y4/7eIbZas3/gIhNR1T4hoQIW3W+QAaXbEjGypCCW6YjHODN2FPw==
328,丁琴,女,440111197401114868,CMFOlZjCiu3,/hJ#TEe\),A5Hy91fVXLYteRgEZFmQ3pPcIwXaygvKSFpgOlQ4M2Ar+c1Zh3X2m0/rSuS4qXMQXVZ62X7mI0Emojkln+fhp1uolLVvTKBHcsBbYE5Qha2dMSxD/yVuEAfsyg0uRVYOKQg9yHd19TOJfmSHIVjDlDbb03mXjMo6KHx7FvT/lu3YPNUEo2cxL/N/0dxb+fWkaovdlOfyxbURWUTi2kja4k8kf+8SbnINzgYT1Hc/PWPn7OfaPHW2y1LKlBaNJkxheWiuMOUjlJhgWStCk5tFGLR/mrV0DGe/5rlGfLXgupibClPyzwU0OlCTSXMCp9JMW9gDXjd9QvKoenaOE8K+1g==
329,朱升栋,男,440111198408042494,rAspKLpHv,AnX~(|_3dj%9=M1,gjDTiduLcsF46Sb+dCfWnoChz6hAXHyQxwE+uEk7i8TGpkBKsp5a6+kFUv1+buMZ1tBh8bxs+X7/2A5tGoy44lxmQQ6QcllAsUxH/iunvWg3BIHvYjbSR1qT0Ho2UXC9GCCIvs/phmQVdgRLZm5rB77FCKS+TdiqQIx53xfelutvxCUcuK+JQWbkTMzGQfROVfbM3TDzDALIBYQ3mr/FHWH4/nKywc3G8Llalz6PlS4FQHIpHH6khnPmngpw+tmeaXVyTzKA6GsLpJ66NJUMKPvaBrJ48kOL5a4dVvncvaQHYZtUuc6XpkaNbqnLPgM+ryzwnT6n9TsIWNOvV+TpGg==
330,姜凯旋,男,440111199509026279,yakego,QtM*Jiu>S<g,K7CRoO49MQzqyaoLCvWSqzN0n0P4QERD5eEHhgAVcHTRDcO/7HjDVlWdffggspIGzdDZblQjdcn4U6jzG+/CR3mi5x7tzwC9FC6qDCRNPq/zO2V6Deq8oochJxhXMKqnCU2iGeIQKPQcwsr/J+/5Yqv45YBJ6xiJqeysZwqlhTEUOi5m2ASiKctQ8gvMpOOzC44zhiMfTGD+vdH+YdGtxYgl2YaN4jRjJdivbhjM4Blu4SlxTypaQe0YuX6LKbB6d+2ojq1fsCrZ4HnzmsH8Jc7rXuAihq0bHrew4jJtWrg0nqPZbCMQhNfzijF/nq3CsFaxWspwMzlObrVvBu+0Aw==
331,彭平宇,男,440111198105182430,R93NNE3,XvDCH4zZQiLY,KK/GFms9Eh1iY18EOPLuEyb4wOvO+kA5hArb9vrQa4cCTBL2TNQtkGcfXMEXfkQwy+mJbP83ySNmRXlMtJmzhthi56VLSc0h2zZM4X5Wo1Y8dqItrt3cJK9GvgTsCBHWG/LFKlZs6NnODZpL1pflez720HBYmtkRaL9B8h/azR6LMsOxxne4cqBEoQkN3TZJrbhlHHzC9XRCy8yDc3PiyWXnmyvd3IqYuURdctRCqrJIFnRZSMN/R5eB5CsYh6QcGOy3lG8A12Nsb6OAJuZEEOuA5QWlEVahXiyG+ovQUP9ko4iYtbRl2oc/RixkwzEh0RPrwkcookJoYNKN0668BQ==
332,孙达启明,男,440111197005024852,U74raSZ,RR[`wgMUvP_R?O4*,PfnFrq0OK8IQ8fquYJwDUe7sWTdF1v98jXmL46HH6zc4rtAWMmYx/2sGhsFmiIMov8ubCaaCZYCATLCtQSqrFrVRr4imSy+2HKStsDI+dsIjZE9VYBWNbmvNj6grEyliywUqghiGrvswQyTeNr6450pSt+yQfhCv+fLn//NoP1NMyUJ6l4cYLuJckVfJuGBEwizW4r9LLdZAvZJzZ4QqeSlN0BLukUcxDtl1HRNEqMQTAJen3Z4TNWXf4QMZRxCyuVCffVDMnir9r8bzNfZzR0NiLzKK5oTpCx523FIy65zMusJwY8bDOXwKNBhXwQohLlKmsJ6Efr7Y7khwCeBM1Q==
333,韩建华,男,440111199006239299,V5gWAOhkJk96,6u*)h.cgvi<w\4o,Vep26VbsMqvyZyySW4Mo3pBXSz9UNFDcaw73rLyM3/reG5ouCc6P/INQVc75peLINpQg1rzI3BzPqNfvAA5n25hbxazB5hDl0nMuh0tYoDCwRVpeDQrslL3BQD+tN/lfwXL5mJRVPeLbu+ME40Sde+WpO9WI03Y+Aa77nszM2Fj/8wp6gILlAHb+lksXNxwG9CPek5QCBunmKL78uXqVszn8DbOsJTEPUgWHG3IQwYuicJXC0W23xXZ0lXkx6X4yPvKMoD/cngC/tvMq67kauisLpQqoOmubGVIeTSQExAUOowA4V5kauYhv+GslzW6wls/y4zhkqRnNxGU2CtXu6A==
334,许欣妍琴,女,440111198508213940,EK5GBXR,~{c#Puy<,mQACt46wFNxGZgsDCaZi9r9J5jV/y9RyIVBdh0El4V9EQCjRB2fzKo5tR4evpnyhyHr1iYOaOFP3hXPruzUurlvRRBtE7TjWY80DlNKEdlL/tlIcueG6MQpKfH3SQ5f3Drl8EghaT5pz6Jot+ZxY9Q8atzx0JjgJT/V6SlFqbavBzcKShg9oBL7KZdWhOIRGmykZGlzaxVqiGmkjSNW2qq2j2jSObhVrrJC54Zx2M9U9T8W781ea9OIh5wCrtFwWLCoPJVMkIwXxNaEKOnij7lQhif5NTytQwmi2s4YT0VLpKo8vDx+OvIj47rQ2ZrYco3hgqV5hB6ol4n02vMl2fw==
335,谢河子涵,男,440111200702055595,OZOPsHMkZtF,OAJ04ET--6A,HFpuEfBfOSPlNqg3BEE2HSiZqVvvBsDopa1dTMb5JTR5H0LzY7nseOjfMR8sQzvBygv5a8leROSVA8FIKYAv6hKE6rssl2BKFaUuJahqBBk97ykVZTPAqQUR16ltWi+qoMxGZMSUYPVR1JSxVwLI7LKmEdf8f/0aPNMP7MlOk+vDdJ3iDm2rWUE91t4ph8KpZ2CFiIp6tLKL6125GFVS6LjbdBykRSZnJoBnAKGTTrhct63Ohc5SqBXP21VwxbOQe5KebdhuHj0jT2UQeWmdVIre2xgAsumQx1ai3nu1V6Cw/uRO27pCsu2r6fZFHBFj7t6rPTOqaDemWlYyWOtAcg==
336,邓琼婉如,女,440111199401245381,E0N9IjTUke,|W22YjXks`/(,c7qXTJ5xEwZ8aeMJX3DVe3ym2lb1dZp2zGRqSuo7goPnFPDgmFmcXEBq4NMlVVz6dHqMNQ2eTrObrAM6vT7cdJk2fpDSikX3Aht8Z0U1G+HstsaE5eTLOQGuCOm6z6C/9KzCD7v8GjS81CTdl3VXIo/LcUeVzHZDwmbdQsJsnPvS/Kfk5D5i2vtsuRCj1rUQSGCfxPbqtS0/7Qyqrbp6wN9NAJ9Mm25lKHg2Ne6bBektxNdpAQRfEZ5E18fVIlIyKUn80mq5kOgkGIp9Tacn+pPhXI5Rtc9l6DnV4ZL0+COiJuk/acwsteva3yIoDCE9DfWyEsqdHLkaJsg0ts+JWw==
337,左杰,男,440111199612194190,fUNOgs19nI,qEa)~oC*9=,fXZg0oOJXDGJ9jD+PlP4jx5QUnWtITDp7sUd/weikyvHk8sVvlWdmgVAVqtyvr17hS92hm8re430iNaEvXoseCPt78Z13O7mo1SUDHDSNXkd/Ho1NGnaEb7lL+zcS1/KZtqKUuiID4mbaXYWDoKRW1wtrMKMNZPzCiUlozGj8v8QGB3ZVtwP7LURouh3wh0VwUqlbiJ+fzxpzMDPiXIvc1Zyq+RNNxrFO05BMDAl9i+6TFYaYAALhpWxKaCkymoap4M+o8chjmsK2IMWQHa0Gm/jbP0DbtO9HHKPFa2S6EJXuAMdKZBQ8rmUOcA7ODo1+YijLE+I5dapqvpD1Fvw9Q==
338,左瑞雪,女,440111200501151206,fKAIO7Um,jtO/II43,DHjbqjOMG4PaR4svurzYdeZIYwhn+AfmYy09L1dL3KRVg0ih7/a87YIwKcaPj0KLJ9vzjnPDKpAWPcUaAvOYmGYw2YQBz3R7RgSQYy9rQTFQjU6D+hQR1umPqlJX1Ku1uzFIUWa1bnvlMwWfTqkMSElSJxlDVtkM69tuqvT8mhRB/dqu8zMhvu911bcjmdL3szwrddn/4MNyORN3SujMwUXHLWskIk225EwcvunI5sCMQAOVSyS4r23Qh69uiIHDq9I2nGgJWUYUgMlUgHQyqzSqeu0zD0CTMrwVZ5yDLQ5QaLZLIWTNEMn/zMHbbuje766IuAHbTV99654sUxtdcA==
339,庞俊杰康,男,440111197810036637,FudAHAFf,cGF.I0$4@>g3^,gyMpkOe6qpz3GGVcU39BbcLls8HLvqxCW05WMhRz18VcUDyHymo5rYWfuqxXKMPFlx7zRfCZMQ2FQYda3i47vY+1yLR4LkVSYWUtO4XDpE628ZKSrjvoMLleubeEEimfJ7spb3Xhqu4/E6ygZFU1cDJmpBphE6fSQrwcZ9VKmfOp8Xxds5vmwum5EIlkykA5D8O3ufmqiEhesVqSJMWmsho65d4xxp7wGw9vG53uIrXqY+EchmNATSh3Wg2JdhKz+HHrlgVCWGF4usRMeKqcXi09ICZ2tL0UavFh1YqkEwfc28Ht05BxPd2ktP1etkN5vJIZgnlvt6DXjVwKoHmctw==
340,高浩然,男,440111199509087338,zDAgWGtjKp,[:K\^XX%JqQq,hG+B17HyJI0k40mFBqnBCzo2rE0AjFLOmZa55AIBOgqHA99dWKTNZFkA6ObsafAa/DndiLPkJjafIbT5hC6OpWwDyvm+h9Z8O4rhJdDr9EjtzK1Hwejp/MiYHVAQvJS711xX/cMGrLBk6a99BihaUxzLFCbkTlItfotTnWjez8Xkty6sraE5q0uiVKIGznYsRFM2DOCRUEaLGuRolbOiElc7wAYEDJFp0k6HNZlFabg6I5BC/YFkzjIjhhCVi4+bSSsjgNyr9e6/vP3x9SK6Fuc7Cx8qFW6iFRPuLz+3GIfifUgpYxni9W7XIMhg3BX8oKiy53lmPR9gCSLFZ1X1Tg==
341,夏安亮,男,440111197708038951,CnsgCUfwv7z,$/B|Ih$nir)]rAB,giVEg6WfSFl4tb6y3SvgvVnox/LCOIFMicPCPHqO9IPzqFDeJ3vQkw7QAE71+4Uv3jEQVLHJGHUEQpdnCIUj5cOSKbzbAEC95PxhvJ3jZvnBpyMzmojtPFFOmjP1Rh5gY9yhB4NwRLdgaM1Ic/R9qy43FEt49WA/KOw+iWQXKE2CMu0EWG8phaQZfnK+iVkZBBzhbZw9hJV5c444HAuGzIjYSAXaRte69Eo/46VObhIRcTKaZEWeAptv7W1vZyauJ+EGiG6fEAghpFMJkQJq5qJl4bGAWkl0QpeN2L8HhCwfXINZKh/5ukMwiVIegxIOe5kthxeU2qlAlRVMRbJLig==
342,贺莉秀英,女,440111196704164585,iERSYkM1u5Hx,4Ma]#gJ;5P,FLrcmOa63dO89kQb0LnVYV59LGE00e/HP14pTYGYumz7Br0GfLQDpqCGHQmiiiN+RPczpsNAvkqiS9Q7iLDBT2MtP+QXTr3iD3/uUu9Rn88c6Mnn8nJ5/0JwySrlyGmM27pQLxU032J3Z8rBQ1mepVrWGc8ULxtG6C1nfMjRKf4f5F9aC7QhyxiJCq0YRTzB9QoKnORzXThCl6c937bAuS7zEIYQ+JNrtqEBbj026+apvQ5QZycpyV1KpXirAJCuJM/fGGhC+FkQW60q5hp2tA8HbTVZjg19wUhxpDjeMzNLhQTLiakSGEoyBt6NLQdzEVK8hIrDKu82QLh9eh7wTA==
343,廖世杰,男,440111200411228513,LxZU67pA2,Qy<borlX~p*b?,S6pHGrVyJQaAR4rH8EncZHYJ/wyZWcmqfR+Skb3TphlABVyrVPAxOTUg7v+iY0f4LPhlNVVg+IFXG0tu8piyTbt4oxq+Oq7Ihd7xhA9Byf2vaHZ3B+ubWYX1XS8M5+gCLtHPg5OAJn+TBpWBvG2zMvSSaC9qYzZ3RbZjzcnCYpU1zPOFR+ZJ7kuxt+1cjMVWERc+5N28b12yXeyHy0bqlkSO9Grzk9IO2s8GP6lDtURtCaoLrOvOD/2WeIgILLAIcA6glsEoSQABR7Ma1o507Z/nl0mL5P9fS/eZNxprxdmIBaGkwYliD67AwSCSiCN/PhQ56Vw7FI1HGldr1ksJYQ==
344,许嘉祥正阳,男,440111200302263117,gu3EiqFllz,_Yk%svyn,LidJo2vUya/M6L34Ol6qwg+clUzOE0xpV/iv8zGZnLidThvU4J743wsS0j9YoFeTWBHYw6m7fekN2Xn3gFzeRtXWOhz2L2ICLCF2Jaa5C/Jqh8r9OSRul/1177hEOCYDTUz7pF3lHI/ZKNIivdtmvW5SE3r+56P7jCnzreRiF8D8UYpaQbw02DpjCqFu2ukblvwoC3vMDAyFtKwpxE2RhPpJPahKnol+1+d+dl9LpYNMq5PO4RLgwjQIRkdzrx21lnHLEgIr+RTzuMu4RFQ6G7i5TkFjRTxOuFc0SnbLPH7qC+2I04ffa7x+dXOssElUXXnRYSCx3jACMYnPus80DQ==
345,江芬,女,440111198503083542,Xt5dss,#p(xf:O%P_P#,B66KOSGzCQgcvmEt7NYYBGSkmF2GS3DpPg9Ay3bXOBpZlvLMYFa9eYPeyN+V4bqbzOkHhHAtHq2ID4sH+zrBb0/XOw3UltS9t4y3d6u7d+5TD5XaRfOPoJYZUb9i5ysf3fRM91UsKw0491cYS23HORVjtbxtECWEKXKmRroizU/DqwAit3TiSs3NJTNlpKnPkFB3W2bKSOJ8Xl9mJVqBzW64zHNK8dNH5dGQWXqVKT5XKjaSc52o0S7dFPd/zaGObdN+dL4oT9+0YAMsbqBkfGINKu8pQZveQa3mGE46/QJv57GMT9vHMp788h8JmHXVI83I76oTmI+BsaebfcIVRw==
346,吴飞宇辰,男,440111197805105271,KsCIhsGl,)4\`j2BV|vn,gt6BlpJFE0/TzGH2S3Lx/zcWdJz/zq3P2Bz0fygqeQXwlhoY84htsTNpxN2awor/9sLSwrCmDaiQawubkD7DyQp+vQ1cJC+o/R5xciMP4c4nlpAA/bhTzdmq5B2DPRd+H6s5kOc1y+EDjY/hTAD+VAgGm7Qh6ox1j9U6XROUY2YJ9RceJvU9+9nHBISqvSoZ9X3tyWyliT/eVmalkLcysmldHxWcncd2hm4B1mmHXZWr+0c9GDsnpzUjRNWBrs0QGneFlMsVtxLvF3NvTmOh1J5NEf7JzPHatUpIxIDOUxteZXzlSsq0fvg6JNJF7ubY3YdIHSSkdD8uaw7x6Y+kTg==
347,屈思涵蓓,女,440111199804027741,YsXQi2I,T@H}G^89I[*1:\~,DVL8X/2kxHG7tqulysFwZumXyTzBFO1s1t46ZZtKTXhpY2N3X9GniQwcR/l6f52ZJnPGSd3qlnixqU+bUDAg1TnAqX8F5IF9gIEgwW8Y1NyzHF/5eDGBhWpCeOJcUQL74HWsmorohCeQg8V52Ff5ohH9J5PeuSchhNIOPW6A2Y2aL1jiubQzfq2DXl5AIER79ltdwW9qRw6TrFsyU2o1qCGDIcuDgL4ept2tc7k4j6eoIQMcMMNfN+Aj9QtPC6COl0H1plGOop9c23r6Kv4ReB1acoRRhVJF/kAx817aDhi3s0gPa5dibGQbS5OByIqQFFiwEVCiTtQYyS+kirChCg==
348,梁辰宁静,男,440111199606040099,WzexQcwUFj,ZEv+f}tGnge:,kguEKMB0hslI88LClhYo9Z2kH3PxoFOuDwhTc1+ecDgzzGXVU7HMvZx6B8oH5JJByk5iQKpWd4unVL8BCGfDjgHFUEhvrYEU6bfzdVeLV9SzCzG2Z5PDpZZY1uNkYXYrexplRWrLCMnSk2aF3VibvyNrzHm9OryF5MLK/o7mr5EwbBaSYFRy6pIonOb6VQOmQsbqQOrK1sLrAGm6iS4yPk8PIOJfLiOaw5KbG0lNyQwzyHFYmzPCsbwabnoWxh6XgShmOG9HsaMz/KIE2TxTEqHtKWpg+n5optVBfV9Ihd8unhmQZFd7OxrEGGfR5KTdy59GIRKWoZ2hSxzaigoGEQ==
349,陈永昌,男,440111200410297154,WSib5s,Htl<BVtQ_,K3YImXJN/5vu6DFF/r/fsB9BnhASviJgedLVD88A5gOaDU7dVSgJyoxqN/ePueZax3HW1u6KPOLEW7q4yl+KB2DDB7JIiLaJxI7TgYVhO3goWCovM5L3EVAlSREERFtV6LsPebJtINxFEMoU34bYd+Or6Wc8GNxbH5cYuXS0o1n8jkmwgru68f/cZYEoGjUNyea/VfVKLQSLBgMj4EJcbr0NwzL/+9H9y0FSohqWfvpAP515eALWwzcLFerRI0k6TWXhT1KonUB6uFE5pCIBhzRw5eR/YATV7LflHDiT9f/K0l5iACUzhmyEU8XHFgb8xrB+V9dBZEf7wJiMPwMLhA==
350,霍雅洁,女,440111199006101265,KZDfAw,*a*BK2CW(AV1m,HwPg7oPEcN7ZxSqjlIHhYKaYTX7CnQKFyNlto4shnDGfErlDZaRXwv8vrf3Le1qVzfpp0bGXxSBfqpLuUj07iPA9ikVsxglY4auZTyzwpbVOoRSAtjlES/s/f0618pE9JDBBnsz1imRkUin1NYcP5uzUxLc2JcpM1XAmNwwcrq+jgUeXKrE3ElxgBntdwIsfYsq0/19TuCvjAaW44yVOaC7sRjl2V+jZNz3BguAA3ux2E0sKkelfjkYHdh/ipzyCrVcJMvTP/VllEu54FZFK6Hw3UKVa/cfOvSWz2cQpOuzSu8attARf7r4DQfrPB/IXV5A8rZh2kDq6ZMYVPkODzw==
351,付韵,女,440111197306115280,S0f92d,A;1E@O@;,UYKj+OOOq8KDl4Lf5GwQGp2DFMJwjy/llHe8pO9jhZsFtrPHvceRg5cgroeL5x9nzxzhBFqPi9ry+xLh7Rn1j8TYC2e+0Cczxxs3hgPTAWhyci9sl5h/R56+qtxV8lcCpzT3A+0uNyqE1juHJLvUhd/GPCkN1D6FtssMvXaGGmj07O+aBAJuUrshyw73xUfYfEWlriXicoRPPMuhVLpJ+htSAhCVNr0/XFnCWl/Qqe3LG5SuzWZBoUgIAIc6U1jNH3N5DEcsvIWW2y0GVPbPGCSRAZE26Lxx4DWyREtejNT3Z9KEovOp+59QbTCzC98Q8WuFSBtTw2Pdfw0Qe39Jsw==
352,颜姣,女,440111199306276569,AGv7Qk6,L(lL1Oa(,btKgHveA2lUD+XIDEo6QVv7PeMgtMiOhEWZK4mY5wCFURauTHTlb1xKeWyDSIkIMCvSPOFxQESo2c+D4QHjq5Kv6W5WmEUWW5GHH87yj4Cb6A2wPHl49XeVSsKVANrn+9u6E5EuCXac0VgoSx4AP+iKdg0F7mRXvz6RIae3g26wHm4K1trI4WriYiwD/c4fHtf0YmzVqGMtPIaM0GWdALxwUdwQJRz43/3XxsrrNMxTKEnE/nzicUFC5q0W0NPPwKWpzZMVcX8hGYU1K+aDeiLBbstyHuCaqOdmIClPFVJTTV4KP7Kuh8iS1aNNCNQMDldIXMt7illnxXxj4f/uFaA==
353,苏信鸿,男,44011119710110561X,M3pFDY,XM<mzZU?qA)|A,l/C2BJTyPfC84eO6ioyqrJI+q65ah2vUWac71EjZoH1OZybrqCsSY0NsppQOUAmZdDsbW6U7mlL3utEyPTUbJOQe1mQmeS2eJ5jw0EXyfKkz6QIHhprmUFfwWdUVNtKZgp5otNv2lHa/lErIJ73v59spf/Kg4brhTxySsoVRq29UCm1Hv9LO3I//+qCSJRRg9hkCHY8tsD0dUI73auatDVvVnS23DdVWNTsI+eLOXfi3ce513va7vvOw78RiXhcJu7IvQ7it5UbM/7mvl4q0MfKxMPdsM8WhegO+JAEGPBvcdH+7kAuuC4vWWmJz9TFcbUTsgc6fWjzWT+XWEO+jZA==
354,车国强,男,440111200303094095,x1Cph0ljB,2(r(0ldZzx,JRqptOyp/s98Mqp7vXlk8bxO5BIH4wMdt+h+3NzW4ioSnjANtT2EcdFRxS3aN3xn+NrXSI85v98P61X7X1idXMzTu+Jvp/jnD8nKUxolCw6RLn5Dhmy6CstKAmRU3f66LQ532GPe5pIwwa/uwMUU+LQOEiLNWPjdZwguAQo3TP/typgV5NlEJuOnyNoxBMG15NWiuQzMHDV5H60VxT/nONQjPB1kE/weKV/7SwTPFlcJ0KABaXgJU/zez7D19fYTPdgKvaKO4dFKZ9gF/2DAEvTOehwydoeKqwQbG4dRUln8bp5XuSbv7DcD6s/t/H62Us8mGf3mcDPXALJr45aCRg==
355,龙安娜妍,女,440111197310213625,YJRgmc7EPXtf,.P7\T:t1<xT,ksYJuge6a9MYaORVCeYT0u1UkuoSOmSSBFnPR5KYpnJcDvrSVFKNwnqmXXU5DYgQKYIhlDkZL8Ital9XxrnykHbj/60bNWD+HkcZlBmxypvsms+C0oh3V8PdXU0JPOv2mm0gzR6S5iacQmgGq5q/nTYGRu8h7NzojyeE/mPaieGwqhsdi20S+oUybG5PZFJRQx5P7CYCyLKL9i9VCV0eQ1T6mrQBkISI+QpV4PfoYXKDJfrQYZ4FDxEeHrjcbytCXk3BhUmtKzVC8bf0JcySZ4BcAw5ldiBsXStcwk2D6Tpz6sfr86fwoTaxOFhTmks0OvRQ01Z+JJAg4GC1Vhpt0w==
356,牛帆,男,44011119770320851X,XFy2YEzRD,w3TYy@_M|X(jH5<,blNpQ9dJDLuqMQGwOBRvFj27weWnnC0CbTJX/ZCdq5Dg6mbF9/3XPT34if5taSb5LTVgcyYo5+aovnc8waDctWPE3nw48+xfv6PKPmcQzUWIuEaHNNK+Vp6nsGpn9vJkw7VGqll34EaGLP4OYgkoo23t0aUF7wenWBL9qbBOFt6vQf8SUm/PzUw7kYmpViHrYqqtzodY0pjfI+REF/0dK1LoRy6jG/LlNlBW1HKwrs+/Wk1JefQJOxlhZQdkhplbOOkhA2ejzeBWZSKph2jgWKlKa4IkZKpsDTVhJjrBtinCOhpUy6069FQybzFnue1v3VWGEjVaeF8GcMhDnYQJpA==
357,毛岚纨,女,440111197406271408,vm2zFFUttb6,fwE[`HEko;A&,el65qzHqxypzDWX9lEsj4oSd3gaBSLsG0UxgSDesBpQRX7iI/NDFX1eKQN0gNlYNa05wRs/Yt6uPtEskrilxSRk3LO9sMzJFxHqP9wc84QgFtpfss9ru+dbDTS2/6U1SNUvuD6FPy1d3991qjV6FY5SWqVUv0giwYns7vw/XVW5myGcBuhcCovT0x4YL6VMJMUizHoEsfLxs4FaxR7BN/XgXA1Tvus3f8FmFUImfwetJu8YQ0fiFOPqNPrnamuZNnEpSx8825zZnpKT54P1BhVwZ/tMElBrhiLPB98gHZgMr0wdv0MUzcdyRkDYT0Gl3IZtGXM8F/OPHPcU2YA8loQ==
358,叶丽,女,440111200503075120,nL4UjcpdX,4EKzC2n_d`dk0dH,QmBIWdYIsg1Nv2SpYa5ly+qUioQkNaa9jTZU2gu/Wx3r0YDA1EjWeI665n8hRBHPLEdvSAQWxBcMtrJGtToQ9RgAQpb2zMK6h4+if9A5ZVNq8Vwpwr6/5btUWv9sNUvFni1sKY6SJQkKjpUgYKZLJNGMamh8XBswVG8VwoCvH2V1Yh8Q/6ieKol1II+qhnr06WBmbI3uDQL6GxNm2x+6lXR7YcD091zAUtgUZsz+C0ze/f8yeH/EQyHd7v3tqEpgdRoUmsXB9z6ronXxJ6PFCUzM/RhPvhVOE41it/+M0mO1Cd1roaav224IGh8dY66NPAH9AnwB6cB+0k46InmdHA==
359,吴曼殊,女,440111197212142544,ATWxsl,BuY^[H7Ls,h4ZWOMYG7wSNajwQGmT2bfhmKWWzjvUhP9tIZKc/ysPz4QEKB+vcr1CnWlGkl5/wkr/lzLC+3pd4PVCE5mszjWlpjCX1Kw8EX8w9got7IIVDfaY2G9Fi2cUeN6pSB9ZcPt29rU+o4jcO5QC3QNxa7bnRP03vIj6jwbDrgEbv5S9ssoej2mZJphgEcTYxE32QUIFfOXuQ+MAal6iUrdwlUyxQctVdgUutxI5NtqsyvlLIycA1bBoqFJhU91KKA9s6f4VBrEl0auY0hWtyNavVKwIxrSmXFLGH2RmodTKZJXmJABbGE/qMQekC9bH3lUCf3puQKO13Tgebm2ZVUvZTcg==
360,熊彩云韵,女,440111197809079760,FwOb8fSnt,}1grLDc5,SuUr2kHODinumnmbCZD1HSKi/ymGwH8cYHFBOjmtjSWyeUP1N5xQnhH9a9U6vBvxEq3uU71d2/77uUDMEpKjEwNCkHKF+HCVljEh+JoGDGkp6uK/5FqWHY8VmrR+dA+1A2vX4sMA+Vv0bLVIlnUNCzxEoRX97BGPbCHpxt0OfvDxnxwNBBHhL+e8bvRUOsPn5q+xRXLWx1yxtmzbotAwKbMyjrrms6IDGs6qqf1h9sZA+lTsp0jM7U1HdWkfsRWcQqMuOu44gXvW5V6VjhUTJnz/k5vKiWQB3ObLmPWNmCxqHLGc3AFMMsdClzEDvhNxKztQ793FffdDw5Kc6TjNDQ==
361,邵融瑶,女,44011119841014262X,aN8mcXQ3EUV,::~!l}|~R,N7Bp0oeoDSstDQ3UJFpf/uEPOc/Xu6WWSXmOY6jNQudlc8SqloeJ63zd5KepU2upSKxBxrDbENbMO4zlPmvQl5lGw5nBjUxuTUS72INadU3wgz35WDpPz0vZFMmKswroR2GSfUUGpbQsnyiwlOZqerKfjJwq1NQfNE5xkMZpSsaPur8vbwIUkbsPSuEu19zRLCqwTVmQI2Dr0eDQQ3JuuINWhoIn5+L47RIucWimdyU6LhN8401GA6Z/5vKyKsycymwLjvfotNAlmGmGNMdkonC+M2nHHCZ+fCcTJXv5qSnvLEx0SRl+k9jbzJTB7uNp83I2LDVULb5/EzP/0uXxOg==
362,安安娜思佳,女,440111198510249344,iFLNVwebUl,iY/x^l4R,R8cTbt9Qgfj+8bK6hxBbzuH5r96kQe6Ie0RpLlHPHRBWpnGsyBHK+7uemH6xOHMqinSoa19Q8XOCqHWlBeDvANGP7Qh4rA7MY89Jy4BGc/Q+c39GHth3jJhNCIdO6bHHpM4bEMV2ESTUyC54/RbGRRNqtkGxqUWs9AVP1cMBQ0IQxewoVOTQWY+OQd24OE6nf/2r+vSUgc0PzShqIbowtQgzkt0SaJGZrO2hUKqPkVxRjJRe3wThwjvrdJDNWJQe/D6qs2erpHrrYiA8L1Q24beM6JoCKcdVw3Gpm45AslKHk25dI6zRU5PUInE9b6bGtHrcLdMC4u8U8bxswkRvBg==
363,顾艺,女,440111199406207085,hKb8wd5k74Ok,O4]jwS*_;N40,bJUPhmx/idLUpLSylySs9aa9J08NIewCoPiSnCTQ4egqXpAuX++cflp+9S02PZnXQXqyu3H7YyxBIpK/lHTiuB8XN590XnIRmVZqwAojlm0wGRryDbAHjPZcYvFUmmW2FlSvlPyYP/Lad4BDYZvIClCJIj4j+yfH9SoAOUWrpdswPDjtK6AfHJpVIfuL1SpOofsx+ZJl+A7SLN11xAlE9iH9fRvAFjV+YB9v0atwfjw/JxLN5sE6qcNAmzgx2c/wQLXCV2aOOScrd0dvPTs2pAzihhfY1uniS6xWFNSy2++PFxjsFR32r1cYor3z+nipT4tktzIfSIJPJZVcnQCLgw==
364,莫菲贝儿,女,440111198207229842,avFkq5nIZ,T{j%V$lCEV,G3ibss96SBIPb7feSMBTB+Jpl3uykiOEFHUldoW5N9L2avYtkUknxvWA474/02hwNrajDecxcDFHlJcFxvGAvQz0/fmv00yHrB1Ad4KIH6xWnWRtI5u0JIBA0wU5F0cUrkEpROSvYjR6BemHqbUCmS+0F/rqJiUN9i+kaj9pC20XLR6k2XQvXx/JEK9O/kMd3xZxWYUGLblfEmJIujjYdFExuAEOXCK778mFvUr7P0jYy8+8OId8WsjWdWV/W4TJYgix3Ii5juoO/rfCz8W7yVAwfYvx7i7H6r3HHeCWZtju2AfykJB7rhlm5Myo+n4JopKi2CFwo/jPofBh5YpffA==
365,罗博,男,440111197301293790,6L8XkmuepE,{$L1Q)*3`91tQW4,fioYKkM/EEsSGe15YKcSl+8aPadZ5jwzfUoOLiMGqH5/4/9EJZDptHctuj45apdi+ERNkXL861N72RJez8jURGnrQoYIr//9M3N6Ersz1Ti8lPLm7SWA8lO5OaHwfC9xXJy/D1c0yVB/wIy9CmeJ/doTCpHtnZ2wTKlkT0gJBOOUNUQeNXXTG0dyiKGFaozIW+aOExu1aI1XSo6SPBcQImgIbpKZtDCswDOJc4q3txgp542+Oj52Oj2XBvDnaz5luE0KJtwHEFUwVjosCbzsMdajj8Y3gXZX2UXhKcqGjje9cznVaP5qKCeape+Dh7OK7CgaJc/N9yA4CG3xhc/PiQ==
366,罗俊杰博文,男,440111200212117212,sZNFZGwr,:^G&+~ku9,D9tPLlCKUixmZ0nUm8FuAQHoPksT+v1ZEL9ECVBU6uWBiM6Kh6UqoRWGOqNFuOen7hRYoLTgQXnIU/ScTA6QwRs7F5qYNdalLErBrO28PK5N83jvltuYpnm1BjiU5pIBJ9oUP4OlHCiHFYAcz4nTUtuuFtMJHa0I2WKUzmmv5nGIk1KSsNMHGtPHAGX0stG0xJlxW5PD2L6RBPof4nFx6KZzkNgLfEK14CXpdK9Oyhkx9opGabv3EoWl53fpfEetgBHmcAdjJlKq3x9V4VrHkmgkuYkfP+Cb6NJ8x67yYxOgtSj2+QgAiI6FbMhSQDBSz1AaT1U/9XOkqnbjJw4PDA==
367,薛国栋宁,男,440111199104243793,YZzy6p0Jd,!tx)r=R4(4ou,DhPssRUfGX1eKa43m6fXtqAx0FaHOTK9mKMTVB9g+jyUJAkfR3VALgW2e+NI/nEe2nQkO7+xm6SBsr1Q9X9M8S+F98vRUJPtpVpzeCPETHsMlWkt+u07EqgoyUyHjjTsFznq/iLp2zOgJLz1eNCU90q4PyQa73Ewd2SuXjn/yl/VdnA8RsiqjxN1fIZ09oPMyXQX8dYlb1rR4FYnqSmn/n6CsceoAPY9q/g7r43Bw2aSkn3+k61Jr8lqiZzUyaGmb10691fm0xeNi4O6gYZi61FNGNOW9LNx6uCC7IMWo8RfJu/PcrywGYYKghRSBs0VAX90UFxx5LXPiiTKB3uZZA==
368,朱阳,男,440111197311041298,zbSNr5hkNb3,ajvZ1$pf(zk,P46HpL2DFFDmz57r3I95KaDoMI0BpPnAWtigzi6FmPTVRyrpjA7Z5uMi+Q4csEH6HIPeczVN8Yqa8NC9C/ZygXRqqN18K0WVhiQeWeO1uqotkrUf9T7waESzey1V3it7R2ptkulZT1UsYrcuQ3kqqBqB26kXaYqeKavvbye1b7zaKurndnDX2Sgcyz6i5CIZF9ekm0jCEnPKLOMKIutpa6DAqLvI/FqKqFAwNscD+0rghUuXIynYnPALhcPeYzxNSfk8LKW9TVI4F+t1r0na2eJd0awAEJO4Oc64QOtl8fucoeNqLVpf02kxA5vC+CM9JkJaeiVy+mJja9IL495klA==
369,闵俊杰嘉豪,男,440111198801085255,syDU5f5Q,WYdeTA|]iq;9]rd,RqC/ubsiQc6hKK5+uP5MNIsvxiXEBPw5Q0SNtZTcSb1NHTupRxt/ID4zM2Mgm5MJ+0uMbRn3ZPyLIlef0gyKclO/kGN5atAPvf/I8Y07Ry8RODh1ruNsvwicz91358mniDIYxuDCh9Oa2jRT6p+97EZ5Cryy5zsvkxPCSVQP1bsWZR3wa8I3L60FF7oqK+bc6FJr78e2zOle85GeiwEZ7W7nIZUGtAWCC4BPSsAYQvn9wgPLovEj+XRuS2qoZwYWGsMVApEREIp20CfnOZSJG9E2Qmanyz7k/W/hCFPKyFR4KB1ADR1mU8JO6Qq2t+M7vXOVMHXm1o/MqhVEgbHeAw==
370,董建华,男,440111197612173737,XtgBgGcNh2qn,6T=C__nt#oz>S,t3Sqlz0HltRvLco3o7BUo2OT26wllWDbCzOHijNykfyxN38Uu4OFkaCx6Qy1eUdRrUHhzWVqrpd+rjlrbog4l0vJJvStnkzSyTEQlGUbSxF7ht88q8o6h+HCGWxNHSEntjVdAz9Y8xweufbPM64sgn1wTCifkYWmtv7/VhxZjxC17Y3CmPbCbtilSd0WFXE0nV1K/XNmsKVTC13dU6ROsNGYC8P0z1oeJnAYdHvp1jLtpNOWwDzTCZqh/Eg7D/egEMWcYX4o9vOc/vyk0cS+STN1vKvry55uua0Ei5k4RIhRjW0ZAWoHID+XOb1hknY5tJ6XPZELAKgJDyOnxq8sLg==
371,廖卿,女,440111199305293826,Opp2Hja,cq%Y}TLG*%FV,OOJrBTabvk9Y96HtNppYa75F7uyX7mBafVRp86VGqt20KHLl9RrceBXUz7w+WizNhfOJrMxZm8gPP1zhBiKla6brcr1rJhtp3kGi/SeAD+HAHnTtyZJjM+DhkBjDKvKwFUJDTJb18wU8G0QATvQdyoCB78x4Ph9hE4Zj+zwdztAW+tiwdBOpnSN4nK8mUafEHVewUTqWO7WVnso+uU9is5VW5DSFQ6RzEXfyk9C26Mo6FfSVO64GZcPcZAM806NwyBUifJ9IsddnKJA2XVNYmoIRthaccurgUWGnDoig+6OJnDBHopAtEWwQRZtzBvGBsoqaBZIJnq/6BuaVIeOo5g==
372,任艳,女,440111200103271501,jlr2nS,B*wQl_S9tjDpS!,mrSBY0gizSRKeNfY2mLv05aaSohaPOKxF+ylrQW2VWUNfz4yVNgf7M7vnJzbxLGLHdQ7eV3r3Ri6o4vo0EsWFQf0MvNpiBGuJTnmn/Ts0KYMg/SYeesNxXVf/MLRbluGi6He3HZ1n+YDY2nbSqch88/HCjzcseb4BBZA4VKhlGEfAq9PS9Z2pMj1ZIdJJ9RxMHpV2ZkF1ZVLzTv7HAl+LZ73wsGe35zUmZ+dZ0IMLr6MEHqvjc94d3UeKWbxbM5HPvpnHE/4OKJ9ioBDwRqlxYhhdjuPm3DRDk8ihWE7EjnQQuVyHb6Y2N1nOH8TR8BXd2AwX56XJ2YOmeir82nNVg==
373,施宁静,男,440111200404153576,ukKTJFK,R3r;sJh.%,SafNmuBfg/6YcBQ80+LWo0atFe6O67A3DFHbQLX1nAVYEIOA0XwxjEMhPScYWrJ+I0hjuWkMD/gQY9WeiDuHtS5/0xON81GFZ6rK1h+pPSMfXPeYXkXc3+KIqUyR0xhnh/cMWYWv8SqjLY2VA3csJb490dP0rf5PK3FnE+2VMkbyn0r3tmXSTVuhaZ5P249aG5RlDRO3oRlaOSMpnnlIbDqbxUh7EwSxOAiuCwqn7D+f7hZt+BSwHah+RtZB0d2UpgOlYmthqDorCjSC0NGpJr1lcHY0knj9NRP8JhyntZT3Q+nlrm8a5YxZc1hXNIlmcivacjHWCV6xlI5GDwHKpg==
374,霍家辉,男,440111200512060676,dWhCLy,7zkF&diuy1ti,OJSGOiVSyCjOrSgh0FV8kcSaa+mF7GL4aysVVFkqEif1VCCl23OGbHvbm1oJOqQp9UftgBx4AWPPO888EnPBoo1bAjAwuKVI2aaro/7bd1Q2mUFO/WnnggzVlhozQvnO3FjevSR0LniktA8gq+t7Nr8Fr9Ux2pL9zzI+PGp0K7aaEvYzgUhMSeDs17yDQ9ydY2J5rtnDksCEF2+UOG9Ijd/YJ3qjNbdvBycngF3ur0bdw98jIpNbuqXUkjUNfZeyxCxKgo3t6ZjC3F2bk4SFayQffP3POQb2+ewhsxyFE3Z3z1wwZYcGnxcuD85oAggk9RbswRDr+TCix2zSlH5yew==
375,邓宇锐,男,440111198406105658,bA7fxs,2[FJ7Tl=,CFu9anHjb2TFY2IYxA8avZiaaF3EGMYa8pJkBeGTEdKAte4ThRTKtvvEIiopk35hd2bxmIwHWMLWZcuXkqzLKHiJrNmSR6Z3nxh7rW+LbKrNpoPsuZ2ld363ierIUqcFKSVIzJAsqYLbzDC+K+LhnB27jzvK3rX2ZQXRbVRI2PvxIE6zqiE42QkNMnQo6PiF7bU2kJDwOuG/ygjdvkOa39FBxTgM74bu1nUxqbK19vvaZoT0FjZU/F+W0W35gYvz2y65anSGuH2WkkJkkEVHqiHK8aP3UTL5L6MUwVDFJJK0+MYdUha7UcjypGNt+m4KPpQOy1FX8i+NbBmx2pux2g==
376,常柏,男,440111196703172655,pZGS1D,|5(}-.mR15bp,tHtWMXxaoDum/1TF4RvBIrTJScjb/1jhEvlQebliNnbauhE3CpPXW8qEDoKMUhkyoXKdTnB1Ud0AhCRS5ULSQ45FroT5BlR/4qtp7D2k3fgFyn27j5agwxpOvGMHZomPfPyHVmzKqtEs73e1QqTImU2j/x5gmoQmrDjjpPKbiXwAOwFEN5jLl7AAX2NH7qFwrMe63rseULZZlIalJuLUsO2fpiUTUtteCGxPQknPP6xygDyujGgrYF9z7ZObMcHIIAAn5JzdfVoHk0BzVq1mfxgaHpi+1Po3kgdkEkkkYxwO5A0khG5OV35DorrVvCO6JyZF/ZBBcIOh6aPJxS+Mmw==
377,车文博,男,440111200306128430,SDPtCslEu,E_u`B`JpOk7,AWXO32dqRI0eRIlcRNnTPdKM6Dy0a/lWzYX9wkfRrA2LR+xWVHULa5swY030ILv/M+ILwDV7eUICHxSATwWpVyOvyclH/FcJcaBmYWpSJAn/uaPkje5kQDHf4HsskBov9F5gbmrXnrG4TSMOQZkh+fmpHZoOTpavdnyNvCKJB3L3Ne63bwiRQVF9ZnKe9eFkJW2RfCdRsxtBPB1W9vZyVpGzdDXipJ//d7o1UjbjyffbN8hKbxzCFmWCBUa8E7VWv0fKKK0TDP2ntYPft7xW8/m0RWt8EE/taFgwc7rVzUnhXjG4QidkUh9JD+ntCB7sYxlRl33wPpa9gLoUfkoL9g==
378,周帅子轩,男,440111199206061616,Rsf4Z2,0;d~:>3tWW}+Ou,FKx2AkGaPyM7UshV1wlO4IJwkBaa7dGBFLZNMCXoRmd2BNtsTwiQbQCo6J4pov3dU/j/8sr5hoiZcejkln8kFW3rExqTXkcVftHa08iPVIkZiH7nXcgUy4OkbT1SlhNcab8hEUc/qfBxzvG3uJsXexqyqJnkpzJIcPIoIEGrvJpkxNNCzKhuGRqWbSDxtxdmsDblAfYQg/Z2LD45vRu53qoFaHarTd/4zA73cibXkb6I4DfIEXe/2V+iSJXHDOlEzQgw5pp04wFPoMGMiN7MlAix91Ycihov0ZdHSkBEtOhQx3Hq4aDru4K5jkOqoHplZxPykpxej9Hj0WAu3YZZvg==
379,汪晨曦,女,44011119951010000X,cfqnWWzkDezn,4wK~3F@;|z<VQ8mD,KBHuTw9zV80XGYEr29VZbNzXCD5aw4OL6D1CiVFGwSpGMTZO0Ich49ER5a301h3Kl0NDkLuKTn0WioTi6Pu4IdAINbUr9XukLgvJ7accSd5P9rnsaS5DOXzilCm9Rf7DhTwg14ZiAzsYZ3DygZt2sugzGtxhu0T0ZPCaqO8aa6UVvcjz0Xp6TRP0Jx/GhxJdtJ0NyKVyxrAyFUoA7MN4R/iW73MV8UApsPVqg68jvGdtzo2rZpnq+kEIay64G5Fk8qEQnGEscvaNJuF3Jh2IJ46p3hH4jMXax8uQW7h+06uVBqqZ3r51rB2gucha0tmr6SgHxkJmP10BP2qzKBCwIg==
380,熊军鑫,男,440111199103192031,vn7QlJQnVA3g,qu\8!5%SM.e_S,I4XaPv9hdDAp7sXBsQWrUzgSnbx/QyDc62XEu9vX4bU6VT803prVuAMHS+Rs1Zwn7gz24moj7zYCHMFvAp7IVvGmVNAYgNuqkVZOz5/4gZoMFfn9caBPsxZWLrpC7x9qxuzG24oMI7jbDpGAy0t11DveUPVT9nDB4BN/NGO3u+U2NUUa+FXdfbDoue/x5436xDKWAu4vzOpvCNWuUgYJGKdKpZjw4PcLDQhDF0YImgSzZCMzgmIo+KG84MCtz7MlQ6PzcLRfcqrxtz/rhetQIEDiMnZxVgsd167BjqKcay3/a0bc1L7PYWPEOA02Zfvdjan13xljVdKJ25eA6uglrQ==
381,黄瑶,女,440111198702224889,EdejXVwP,}V=}dFr-@=L,sbA2nObU5FK3uv4YAY2gbbhmJcmgMsHIyM3BFPG003hJpIzpTQhUJrDdUeXLtyID+CCcmn3eBDnLhPbNSWz5y0LiCvNhV1YIUTZ4vt3mSCk6Slk9r3ll7e5Jk3HCvUCqgUTKp6LrjWLHw3Ynfs2KJrWYRqViu32XCr5o4REY9kfivmH0qIHwEpMX2kxiu1LpZYTxaHkgtvTi9uqxibxtRDdIZD4x7wYUHnV8mHWIuhJkkgDtn/ErX9HmxJBLFAPxJzO6dHA1onERnLKo4bB0crFSwePLx3Od/wm6nEpkDd9Ocd680izx6tDbI2OkuB2RsKBh84bcozR2xdqNmvjGvg==
382,贾红,女,440111200505157400,D1dJgPbzLty,u`&R<*b{d,FP7T2y2Xo8TlF941oDJgcSRBKFLmXgeCtl1JFeba6ZMHpXgs0lw/S//agrOLD5YMmWgK5fbYJVFjMCFvsHtv0P3DIMF8fjrTlWf0LpIWUIaRGE9OQg8tZVLvVxIiEjCRCq7F7dBD3mK8ofN3OKFhOhH1AlEenvXPukQQNQ8Xc7EveHSfyoQLlmK0JsAb37QS4gPQePMAP69WZc88i/E2kJOp6KDPYhO8xgkdJreJ2zIxE/APAkJx8U58eqkY27FRBcvnZNrH35Wge8KYdzBfxsI7JXyI4JGUnBo/hf+x08aejxvuKsv4Dt2vujjC0mCgA7unFZDaBGHRa6XDzpf0yQ==
383,蒋温茂鹏飞,男,440111200604205414,kDFJebPxUo,bbk-!fYm,KcKT7HJWRTh8yhkIbZ0omE05FF2YaBufLF/hYcLN/ZXnfx9/DWV4FQt+qmsSZwuLZUs2L0D/rD7jpRycF4pfdIFYQn5g7/jvthuZy8HnjBTnDdO2SaCgEKnf4RQHdMzynHNCqu47P2lTuQn3sgYMSaaGSlycvtmF2EWn2nYcAR0K/fMY7FUFMOD/iygMLG/orvGm9KRkWJWs+N75Kya6hrOVHjGCqUV9/lbnzYxXykH8aF5efW3fghZuSX9Q6YntH+qrarOV3ookTvQMFHefQjPL6UgXlTTohTeKWQ2K7WgNSPaWI2XWkyWVgxs4W5M+dC+zRGGEwCVqCdTfRdQv2A==
384,曹涵,男,440111197001262079,nTYVxFN6htW,7_%$tSFV,BRQCb8Opev68GOgzk+yhtECkKUovckB4vX5wQy+f/WX2rO+ohsQTpXUkKA/WWFQaCugRywnuCSrhdLVwtYjkOfUgu8VHPXlAaiLwOxPf3J5gVNrqpCFi+osAgD635EM9n4RddEyD+/JRW9H9CstovLJLlJ8QNSMZ5eaZ05eheGvadBcS/BnAKNohu5ZhQS4cfq1s7hWqeaonOSKf4p9i1EPdS4TzCA7XJbVHxM8BLBhixMHkBm9vqPrniLaI5/EZKGBn+PbJ+WHxJj57CWozzZYaKufGtDRywKMp8IHeASK1AWetYFflI3EmNvyoIwYaesE74Umx5r2xsX2mzHGxrQ==
385,卢胜,男,440111200510186574,UHM1gtmU,nHb9%b:UN3-Y~q&],qSNu5w7wuF4/erGjpOYHUMOQRixxKVIcf+0dMvQMuxDx8IF7budxeBKroeAW2xzUoBpIqGGwKunaNCTZPG1d21pG+QCPnhmAJKVjxwFvr3JaePxduClypuJWmNtRxnWiAAm1Ix02mmtqkQBVTdM5vqW5i0nntCPs/oGwpeMjBEGx+awT2J1StWsiqNLeq4p3+Oi+RoHpPrIe0YNJv1vIRdRNV8eBOBDWB0MikCccJMgMy9ZiKY1OqJI5swVwltV3GI3MftDCBvLbCZx0EWPthNvS4/7/BSANfgS6krBAW/m7ZzFDx/cAwFj8fIibJyDMatbfy1/ogQ8dZbHSIdv44A==
386,项雅静琰,女,440111200107092762,yausnUVNr,I@eNf];3QPtU}t?s,evnGK2YP76tWM3nQaupN0BogmIVtU5o+FhSlBMYuye1egkzLZxxnVmt16ZIgUQ5KhhcRCH7CAJWG/a/gho+jPAJhUCY+8yV9Y7jgXuN3x/ZwYOEVuZsinSdSe1UYXecemuh5PfDQlDmwtlet1wDKU4R4GZmVJzWEN95PTI+svUM50WkppczAl49VzE7Ws8SzJsKIRBkIwnsHq6OUQKGr9ok3pm3YObsz3T/6yVSWk3jOug/3ZqqptjD8hqj+k1gUS/6ygaPyENBrOSDlg4V7NdWFf0kUJiKkNcyuHx3Nc5ERMWEhFuPo0sXpl1pvjOQwjS9jcCj0VbfKxcCwX71HXw==
387,温慧,女,440111197109236489,oEIQURTn,l5#Wp\tm<.?Fi,e+Y4VLv6+/RSZT0K0GjWvnDW1pepqof8F/6YN2CKVGPyq6cBzohrauJlNAKtvagY850brXGbuj/4J/Wnk5Q138yLVsKfWDbMtN6OFVQPN4UrnYahxHT6S0g10AzYcAa5d2DxdshFmu0krJCokbHmY/f9LUz5YiqKNnroOhNSLk3gkYBoITMs1goiCmPHs7hiwQkakx4kz7Y21fy94Y3HhM1RtvGGpz2ojQ9AtvbEsTuMgZ71WZpZTtyYmQ016iork2CtTAB5ygf86CcSPoei2yWW+7vsmtZ3rh+uvCUfrsaon0bJtiMEnjNhFfiSA7kO0e7+GC6HA8I9e9Mqy5Roeg==
388,钱依诺,女,440111199703126564,cdTGo5,(}DH.Se&aTYMu.Q,A7QqIxA1L6nux37KhsKtJfTetdk3OOWuGqtkl1X0rIdyQ1vCKvrHN0IwD5fWKHaC04gwfBe6fm91PlB3WqstH4dXczyrpYxCyi5oDGAQaDVxRTyrD1V5Kd/9knxnBsr/eI+r/4ZqHCCLQWTLAogCwUytO26ayDfS4X81UouDZcOFB8iv4gMPl0IUhLQQTDDYHLkC82u8BcnNBazEufQsfc9PtkV6e9zIhw8lE1hq+sZPsqxu3dJEe13yqk/hYvl14tDWURaYPlGVVx0IyB3Z8gaKNI/R0XKJHD9/My7onj+LiASsXcGYcsPWw2dpsznBdn9kzH88CL/AIlCqFypIfQ==
389,江茜,女,440111199609101723,rB1k3O0Z,?Y7=5$Hww?\hC3nh,NPZefSJ/xDEd+6ONWJ2yyZfFctPtxoixMwcBT1INLqY9gnYZz4YHy7A3qwPEvKVcs2YjBxd7Qhl05SpB7oXqUodu/zaguWJYQHP2bxTKULuCCOGAmQHf8b8wb3GSkknpVEEO1riXWzZiFqjC0rl8Ej54evcibLLPAV4zlOE15r4lUFIIc4xXz6L8UGUx5b5R+d2e59SEk6pzrCEM4e1cmBvTETL1zWESqXMt58afi0MRqbZFa76jq1U0aP9GGbX7zZ9/jhQ1fyY3Xic/bwlgtrDFEmIdqw4+LQYTxwjeFQ0tVQgQHtDCWEy/17Wy+v77WAA4SEqTenXEpHF/CgqUvA==
390,肖梦洁淑芬,女,440111196612203460,FPly32zbWI,#](^?U3J;Ac,Lln9+GL1C4Z0OV27LRuDhSKagbFOiMrGUCh13MPsKsbqbXNrCVK2IbsGkOK+UctfWILx4pFY1z4MNAo9K1MS19lWO4ExvNWrIlwgIFCRr6fWa2DI5wDR3rSZ5fEM+f3yIVoe8zQ1ABJ2eISa375jMDUmhJrTMgJlUvVKVspgVmvTna8ePNzttK5LRMtrVblulK1SQxQ6YW2cn8YCi6BmqztHJEHqvuwuIGmpB5FERj2PcxQib4Q6Mrtv4QUgY64Rn5ASbB7Pb71B8qdl+kPzFyeiO0OvWSN+MOI3n3eHImPasHTzcIi9A2t90dH+yU9CTcKOokZ1YystWldjTVpBTQ==
391,温志新毅,男,440111199707021591,UuaL6o4J5Pf9,s|]EwSX-3UR5!F,uGifFPZNxViD5sQ70wTnSbniaVZ10fb9auZG21s/FIi7MJwHv2kCxm6mbohQVGZO5u2dwQTfMHCqGCiY8nvN9yYushHV+sZy+746pL+DhuHj/WwKlrqQm9pozNsLVF4fRfXPcvmtT00p4pC0kKHVIpowZBIMn+1NXi8aQ7M2ObMHYzu4FjMFt9CZ/3563dmOKWLYKObecPL9gBye1kkXfBA5muhHVXvLB9uIfHO4ruryMjcRdQFcnQL2WEuQh7U2N+ubl4lgHKgFKW+kTiBYBGskykimClhYP76z/pTvHL7ToiLidrhJ3kW9uBDFHwu8fBzRIJAHd23IAFHjVqD8xA==
392,钟卫国,男,440111197911286459,JacYUFmn,xKdnADbjr~-(!:@{,iAf/u6VcPtqkdgySynq0hB927uqOTjgUtRiF8cLasLK7RVUlqqZWgSOUfhmaS7DiJLedkfhEBVzCw4LWmYI9HeaVli1n54VHVuk56S3aEMPKLaPv3CG551mtr/rSEGlZ3zBIipkAEKj62ocR6IjPiw5EPFj/TcanuxOVmvb7O+7RmzbV/vVVc91zgt2GOU2tP/ZU+SAFvs/ArxR0Vs7Oq+gKMAFDWMbnHpnd9BUg1Mb0GgX1dE3l+vrbo2Du5cCSqppiJyTPIHBgUZec0eJb+64XRNuMLdQQiDnCPxnkZHBr9pMliL2YIfwdiDPEshHRtn3XFTk5Gb62XWMeiV2opw==
393,梅博,男,440111197204220637,q5ahhT,QQ\pZITIV<`T,70MLv5GX3742/P5nITpiO7kSaQsTf5A+kJRPLUSUmZdFLWWx3lhAlhIp84TZl39/MIkwolJO69XsEBOkjvXIktvcepao85bwu1y57YeHFci7vOgDjllwyJX8ZdCqMNIZVVrMKfPnQw4NbdO2phqVzcYbwpPAJeqnl+B6l0kD5ZLZkIuqjlw5JGUDGIugSsOQdBUDSh4VHmU1RUBEkr1mnH7jnsRvQE+L1bIo8TZBSOfC6uXmsAcXSEW+mqPCn5XZMMIQjPo2vOet9KAutmgiAaDDWxW9q/F6gNMQNj+b7y74fHyefT7w6S6RK2AWYsdK7KAE6vv+D8HpNA/q/tsx4Q==
394,蒋冬雪,女,440111198911199800,nxd3j0LW,([~KdihE4%),dajTzLbEMToWNO/jfv5yUsMv6UQes02Knd5kgEkzB6FUHVmNV7PWx7UlYa0cA8YchEU+7DuW3HKCSsvhubc3NAD3RhRUM6XUpldKozSebPA6hUg5mZ29rMjlDLH8ODPpiS16uCk7Rx+KggNZoh2miqfHYKjT2pEMZDtmxAlkB+Q5cFDVUyM9zc7DYOQuBd79RK87FSbOMZ114caHgBOzQJAEOsgMiHmHxGrj9Dc+fRujPqWW4RlD/9PjbzhYBT0PkVNp/T+b6aYRMRM+TGgFLyN4dSkdX6/fUw59pMFK92PFjcj5qB3eCcSIUuVValCG3TwhPTIjf4BtEAZPAFjiPw==
395,丁荣轩凯,男,440111198003217030,iTa9FuRanL5,1#J#M)Pom,J+V9GxtzY4qG44Txuk3GyNc45KjbuVhiuo5aUnFzqKZCGXEBZlwXY2GLjONgdgZ/GLkxKI6nONfZuZAEIz3YzvEp7W6FxozhERzj9qeaUzUkjyXthAiNXVihkMTX17WyKTYUvSPwUAjNnhHlQRjzmJJwk5awHX80VcONIwityyNa8PGr4Mroi0Xrw4HnylP9ijixjTCIoRd3OF3wEfWSEQOs8pD7buZB0spJKvEgV5ICGI7356wNQZAiM2qyHEZ2IWUHwf5s8xbN6pQJ4n9NFrMhwocn0z3maVtM252hU+B1i1zH/ycrkM5t4NLy6M3LYb0Qfu26BIY5c6Fizy4wYA==
396,许小红,女,44011119980405220X,f7A0SWpJrtPe,l!Z\j8`dY@=!vG,eU5AL/PWbWFKjiQhgTyhkuih5Uo6jTiGatcKzCEdecggjAOAIUDPj3akhJEBxIpvKsaUbGUMRr6nKir0aqxR36IWHHpc/B/oGkvEU1LBXSsQWjjIyXDYGYVwmqsk2TwWmOYGYiH0dqucn5e1Abedc+ibV2kjgCuroN0WFxIMEBb0N4wE4iCoQ3+YcUOer4W/tI/NmQL3WE8vAEyo0x2RagkOD3v4xzShdZD/PqdkMlR7wWsxAAmuMs2qWmloG373GFNqVyDBHLLrER7ZYuUfpHyuEFXcHh6XpJJ/BZzdJxCPO4WyxHtoNk0NE0iGDBh8sGdU7NSsil17CnUy5NA5YA==
397,秦德明,男,440111198703074851,eCXBhZlm,6!\Xyt`5.,FeLroJ+xEqkXyDu63HAxn1N1ui7o7oo24fQ0+wOHZjjhdSQh0TwCL88LQRIiXQUhXE4G8s7r2vIAADgFGL0qOhYATS3OBRUE+M6ThKo9bV5IupWU2u4ta0JIvhXuLWGw1/nUvuUPXFYXgeCn65FJ7w0d5AygyuJo6uwb5thtezvrvHbF5hT2leKjPrhUqxYUUUBMlWRHncOjs5Fl20JzpVed7uB0vtjq36FWV/gC+ZIBLgiA+l4l2zerjtAsBW+0/CYaBwKNXBh/78L41XehEiM3b74kgM4t0iXFGB/ojLKlPHwDUCGXLQq3txwZiC4pKylgybXv3EkoGjutTckmow==
398,霍梦佳慧,女,440111199406293921,fjbY8uEiqiNX,.&hCMrnE,SfosSHnRaOdZc1OuIZrgFUguk49sL/aEzQO5rqLKg4G9gVkP2A/mHQIpjQkrdajshDR8+hA96ryYM0jqk5M7xPsGSewIWB64WKWmZzd2aQpe9pI+8MPuuIfrGmDVCyiIKw0Ip/5N/19t5sQyi3eM6haJWP1ajZVp4GWJRoP/QXk9fxHl8tcg1xV9VhJBw+UrR21lJO1bzAscN/jjnX9s425j83Ns5EvM5VIqpRM9rzvK+wvi3ipEAsFf0eQzFugoOlUwevQIpqytMR3AXNx07FEOOPfXY6zY9jRrlYggdIie5XO5Gc/TVxZ98DcKKOXy8gtbKB6jSEBAFwghy+0+wA==
399,安阳,男,440111198510265731,uL9cmz,gdvs9YDA)>.wZj,L5aiYCkcimiW8yx9BMltxrYD/HEEvqU7eAxCEAfr7GkqPPPHpFVXi/GfyxN8H2C9wpJjef5bdy5qf2q/bCONVb1DPTF7T9pOByetrSVq2kNQH2rxo3iTIXOmJ8aF5yeqH2BV3mHC3O4Ey/ntBp5WFWMt1AZTOZMo1eJhqPOrruTzSzC1fbFy9un64wiqk07bRnEBR+jXMVzf5dAq/urfK92FuSz7b88gDHP8d2gG+WbDccMLXRFZ7GuhFowOBs+2A5lOQztUBOJTsILa1EoR/iJg/Kj2gbSqCiAqnpFyeMBZUKB/jX5u/h34/UbdftzDmb6L+o5li+BQU75G0dmFnQ==
400,谢兰,女,440111196604309185,0eLDIoCChwQHN,.Y=/Oe`EgWN+!,WUiRRL6yKXNalU/2ElFFX1MJtGJ3g6hDpkMltg8Eo5AqVY/oERJhXv7y/KzQua96bwvzRLdgb/FEKxu6/NN6Wtm/S21VIE9JUNtCpbNAY9DidxAIOz39cIBpWHNmJ55IAt+mnuJqoKCYmxEsLZF2MvxFMpMS0PcBWSyE0AdYaUMW066VpbgdVXt47/XNsWvYYTj2FAR/VMfkkzSz7hDT3SbTJOKRAEf7r3FJeR1bf/bJrszYLTnjVmlpk2Wb0iW8C4PUIG9EiET47NHkhRGjzsVe88mSd7UW0HSujohwL6v6F0C87AgRKJUzqHEma23KBfkQkLZrYTaBEHndF3GEIg==
401,时璇,女,440111200701230881,qZe2I5GF,mTnm^#kH~$:6,ona+iFitCwLMOy4uUWyhmsySR42EoZAYTZFMJiALZi0de6bLJF9KDgghZbvVMGcAZrynURWzhS1jkBy+fDVjWlERAjfi0KAsKLrMXnUpNv+LnEm8X2lCUWnnI03o0ofGlivzyyyigGBU06NsLSufVbSH0SdBKNAJFC0uOSzNUG4J9EPM505Sfw2t/YbCvjDkDK9VCMjoaOiD6hdtoJxGdazsXBjXG87OTNsYJ1s9rUu9FFj5/n2PxCpEvxBca+U0E8F3FSCGdqHsHM9wQH5Di2j8oB5W71vt5A6WAsfc0gEi9Y1SOSGxaCT70ZNUYTDMfCe/Ds9ccvvsWJfn2IyYTw==
402,曹映雪,女,440111196611217465,Bm9DOI6abhh,#aw<@3hdA{6`L,cCdKjYoCPkZo2qBMkqEVXAme/f0AOtoXF7bcQpenB9oQEIUOuNycdUD3QAN4XsOAa96xzl3ZjeahUDd0gTSyLqf5xvZNZoBNmXipHO8heH2VIm1G1jODD33QwHWCogQEH0c4GwOX5TMZE8JyPmGitCGN2Yf2drSAeZ5fP2n/ZAetYaeTOw/9Jw9T8nKJic9GE/52VGrp8b/ZZKzS0zLyhOTyMFOQkkK7Y0ftALXe/fGj8Pc0HUT8/KXhbkAmMOo2sKV8qwg1igXdo5GlKENd0zJD0i9ONia9PAZ1o+YPooDh4zegXgf/Rj2OeCMBNN+tkLXZPUcIgwEf0fMq1US2CA==
403,汪磊正阳,男,440111199212120010,AiVWDGcS9Q,)[d]`K[%68DRncNn,SDuRauGLMrpmcXoM+heL0lnZkNvhiHHJCqAXhpK/ZmfH1B+8/YP55P6iruVGFGw4UipQap+uFXsNutqHSxPVLaHClFG9OI/AjCoOE+EB2AiGlvutFFTtgYw6/P1C2tufEammruF7KwEjJjVQPDMJ5YRTS6Uk3CP8UW+vYJkb4IcuSBVIDghi/EPkQuzuniqIJMTbf/MKoqfuqKpgdaZFAxDieMfubp0neypKpl3Zd9z4Fid8nMbCf3U9D4b+BfAeP41B36ttKtzfRV+EKkakjTWqk17rSuUht+zhagK9EZKyVvN2oUym1xqRGi2aiPCX8Y5nRvh8qYVa4Nzzek5wEA==
404,孔婉仪雅,女,440111198912041044,gEWfrSJ6,Ha9&NgXv,aq+zX/4LTqYYWWkI0XdKIsW0iO4L2Ekln1pjg8o0PvQIzi9WBr3hndS6g4ibRaA0VTAutu+r8Dur4zW6G4xz11ffRNSGBjYYoFLpHPJhsVGesCuqvtdQtLJZjgP9j5dr9N7TVqmv7r8SiotUrhJsnMlq1KrwHg0uwlYHi0xf6ubEkfP2Vexho44gWnvqArlNR53jA/lUBe+KIspeg8/eJDC51aPgGi908tTqric675hFmXYleSOF0wOexcTrU8lJkxS9CNIqAzN2EuR8jHUb3sFlpeapQJusVGW2uCwT9z7Re0VUFB697ymUF1viqHG6rJxXeVgfEORQIMMQsl+7Yw==
405,范光辉,男,440111200006106037,EEupxEzIOB,|/(>}l1vQy^,H3Vlbe7WPDyLAm49YbWK+fYVVdjOzUTqR0R6RcwtukqUXNk0us3hOmRpS/DqwX7mP4I06e5gPZXV8gO3PwXIUkdtDV6hHYtAcx861jMAmvoQwKXEHNALmXtPVu5LV9OQLS5aZdIsvJ+6FHlADcnEcvFjGXpO5v5U37gO48qvrtTMEL/r05Co1iw+c4xUfyUgRZuZHHH7R5QOaYU89oLTxW26cY8292nYFomamZkVjQqmLVVOw5zOmMX8rRWzI3TNlRq4JkbER1ZdnjDXSKQ6m10o9tx/c86rmYlX/vfQeUvFIrPirWsI/dkBmZmhdQl96rnVg9NHGwQSDkjdm/n1lg==
406,史曼殊,女,440111200302269682,XoTDhdVhnGLd,S{=vMe%kKnQy!L9},kNJ3zEq2NYQRuLf9n2uP8oCxty/HYUaLZM9xwfthWsN6y7AO5wy59agxRNNPwHCNRildcoBkqFxgXcoxO9r/aoEshkAtFAdq3EaQ6uy1Q0eJFphkhwBjeAme52xYrJhdzEMmhHJoh0WcsN8ls2Egza8StDoPtrwVk1JBdt0uThuBicoC3NTUD5kcgGPj5McpwNRN98r5alpJWBfW0FSABWQMIYWXvfLUEA/ZxyZ8cfar50IBtYs+uDRxWPzyNrzrRKPpJ5e3zBI4g7Uekw4ylruLgXkqriPQqvIxRP8yh3JGRS3bnWv9pQr1+oy/Z4f2HLRrxz7Hf5ugsN/nZEfBsQ==
407,韩明哲山,男,440111197310100292,HdfXAwmV9I,oC\LI\oVqI,ZKlpVWpN2d/ou2FRPrbtjtpl8leBBQvER6QoPTVcxhcs+wBBS2bqbxR2p6dzUa1dYgJ2IxQL+NNFiB7Oi/y+m3d0VcnOin4Mro3p3ECFlc/SJQtUZBw0xXM3AnKerraVxqKA2hKVKSGzXqgC/4aHcwqNE0MIFt0C9O03r5U2yNy/2BCY5IHfdDBN0ICmIK6xBSMoWTCdPOzyx1ISTrUovkeIL0KAuq2k9YHHNVosheaZ2WsAtSI/k7fKbNgKNaTBNzXXNzJYL3YN1edWtXAfTFz9ZQDI715lE7Q7T5Mt5ldJL3zP0TdFHm/XWFoyZNGR0MVsWhgYACg90QYHMLtSKQ==
408,冯薇,女,44011119960112834X,mj8FAtWwOR,X5)*Xk&UrV9>,c7mHAGR2H3PfNAMA+FKql8mSKxbRgs9UfW9fPvnka8INGLzVEuOzEjY3WpiKA2It+fBeUbF8/7jCH2RnFl0bOEHRdr9jjPDg8FCKRbfe6qB8Ti0dcvRlyXmIXNPaOxPLfZk0wy1KL2SXXuN4oWQL9Zufc5lB3AQgGfYHo07k0hevc4sjbg3SOB51VOatnPtRfiswQZen7hzfb5HVZk4NjCC3BmxMfkwQHTmUAnHqNXbm2BAS0h7ZgIw9v4iTrxvg1UtdAH10ncYtBjLEI6/2Gq4T//2uihjnEZyrekSKhTu8a/z8n1vEWfdjDwrR09L2mTnVjsFzh2wo+Nq8JvfP+A==
409,左彩云瑶,女,440111199203053821,mp2WmLg,&n{6lL03a,dIyfAF5MOclJLJzXYdrHayUPNeMbd3LzoEgXfVOhFbVgjOR/ixdKYy+0Bcn5BrJnBcnltyTncbJMJAcVdQQkX/qLfVzHXfbmvzqR/kLrpMXCNSjD81SClVI/PbdesrAaTWupqWptx1d7LRKJf7688QePpLcxv0O2SlJzRsRPrlsLgMMqO1QO6cKWJnW2aP7OWYiTy4r2sJngA1jf/l5svQvMaxuxXhpSTXcptr/sAmWxjXbRD3T9TBK5/6taATGJ9QwYgLXw04/Sc1w980DNUT5pDlUbxwudkuF2LUji7FFFh6xCIe8c7gqXzRZd52ye85ZIhZg6H6RgfgaYADEjKg==
410,牟敏学,男,440111199209269092,n0lBRS,XaU.\)|Q+,AUfomwNi799nFcu28SS7022feOSkFv0YLDlMWH1YdPkKdIWDMBbIugTe6YPPW6rqZuFqsyw1G0GDj2pSkCa1ZKxcN/1wVDNUCGCEWj6Dj5rXzazIQSDwUU1XAB2bAZq25UQle9jAEJfoN4DecIWqG4JK56wKqDH0UZCfq2sdnOwSzZl4TJSG0EcAdxi44QVJkaHuZdHjqqNWM2fXbzFH9PMaGo5/Wic8t+SmXQmb0vsQtbsMAPAYdVGG7ybLc87fydQWCnBc2l/K3sl9jMEJ8ne5lzixiEEMEda9PCW9X7zVwrGg46RqXgNjEfJ7ea1178DL1IrkhO3giRjs9CrXbw==
411,武明轩国强,男,44011119960726959X,gM9jK3ymSE,sItCeiS^<J/`m<8,Y07qv+McMyxqukiba9VGTdWCAQuxNk4zCqcAHCfPNB/nBMOEZYXNX6ZBG6xUaHzR9auQpup/GZpL9wvL/3yMtfDMP/l2UW0rdSe3o52pDvAMNx6ZHcpHHU/8HSSpvabbfRQtXXXo9ZFBSLS90jLtHx00S/b2FYznhfwTCBEVIYI8zOFp7+3A5bf3orwt0tz5PyNyRCRmGSz3vrv2q3urVzB7xvMura7Gc81zsCh4zuEDJyjzoM/b9sksFa9yIODGqeP+X0MI7miuhJ9p7nRGKsULqs72OqgQj3N5GZL23tx2DzXb3m36kciOlUXCp9rX9PxNv40ncSyV5oTLnbxJ1A==
412,钱舒雅婕,女,44011119670104430X,WfuoW5TQb6,J|nR<S-0LC<_8uy,iqR0eOxOwWvbjOx+BUDv5T2zgF5Jk/YlVwP7gblYnHr3tuRlu2bClSujBJs3GXwMjyNlAlweYCqwFzF+6nS/xaMHgpNvsg6wacDeONcMp/WK7Vi1v+BmMFzuaCYgMOQO7guTXOEqPCXKuZXBPOZniUWOTOEjWxZjBgGhTNaZe8njrBnartRNx6W4wsTASOeuV4PqbZTv9YoWOCeB6x/AKmCQxsFYjTr7xTakaOFD/68YwvbqYLyukn5AME1fQ1YdsdC5n7IrYpO/egB6Ql8ZSEMNdrqcSzZrDjJA0Uk5vd0+lvNE53xN6sdHKmh9U4ZWfsyevr8FBlHSq1KsJ2rfNQ==
413,薛家辉,男,440111197310196191,yjt48NPKB,H4XFb\DG{UaZ,ZrGAnc+SbXro9dv0c2FYlbuAhr1CfFeSyFO3TKj4oYMSUsXWCwYPTAvtw/0Irj0Fh6HW5fCrQYwNyHB/9GgED0PcDFlJibacgi5Qia9dJTbkrVXdYEcL9KDadyX9KWmiw9qyLEEd9adYU4zsSb1xI+NT4ecyDZmRls6/luXRHrSRgVz/yGT0MUbtxHYsmUQuMy4KOm+GTEWLD6q6LbkrT7WxGwQpeZQlxYmgKoT7OsF4BzPLf89fC86IwZvCWNv/tCfgxpENBmozYyTTGYK6rGmE9HONR1JUCDH2pqjGZr4OXU/GD/aNHKITP3Lqr1POBZSZMwEVCOnGy58cUaj2IA==
414,贺同和彦博,男,440111197208101395,eCM6l71,-BtA(7T\,RPljOcBMcQT1XdJICdVYaJWkD9/Sksv7qRB02Odf3B3xrmQyhYFEB1VRX1Vo9XpeGn7xrPK0rm07Og+wBtv+ZS72S+pYXy82uGYhrGdggGAH1J7+hRqa5o37hFwsStC0daEX1GLPMjPRYhkNvNA8hBxcRkal7fO+Qu1GWsMD/dS70SJZYq4/gTJAOYDGHL/yaDGRz9mvFjOHoTYRbgnYM4t3Lwne20HhFI/AU0qATe4pqBfJsccXsokeZwyEH6o9KVomHqeS4rC0NTmcFyI4Iv16gZk6W6XZIL6Xa6cP09ILZetyb/s0DOUtkl/qYhMTl9f38I3HgfkKqE9aIEhDLw==
415,牟高远康健,男,440111198712079478,YchM9614ekIh,0Lh%kS+wKFK{p<,ob/Xjv2zCkNzMJtDHCZjpznPmm/DaRSf+IfStn22aj2eaoIalBEIRcF/WM0TNppISlat/3VJBlGLOOQGs0eaVtc+rEldrriAf3ag3EjshgVWfU3///yxtJbYIyxocUznSMm4OfTfvFZnaiqGt1x6wMWs4vLUCKQv3+WLrICl8aQgjA1b0w1ydieAYS4MAPxwpgtfArK5v57TLYCv9QeaO2ILyjnLFY2Ms+bIgBaY0kcJ4Bjbn+yLHRR3Ksh7DPuJC+snbcn/MseHY8O6ScU97vZCf8ERtqqxX9HRH5uyyOHaRQRbUrgAJaTxoyTMm7bGWeZ13G565A+BvQle0+8+lQ==
416,钟秀,女,440111198008022320,QROiB1nOBXO,wpgUC<%Pt~0A$J,yj9f0/BIaTYfeWCc3OKQHL6quef+nRRtOHkpTbMAcY/gTvxvWuXtxEJUV8iVu048YCbRpJAbTGn4NbAiN6/tcHMts73n2cBhn4o6XawNmyD93iNXfLxGxobgvrybkjMQe9vkGiHEjyb4yl8mkJWdJM6lW/ZZnrMUeNwOBc8JHg0Xwiy0N3ZMNmBBrZt+HXF4ExvYCfUZqntRGAMuTQNjToYWSBj3ZAUwLrVngPLfzfXcA/DieGKr0xjWCT1FG780dYrOu8RzZKjn82VA45QUaBAUk10yqkbL6beX62IDB9J5Qc5xUxQi0/NygHgdWQVzT8cfRgjg+pOMdZczyViYtQ==
417,倪静香颖,女,440111199612032861,W7G2bK7Z,zy?.kd<Y7S2PxGVX,EIA9/PCjbNmQwOjNEpkSgNbnWqHT4/4TJ5KRhFZhAb46YrkRkvhQZHarFeObNABb5kmuPz4VrQDpOmHor1vbhqXvgfUXnDYsFsMnqJsBwHckk8Yef61IwO1D1RujlE9EHgx49Rw/iK63gPeVpgtVbnx/DnR/l0lHP8lEMP9C86KUycjCV5lDuEUcB/T3ZX1/vxC+iGzITgOZKmwpZdsw3OuGBtHDrEdWLQJyytLuOJK9QZspcTySfCUXQCNQ51fWjGKxJdCcKBEooLukbwdaihv3Arn7DgIjITeGbMetImcXhmAjYCBbm/WqpC6FGyzvYi3Mb1hzzfMRstTRpVdveQ==
418,于娜,女,440111198703279582,ctC01L,z^ppY#O%X{|v_,KBTwFtM+KCRktjWPX0PTAvhC5uy0IuylysCgja+S+cdMEJ7W9L0CGhWHlf9oI/17St62RLuo5984ec2naisk8I40rroRlbBX9CTcPtMO/wGrc6ZIDHQx2cGXxnANJ1RxRCVyhw9s6O9mFxwxda9zv6UKVdyj3DNCcau6zVjxwsHNne9IdsEHrJaqdNLuH8wQIhCJVtyulJOpORh9PDnvdebFYT7P4S5DOmrfY6y9fO5GowCODte37idUrC+uFBVqUtMpVT+wKJiST5SolqsAJdcN0gO2Iarg1jk6gbWFfq2Y6zLpiiXsGLFd/YRvIDNtKdMJwJ0vTi5t3sssMr7kfA==
419,严岚,女,440111198008115703,wWY5joDsP,D^LwmaZo_h6xx}9:,Ou7ll3BtrTKfng+W1bsaPpCE9VYM/Z5pSKLXiP+OBks73hL1yBW6dpirlLs4SAnd1HHzY6tX58u3z8iq3DqFqmqoaqYYUHeyASVvNA5cBMQGWh/4wN2LnfEK/0Hgi6bSQibEaVPj/6U73L0iaZ9qHmNApVSoFGNXr+soLsOEC1F0gsZtBG8fXg1HSTisQNhnoBRwOYUhIccl1SQ5NsNd2yc73l7f4d06gB5eBL08N2KU18kihhOwPM1f/3tLZT7oPXSyjspcp721c/u7xEZAGFzSYkdN3ZRwMe6eRXkjW5OjPH3bdzgisck97KcG27QU7foSw2Sv0Mb1rNfQPRcvUg==
420,车昌盛栋,男,440111197703154750,ymPeFMwMtn,EQn`S_?08j,HiGVw9IQ1hT8ClgZl+Tpah+rhbgzYVhogLG6a+MZUec8w35mu6xtwHjayu4bRvRnonFNCCJT39LbjWOlq9ZapAwwdpsxDLRBVK8izp9vo0NDP38hJi2oHgTql7mZQR2jd5hxXigUuvANpowlNX3zICALmkQcWy4kCeivCt77bMfzTXCcQoF3e+m6xCgzOpJlTpyKPE16y696LDHIuvguaEiYgLW964JveUKnZcru0oOeqL5q2MvWfqXaYLWAoFMtzv9O2B7j0r7qPq2FJ0DL+sQdO+z5PYy3RlqmuX0Jk1sawZK4dDVH4bEoZaY4rY3r6qfXrNNea5xd1HdaKdt2dA==
421,杨嘉祥绍辉,男,440111198411163334,NpCnXw,ILa0Q:bw+%\,Jl7XGBkqWcAnf38WDQ7AdBI+zOIituiRhUAnGA5xWSvZA4JI6n8EgR8nHBg2qMMIWFEB0IW8Tg9L6mz/EFeAynUUddSLmklMsuewK184SlfaVX9lyujhSeWu/p5Ib1zl6u9Yj2dgJZ0b6seMTUqWSnmUIDxz1OgyQQSAMdZpQTUqze2Zwk4cn7gvHbUk5IaA6/c52SL3OZmVfkPjlfC6Q/a+YB51oBFjGpajAgxYWWRRdlvIDZIS9VoWGOXGB9IEpMmH/IkoLPHvWWP+i+kZOch8TvQeayM2dP+j9hvP5QFkW9TH1VRM2QkfPglyqmWKhJJA5GXDVeGwwbCoPWgOSg==
422,岳伟伟泽,男,440111200107120874,GjvCmwXP,F}T~)J^<5l9DR,sgywy4JQf0Omse+p6pHB3Lk1/gXgFPasAMIGdnu4MKvq6Z7mhCQYS3fzSpBbI+ewg8MApbg3MX5yms87z0Sv4ug+2FgdDh8FBGZ3w3gFFRMvSQ7Zu6qJKWf8SxOpBidrWscPsn87ygfFeFruhgWuP36r8wej6c7IPS5JIQRdUQl3kT8VsGoch9wmKN5sBXw+KeVtK/2Z+caF9cvy8ww9FQfn97X+n5MoIRBYtSdWcMGscdBYY9l8Eh0h2SSBBxB0t9QzoZ7WavRYrK2RUgVCK4zd3kzLwVqfBKNQD69DE5vprI8yupzpiBcsS67GFqyRhIqmLWfIsOqdh2R6OhvXMA==
423,时强彦博,男,440111198509258710,B61rUa1ipv8,:;!#O^t`5Zjg]3],SrIpHGuCRGygGaFqt8Z9a9G1vOWKTQRDvjKhkNCtXktPbuRXDiP9cQX/ptPWVD7lLV94+vzv72wHrzaop+Ae3FKjz+dNGBgeq1EPwRNzQLQFqKjfuYbbCn3s0K2WrngF5o7XJ1KVzmXA2ZQ/hNSywu50RHyHH2vHXvfJh/LOnZwLsrrSfminmZzdZFY8KI4bmc0e+rMmc83QarUTwdY6OJZDmj9xG7WQJ7SQKSfId1Z4jhR1VtvTST0Gm+f7k3w264Q32xfUPRPpFU9B4twFlWRlPStjR9Lv6XI9d/vRgm8rtaFKhT3pPJN8lp+qv1jmpuQA9scO76EHJ/QVgiTC0Q==
424,曹德明,男,440111197910048571,nBjEXYW9,D2AL@y@4_s&,IXZffRzkLy9HsVp/25uA23KeWiLtq96F3Qabf5Nur6WI+hbPH3jrrFM9V8+4jOJfMNwwHXER6EkSIVlgzGnP5JcRkPUpjgEvCOpH34pTvoiNifWrz67QlhM7QgqlRkuh+Rwa9AP+4IGnoJY0c4rv6r/oH7ZUMKcPNHJWpOdYcJSDj0oYmhuUuSjX7Db2UzbxE65ofayaT0Lk6j++LK7tKZaN5bUROUl3dmwKFu3NZZ3XGUROvKmUNkVl4jGfpRQXd+eS8ZFQbKnLldYriTqK0Ok/uPyZBAjCVIOl0sY9ObgnQ2Sb9oPFImFtCwgWRTQsd7wA9u1Z3kF3q/995w+ekQ==
425,薛永强,男,440111196808281938,GM8Z9cLM4J,U^brTW4&|V}T*,XK1ohjH++HJf6PIlg/99v5WWt/PVebfdBHbmMCmskz4zyFzUUBxFSQAyNNoaJyfwgetfTBWNTYqqejiPvKZqcazp6EBPWVFXUPc81z6U5U7uBjD8nhNojU6iFO+9a/cODVIMe4Aopv/cLLb9kjSn2bHfHWjceIzFFtktWnWLt2JhjuNFPyXJAFw54Q9fXYDQdrNMz/HlNNAyvcwSiowy2xNaX+PeJvo8NXs7nBaxgt+NUXUoFcxE0Wk2QVQeUD9rs3GV2zISm0XtA9yl/dlWxDxZvqomg3k/mwM8EVvGDGx4WpWa6NvuR4ye8yOlgOZqaGTMrc5pnpvcpBxur5fObQ==
426,汪佳怡岚,女,440111197001122260,RrbL1RT,D]NGRJZPo.|jWS,Sua4OnUNVz6mngzkag6U8cBxqr+C+bBeWLtpLnDkfrR4ZAWAD7hv3qR7g6hYqoETqSHh+whmrtS5Ce8a/cUtVCnLp1aGaMe5SrJbVJudH/kv+r1kiY4B/m/PBiGY15KHL++Emhf3H5B9qQdsVwyW9yUFLCRxq7knDO+sybYFESkS/DeF7uAV4f1BokhK1IC0rIkgAC7kFZPMY5SouDY656YwmFJmUVz3mR1GEXDAHPme1hWz+/TbYNLfzPI21+HF2nHY8FdT68hX7Q9wJsNXL8p+Wt5POnEHSdMrXA2fk5aCyNPaj34RNQlDK7jYJjjbT1v7Aro10ArtnR/iQnZGbQ==
427,庞建国,男,440111199007199137,kudUzYQc,G)jh=Nch&!k\,uJfz3Gk4B0nRDjiccoryCM33Dk3tpTrdEcEjiKjTQz4jrQrM1p+/qBUMSbagW3iTfLqc6/1zPmbQ2ewDzZfCT9aGkJeVcUz3/Pw5LGXzJQQ8A5AI/YUOBiUcC0om6hXXlBgrlywgVNd6RQmrDhAEuineVFxL58h7vPxrgnTgcgCw/0I9cv/dId1B5qC+7In/nHOb6SWQimBkkFGP0m5M9ZrM7Tx7l3Kd1eA4ng9b2YA779EZygu/ZyGa8IB27VQzyBb1lIDfSGPHwEPJC8AMxQNN6RWfOz8r1APdrXm10Qqem+3SnL6JQF87bk0ZTgaTjsnmwEsoyvRB65h0sCwYjw==
428,汤芷涵,女,440111198907032784,QHDinQ70Wto,w1M=(=g<p,VsjMBGzgbxp5qkXVw/5SE/a7cN93mS5cR21StP24JiDR5RIqX6YCqpZ6iEScGAYM6SjWglgLaOKRj6manpHLNMREY6/zk0Z1/ektWZFC1jhQG43VCCvliq49GDRTFQpXK5EXFIt0lv5Hb7pRTd/pKUVWrOtcwiS5kx1gjwsrUoT72oIX4z+QidmiYX1rnBRr/5yRWMvAbgI1a0Z3yAe2pKVzkrjja6wI6SYN7vseF4vpPDJ6tpzHlgCw1ysAKXLfFCYCsdCssSQRrK608f/aXhz5aZtnTUbVAJcVEx1rFQRJ8v9KzqaMWxlLAUpeyx3gUPZg1YJ042FsuLC2PJnk2Q==
429,徐卫国,男,440111197903183273,2bmDVwBNd,y^r1H+g|?E<,iOVxtWV8SCTZNFuz75mRmToMgUrsxbPZ88AUYd+H8pCIToosw7DT8U9vGxovNMKXw0ts5lVDupHeLEsRgYwykAjaBR9+0JSp/VfaThnPfABPDA4X+0OxyLE5vnGEAPDAqhA8tfbdoSEwoQyyWbs6m5Q+/AtQt3f4eEqzyt3fzXx1z2jldDqzCMMRdr33WF9HAJ4OwfF6RqnPlQCSGWYfYfeD+60/H8v8nr2nfYwu7MtGAg6TFDQBHiCkSWPQD2G0Y8ZF53LtrgqJBcnDMNmyyXWoRbgpMO+fJv06b2Zbfj/+vrc0Bgw7u+x6+R7nlit5E32C/s3Ql+k3/Rl3QWRvKQ==
430,顾娇,女,440111196807264263,x9clRbDs04h,lX*E5k19,P+glWViTtWa22ZA0wMohmlH1Sq8Lok6dwfOCAedHHrRijORz5wABERPiZBI8qjb+n0RVcDzNp31FX5vTDbx6j0nTwrBnTsV77leHIhZR9Mpk7KMVH2DhCzu9eAU8WQ3zug9GBO0FOrpurl5SVYweuZTymf5uhhm14vqCb0fMEixnyXnbBe5gaHwZLtwyBjw6y1QfNgs9/himeQ5ZqhDgr+3ANeO4HlfDdpeJ4Fr+q3z1i5RJaDc/iqPZtD0ym6We1PbvMmZgOQ4gr4lYYBGgkQHveEBlQ5CUlHYx031lG+l420n2OukOaCDYi83UITDFnxzhOqjbdfyIHT0EQQimAw==
431,樊晓月蓉,女,440111198411271327,itnIAOHKQDW,]S/D>~od],gdxbev8RWE0dfi/b/zIgGNC0jpnxOnipcJQ5fMQrRsJnoEUoTFqWEPhBuylPDYrHSp7xo6TVtqgxEFOhCG4tsKnuLOo04jJMm5s+FdsHbJHQbHHFzi5Na4tVAbqXUVp1i60bw346X0MiGWbageP3NCLSBZDP8dVMnHjPwrlLFgMimOj5WRMqCl0Mr8T+Be2HCS8yorKR/XET2lDFxIS7LAgT5ERxCSIhvfXS0X7qjJAXkFOwcldv5LTKiZI1A4vyi1QNZfrzPURMQuy1Dyqmy8SMR6rc0So1Wn4mYU6GKCZdMxWUKayR+il6m+ufwlGr63KWVg5DtPpIwu//plcLpw==
432,吴浩然,男,440111199012081336,EtA4OdG7r,>aCI-1@~:6B,XORoMmr+T/C7UL5/wdxPMarKkWDzfy8H6pAjA8FsMa3LepTT9SNS6QTu6V9VfI92RITu5UDwQIYmBJjHJMoAHDKw6g+Rbk4rabSXQgeuXK3DhUXw3MCaDWUhXOdqKV6RZo2lFys/co3etpFW0DYJS+UtQrx/7nMnQJZ+Tj6Y4+Q6G3PbahzFLOUn2Wxo5sMFvItQV3EcP+2WcxcEZ5YJD2kRzT9cuhyioOq9vtDA2U88BU1x48AjfrazkLRbLyWpxhIEct2gwcBi5Nvnu6A2GEKZH+eVWZUBMMlb7QKK5koi8W+DCuLAnFtWkKb0aeGNB7e43dpAqjK4K3N4DJEpRg==
433,霍武,男,440111197205031918,QpjSXHf,B=37+&uYraL0,cczJKpQ3VmZma+wJWka6RoISSzN70GeeF297uRRis9jCH4ZcJAWR1hs0aIop7mVVL7W3uE/IAhwaoPWs1PwWWRMnIQED4N9HdF8b6c/tIvOy1Qge9iATN7CPso5ZweBhV9vFmQdTlrj6/lGiBqFrnkZs2v+M1R/gJxBxcPM4voLS2h2TRNsn0Rh0pCGqhUEoO0skQ9eTE+OAYvGKD3hrdZLmhfPlfMJkd4SxJgczBwfvxSeNxZqbZSmUjMEOTo4/yGZ+nDRcL/tIbfnFmkRZ22WIxusiqaF4d2PZ3tysJOODM+PWV09vupUj1zVItx7upGloley/jYoTFVWu3wDGIw==
434,夏俊智,男,440111199108141890,lp8w5bk,-u\\3o;GUBI$I6zW,gdCIHFVnoE9js5RIxfRURUDNRx/tVvVzvEu9gupXCA5J1IhtW9sLPsQ2S9hhD7Dyzm8gAK3sf+oHhBCAHR8Ob8+bGa9oHwOdgH87QGLLBuV/kFOvvX4XEY8tI2WkcsC0SnyO358yOw56NYZGw60SabGCEMChCDC0zF6RHn3zqjl8xH1JpSoIQ5UrdMwaEbuZaKmfkr3nuQ4eF1gyzoMp13IWTLhDSD9ITk4VS3MqJpkRcHDMokVOivbCBloRfsuje64e9IrfaqDWdXKE7mpyO9m0h+ofi/z5FR0/nXrvnY48bLAhTYItR1eM6IEpWf7nBi6AjgIo0vlPnR57RAzGyA==
435,郝光辉翔,男,440111196908120277,F3BOqlR8p2x,cN2PV#d}Y2I,mHf35ZqYhibKADRtvGHBMlntiTph6IjG6IkCUsEuQsw9lEhR9FF64u0MmHVIvPgjB/pYJ/m5MgamI/IyF7gtVg8JW14op/tYblSAXyeTzjtkKcpqCey/NWbKEvSbIdzYIra1EHdx2PyFHjE51dICRK1n2/zO4fcRb86QWYVdYDCVPg272tKZI11W/mgbvyrCxhTIyUr+L5Lz7bSGyBG9Ju/cWX0ACLmgYUwdJdmjposGhqLnKfhVLZ1oabM/xJGdPT9T8SSPbGouT/hYTkpovz7iRH5L7zxs88/KMm5j6p8bh3k5TItsikycZ4yHlmcOeglcKUh+PIaO63dzhxEUQQ==
436,解旭明轩,男,44011119811215215X,aZ5XxFLfE,C^2wx6FfB49Z,KXt2oBD82gbBH0oWvlmiYpjhfzXV7mSET00dHhQZwFznYagjVvQCXunRfxTxSPoi7n0MOTJzD+X20/mvOJ0NESmM8ar/rlpO9ePMMsh3JRjGgSYGLcEQQRiqK1579cLtxbzWsy6PS0fz523gYEc/JbpVZ2I5xeNeVBpSWfd21E/W2bYrUNBzjBLxCmW5rQ0IaboIsT5QfpBHTSICUfNoXbu85nnKudSTc3gsPkztG0wx6DykDcgp0kbU85sO5c4qpEMz465ItjnF6fhv1ySJhMvoQAPIK5eYI/Vn8p7jHLGbckiW2XrRt/Z1jqUMZkAF3vDJ2kExiPzYsU5h79plEQ==
437,董瑞霖星河,男,440111199606153616,cjMmXEV,FqF&$HzDx!$,kgCjNmuzdcgdOcsUSBi/2luDMWIfJ/87ApcpQOBGYOpBPKUs9B4XulMF4PIADJ8LGwBQffhMyw+hwjkPTovfjjplI4ACGIQ2OrhYa/jlm5c/v9zDiU3gIZlqveF7APZSkHURFncbnwZ0oLY8szXnnb5gZn0Djzud37p9EsYYyenRsGC/WyyUSV5SULqeA3GHOujBCoRGX99x0NYIRI/ifFg1V8op1B03hG2K9+CL9Tk2WKhD/0ZdocL1DluXshXH9WrX5hAks+I7omySALCwGTFjTyjZKx/au+oXZPPaaPJWgQO8+KgqEi8Y4HjZmLjBO39U+zAg5/6Y6tJrMj3VRg==
438,常国强,男,440111199610236115,HGIUf3,kw#LgNtBQyX@,GAAcWH28zncW1KxXRTlF9eL1Vlu4y5Tvhpx2E1Q/wFYbfEuYF1QjbkEcToXLHxbLSe61prxzrIPNWFlCyU63Cw+jb6CP4NTcp/3U8lbm61Vp/F6+7bluDYESqkOlhQX6WMcsNSBufi77yFbV+6CvCSI8+APoQzyN8xGIWxgKrpMmuwW/iybeet2XC6CwPGhejJEoK9fenf5nT48wFxXBc9boAk2BqVeZyV083nP1MzgSTdFtAw3kwMWwtFGazYBrzzgS70FBCZH1XAmqoNRcngGlbsFPm0TSc+fkwUbjkW82fEGyJDFgNVJDbAmiQkgK+7osld6QMbzdMNR2+Sk7/w==
439,康家辉,男,44011119721112781X,y0XFUsQORqT2,jCwZQ`y7rjIJBWh,psWKscdtgox/7rfoqY8cg5dhcQePO8sbcf43CfBWD2AOE2E1ANgtmuCrP4HLhBmis6yyduITJ4I5Hjq/HPwp0X+p1nOCqgWakguHCELgaHlVXL56aNdZxX8IOLCM25fP3U/5ERgbLtXtromC3BoQf0LFBgvkkKEx7VAJkrVY/kiqsLghLHtcuatd5fC2naToh8lyYCaGFH11SV3jVOoAcB23HXFZ01jXS3y5jxfaj5fpVzZKqh8aKv4Dc5GRiMMN7YNJhfjA53Iw2WAq6Z7v4tL0ICqXpDj55QkIX8dWi5TaO/GcW0WGJFqCzB5QmAUDt6wYVDtKJoE9bdoIUO9CwA==
440,庄康健,男,440111197004212659,jgjBLJn9,[>f\Uw-6_PG~,CiQ0eBymieBsEL8CzHZf4hhjsWGIP/TecqzUgal84xhkyrG0Dy3jAzbqD/w/dyPM3/qlscuuYVki9b9hfNQigyXOZ2VRANh2kB7PdwYgLkt+YnYdR4KYWcNOlpaoiD6O/xreee7vhqXJFkeQgGXbzJoYbeE0efmXFtRHeP3w2gQKUn8KEQwbZReqLQ6550UbYFFHfqXpp+3TBLijXcjxi/F31L/QN7UBDCw34ZBToMVZOCGluzOZ4PdcDlyqn+Gji8xovHxaZFrUbQNG6KC2WLsQC5d10eyUoVO5igBFv2OIiMOKnFG5FuM68M/3JcTiu/cT/QDB+rJpkQzotvHfXg==
441,唐军立军,男,440111199204309753,TslPW49,hGTPXnNj(C\!#/D,HA9QxpJmbeJl8V/XsvWPOVciEnk3kU8wpBPvrFlDUDEIJ0jDBPv5CFZ+EMygdMFW41rfoqxUWwgsjPxpIjET8vd7MxnAdD4nP9V54AFMH3kUew9b3AxsuGvvpzYuZRz/nw1/OS0zDfN+eXKP94/wldXfxAWlGGfMUawykMXdzAO11m8bpWEuYIQXx1FfO7uKQDUKZS0NHOThn3EQigAfn+ry0vsoWjH9yibTlJ4G7W8YcwX+mAuRPecolFqzoMOB1l3PpO9Z9EcgujJQJWxfhZZ0GsFMIWxUWLL8oYP+eKDqRRCDghcIGK4MM/9r1Oz9iDR1JKdPi/7AlhIbM2UkgQ==
442,覃哲,男,440111198510072913,Tyf9mU63dJG,Mv0o:2I-0Izdx,RRRNqzUUYWOyvC2AxOUdcYQsi3VJoRdKJTdqzkqFLlim8l2jQqf5+SAfsvcX51EzF/nq9PSBk/w5VHsOrvOe76nP0sftl7MP2Zr/yAGnw/R/Lp24JxGolWdHBXruG6RL9wVgYs0xFLB2Qq+Xu66CRwcZBIqMxUGUgZvJSXr7D7r0Bmn8v53lwOadNG6APngF4rgB12t+nwQlElHF1JDQ6UKueyQBuu/XVy+5+DrKUcA9Tr9nrm+QOl35HsKwhnJcjx7C15jS+SR8RuEom3YYax1yd1rcuvtw4yPmUr5D2DLykDwzJ/ML5HHRr6poyMAXnDzhyWqhbFecxe3QVhcfGQ==
443,洪立军,男,440111199805305694,qSrzScrr,HLfOj{lWmj_e~,VZsUPWoZG81n//pSPJvrDJUQjAIW/K/a3OZVrCR9YS267NuFTtHGlp/WTfCbHcjR8M682oDLR3xPABhPSOhnUD6c7wj4jFdL94PKj+HFWfOr8UYNoenCjjphm/qiLDR5Aj3OwE8aq1bX5cMGBRZQ+L482iaV+UPrs7K1Ttl5v8iw/LY4fyRSH03658PrCMfHPDrMgO3YtOnlJKgCsGn7JA6d4wdTnQuLFabNiewGEQjuPW+eWrrudv9wzNHy7h5K+1pqOY5qsL8FXDgx/Yittc4A2NGzImmX0ACy/yR6ZDXB2VNZJmGp3AeWalTmBqM95qjJFUdiLRNj0dhPuiCZOw==
444,武乐怡苑,女,440111198612249863,DUOYgd,&ZIc2<F6C~,HtK56snXTRPiy34ANYAXr2cWGu2tfDOAIngBCZYYe89wtjJjbSkCbxIbzw5C5wNg7xFgOnl9WG8v3CFm6AY7zlqYhN7lEAtQchxQR8doUV9Py9lRWaRevU0YJjVCRIoXxg3BJo6ffZ/ELN0MqMighGZRPDfApeGfJJR2zMkGSrhqc84z4Wcb/pd3VXZlO00xZzK8bWqAoyx7gQ5OBw+Nkxcye8xe0Th2CEPs4zK4YHL67pSuc4WYNT+n6IrqP/vsAXpYWMp9ewgA5mnmhRktfk0Q5qM5vRs/2hARYtbTbjVm5wFM3hiqANkU6cbFQOsW2lxDetnuweP0hFaHmWUMjw==
445,岳萍,女,440111198204143904,agcN13XkBT4,P^N4x1X:,NItBLPmkVyr7TS4Ojemcg1MPglNzoprTIgmxFGHZpR3uODJcUr21aXk/BPcsSefJMpODkU77hqWwShNUmMLQqMherY3pFNRPIv15v9Txt/wWCyht/D5N314zmxB+VpQGWkPetZJBiWVHnKjJPQcli/NIA9NSVLqwzY96l4ebx2ko9EWtQV+5n55xazbuyNL/5JcIg3dc5bbttZ7DCtRvT6A3thcLiuG5afdJC/NyufI8J1wad6sLbimVodFPR/Sqcq7pdQW5MulHpN9vnNLlrCeNK1JtJody6qXNBYdhrcDrbIZlPIqiE/HXJFfqEq44S3+ZK6hPqvEAHThX1jVYuw==
446,闵婷美,女,440111197104301245,QEFDDXJD0vH,|\XO+AB1m4ri,MwooqTH1ItQ2z1Cl+PpNRH3qrBhltjtlrBFJINAimFBd7PKbTlUpWwacYKmc1sCA0zmv+KHLV7AYGoKSqKL0DC+vbIZUqkixXLQS7/4IbOcnSlPXXLPczoxVTK6/2xpVg2XwCm7HFXZkoP+tal4UcBlzyDAApwMJWPWAJvRCNvtszzdXGp5U291qbto8UEtJkDUsYOwzbf3KuoVPoAqdqnF76oq1aJm41HesOWD6es+uas5MjCYCQluSp2sVhBKp3Hj65/tKlAARMGpU+PPgb0fwNLt2q3d8n+8vyDLqPKWukHLJuXkIyYDbE8SSeXidxnfPryi/kJpVQ4WhSfIu/w==
447,刘静蕾,女,440111197112115223,r7YhcX,<mzxq6cJT|}f,ZmmU/bYzbbn/m5Iveq3KbhbUvUV2JhTBYYWX77X6HNJghYLV8K/rLt0W9uy6l7Z/arIfCZYRbypec4MEOKINzwRJ476g7aD8zV690Y0hL+iZ7+K1rIIKKsE1Cgh7P0lCnX8X+28DgEff6mx34PhCPCnPdm5B+2sY6FQ0F6b83JQp9S72wOdM9R3piG3H/NgA+QNTTadHRD0Xb/sO6mNEzrEpB6i/vMWjiVkImXAykWBizuOYTS6ux2KarivRNjTGE26HfpjWWf2Qz7bRNhSIIoF24S0D+BOK/eGOAwDPq58/TfC9Zj4TxrpVp3fX5LCk8gvAZLd0k+aARdIXJtP8pg==
448,牟静蕾,女,440111198307079466,u5rzZa3gbFk9,aL2kH&g^mYl9u-%N,NvPkF9N5OAi1S8N5b1oHuGOmjxW7NUkWngLZtbfTD76DXEN+K5um5rGTWSXOvAXXr9H4Z8U/hLAZRwEeJdYbY8JAziWm4H8CCzoJYwpG6xTvKD8uRSt+qQsUNhjFP1bmCSSqT99150RA/VNK7fe4nh2f8aLeb2Gu3Txmq5GBB9HQ2AeGtZRtchdFx2L82FQjcR6z6kv3rFI++LIwXi28qMGJYpnFvIRE5v9TWxjUZwUPvK2VJXjPmyy6iUyRXbdLts+oDZfwNtZZs6elaQPGyLj17eB6ZvfVDWPKQe59788El8liiN3sIOFFwMP/jYhfU/upJUee1UFIR49LIu3ykQ==
449,方光辉,男,440111199408252138,V1SFGADMK,RtBu|8TN3]Kwxzf,WHv1dRkAbSoflVWDW+MqOwQB6XFGn46Rv56TJc5tirdUgs6+urDP5R17HoXzdBxblkpp0x9H4aH5XKXVnpuhxqBATq3Uqps1wkKhf0njGO3pMRh5/Er/yMoQm8Na40JEj9QVChCnTmZw1h1WtO94joKyEdUUep/+n0GKIf6T8XzgBhqTPa8SIcL7Q1Z/m9z/5KwnYbbdH9pB8evOV6dtXnmGNHVR+HkA1h2pExr+Sj3F4aO2cbGtAYy0f/Zua3JtIj/GXZds7xOhj/7q0vbLUDTzzw92xw7JogBjpZpzfY9Fi2TiIhah2JFi9BRbIt+R9vj9QCOSkyV/OnUYLNKFxg==
450,温紫萱,女,440111197006057605,cd58a8mNF,fc~-rbyDz,INUAxXgXSGEFYgVfYKsMvDOiWKB9cfpoSHTuF+oAwj2mvbq/+Y4RMzIVv4+8kMITDVRtX03GfUTWu3AecpH/v2/qR4YhcmTjPXDN6srKw0/JyD9r5Jn1Ai2nDCviuLx4QiEsQ1DolYYHUhsKsZ1NCpvSEDujux+pNRN8iQbNMaJwaNPSL6evw792dcQxaf3wfAbaSVc1cwOMflvLfOeRe6807gg+tdjdckJorNIeQ7Cb7Y5TKKtpuCR8CAi7OzqVE6RpRAImbENUQ3P5Nlg8bVIbegug60z4PMZSqrdwE3Ic93UH0ZiZ/6hHseWAA8L+xTReeaylyFZymLsatVgPLw==
451,吕良平,男,440111198209038337,idBzWxz,Jbb6b!AV!eh[*,d2EyEeq3VyHXgf7OZ69TnoEbU3Uq9pDnh8oiCdnTW0QKUKIMIqZaQ9LLFQi52F7gnuxw8NcPcw7w6tGXENIwsTt7xqeBc0BEzH8hKQFXcjYAq5CaJ3cowrWM4Iv5qxQJK65a/3pY+WTSKcWTNH7nhitxI0vD4rLZlqbgYrZI7sWZ/+qRdUTfEzbpIFBMD4A9U6l1E2RcDkJRCCc5zb/uCbzM4Sdri0ScCn0SP7atrlSigMC1SzBRYVAa/wNRagrKCrU+G6mAwTq0t4Voey2KDNi9oYE71Qrv9YThS2p8cALJxohlSf9NgNVCyrxvAvLO3gPnR9oDuJF5D7q+zxvaLg==
452,蔡晓梅,女,440111199412144965,HgWETAFjf,q*Wy|myW/0E5,dOB3E/JjyLkV61CrpfGJ3JlP6r4X+Cl8BNr3TnZwA8Z6aSLSbikLHIIzuQNLQmQ0FfK0PJGQNGjD0i+I0nxY3WqSyK922XLZHlMvqzEZiBSNNWbTf0ffhOkwcjMCY7qykfIQjXf2HPxQZhClYny07joajnnvpJiI/hliKSx65W4OQRceODYI8YGYhUy24fdFtPwHs9Jv3xf5WFxZVD9DGHi9yaktmEdOqNnFOP92y8zSw7XmApPpSzZfXfds1juJSlZrFJSo9MfbaP/gK5C8MOwUvy6D1Ia9BpwQb0sQfl14E+r4NDBkvLZo45mNotFCbTU2CVtG2pegAUnucFt7AA==
453,涂毅,男,440111196511249291,kCNumrB,LMeK3#e^3@1,p77A4Yd18oKELqC6OMWGOTqxIwsSSqgk1ENzBeOLyxVAe5eP6lGbMhhdGBYMiNOgoS/SC9qb4ylm+GhBAAk+mn8igGjjajQCkucqX9T1H05XaU9FiFvo/lKMPvQGgQ0oYelYB5FAix0cI3CA8Z9B8fL4FHDB3QUyTDblcxsOALZ/m6nr7K/jvXbf06DyH2+DTaLaHMuJWV727xP8Tjc6Y0v7pDW6+2u1immec331WDxCr6RfdqGciPNdpNmMmSt+U1F9Qy6NKRTCPg6RXUdyyv3LJP5LZhtqREncAeO0qkBkgwYkkyuuu9vfc7LqkW0K8aV4QP+r0pQQK6zlvQEh5A==
454,吕雨欣,女,440111196912276602,yUK5pd,5l-Sj]V4eV=S#n,ooXEwuE/w/q/wib0pMdkZCtG4FvhPRqFy8QFkM9kfDAY601tlqNHaiO3NusVnQeBBK/73t92pqMviEBdc+PH+dIwabZ5U0AfsLqOJo1dN/mMQb3yFHsGCGdx6JruZA2ZcWZOnTGdcI8tURTTAM5cF2gu9X/4DUeQqhk7y9vfGR1UxHPcygHCWaMYyCoVvOz45vveAq1ESlzjQDmgu4W2wh7mfN2gNRNmaBGX3ndUujVQ+tlCOGJNPGG++GdCWyC2lgCorFsBZGw8ef0PqKzO21k426hIl1Ep/NBCXjAjnk5zMkSi4QSdIqVF9t2I5j6/k3K2FQzYY38RCZ9Ut+wx0A==
455,谢正阳,男,44011119691121483X,JzO7BibvpIx5,]i.Uj.:8A*p>W,AsjmK+N7ktnCa+6TFC7ewLdJEI45R5PCh29I0sCh1ApUXcpqzJFItG9uHX78zRbK+2LZmlQLJ9hKpwhyIIt2rBqzxbKjVOSorfHZgFYUzjah6auzBJOVwkcdYTKaGh7GXPZsI70QNhb+U6yM3cx8RSOnr+DSqYsf/bNSTqaovM2xg/78gm6zdcDuZ73lY5m/IUtk8pc+/YayN8xXsezr59Oi8HMG9zY3u++d1ZGnhbpTsU+Si9152tlagE3FSIcR8wQ4P45p6dL56nhfk0v6t72OB3Q05fuNratWeqbXs6x1hoxay5lpPXn0oerm1WjKHie2esfIYz9RvEq38iQTfw==
456,闫建国,男,440111199403187752,TCDI5L,@8EdgWUoCxz2GO,YdzGTPf+6OeMCUbFU3LyJ0GEChPTqE3s68AO/iAb5wqTRsK0FjaYD0AB/mp30FBRbjRvt64/2RCgkndT1Eu4fqiotkiNd1Gw67HKEqo0gLMsr4JtSp88cpN+k/J5nWjy5VdfmB/OfJJzSKwoakz9k+ci6SEp+KUrvq15aRpGJSomt/mo6nJMIveHB0RwktARi82R94sjiahsIE+1idFFs+pQIa+PUYteiUQtYNkF7sZ8qB/O2xG1XsJ6SIjmVgeUsRhWG+GzvFpOUZToO7SH43l5tl3fYJtB8T9mTBwTHWxMRPYP9aV3Nc9oKkLCIkUO644MZxKTAowpxXANFkN2Nw==
457,孙菲,女,44011120040330888X,zwVK8CFYzRK,aCq2kuA]hs,O+3j0THh+aY8pliMN3yUBb4XgArJqZnp33/i84Kufe7zUwJj74S1o/OA3NaYEe1V8Q2lol9QVGkYowyIqxf/4uZNhrCLc6xVuIsiHRlaUmULV7a6NUXGp6gWtAbljPGtbBEtK2kmHVrWbxf4hQY+DaOdIkxtOe1OCrdkC2wC7TzRmIOCa5RK0a9E/EJCjtL2ewiQvz0zAvbowd16S/87LdD51NHkOPXELNLuJpsGbKiclRCysf+dCNe290SARhRU+GqGu+tZixWYh6tI0/5OJGLSivsJ8YpooUFKV/WDV5QtxAJeW+UlfLDhKhQGKWc+IswYdNcoPBgNRvfl3SQeQQ==
458,蔡薇,女,440111200207193800,tj7GOEw,2zG!/AF?#HApjT6-,gyl81vZ+mj4OaAlafPfwjqdIf9L/1TIAdmNS6w2e4e7SFXUD3SDdLA5HiE1ko+L6qQQCTHx7X/QFRtoOP6Ofbp/VnMduKOonqJGNYueQZ714YuUb4nVmjQkGNiNB4WHKcZGsg0Q5aERqOFyvUqcIv0XuUPy/5iQQ8DG64ZZbKhW6A8H8sF8D45FQ1zrEXwbAAy5aHV1Zev3Ba7BD1Qoctcaqiux31JTMqpvwUDNXmT4PtVsMy/Tw9E323D6tyYu+7W2csN43ENjFb88DG4ts9d3j84VI3SBocvZX8TRDohKHSsMZvHSiWT6u+2N4O3M9uxG2pOlFcs8bdShE8lWMQw==
459,任雅静,女,440111197807192946,i2iwhdCO,q1f_+o|/Q64XOvq,Eb9B4o9O+rZ3gQyuD2NpacFU0qLMmYCglP2Mzlg2bvpwqyckWHw4tysNgNkuG6/fJ4J7CACRSIOYAIThxxXARt9GpIXlugFgSyevmS2N4rrwq+u84s51IzvHiFlhO0zFWUnG9o9NPsq3YT38PGEkL8yO/f7cR9PsZy0yRQpQiabKLpvzPKdVkNpuRtzheHu/mgvlWWSl3gdm/ood8Z/KjWAfnerNnUsoi4XzJw4ex0q2mfTcyBNQUEsGDpJKhLmOlIrZVvsT/03tHisxwsngtrEVApapkwTzRMeMDae5TUFsEit9i5Cz3XGilreg+xZRdTFRiLLqUySXK9M9cs4gow==
460,房秀,女,440111197604251862,L5M7JmsBlnc,Jn_{bEnL{5#QU-CE,XVPQefaJdHJg5ytgK44Pf3u0/9d3UM7EXVb7zEMHymCTj04uxB6LWMxBgXkxrEM6bhR+dBVtD3YMLEwsDFbY+05h83ckltXNmeF/rpmJhBdMAoesf5TjfYsSJEJsquxtTv5tpa8e1Wj5FcLiuOrtbDOpo0X6tPMNPQEKea3PrcHy+0F9+uwl/fZeoTlw/ysRcgZfnnKQ/uRruvF/dJztiOwpL5B1MHRHq84XSNlhdq2nlArtUyxNBlfwubibDyfMh3S/Vpz1Xtt4ZPLT8npUO+oQ5H45bone9P4E/A0h9/orbncuDB8uUz016dUUxuhqoaIHlTn8hlU2YBVxM2EtPw==
461,康星河,男,440111196903025510,xBj8NA,VR-x;Z5a,QBt5eeQ+yRBTunpZMYj32Ct6Ta+FOd1RR7iLzXdvFIa7vJONbBWxUe9c2VDUOjMRTYVTPCA6t+2hoWfLyNxvwkblkJhfvBTWyMvd8uqsqDhV1pykvYlxAMkQsPOxu2i04M+T1ShEmckbj2sRMGgAHU4XYYM7zQj6AiK0UOhKtDCP+mEfTN6JZGBNbC+kaNUJiaarhR6faSH2ohHBbl/ur/jnMVBlypcjoF3pYkHa4qPxc4+OlnRyxbeJynCQeDIUb4GxeJpl6gdquWR39XUFHIB3cek/8wWeoGblUIPkRojpRUAKNQvXKVg+3/tJ1n0z4tqSjzzeI+/qQ+Uysb9LTg==
462,宋铭,男,440111199504069130,Dg3neo,X0^StM|I$Ws&,aycUPlkYmsPDBkSIullDaAFOGaEjldYAWAFd1SS1OwG4mYWLUDk3VKuOs3uuLSnUZGt4Iqwtd0MalgePbJf1fW4/xK66eNWdnNOZOxMXL/9B/oQj5mF0TH+q+Qdnd5JVFrhKiWMF6P9k3PWhGfr/edEiMDBJ0YZMzGY9Zr+ieQQ4NCB7emDD1db3M8Hjg1F3TdaaZauMQ1CeUCOrNfTbKTwn/fLazW15UjPP2Z16NWEJXoRw+dcJWfVcSnY9B2c+ZqFu3AXtVwA+/iScBzfd8LxAUrJe+2HGufT1lS00hlOiF0vNFogLU0LggexNL8Ld+GEHKv6Bafa3bmUJ3gJTvg==
463,唐梓涵静香,女,440111198210135986,PW2gnxSlW5,J]b$Zl.1,QzpUBHOWLYMYENV9tzCvGaDc7O0coB8HnUwd/EWN+7JSYNGmMF5hgMSYhwKBtaA/2KWMgfSn8gkiNiEmy1WNIvi37fEMAWCMGjo3U2mL/KtiCRAQr6fI7CekuGP/uzb6VIgWGDiapb+24B2qgstFvZA6rpA7tQFzczPvfL9K+2H/sP3of+Hs0SaO8TXVhH0sDilILrRgO4DwMozQUhDpymgpdjGPQrU6u4RE4biICZ9Tp69+CGibS9P883abMEcoC2G8zUkVNubveMBVa1/2HDNHcMB29OMFUq+a2gbLjgXq/EErFQBSQrj4IZYJt5o12aj7VwB4MqtzeWxSRu0x5Q==
464,姚承志,男,440111198601236012,pLWGwPDeX2lk,nm30C8!d2}qm~{z,U20YS65GQnj+nogRDtUduKYav3D3utWlYLPzbptgETIGA/dzw9qGQo/Kyq7TNV3Aj3eLB+FpucGQbmfyFAItiwwe731N5CGoLsyGXizJ8msg+byntlHSaq+2AEpamR31SEB2JqmEn4O6JnF1K834spaI+wYInm+BQu+ST4gGrCVDGMUsxUJzlToaUwdLiyXRdEd//N7d1SqJUh+GhGNJUqOs8EDRlaLziPbZxetKZjmasZTL9Q+Lo8L4UxEP7gyQeDOAHpy33zz9vEoUG2+9fQV+3C3rmnTYBPLbk0ZU3rxX09+NyJyGKsx6KpSsKm2LBPGKzy7WBm1MCymoZfBIyA==
465,江安琪,女,440111197206144164,sVTOufQ,kB^KBG8]pHnnXFD,SpcXMhTWj3wYw8CMJSSVWOjcjV68pxJ//Pt6RBPShEh3AqZZfrB3LKOGAlPph8e7P+n4guCER/3q4giqhprgw1IEAwGPQEJbPZVL5M26qHWXsjnNJioh/BV5TtuHeHpGJyXHcCPWjOn6okeB6E3GpMhItD/rUi1vntlE9+mjrFf3P1QmQP6dZO2ChA2O3Wyt8/Af0Pskw24KmUzAQI487IbtDKdipj9nYPYJSrt0PAuGH5Tm5yWiry9ovFj5U8BU6SXZX+Vjr52VCVxSCJFm83bNt8Nr3AuO8oN4cU830+PsakkzIYQw0veuTxSU38Dk56vhDPKqGlEptDoH6rrT0A==
466,蒋融慧玲,女,440111198005132946,WI13FewQhWjc,<.$:z7Uy,wbvlC2y+yrtcmtN0tLIwSvSlUAwtKAS/7xIdxlqrO7fUrAtrRWMPUE2kADDWL07i0j6toXkdXnLAAnit/WBFqY/uG69bnWB0jpbHNYfr3r4jYB9pXLNddVmk/gYEjsibczZk19r/Nd7/vF8NkNnm7tZS7HwZFXCtOh7gC2F2ZcqpBas2VTq0s7aK2K/OzflJ1DEtjOU2GCI87O/xCdG1iRV5943ffa8KnpDcUiilzLwvk6e+OWdIyYbYU+3vEjbfoRVNTZPGXiH8Dmn5ZWZtsYxtTUsBy5+A1fDcKQ+jLJ1SFXosB4QSGvTFsuWvczM96DTtX9DOdqT807UyyzWKlA==
467,任雪琴,女,440111197202259888,sywLcgBd,\WE[J{nv$;YDI$i%,TxP2r1bcq21ZvLUAcctJz2gDXdguFvom1WfedNmU7HqREDaUByBRfMHk1248cgM25UTg4yr7V/2SrSbCBUm9+f0Y9JMvjRlDg4PGOZ8xUTXEVnIHbO5RiGe/zG/phexJGDo8gl9wCAMDu7rPySdyoEgwGsTi2+3lETp8kRkjSdaOTVIi8L5qgiIYQ70FvSRfBQ6wwDlHgjiecxDjtNyuqFDzvUM6nylwtptNqw+FqgKj8RphdM5r2klah9zmpyteAXSMFOUEvG9t0dBKuTXqrPA71f//+mXcZR4CMb8YvmKRK491PgDo1sv3UxK56U5yKRcpTxYRGQyRuHM1rdRT7w==
468,管夏兰静香,女,440111197007191566,btFh9aBe,+z?tM0IgPN4vOV3,Qu15kzZOwb9x+K8ZND07tu4bgvsrGBgQm9vmV7mnfyJA0Hq6sCHRWwstKq6GfMfWPYytf/h5WwxSvPSinSFwUsPSCbIzp9gWBzbNO0m8qoN+r4bZ6OQaPv/NJ8PDYqMCJZhu4xQcmxYgwgt/oy9J4hffag3DOE/yQUtwuFcL7gZ3IKWxB8T5r6lG7sDK6DdEic5EJrnghuJd1YoO3hmTB2SGE0715I3CFvMJ0UUjrRMTW0Bkrt9bscPdKQlgfSKq8bEk8zphs4yH+DPUFc9yQfa5LJmLCcDp/GesVyTVbQTrt8j5erx9K7ZDX9k1KQIV6vvo3NkflTgDERIcHojVmw==
469,雷平康,男,440111197011271198,wr9lbAWH,}-P<nFpHY.Y/r9Z,09xUG5J4in8HjrdcRyJ1wNSZ8clhhILs1ZNHLevD2M96JZ670nRanvPcIJmGchVPdESWnNU7WjqNBxF939z/5XShj216iPx/1LUf7n/xg52j3AqzaNcZIpjCYJJvAFwbFPfJn0lG7+mRDsOgNniTGL8sENeLlCTeH+isgdEIvTQxc9hYe3qZRg1P16hmYVLpSkN/V7nIi2zloHqNOMWWNI3r1kyXjZAJ7gxBv4YFkL1y+48gdlMo4xMOKBFJs2PSdmuvufNYdCUIpdEWH6EaQXMEZVpe158QuqVRFEzdAkEHCCQkWP1bZmQLKXyulNwt80teCs0kxkSZ+cWlt4hlvg==
470,邓诗语,女,440111198906259004,qoQ0pNP18nRY,%roWGx<NcJ>{uQP,hT0yesAONJ0FCn1E6Nog4WG4mwmeRkUcuTtn3lHbjbMmyh5AEN/WOrXaSPRQzzy7lXOVPiqs8c/AgpLoSq1FP4S8st7Bl7/kpdB3YtrEYdtoRiAz0SxxwuCVtY/U5z9dP/LY9wrU7cTEA18/QzgAp0XhsodztSRjFAXm1mJ7gN9wqby/MV43w5SbXGLDNOQIWBZz5Kpvxnt1QK1YTHZVhz/MJoh5kW42rCP4R+7RDB6Mq8s4dgZZM5jmzQn81IspPjMKdlIMNmB/RJgn2bleAQw8UkaetojUtJCq37urJl+1n3FXAzaXd3W+Y/sQdxVnlOOq0/Z4Wd0Fct6XluIhEQ==
471,曹明哲河,男,440111200203288079,I4KUix2n,`~}Ql!p/r,ipVKaSuL64mROUqT683c8xvtckHnh8Ihc49h1QqIYMQW87jArjszzODFGktl0annUcfNlU5J+igxJ/gOXleqzkGkDSvG6wzQvbmMCuBYV3Wr9QWzW9Bcq2NjLt6eAfkGmWFPrEKp8DHTfzGPA1qQdUWeFZnwev1oLykJs98ZzDczulfK7apSviSPPZUvR2skqA+6qW5PDRlQXusSOWItseL8pbHBwT5xq7BU6JU4HGXlc+EDkcFCRYIYRZDxwYXx3QD7BU0MC0m8CjLn2SvmBdzCs0kXbpsvtjJACB6lOc/3IfwMKf6JzsRsK65dMIRqGiwzIOF6ti3qetsQe8EUAw==
472,赵映雪,女,440111198204250902,tftDNxBv,{WgI%x%1qF,KoNb5sWu3yL5NluwSxvMPsYOlcN6Qf+rbv565Js4EpJfdbYo1s5Seblw9R6CLuAkSAm8mCWMyIDl8Aw/wIsNp9E6XHl2+aevum2kb6eIKfXX1AeNs+FSTjocj0Rat2B9ugfZA4bwAiIVfUedrxF+gAvvKVrN4m1ZlBmRu44jVa+sc1JxrbpXbliYtiJncYhXS8pESHXr+ZOIOFWObegInfgvEmrCt60+OdDp7KiCh+b7tvVZiotSExoykgJeZmHnCPcc8nnikjbsn56oKAADWdf29iRI01BEjk+GixGQSAoLnyBNueAvb36LzPvqBjR57EB4hkbeHuY9IWvLuGuCjQ==
473,万小红,女,440111199105046740,XCqKwgOhj,\Nc&q*O{,age8lv4oGbwObxEW1noQRAk93cduMOvrAPD4pvD9WrZdp75pD1j3Z/H0EdEnQFF/PkZYjy3IP/4rN/X7BFWWziDPAJdvUct9qkagx/8gyCiJ4tZICIScl0t8ug05OKlKJeh1711uRO53CP8L40dM8WhyJnLLeHjOZS3BaLCf5rOl1eP4cwn5JR5QMrPy1D1eSjonAcl9eBG81OW0F+iZ+sxncCWL9frm5Y+qAFTTRF/0NCOt+4zQUWuWKy68Cs0NXNQlqKVAIx7wxRCVhOX6BQGEWB7TBMjZ7TrX7Id7xUX+Ho9ukONS6VhEQSrRpw8jFzFbpMgwC5GbdMlKcmpQYA==
474,房高远,男,440111198209256959,jtlPuKe5t,~GhQ#~*5Pt`X,lSqT+UxJVg4e+XMNAI1+s670Xt3KHYUK5XVgouZ9CEe4DVDXe5FIL4CQl1KhjXZ4IpRG9MrBSWI+BzVPqGx17paxnVWTr6qqWDN9lDag5kxCTk+TzH1MWtAjVZBzJ6VmazYM+2l0ErInkvje8ZawX+JdFkO9La068BZqqrA0lFMF5Q3s0JmS4mcE4j7yeJv6mqage8nLhBxSE6vynSaNieH4+fnlb9fI1kacvpezrZCkVmWsZnSqqOt0ynzmPPB0LYan/rMfn6T1Qja5lbuaOaQhQH7ht61PKmk56lead0+f6uvjhkNN3b9pifBTDoizWfPjx6PLPZyIKqHWwYSdjg==
475,何依娜雅,女,440111200208033980,O2QxljQnX9g,%i]6zWt7h)Y;W,azzbo7lGAGC4vAgjYd08H/h09olD5vx9lQCS3NQ7hRNEJPzclTm6vpGArN3LX9T7nK0x+yLOnqA46YD/f6zb82XgYjtjvEarhtzo3Sfi5Et9ZOKElKCzkoIUeJnrpWwK2fZCpUMXeQOudijB65T146uTxRdVdT3ksiZ+IoAFhDimO1jMKt0wWkU/Sn/Bi7PqiaIW9b0MpoVEXf7nA6z6I4G41P81NsOTWzRpeZlJAJEgfK56wkRMVVSwR1LW+tnLkU0h43G4fohzXiKgjR83IBlWEXP16z+0Q6xvIGk7ukDTAyNpiPoLZkLW3sax9SMZhVtTn5AdXwwrBIFpGlgRPQ==
476,范娟,女,440111197001050703,Y53KR4Q,\FXmA#rfPg~G&,AKul4EEugEP30jQ+rJCC+Z92ARKMdy9Q73kD+6sEaH/y2iDPpk3t6Cz1pwwg+aH0HdRzJWxsxynYzHmB4HkXR57vy4X5UDu3HxLAmzBrC9vvgn9I3QhQyLKODcuhMq0y7nnjwTvmbFVDaBXVTnyLFrsuAYDKdC+DL33GBVpxnIxdWs8I9JkkyXcPmK42LQC5SuMowFb7PYWwXzCML183CoPfqiiBC8ldr6/8RIasfBfrNH2HHHjdymTxYinjN/gCj2v7stNwoLu9TQ7CYTHNawz+/L25dS2h42OLdMVT5XVocY5hpcdi+/2ShdSeFEQEDYE62eVzDMHOH0cizBAVMw==
477,邱同和永强,男,440111197902043877,zWjXY5,!V5v/<.>bTAi,EANJtXCxIHICvOxuJ9lMfPPgQTh8tFEl8NpjP7inq71O60NSgMiL9ei3TwbjCfutr/n56mMxXebdRvEB0n9NrWH4ja2ialdZHAvvlLhj4K5VUp6WhKeZQ6fDNxJN1epo/LadLR4t9IHb6iaNI36yCXv1bQPVR9B5gQ9KmOW12hES/BdlT0O7QwSMnvMxnppMLUHUo6RiZzgi4z/s3oxhv00JfB6r62y8Qx0vrwk6xSRDKSW2SGy+eW9dlk7H5kfGgFjenum+cKmhLOwQ2m9g4QU8unSpnEj2mJ2F8Nnpld2TTG6bRRQqMzeG/m2ghoVQzg9UH53jAW7YFq3BekPofQ==
478,霍俊峰,男,440111198207237594,Tr78ybg4Cd,jSts(k\@,AuCPR9v6omh+ykbhUtqYMLWAsCmocuVetQoiZeVuci9QDUaLC1xp+H1clnX1eZzwgHnnSwSO+0svKJ86Zq59C3+Ye2LW/gKHFzMVP1/qETXyNIj3I83tzpudozShNRdHEpOu3k1b6jkJoudE7I18j41yNI7+hVnD+HifZiXVIpSD5ArBqxKUxAsb2N0mL4xcvxOZzUxTdFs352SZmTVMSou2Zv/DvC41iaTNsbvqDQmmttMcN/ujI/jgDP/fBGTlWgwTnj9v6lylKxORppP9RdXh/3iRjNPEvdWtvjDA1bmxaxxOZJ0yzk7S+I98xwJNeNUJT0sOiWARgbq3tcwH3w==
479,罗书瑶雨薇,女,440111198007053969,tBxonKDy1eTG,fym<LY!Q{^jczk,E6M1X4Nf0A2AS8mVVvhkaHXLQyXfnQbVVNOU11wNnNCljmnYTrHiv1ik2xGQN1Rar0LYYaAQlPSFY+L0X4TIiwc6l64k9vnh2Wz44kNjNdcsSAXN0ceEdHMcHZRb674qQQFwbWHJZelInLakDZb59G2NIA3FvXaMJ00hhHUHjs8eUYR7Cf7ixmn4B/YcioiQayX+qdkS276TEoNDuPxG+yOvuS5pfrm+o6ozPWZrinoKfXz8d3d2bPvb2sc4n2TA6CU9UuGWQpi7x+c4CdGwXRu4kg7ZXVeeAlY80p+xk8s+M07r15vUrhL8YUTbA4U2Nh/3m0YeWjy6UefJk48gdw==
480,梁石超,男,440111197507319378,sm82wSuC,*Q78=|vuUEhJ~=,HVWp7aDFRtXwmCX4mgxh1VvFimkgNFanCeNJ9PNPq9CyS5yMRs9xX+SGGk7FWaq0TqMnVaoKonB0GmMA+cvLtsUDC2YGVgT0vklh+XC1uYi8/wConQHqzzpsFFjoHWy01OWr4/Z2XPPbCUTLH/xfQV9n3ZlOxDoF/zNzDkC5SBjYAtPJ0MUsWYGW2j04Oy6JXOI98P+hZ1oa5P7n/fmEusfuZEh1OCW33qiwlq0F8/07TCi4Ek6jyO+GH3orDAU6TnL7dSexu83Fcs9SXiqua0RivvE/sG1Bg/d1HRICcfiElYT1QsB4MJmFnPD6n7KX8oUGPocbRvgyRSr2ygk7bg==
481,冯伟凯,男,44011219981005165X,GDS9xWlylYh,li]7{z#[H;,agtQZsfGP9hjK3afuAWKMQrlK6jQKr98oLsCiU6aUQ9xrO5doVRD71dsAPAPwIwaoZXZmVkVbzgAlBwRbik7X+KX56ss5S5ZVF/PmKkr2WBiL75zGQ3fH2s0yVfNP1x2L6Bniv8wJVyiNZHsZkT2MT+DPNd3/dBPxP87p4M5j6XnAiI4jTEhL5kk5PhZoGjzQiU8oeur+oMPevlia8Bwv+cstiLO7IxmwZ9j+ZKa85OrDkkvxbdUlfdbq26Eqw3xcvu1uXmRSBuNtOmSTaMn2/zeUxpX8BGuzmeKGz1AovlR+3aINCSgr7VLyUmKj95mp4SmX/IKdoOIYryLqgbUCw==
482,范达,男,440111199605202033,wgCCif,T#TwRQU;i[(irJ,SoxO8TuxZQbOqfL3z3lha6+JIuHsStWS33+9MPMfuQquzDzZYwgO5CIw5fzJYgNa1KYSx+Q1MrcYOlUJMR95ZmzgVRznbn6khF9QwQZ0fJharnMJRcwBD+M6SlQC3uqgnAG8AB+7Ux4bG2JBvmBoW26gDfZU4GTFTlM3oUhkkPdauQxNATBcyyd7sSM2A9bfATbXkxSdybB2rw0pvPEjMLwXfZlam7g/ZmkWT4HZeiGcH6gtQDXbM29xZLL9Z1huVZV6kub25MvSPGZIU4eKQ2runc58mAco8CCBbqE5aRSMCOz5Lzu+0WJyk6wiGyTxKwjjxH0k15EDe62hDAe3kA==
483,葛心妍兰,女,440111198511037765,tZ26Rj,Myp3apVa,kARgna1rU8HLxyAYswWZqjL1zM15WBAgj7Wvj60FQR7I1+PYkJRtYZmU5PpvQEEaHJhK5eYOYdADbFBdwttp2LIPq6VBbLxoFChxd8NejjxDfjOHR7xpXKpBio1zzsSQbCbWjXEXcBY7MNkUXSMaCwjBTzYIX/ohySNodSbmFa8jPJjU8g/K2vFihZlnrTNXRjyBzBlwLFTw139zhx1GTvzclKHAtDZa6P28VNSpyJsM7Q74VwUBuXPgs3qPuWt0T+u5v37+6ehYsNNwfuTrq5vSdq45LShg3alWysHWt8+GupDNef1c1wo00zdGJpi+MtubQoNYi5VXCG1X0+9LeA==
484,马晓梅夏兰,女,44011119690818094X,erWA2Fnk7zU,$W\>igm]x%&DKRk.,OTEi9tVPLx30FPk+A8fgZ36AGF4ht/tYS7K3q59nsAohyptLI2zJBbEtFmux1iQrNdxcPKU5W0k8XSUkdJIwm3wDB9/jn/DWGyfEApEwi7CxKgjbvn7wgUpJE+Nxz5Bd0eqhk9KeMveGSM3UzyPLhzx6EHySodoiSiBu1aIeWutXkjSb6/tOA5w8m65m1S4vkYnqsocZGN0lmGZtjfzt5IxtNSNP4MKGd82/Km+u02vtM2DBtywriVOVUfaIa8Sh3etHtPsVLpSwZu/XowYJOPFk+pBWxLR1N7BLJfH3471PvTX6WvP+Fv9FsyyXnznNImwQ8yrxM9SGhbRZ0WrktA==
485,项玉兰,女,440111198911145722,f7cgw3pSxAP0,sM`Dq(){,PkauDQzHQ36vrWlm9P1+a95v8CcAZ28AcPahG3Q7B1aXmVupjwhJ6DG1IdZ36K0rmnJ09S9Ly9QhdQbF9RAZfNzCFP5EZGH/s4+GkIeM+H56nJP5hlm27/aWGLIki3vtfLSQIKYs5bDU4jWqAIar3YCRaNOuNrajNFga8LLBR+W3Gno3bT9oYIQkpPqJgo2UynNyWuhaFlO0WFL9jM35BzIEnmrQMPMf8AOaJLFFPD8NvYtO7hRPIfNMynKBLwsCRIkAJU4Az1FQjWqPu/dStdsA6AzJqZHTSqza6OSlEl/3paUZneXuqEBzP8vKGxfWgrRU6nN6pNlsHGDLJcYLdg==
486,梁俊杰,男,440111197210212019,cTP687Gq,X>3&Mdv~a`eg,YsUxcNy4lZBXKDd1PR+bSrvPNSVHVd9NCm/qe49xZtt2nFM/xjTDcjRrboBCIZBeGoI81bX1wp6jpPyohT1vu5sFHYQHuWKFiiueTQguJVolhmkpKMmwOW8ZmAFKpW6fd3NIUCLzWk8wPhH+bX1NWxC1WlzKBYT+6AHBcPsBtjL8wpBZwQBpE9j3kpT2o1iKEkq5nA4gwUWSDoqyb2rO/3EZWE6Q8Duga8lgSodLQT/eMkTKF8g0/smhEudI0G6aMT/huOaXQR1v9MIpqH+i6Y85NoUkux5Bi6CPASiqaT+QI6NozRz8axzhGDDtgZPVXWpaucacHK3mPyC2dds9sQ==
487,阮光辉,男,440111197009266090,LipKHp3,Na~boRc5^t:7zU,OW6c1VHRGS/lCv6fJMnCnODYMLRXpwcntOmTku2r2mnxVIiTJhAtLgXQCff6qNoWzctiX+Sg0d8Tg6hU3lBJdYwbfZOY/Gn1WLo4xw+MS0vxo+hTPV4uN53TzN/D+GUQmaA93Bs2A9cu50JseA+WF+7iCapD+bQVBRlcvVc1f16kFUjioT44qrIVyCl7tqzRwzBa68eQB4kl/TY9FoHfSbjBGUmkDwyPcII8+M5Fl4dyi07VzJ6ESoYFxijYsJMRjkomJZIHzHd/Z+K4ffQEfNHXk6JLj9NZ+om8RgFzbR3KIuCFfZDbXmid5RAISqP66AU8K4AepEeBQ7iNGOkM0w==
488,严融,女,440111199611092846,Q3NashLbO,(v0pcaI8:1N?,Mh7NfJPm5f2/l+rAKYcD9c68ORuFnBh7CczX3uYfWGIEprd6ZNSEpobA9kngkt0MtzaxNTrhB05AFaE+HEKVCBq3Brl3teX6pG95PUZzBklXhwF2zU8zsBV+/yj1oRBdQZ1Y7TfCl9k1uy9Jv39pXhlVhbtyyT7zRPn19T9IcztLByXtUXooI+zUECvD7xB/AgCi8MF8VWy2lOnvM13iz+b87bqsASpOE5PiR1RTYPHI0kj27ZX1N+i2MqzOhya7JXLYSdca13M9alfvgcZvgiW8t3dnvTAhsyN/klx8Od82fCQQqeLU+hqcuzGsawn2V+LmRfT1tlUA89fPmf0lEg==
489,余达,男,440111197305126359,oMwDskT2dvK,6KY@/[I!1/Gvs,EPnls9N6eTmWJh+2bXFJGRMbpfGRzzh5WvQcZmVf31WLzn3UfAbkxGYiMeAlEI3uaLCOgxynTMD9A/i/FSUTDfdqzIocwJSJzIzpy/foVZQuuHGVUCp3dYoFG4Dduu7dqTz6qYukeImEsPTg2h9a9ZL8YzcTzlKQsCN1EOViLb4ciy1/Nh6RTVNu3hEJsTUJlDZMkPKmX8NypemiHZYO9dvQhSUd/0qZ/5RXtCUVpq5n0U4JfPriRVQcO0jUhi3aF8plVcc6cthtY+7a6sxj5e+sNvzMyB8ea0wnc6RkriYtoIZEvzyiU1mGDDizbXRTnfK1M0mT1fLmNutEPNSrBg==
490,梅同和宁静,男,44011120061014585X,KXClkqMX,R<r;J!kfJ),RRGqR5PU5hdUauXhaae6TnKjn2cn5Cjja9TSj5PRzp7qS9opkmU2xZ48+GT/wsHeHk+z1jD0GtVed35Qq2OutI9g/JFHXCgbCbFdhQiHL4540/STqe1IxolXt115FElItjOhAKIA3rzpmoSdi2kEyluxcG4Szujd9cLF+nBKJDOu7IxFW87CGcJPiR7HkxygUYdag0mKn0MhL4PhaM2NP+pGcHtEBkUxckC1FgU8/ab3cNb1uSULX2txXn01yNOb1afZhHIX3qwpwcNNpz8njkLgyenGKHVFXRPe4e5Ah756AhCzPpUa/BPhL14XgPGJF/8gw+0lC7O8qE3JooPQEQ==
491,解婉婷瑶,女,440111198711119503,tpKMwH5DVgxU,TJto/^5]><@,AE9lRczHbJFK8lWV7Xto24ouIGDeXhvGBM63TjdnIrfxpFDcrQA2iHdaFIq8fpwikhTBiZnS1rgio5P7pdYWIsbrBrMrpgnXWUfDK+cm2GYfSZUm93jkUx1Ajqke5ENVXw5boMLCIXuZa54UrI3CiYSIGi+8Pn+3Wvxc1U468NtDK8MEEFpq2ihV4iqepj3sJrK9WzB4BntWcMUxAguRXL52cGJtx4hMVK8lsV3rq4W4zYerJ/Y8OrdAO5bgJhGtFR6LC7cnJWB/9P/qMxm4UULgsySPAXqz/1YZbkQPPz7tmle/0Fgh6J+e6UJIQjQ1jv7J0EzDk8nY1eoPKOlrNg==
492,葛宇英杰,男,440111199608067738,x1xyAHMw1,fGC*t9%sD,K2smOxTOsoJhVPuHThvbZKSubR7+QR0wbfOxhw6FuspiwEhmQAmjpBYTZumHNLhF2wW+TSWuGyXAXimH7xrLQzTCpK4BTjglnvecd4Yqicw9U9HolxDQDNTvQYd5ZRp0I7h0xb+h8VOPuqJc71+Q+fhYrQdGF7A3sPhOkmUKekyPOp6MwcKquSlWcObPfsOqn9R/uwmz/mTt2oT7gEUxFrqsVo4qZ1f+cg7Qzm/uiDP0KwMJIzqA+9nHl3BXsuI2KFwXUv/7XfV6jQ41pFI0ubxcfDMbXbAR62IhOVVuK/sfWq7lVy1QZSXk6Xyk5VhaApULHinBRamOzIUpumqaGg==
493,童璇紫薇,女,44011119670618458X,GvYFRGSYtU,<yQL/H2#VXhPd5,qMqTFWQQQ4h7F5zGKY7+K7pwWTWpiEANLNPiKOM02+E0OIPy2Mc4pNC6e7Z/YwiKWCbuTCngZvgWuXsjqQhO/NiJ6iovzhBdXEMwsW5RhnpNoXu85cq1PQjEfBgVoCQNNGivR9ELGguUGM2el8KyX+DTG3ZcRyB/a/+7xwTfAaATLdtJAeeRM+ZzDG4zD+hDn1jJaFt0Gz5H9V5iE8WSoYUjw29dRSdku3qHJJVgDLp6vYGruxyZ+BXXKIa/j6j6++eJLh6UCCjXFvLKyTylcmFqjtiDr6iq/rhRSDuX40ZszWyNj7PU6e9FI17yMiHKnE9FhFXdr/UoioG//1p9ig==
494,梅宏伟b,男,440111197306041832,teHwmGfN,nCt3N]e7s:M4L),JHP+GDYsjIRZffrpn450tgi3gb1FusuBq45Apx3K+7oCbdoKHK1JVORjXV/b0r7m9Dwd43o5wAsFr3SwekiVhgUV1g1uepjNneJB+F7bhO6W2tmEnDpbxIiZ70rD9EeSOW7MvsAgx2D/V7EKGBh/mo7YopvufORHcEo0S4t+uYq9KTiSwuNRPPZy2kgB3H0ebgWsghGwrBnuySwFs0fM3v3WxGkVR4UhdM2m+H2ajtg/jQF9cSL5YZgMJhZS31PMbKEis83IfqNqz659OJqBUroNr4gQKLu+CXCBhOkPWL2ub4hCkaRd14lKF5aftsR3hCFKh6Einr68wjQOOL3SqQ==
495,杨雅洁嘉欣,女,440111198107220947,XkXNWck6ZMZ1,^dn^.u4CALTz,JH6jCOIdfWY7NNW+HXuRlRjE9QIZunINwUux03mzIWZWL8DDXlNZITwRwr8Y3wYB78+GmyPmivs0o/W8b+o0YJfSEKaYNKV3xqGJgAzM38UV3aPZ0ZMIgtr4nBDClIKD6F3pL7oxpkOvjfb8cCjaxSHHWjYWSQFseLgOIZTyZAvFVojfkRJN7pw39pd51g5LxSOlw48LT7xjjK5t0DPc1xmDtpRpVzt2xeE1FN8wxLMtwTW1tscH31AjzMmKVjVQ9ti365VvDK3akGOkju8MWblro/0EEn/491fI7ygO5LH+f0HeKGIQEjbNj6Pr3q0vX8mgqbohjg905qY4orkXzw==
496,高涛,男,440111197708234338,UZwK7IYOE,CNDzv][W}x|4-iq,ddt37IKcSC9lIrsLLTEL7nhOukmtpSCeW1cRQrL+P2JdGbxw/XF/aDwru5RvRxRcHWyVxJFKsN/bYFv6mjok2mHGlwA8zzZDQeEqq4oPm7pI39/164M5wVsACuKryhkQhGfAT15gdOYLyDG12jcYad3TIvZU84Az6n8LXwaV6zJ0Fsc9vqhCs7wXaA7yWK+etmkD2FYjM2jCo/sosskjbcW0FahqzG2F8phyeMRgvMx68oYANS3gABa56UI2bYDHq+DAK6S0/JHJBu86orgEtPLEtVPTiVRSVzuYT+6Ct6AJpIrmjcC6Z4zEIbWrC7n1yAI1hIVIsRJmugVMPXMXDQ==
497,孙庆云,男,440111198108023734,WhuhKroU2uZ,UM4P6|Pzv2C,FLI66YPFvDnh9DEY3rXL0vKX4jxtQhMKNaEkC45CklHgSvYZwPI3D0/9/specgaZ8AKPwgtzTohUfv81FkozU9k57l9Uxv4I7dFit+0ztWMddsp3z7HEW+0+F7xPpn5NUojkE2rJq42PyMytl1QG93H71KN1iF65VzIW1LJsa9qhtel7l4h2XdfoI67z0jjKy9IGh17oKtI9GZFzeqc5W/E8Z6ENyEJFOFXCDCacGbRQUMR3SIXP4YjA3xRdoyJZeXQMrRgyGKP6EcniDE/PMqXfCNI7hAseng+cZHvRuceCvXOKW5PRGSnQXucZKCShSlzMSDKDgD7BtKaJ/DpaGA==
498,孟琪,女,440111196607070501,hgZlQrw7QnFF,V_V/bnr;[KVd,lnqdv6e0VPDpqfW+7v9WD/SfvuRhmfm+QXtYWZB3qGvSW8XMb7to+0o3FNI+De/jgfzpqnfchTKZvpTK08XJ5Ur3IGDHd6g8xJsqNkn22wRTUYLFGevaR24g99JWTIorCo1A5+8Tfwvrw6aJobcdGJKKkCTOs2JCuGaMyeXbvRQyramAuH8HGSmgm/gln3WNNxN/LyL0sB6r1VILHqUXu6eGSXrmolh/OqM8nR+FD9gFVTa6mtN0Fw+i4/GQRHbs1UGjAXO/aDSpquzUa5CTnwuJEV65Af2P+gLPsW1xfcHt1jmcdyzLza2APpxLdZTKswdLNHfaXMTWi0M1EEPSnw==
499,秦晓彤,女,440111200004083847,UFGMyLgql,7\dc3S}{{tB|,H5K1/0Sk+7sGllvGKkKKvzP1xMhVipEFN7LPI2/RdcZIXwTRXhcrawLWr3/OLG/tfdz/yZcjGjnv1ZGHtVVz6EqkhoMRXfZ2DdCrpHJldcoulJ6JkTUCVUNcqNJXzN6AgsYpjgQXdKti8CdU6qysjrdV80odMoc9n5cNCm4+vc50O7xR6DSXKw12/01z1Y/jGedSyQWf63E6gP72iD/f87dhhHoEgxnkvEw5uiKwZ7c2NyDnZlSMwfGHuVte8mYCC8BuMdE+8N0EMuo0KKlsJlPngrNkdxiSyrYd1lTc9df8FcPtODjG85le5u20Xv+did97nd0GU8KlB/ecNol2dQ==
500,梅瑞安,男,440111198205283650,BFkTBm7tb,])Q;zlb&q//5f,F2bbmB1zynAI98xf0Mi5BbZ6rV8vzu9C4KpWIZioaOG6Pfunh9iHRWgzjYuVKq4uAN54j/NMvtMfrw2jXOBrK744Pqy8VkQR7nBm/2yBwGwhI+gYOgmsYSrpOYq44Wzh2qrpyuiNfimbxuICdfJH91s1Im1GJuEAw8qjmbcTAR1FDYcZoiyb3B9xSBIA/CVwkcHd+WLsuXhZs9DqCztnf0MfywPIanPm8u+JfBppkZmRdFWwAS5Y2WhVui7iLOqVMvukCPXIgUSbQlt/sKD8nn4+oQJr8fKYlZcqkGKQ1qHvSKKzJFNzmEXVxF4l97E9ooKDxGPJ/5F4HJYeGEsQvQ==
501,蒲博文翔,男,44011119980312147X,rGlhAn,pmXPM@7],G6WElmIveG0c9u2tNItYsI7XhzrhzE8a7kBMtWa57NZcYRBjTVhHaJ8kYzdBevUbX0RKXA3BlBegvUvormZtpdSFaQMYcI5aLDONGGJQZjCRJDLWIWz0/ymBrjLHHi15bVj5Us5uMKp01kVsf5MQVuCc8063CGA4dJDWlEeJROrkGcPKX0NX2uVtusurMqDGhDM/6hp9cCR2OlfXBh4I9H3FoG+t8Yj7GvYHFFeRjIG++yVgb/nXqcMxd+q6IY560Ksicg0qdmRfB1pQ7uGIgyK6McWyV0wV4MLrbKV3a1SKIF+x8r71lHoP8DjgZY+MLp9n+lK7htCRvAmk2F96QA==
502,房依娜可馨,女,440111198506228946,qF4ZLW,tv_)4jo?XaabV}c,H+qwZnPFxpFXEU07t7QWdeO+f9ZoM+/6ijW/gNBAtI7Jc+yEAR79dzNTlvIFw8ebssa7P49bBFCTBwN4dlEjD36C2Zph0Nmj1wR+dndCnKGY8veNcjGqQKw2TiVpLE0NXDEg9AudXMPdTBCO01bts4yJ+Z+ShsBLJgVTA2gRbd/PUj7BAAOtKfr6pyw/vgE7F+IPk8GyPFgIlspu4zirPl8OkBsZxDVwvkU7sk6+HtwvLIznfE4aUL46mVw5I/FRuevqOMYbm8/O4/7vPRCE34gixHgIc/hxxHP0M0awKIzdbM5uFqCsEsZVCG5KbQuAOfL0o2AYqrwcgNijT3T2IQ==
503,时睿,男,440111198110206433,MeHkcD,M(_wd&:whQP+jY[,sXGxPgu2FP7K5URTBgAK6RP2WMN8lUgZ5y7bupTbOpq5pLigrdSIY/LyweDHB+Q/ahaJ0jcmZ6KBk7/HdVfXgUa3b+xbslubRXlZIkGkIHaNtMKw5Z8T7mrOuEpMn1o3KBRUxgpNOLcAvwRaByXOeF93lB4d3zeYv6htWNDyzdeJYqnL6m5PdsTCoC6Uw8/pq7NO9ODwRzFCLuJgntFDuUq//FFwad9yJKc/30mK7S74IPq0hB4+JC9GisDX9zjVBwvpHBttQ3XZ+nrn3Jv2HTgnW4Fjy8SdNWur7CMy3GmSmHj5uZ0a47xZECtYUIYk8C7zfrOP1QcErx2U2b/Cng==
504,安仪眉,女,440111198812027608,c1vUbO6qRjK,4?9f>Oh=L,FgnirjL2kAuZ76hfSHZ0Ao2Ns6AtmWOMjlJXVixnU0/5CsfcjW13vAl34EjQbSt+Gqm74qWh3+NT0C+sOenIlzEv1U4ZKKt4CAg7AQKzHyLHQtF9srEFM9PLvI5FnnhmvCP93eVVehMJuUUTb1ZYWWKILz4reZTNfpQfqpiq6vhESFF7QHAVu+rbP1jYOkQAb5cM7WjcbpCPpdOXKXLxtZ5UyNNg0cHm4nGNZho6F4NoFgmlk1rck9kNjzItSN892rr/5dO1/2S0gVgpRXmcsgFOoe3bqN3mKkjcayM+5sHK9/AmEtVMtdFh+acwkhUoRw5Y3/BsG4lLGv+kpMK0AA==
505,戴瑗咏,女,440111198708165007,iFIvdocTcb,Z2Iz+dDL7c@og}-0,OxP0adXUTA1T3RKLNHe/Z4LfI9vPo4sSkJxWI9nFrxDX+c2Ylw3K1VKU8HieO/FyCFB36Qgg2nzd33dlCJEA2wF8K1j5vyELHZ7iTxFi4JhAbQRz3EQlkENt5GdIE/D79HSnw7O4z63DoIrWlivWvzYHajoBCzfD+2ItvXhfyp12/WRtbI72ke7Fx8T2XwRRCVvdf0mnIrl4Wgr/q0bcNWOsnbCQPe6BoLjbs32vxzXM/qx4LZpf39uYxCRxMJIBxsdJDdF+ZAdU6Gy2Quwr06+Fy4npfZsz/WPfSblg3zTfqgk+DmzYXsuEiDFnUnbzFI5YoVliJKZ3PAdUYrskvg==
506,倪世杰宇,男,440111197708251293,uISHdh7SByg,?^E<y|T~BiT,ovP1Pt8Gwpmhzvc4wXf/7WeSFrGeobistWY+g9gC2lv3y5f+n61MbczPu7X3Q7kjJCZz9u3SBnE4FbCAsB0uM7dQzwutBWxNf97on/7MoE9N1eWeqhG6hKGLvkumBioT0CUB5qIRfCsYnM8tSNSbDielU/4nlV2R7i/ETWM5TX15Dx5RW8ji4US/we6rtjVCGjD/P9gGyck/AfZ0a9+HMyj/OcHTHwduXzvXqN8naNr9qZ5OHCdtQIqHX6TXpbT/LIsuEQsK+yqbyJ2jeWiux6uQvbfWxP+3zY7uFp3Uu0PebZoCG+uLjxlW+jmg7W1znSwVIXV0wpOcuPXWND3AlQ==
507,贺梦美华,女,440111198503193565,mYifuqwVJQ3N,UsOWLgn1Mf:Z,e0ch75vb75TOfsrnD3hoeB9Fdd9Ta+nDmv2HVFvta0quAw63SmrQa00VYnYiLqC9NsZRlmXN2Df1Ei0A1YgP8KHhYZp3Pgpzwpef1nLeDsDBI7f9AhbGvWPhgSdJzdpY4Z9SK3QJnRdOllrXkLsSuH9T37qDe3j+ZbUZ0KV9aNjSRXsvCBmp8IM0JUKAiIeqgfYjKkPtkLgZjY7dvNLcOvdxiu3wBrswsQIobuHkXucjXBmllaHYoJ2ylRDlWUn59iZrM9AA59h4LoGhnTSR4YG0d2uE6EdSrD26YdrKi0EHqmEdze78PORT3W8nzEBVcyd8kKWsmHcgYWsqaISULA==
508,唐娇娟,女,440111197902289965,gtQKqGsyMI,H>y0[3cj)RzW,reLLe07rKUpoCIVfM359Jm9QjIVOMHzx+mSjf0hBHZ+0T/Dth1184dx8N4GUNifo22sKekimd+mK7NNqX0w6eKNCGTS2lrfTKdF5knBfnH2rtj45u09vTQAY1+BDqpHSmeW3JFpXXZxNtRnCjZRidSa08t5UnjOJIUthNKcQ1UlYWZWZPVnQ96YdLE3Lb5BnUFIL2dFFu/FodneHFuxa5+xjM6fK3umm+5vbgLzPk8LiPnTFiJWmqHirChBHcgE1K55gweNxaLK7eN9RKDzcV02tl3SBfIZ06NZcDVGDpp5S+2hy7ZgHU6LHYgQH+j6aySd6Xd60ezKunGIAEjNrDw==
509,汪媛嘉欣,女,440111199012076860,FqXBn0OWZ6d,Z(:iIQ9[o,eF1GPZInhHUMsoNRow8uCVK61Y88YkQPRWuLE+aoMPtMXXxuopAWejyX28DTGzZlhFVy56fioR4Q6nhRQ7FLGUGvAgIKzJVZUr2DiuG62tO3Xm062RMph6UMnmWPQa8HGCWRG7O8Lv53Avzh25m9t8VYtZQBtAlDVwE2bG0zNOabm+t8vF2kPidP24XyD4dn53iBd1qePwQvLMm5fwFUaGsJVEagBkBQyRz+Uql8Y+3dLxnrvoB0xP8cf30ME+AuCIijDIpSedPO8Gfo8Z4TpdEEAGrW68dd7BRcopd+3Zv0MX/xlMn/9ZUXppOwWliW5mGQgHtXR7bmnEQepX2VhA==
510,涂宇轩思成,男,440111200309218319,p2aNlSO,$ZTyoR?Ze|aGp_Du,h6nDUMagi3ejkaQ6bw1LvNzmt5tEoMbfgNvtMrOCeltih/PlSaCnIYuwltpmZrP1i1wmeuZPK4mybNshO3BYSA51s9DcBXltW8V9yIwRoM6IziA7Jqt1Nx17R14EJIqMhOJ3mBUg0S5JJZcMp96tOXxzhQbPP4mOXw/5wo8yNv9RgnYUUSRY388Y2jvtfM3oyuhS85MYFe+8xh4X3UPcmgA+SMV/UxStYeKbHtl0QycPJ+qZtKDm5eOAYzS0iLsX67DttLvVkRKLb0Gi0c0d9AZd2CUMBdAox1rWMssRxFi/N71FJHWyy0GtqivDbaQkIyaPDBYttRTABnwNX5eexg==
511,毛倩,女,440111197707305886,kDzihuKKqVmP,q?ngy!+6aP^Z0c,OlNp6fSL7hsbYNsDEShZZpeY6tWHOz2Ny9njKcK2MW1fkXaqIFBmU+/PcNrLxtreSH40Tt4+7RbVOPs7cbSbYrwTSI1F5XeD7RVStxQF+oXWS/w+Ph2P5hfx5gaF+bQd1PUQiRy4fAUPG6kvkKpWt4oGmUaYczNbDVMTBDZDM7OJ1hWPRi/hByJnVtn/BpkoiDcSmmuO5rHBFrPSkLedt/70O4RiNC643Lg74pI5bRVH7CK4byMuhv05315lNJs7KTtElm3176JOGsCaNuPNC05sMt1bVV5NairCi5hAq5kO83KIljNHTMF5Iir8QWX2RMtL8lc2deWVc74niSlYUA==
512,文眉琳,女,440111197004284441,c5AI2mH,C%ny{-f{T9),syLoy1BHDJp91wz1mrjlubGK12BQ7wE+sZ4l9Mt8AaLvKjCy1X5XkaWEnK5hQgcBV47wfbp+e7m2P+oxk01G6XdaZjC36wzpxFkcwU+9UhHzGg4W2HEsrp/DdTb67yOgnbKEBxFydtjhZ/lXkNdwooUaXj6hJPMK16HS+GLAIdDAVXJUakfYbKxkNtl62eXALEY5hXm7h8IoDHkD9v8DG7xiLBVcqjygZsOo0NtC2IhebxOtUP0LSwMYMson34e9VXG9IIscbZh2YhsabIysiOceVXBif/eMdACuGrqFXGR3LLOJGEhEo4LxZfKoMGOGFSncmy7CVysIKQaJ6b6aMw==
513,汪彩云蕊,女,440111199103045525,HkpQE8,72e1R77^U5Fp,YPGKiASZVzMtIjrQGy8gogBCcGehkAiSSF93s/v+1A6KV6DWOCWBiH88T5P/Z3q/NCtXNzVDiX+PrNlKplzxaU3OD8Xa4NuBGGz4JU8OxHmqKNvw6fRvAoxl22am/4ctUZr7slmWC9DdaXo79YM9pw0tT/upZAoquZZplradS8QQaHEHMegxWR0/z1qEuzWCWjRcE/55sZ1+YybLdGq9f3Z+wEMieUUAjQuDWQbAMxW1EWre6agyHNP8AHbWbDLptUGPXsVxssnYuTCyRUWL5qHzuog76yCI97KvxKPCDnyqCWo96rXkQLtBFQjFbO/wy8+F2/xk4W40KhUJUGbhTg==
514,姜超锐,男,440111197810299832,Drqo9vU,FbE`)zA1w}|V2;,CKMN1g/N9sLjhEaht9nsJaPiaUdhM0WCc+jyesocUnqs4ddxFOJLNBgc6dwLH1oDL7HID/DhWp35k+8LIBZk0/CAi4i6HU436eQsxxT2ZgGEgMmjp1ujVuy41IyL2Bs+b/3wTKRYcD8zK7bTJYgHDeIKE8BzUDL6Qbjg5Az+zgL1LWK/KzahvAO6bGRWA11XiYGMJ/pSkmpW3xrD9nBfMpUtJ9gWaFH7X4x4s1f2wW5KWk9f9ni0q5nLaDqC+5d0w89kdYrvV80abFQeI5Y8BoCQmyEzpBa6kcwEODb95dueSrKwfZKm8D7hKbUcmN8qcrFu6IZLnF3bz9Cr3mXowg==
515,管曼殊,女,440111198906224207,S9AcKRA,ftNl;U8w\^y`4,W7JZ5B8g3Fw60vWOyige+lUmD2bGm7DNB4NYXVltVb0zCfCZpGomCOJNy5V24ULFpBRjoBaZyUBWh/IaiJMjzJjDV0gdlxSko6kENE8K3ATZOgLV/4hj9hFVdFGa0DslAbdeCDDhuGanqewR1eTuWDnn2eagCWr8HUQMubFB2dpk0U+22hAxLoFkqE32EmZqXbK3J2qpcF18K3MEcLM/2IL8X1S8qbdRg2rx53hPJg5x8VXEHLqd3NXb95PJdT8cQcuxYCt9rjRc2OxItJ1/Bs+aeDrVZaTdFVGS8xg9YC8isbL8ZzbWAcAzZpday7ge6mD0oPy3f3VhW1pBtPu5Ng==
516,罗江信鸿,男,440111198501267292,Q1zTmYSmfVqZ,[2p*;^}GG>Ns#9Aq,CIbPkOrObyeQIdojBOjYfOrlyjdi2fOjX/f0Y37eJ9IibN5F+f0u8ZbCC7yaMiA+XaC+/Fybzpuk0dyQB9y7DQ/ECH+RlCm/+j3QJm/3yKOTbPMhxFsqeeDbrzP2OS8iJfrK5C2jW8fmtHjAH74YxQ/TLdoQHbpGjG3cD5CaIX/I3bUqohgEi3YcILKJ4vUSf0By4LJZhAcxEb2KWMIT9ktLdzmOHVyu9UU8DlVm2bKzvQRJjWeaay0xBk3eYPakVo4tA/1Qh9H5skkPEgwt1EbIZ3ZBMYwiHeEXz+4UrQ35cFIbOyLLjJGb2sEHaWsbKq93/0XqNloXbrbQicUW+w==
517,房鸿飞,男,440111196604228975,uW7Psnx,E#/pd7gryy^JbS,BPRu6mMU2fOxRlg7irj990gXKPfXypUX5SVb9LefMkzrU2fBS6Xd+xrkddqqoSLmmUf3xL4IoBlEBxQiszTQRXW8susvUKLRMqu13L6mCdgkGlCsdS5JYF+BXZyRvhN6/wmdWPBKGwvrrhdcue6EajVx6GyMT1UyuBDoYc0Vp7jnBAXNTOyYrCLB92T+XwG3E0kGKDON2stwyYjo/+iFMcpsacUxr+xF0fzOqKVgJYdmsEtQnQFGQN+/kwlOYjr10Ag/czHy/SjA10R4vmSvhAwTURhP1S79083AGPxwDiICvN1Xa0ZTWuKZnc0S8bdUouD4vO8JCLaH9a2xDjpyZQ==
518,何嘉俊,男,440111199205172453,kvtIDtR,P4o}LqtKFJm5<,OWl+dZ4er3Ca+lLxHa2QqWhsCDMMlTaRgpgD6D/g0SzXMd4J0pIaMkJwijdIY8ZrXpCOe+AMmJlne6bKrS+DUpFnBkiPq0EEgQz55yUYkbPDR4cqPn93dyN2RvWbkXmeBvJgdaFTILjzitmGrfSscBEjlMXUnpNAg4O97M2qgnOTTofX3MUXt+kDWBVrOTkImyOt3bOnwajXoi4XEjw5/lql65thdePUvZ/eFcUcmFMTfUWLyDmlhgcmlVxinwEhYItbnnjC9ucq4qgBoa1cpJASrKtGDLBeYGVfwRoqoJi8Gv2nL9syfpXiOQUKOvDCWKEmwLk5FQjLcAFwnCTdrw==
519,喻世杰帆,男,440111199503145293,U7VWmoo9,+pMg\E}WSe,CUa/lLyEOCrL5/zSNodzdoXbeHm3rfaWB2lWyb0VpD8ysL+kX3GzLuxRHzK82tCrHqMIUL+CXwI64i/phnJScsfXONSVOAhOvsGInMkiZr6nnIUCA+Qb6/oEmqIfwvw5kwRcxSRrSRKyUDhekV7QVOR+4sdCsxrtoZUxkiNMZ6auJlV+ZOZeVi4Jr2VhoMbG3GZGLSGsay478U/Y+7uH15DWm4oIdJF3GR0f1y0EyN0CEHqSNcSMRykTsbNVkjGofSKCtB4jqp1YfzjWsLfb4pj0Xlh34FkP0fnuYpVrUqPA/KSTLe0MERYTi3LvUtXAyNp35kiVeitrPGjrB/xnJQ==
520,谭菲,女,44011219770502196X,VKIcVUJmiiP,=#Qoh&&SK,jtMX8AGzBo2FiKhrtx+bnkmnZ/RBhFh/zon74bcTRk6jQfI4oO/zqQY6ayrwncg6xBJp0RoV/oZcP7VkwKyDTKgi62MhFnATICwwZVIBi1WOzb8MbgldaXaYTf5wjRELaMCAKVQ343vOJK1Co90TmIoonxH/Fjqg5mk36d3ABTUzyG5FOxcVfi8hZa49LJIkhlhL7BxAthRedUoB3Pj+Odo/9a0qGyWzEKdVTZruW3Vpm6e91vQ7gKH9IKeZ86V6c4l1rbUobrUvgE6WHqUzQcel3CaI5a/FGrkWO2Fo6U6Q0K8yGXccCLd7rjRGLe5o/TNRjuNjGL8vrOTl4xpGpQ==
521,郭雅洁霞,女,440111197105013982,M4OBvi,ieXZ~OlP&+,St+eSZP4yTrvqJaMphRDAeAi4Nes5E9OoksATuZJcvSjpJf/7tmzvMwFxuMNAYU7O+K36HfDfKR3kl0SB80vMqUvhGqUQ5d6dkD+DGhYrZO6PRxbwuHXCW5IWa6GBMU358HtaBQlv97IiMlXrX6I/jv4RQHQnBBjJChpNmU/joM8v7/3XZDgclJIRflU9cjGWYcAc7QHa76w5cenvBpL1asM8CBOQllzNgcaHAnOUWP/X658rpmmXFKj5F6SSPuFTBAioKbEFolC6A1bb7TE0wEWzMkpy16RZpGF0RmUDi0nznyT6VBVOjW7dQf8ZxQC7MNefMqVEL8aVWq8h/vR7A==
522,孟国强凯旋,男,440111199701092938,L7gj5pFRlZ,$]:7%|Pq[\YWc=$,h0VPXUdYJk3yogXiJQbXgxy/fm5G4m/wOfIRlbZYN7+66rArJ7XaFefFcD6qHyn11fJ/rDkkiJcWccvpJGOceksczEksDuNEepIH1lcJwv/WFPPZ5+smdnGDihoAU6FpciagN/JwGODDPYrnHoAK2wXRMWFHGZGCMH9XpAFzJtGTMHUnefAq1Ra1IhoLt8088k1aTsGR4yrHfEi5mg3+lVkz4p+b7NEYZTu5/YEFAe4kLolx40EsUaU8gBMZwkTT/SJMaALfBscJ6N6FExSFbhXeBNfNgawgpEAK/eySSnvpgjFDCWOoqN6bgujbImxqgkTseBC7NhSQL9ossP1Kbg==
523,温嘉祥,男,440111198602108477,ZOE5MsnQp7,ol-&$HQjX,KB1wPEpF75K1kx74zF8QfTpb1CE6thwTpXMkKWNZaMd1+PZhBZ/u0DFNv/lrAEJqrPmy98ZeCzyYLYBfQrXfvPHuHcAYQiycMx9647pco7ogI7z+81B5nHPedJR64SQ1qgmcqbs7Hgpxdsm95lbVxdX4ifcMyTGtnjgHQTQw3CSGml1SDukJb+hrw7S+ISoQ7ozsDQc+e5qsnRXJ8L54U3XXzEFRVwehSGAyX2Dj0uVnkHnXepiLveYSylmXixWTEZHpBw1kF1qe5FpWJCydqS54MMTEBGI8mAMpOjtaqB7VyBeRCQ/G+AIoi4/7F1s8Jz8U+3DZ57uvh+s19nNk/w==
524,时霖嘉豪,男,440111198605281574,MmSFHmy,{lLji80fC@kw*,uUZYm9QoLsewfNsrKBTdQomF44HWeJb+Mtc04tbrieAoz7nnVHhUXrD3WmUizIC7ngMRnkK/0QjkEn4LCQkvA1hnAsDGgaE5EUsPRN71Wb8JrKYkNoXT5oLKNA3RRO+t0F0+VcCwlJH7azIE0yyQq17nkZ7v488Te5qY1m0v6e1/JdCCv4OXHwwWIbhg3RnbCkxWOeh1s7L/hSGpRl6RAlzXKH/k12MbBTksis0EFnxUNGMqIF6k0FymJywhjHnsE0mi4QxE7kEazUpNtbcycs0RCty8MvRkOoLN/XIR1k9DItf0Cb46wHX0ECU8LEdTxn8/1g5Fg3W8lLC/IAtPCw==
525,康瑾萱,女,440111198407124129,Ie27jSI4,[>q`pCt2W9kpa,in+gximGaugEn7gHIUCQXVMkCDAcZ7fGwV6hPs9qVtET7Pfvt8BQVRc4w7ZaZt5re0h+4eHiVQulGYeeJ/Q1b5E/hMonlP9/BaQYZvoG1wEvmz2MqFbowZjSvupEICQr7z/ee2of4//eQvmYTR5MFaFiH+y3Gz7uomhLhfEdkutqVsD2m/1EG9/yAq8bZnzBvxHIV16W02edsxikXMKk9tiPpnDG4VY2NtdgKmegMAbUMjNzzq8p7ovaI5ocItQTMuEkrgMkdjlczN2kDAmPSdndufAYpbf0VvOIkwQQYtvHErxKe/XkXLIdckBePJhkW/uL8HX9AlXKbBL1hqsk2g==
526,高诗琪,女,440111200205130646,BID9uauJATtH,YTsA8EBg?SMVq,o9qkCKRmy7mxxYEOQqvZGKmZMWFo5V05z4VRfCQ50+w2O9mTkLKRQbtHUPFEQqI8WNeNXn0xaakLsHYYHmSunZ0gGUPtxoRgclu6JBUWuiMpA8GtrEXTtFOznLAAhKdAI1VF/A6KgifC5j/kdyvwz4G/2pCekmXyZR2/AJJYOuQu2vkVLAwhwSXLVICxiTLnpx5YkeejUx7ZeNQsbblFLW6iiEyO8Zb8+afcVyrSJ7zty7lyZA8B9gx2oeVCyAnAK4o99GcIuiCO8jirPRY9Y5qkJ9V+ShETYyrSiV0yR5mSdPhmuZv7m1tGU7kDx2JGp7ChuZHy7JkT7RNJ9GIhdQ==
527,颜菲梓涵,女,440111200502280966,T0cq1G3dbp,sp6/V74grB#\qJr~,OcIWE0edKH6oBxTpTqHqypymUAAkeJI/avjZ+h6vCTzWTb2BgdSIoLuwZK68hSXWC4QrZyE5Z3g9ltovWhBs57vmnmSM1i38ulPpoOlnByNCq59imtNpqkGpSgeaZEVy8C7qj59IL6CWHfgFuhOOqy3LPvVUmDpxZHy9I0HBuxDvnQLm+LlgZwKj4HKabC95gP1YELr01hNFhQ/TmjBxbSPFy2Bw7zEJQwVnEIFJW6FvzAgy/sAz1raIZ2DwNxrhptFsxl8ToQtJb7XLLUpSr3qhQhwOGnMo0z8f/i6Hzkrb9cGQslTF77AIfUpTk0Z31lICAqqoLRfC6DUb8md8uA==
528,鲁荷,女,440111196511136262,K6fRg839,:RVUeoh%cw,ilcKBPZSJTd7r0QQ+VDceBL4d7S9adVwycEX6mF4xe+4SXtxYzD+JdrVe693KEOm3eq06Dy783VXGpxCaJuyemjHqtmIrnT2wF0R+pjpy/jynKvBtdkogSr7Z3OJWSTmBQpLwTy66Tg3LOY0rf7PZd5D7GB7MrPeKHTKhPSDe+IujbExp0EI02EItz4KE9rJHzIJybNglrKcVtqcba98yTZvKz1SGnAupjc+dTuC5sKNJ7/Ib9T+Q5ehmSctjLUEBvC/CDEHS49Sto6sJNDq/tTRoIbyrdD0HtYg8xjsw2gRMaVHi/4/YFAq/TPR3BjDrNUdoVUW7j095KlqicIzLA==
529,熊斌嘉俊,男,440111199409027354,pbZZPfWX,olQ&os.MWzRCTF,DEe9OPgioHXqnjoJiTli3L2Fi8t2a4wVRy3/kseGLbAwz1mcwITjTaKDy0HrnGcMmnWaJ/CHD2nctG5DJ5X/CgXhxvYFjSIIsceDSl07Cj5cru2QA/WtMwmB3HziJbA9GeqM5DY8j9xt76A8ER0jBa/IZV3HdGhkxY1zwIcbsdQlCT2+WrHdFNo78SxZnANrpLSiIWLS1kyjgA1r4pUp7n2aTx2k9KCkeOVQcVw2ReaRkL6kkQjgnHqORSxETTnrh/LrvngR8l2hewDgn0NtvtJYNl8ua0eb+3UVVr2exqRvyIuT1dgRGRkPTiJb4HsIbFC1YUW3uD6mV8ClErzXOQ==
530,韩瑶秀,女,440111197607016905,pf0SvVGL,5oa$[]KG2C,CCsz/EVoWhvKSYy0HMjIjMDzWXMbb+ySRitd5Nlooz17IHexpVf/B0knoipxXECJ7+qMO3EWyy2Mk3jaFIxKL04+RifuSXqOADm4pdtZRUUESMZzuNZR6XcU+JnncTQDMoPtxPSsgjAYtWfUHw4ggkLY+89XB3DATX61QI8dnxcQ6dF2Ped8XVfsqkkTPAQTKdHTcADVLSHP8EcfszmXKJy1q08/8yKIk6DEExz+0HAaVHHgQ0KTMVeIDi4eLdohVOQ6EQ6/TDFOmGes+yo4wTEjmUv4jjztTmASeCi9QDtpcUV1u22h+pETiRIbckIeaYPcmvRm9WuPPYcnENurAg==
531,贺山建平,男,440111200206204176,SEZWLwI,D&xlSI1N,Tb0JvnMt873X4lNFNu9waQll+lNZK0tylAcRjY7g/Y3khvV6W0Nk4kysJEIrY1nCQo6I8VUexxdJpMzqNdy+x7L2+MR4kslGhQiSeFgNGH3xZYNPDxFAyOGTVc1bHS3KAE1NtsQagJW2LyWcELBfxa/iMKSFWFQkB3zbhVc+of3GIpa4b0l3bT7aSfMwoGkuDf71QSvNpoGsDBzpVv4/uS3zd07AXjR7t00g3Eqj657CiaPPykBldqg/r3JUgOI3p1z38/WyLvd9MHdloYFm4y4FNZboAUq7jWku09BpAs3YIvcjcgO27rIrIOj7g5fOl8a2kP3ItN07uD9ncGbzkA==
532,程山博文,男,440111199401155319,mCSm5M8tslk1,.(jSIM?\@X>/A^,hBENFkpV2G+gqSGiimjr8g4ts3BzKEw4g4Mb80nLD8PWEnEY+Pu+EdPJHmp6hGKc6XNofIpwPMYXrBru//gYQA/ykwJvBxSFgZ1bZKHtaepizFP+pBJ0x+GrZcV10fZ8vfGalOlmTqvnyeXGy8M8qrcwtyGv6I9pCneSbKlI6MqxRZE6o+fcRIo9nw0mDoO7XUzdQ1XDJjwITY/y+/tftPKEjGmGHvj9n8vdIV/EYKByx2ProTN3gc4eXkG5WNWEGRoBMmNwBPFyDUt7iFvC0tdYAMPFOIw3EtlhuPyHokUOvXBxlb+aBQHL+Ftmz8krggGg5A82352luKAIJCNcWw==
533,冯康健天宇,男,440111200512092299,EjXGQQRsPe,Wo{TZ0~]#]v7mN,unMJp0togdkAlbbo4n1+blTOvfLhOUWKhBcHjjHjtQFnWEEzKpKyN4WzACIHwwgvMfvBrdZnxg36EAd9nX8KWVNaEtVcH/IKcwWc1iTyGxOYQeXJXqdZVgnQmXgeuiyfNg2L83Wowxij/wkhgbDVHcf3ObyxutmPJwsBllyFJCbx0dgpraZyqb9KheLlyW+2gFigqmhyoU/Th+8mO412x8dSqrqBxQoz5w6gIHynYcOcnRgf3sdzI9SXtiaTSGCk4+m/Cuaj38ChVUpEx8AIEqx5TagnNisnsry6T0uxTqW4DxuPQZXbKVOaO8ZthMRRe61+6tHAyOD4fTtfjAHEcg==
534,姜博涛,男,440111199703251971,fbwkGchj,L5oD9^Tus6=}YKTd,VLZ69zd4QlE50nBZGP+X2qnAi26sCGFY16oeTI8FQ8Vx1QzM9/4HAjIZP+gPd+2E+07pdPrjAwGMilW6se/3aRlYJFE60UWEiFaI6e0G4gC9QeMeQjNWSgN/ARWYPu9S+9JvcIcb5tkGtVk/M83g4z8kzJFoeTqHhzniIFKt0lig41ND/7EyaVpw6xXx9/HO1Eh+1B42WCsBKnXWEt+OW4hLKkdASi91QjUq/Jxw4KwVKma7xSjw3SJpkmXMSJ5m7psjSoSqS54eEdC8LsHi56Bhh1Ua1W62hjBhk9Uxz3Y845yVN7SQmJ8bSK7fenhlYuvRtMzYaM6Yn65PG5E84Q==
535,温梦瑶,女,440111196702096486,JlfYturpM0v6,A2~:8vW0,ZEFZ37iCp6n0fqGnma0w8V4PdqoqGiHKAZjavb+V3vXlwNWHANIisEanRZCtdkXjYOBd5ec+JD7ofMlfUvefyhQ7I2/ADxxYtEKcyUIEA/osd8u9hniLredAbMviIRP9jyAViTOld+ankgCZ8aGVxCOk9+1xii/lGXoD3z8sCZSi/DqeY84GYtxxBiQuuGIU5KjTXT9HCg0yjbi++9QB9xz4jI3yKStHsmV9BDNCZJCRleKgn2xFKUMU2cIhW1VgCBjVbizAk9Y+meGI1tIbSTvweVkeiLoUdLwBZaLyk9+XJLiHUba8Jq5KyH0iQMChOWPAypL/FKIAptIep+LBAw==
536,颜琳子璇,女,440111200307221485,ZWa6Z6Tc,/:U(u=LXv~3J7U1,ku/IUVABN6ZXOqr4qJJ6FKXQWV40jlQv9rcNV+p6ZX2UIlfnCTXis6G53kwe9FblQfJqrpdLXm+67cql/tTBKEwfz33G29p2WrDDw3RhL/SwPx8h5MeVAoENtvFYOwKM/8+GVLLiYeHmYn8KDSExKVf0QJUP0UY/y2J3F3HzwUuAgmBMRBrcHkBcuHDKtl8bFpxPxW2WjQvzqlr4VIkRK4nmU3g4zlSJHXcuGJvzKceD2mQ2sn9wAN6iPNZuifUSP6+4WsJhaSiqO61z36/trwvLICeYvbDhiSMPlL8jiwf8ESDY5OzHxcmpzQOXRGJJbpV68t1WpzRUF/P5PC1awA==
537,欧宁,男,440111198703300177,lOGKe0%,GwbnpSRXMPHMy,DAL/N+X11rqZXb/LZrctKk7h0B0PQhn8jO128N9pLUtExs0mVZkeHxjB5yYwlKiqqdB1A1mJTNqkqQk2j4/14HvqigQJCTHNwZWhLVb005z2u0UjRFiO7THC8XFVK4MzCG/Qy9XZa5s4dNAKVUxGmhzOMG3E1ysU1oW1uascHdsApB9IrsCD0RvcKuSd0gnoYXmSCCl4FNAm54kwuKXu1pp7eyxAe84cPho/p1E20bvhOfdw2g0C6fARbhfbYeBqzVAesfygTCyWQpPRIql3ZRkHhbhdaHC6OAPrAVOTowz67pVLyFJxM6HxG7n+Qt1VJCDc/hFkUa1o+g+52hnqKg==
538,项航,男,440111200206206219,HmtRlI,y@UOXE*6=Z;,Szc+cM34KhU96quy3+Rao5FxGkiG/tJLgy0xzJjcwfHfPHLgxb/bbYqVAr7t0lp4LAQYnKWa0K74/6GJtTwfdG4IQ92zm3KpKbM6NWtXGJiTqICj8/ETf2rD9aSTvcHb1+ieaVfxalpiQYvTAEBNvJg1ED9xRKAgsvO0m42YJcLOknSaVQBsA9J/Q2H2P6oCedGjOD3l2J+9xHOCFzudd96qSFCgiFp6b08H4dkA9zVI+sd5+UryB/orzb2TplCuodK4QdDBl5WR8LAfyKUkHiLJnjIf6AuQeWF7sOrDzQ3sLbkWn5plUpS+TUKSoc4L7AXhDUrWVX4eYmZn8vzNcA==
539,高娴,女,440111198605254568,thGowaVMES,;p=O6l{Z,jN0qHWU2l0fCXAMWzpwiQO30XEf3b7KuYRGytO7aKHwuSwm+DGli0wQZBIrOdNdS9PUqvK6bXxFzelG1tVB7dGHhUaMCuPkGYZtI/OVJfXeSBi8/jl4TNCGSjc8KTREDEUgwvRPgAV1PfkVlMtOXbV58PoOeMKn+2ZpMT4GP7bi+C8ld//hOdcEmOxdgPf46x19qU3CfKjS8bPINqU9Ek/dmFQJ/mE8ziBRsTP8lLnCZWdv5cpMX3R2uZ8IwsEHAoLusHhFmEfeMzWuX2wggyVpKaJsFlMm0yxWLs3LRq5S9gCS51FIv3qR+FW1I0KLCSXhDhJSJ3X3Es6aU4XIGXg==
540,倪高远荣轩,男,440111197109219056,kN1DUqrH,GcsJ85^Za^BB<>,fi1uq4k6LiXB5wvxlY+tl/Lv5V4cqTWd164Q5tH8yz0K7CQQstgarbmVAFoLx6R05UMq+bBFdmXSPRIySRldnBw+KMv4UWJv174G40+35MhRVrYQK+pe5nCo/BEa9QVmxqwO7P49UYXmsRH3sO9Nu3SqAUEKVoFalFguzb1sBNZQBCEvW//2F8zA+1mtdo6u7W4JpaSin4b/vYt1weu5dUCxcGxTxfYu8y6TJquFmCeh9DsfrB4IISPCBN8gYShn5RK4sVx/zJBCtMjP2lFdSqWfscX0soNah+e0yByGEU0muX7UfThyQCbjzxyElnKKVz1XIWJRCM83UvVhZJwmhQ==
541,鲍展鹏启明,男,440111190110179353,lV41jU50,oX[l9J6S\+76t7~~,ft0n2VW5lHNlEiut267xF6uf+sbn7LOj0B/2posnFtGRPmdYhdwe1HHfuOFXocRwOmoZJC9slP0nVXaxWAKEb+H3F543gzLh5B5hnrTipREaZhB+XB/fKn8Ai0YZSG3NpXm+eLzOQkbqqbvVdJFvke+1BLbMuBJD+NkV/s8bUbBOfdmfwfhTDuhbCqFlASSsmvH/0dqIYvYEZaBEyUulOV7yzG9k5Qgw+3dvBJy+XcfMuqpUITY32HPDAAT0QCWGHEjZb71XJ00CcPdj2v4bN+XQujyD60dVPccUUVguLVgrUVQZKflPJxGHB9kfsjmZ5KXR+yzIrnaDDHiG7LrWmw==
542,梅鹏俊杰,男,440111196607195355,Xpn9Z6g0s5GB,_4-m+fkZ?Z.VL!~^,QDfAJW/3HtVt9jSNQ4climU27L5e+T2DGxthY3nt7erLioqBxHb9x6+KMqVOfYZLI8g8V23g1rJwcRrmIadjBXkmH/S0MyAvhO3/kIqk01sM0Cwt/FPP0sAJJxz59IWRTowocEnNSv/VQDypusGc4JQc0qoQv8UfhC+4jGgxmkDXbzUjTNp8IP1cGIOcmewU/ja3gl3pkQVzJ2cWZ6ygiGmiYUwtzehKJrWbhhVUha+eADBh32ZfOX2lqJ/vzINLZZqH9qUEA9EBOFakSfBI3VOvi2K/4uHoR0miSwlAtGGAioQpAJCA8J+Bsauot5rnq3qgmjCh/5SqwVOmO7Lhew==
543,郭莉慧敏,女,440111200003179484,Cmzmn378,#>\dtBoJF|C\*dq,vJmR9boxbxsTUbSME0oWmwsYw1Ekg0ZddzIOImZb5Te64Uywi729SpSJt53gU4YKS1cxk+bNH5ACfre8uAVgt6Rsr7HWveLus9wJKL3mHs2PlYZJWir637cBLMRIDOXbHhDe0t2sOrN/EArLFWYoDuGlakkr7VPZ3MyY4UnpFzoGtn2VPrLBFiPqUU/qDJhDTcLujQA2d/lm4hDcRnKNKAmDr9rzJAIHQ6wqQuqg4R3j8iRyf1VqV3mgR2AgPbnKdy4/TalTSzuBJgRiYIoXdhLaS6gzviifNcoOjYTnsi1stycuIhGzpGKLd9yMjKjuEZA+IwayNzb0WVPkuruCyQ==
544,郑智宸,男,440111200210293298,rgskbHwXu91,B^>moqfBv,DbwN3Ofghcogd3IAZeJy2/zDig5w0eB/JnJJa9/5r3mNBodoxUNfAxuq7SeRtvo2FWQptRZrByshQxu3g71k7XEITScubMHvqRJyVVe2OJsnvOurZ6v0NGBP+SbGSLgFYywusS+UxUagLn519H+DdvHKokSS4/6zoYhZs/CM+rGQPBKmHPPZPFo6kOqNevBLMvGg1QCSfkwlrID4xLg7y67vfNbmAVa2EEKtmbfNa6ezjmNGGD0NrbvcHuhrkTDEmx+irUojaLqDkWPxdU16Vr6fpvHoQthlM8bFXZh63CJUX8g/Filpb9c/g7AciK5VDZxmmb/6sSPxA0JapNWA3A==
545,伍雨涵纨,女,440111199804234468,SlPMno,WO>7VMP5r,g1TbH+jYZiziOqKtSKuuJgwklswC3v9jMo9mh+cpR3rZRWNGXGl7Te5GNpdrA5ZhNkKXtc4+3EA5xQK04ZMdQEskh93gr0QZRpTdl4mXwb/wzhMsrRjae0m/OXfV+rDyXqk4QziHZJA/Y5eza/OM9i8OFQ5kbUMQDOZ4vypFqpaRWpqg3mAtnCwmiVME0ugy8giNJTwFWdXay3omLcgR7mPAPpxLAy1RucCxcSpodhNexFG6WXZanGpt1HvMyH8IuNKVnjmVvmS4vjt/4m+5xasm8EdkWl/c2W/AWBXYAd5jxmWxoIe3TEJ4+nA005QwOJJWakGv+NOQ07+BnhHNnQ==
546,施瑶,女,440111198911158902,bpElDj32xxzV,hm=[K.F\N5-,u0MrLnJqtyWuJkUSxXktVIXjk/7D5+O9wAa8bAeA8yO7SvP/5ZudNfFlqdegdwoZxtoA53wk4W6FWuiq6wSBU3WjtipBm67BKzhrS5pD4FMkQlVGngSzLL7+rJVPcjqtSzbSTR7C/uXC0kpmnIu75knD9W5HmYwF843HvpMRQlxheEsCTRlJ+EuBHf/vMI37rqyw9zgnRQDzLeCYrN46CLF0Jp6Ivt11FUqmOSneczM8R5aKyA97AN0Czmd0IJmUL8IgqxYOx3zMWcFPh8m+OWp7TruxoxvyyUE1TdKbu1OC3YigmMyMfGGvUqeYdHhDFeKXI7Qt07iymyjFq96mVQ==
547,熊琼,女,44011119730221752X,JZkzWC,s+z1qhBxBCc{n,fhZFOmAipPFrElYxORkcoC043GlB+UIU9e+j9Ph9Js09CIFXspeE3BayLF/hnxyQPbcLZfHvDI7WMCoWnKS291HN3+N8J8oWpHXJA8/t7+3stT3Ic3yyaTHP4WSFTB0u46YrTbhWVEV2lkNVDGas0j/43yCX2J9t+xtj6UEK2Oq1be7HcWPsP8mBIGJcQcE4BPXIIUuLY1myrlKvcgcByiUz38iG1I8ZBjCH0/yM/Wb5zTJNEHC5xW4wOwg85Ujy7bc4oW7E54dB5ud604JhlzPvL9NN26GkvR4kZcLBkO0KabZ4Rxh0MvKXVuKg/HLCg0j3ZFPXEh0wVE5YV9KKGQ==
548,韦巧云,女,440111198007062742,odgOptOk,v0)opfPGyR1eO87,hBvqbFjXBU7Na0uYERmxnIIZRDvLhcOJuj5sC86Aeuk+wWBHqy75qa5zSXHiyb8ujnasI8JdXk2pR7ynejkF+FL7Nvo8pKIpB+pH9EmP8fP1o4SoaHBJHMna6xPyFMd/I8JRQ3UwKcrU47Up48Ug2ewfuWdd9UmH93t310bSVFbmxEdEosh3mHpofyHgHZK5YQicIIJHUrrZR3LIZvNBft9ju11WfrBtTHH0oCa5UrqGa8A94u7LSR59WVQkKKvzqYJrA280kx5ZonwLSsq1WDPb4MaXHNvcM033/RHgPQKAVHBq5K1LmEjpgSrWpjdK+RZ+YDFF+1TPDdk1WZhNYg==
549,曾伟铭,男,440111199909251256,nsZbeQOL,$*|BF#@))Qfz,UN3OnbDhJSFbyQx9TKqwVNsQi/UTmUZItuLsV/y/UeNEXghjahrtUk0GetxSygpLQZiK7Yic3XSNRJQANPk9GcFxT7ZsVtau0HQC3ndYf8P8xpqEPvl8V2Dxmb4PBsK57sFVb2jqPCZNFkkhQlUY8xfDY4ZMRBOhT9Ay5imxAXpTvVxMG/daTWLFS7L0fkXGyDkq/BoeWwiwp/RxRsLqABwZ+FNoUMyCj6mf5n4PIwC6p/OMxU11mRPk0F1m81VdoDP4NADaLPwGYdumZIPbf8gtr/kTfOVoWiNtocW8oLfSGWazWw0EskUSXXocofy9E0KQYnbGOwqYGGCFj5HCEg==
550,沈明康健,男,440111197304303296,wGZhTj,=J)mN~6X22,VbFlbU8ikazUObcqXnyJnGKXni8AvY98HCPpTegB+VBoDpco29d4GdHXvaUWAPLuB5xUy8E/BCGlERMw3pxMUzSiw1TA1gqoX3FByfE1t3SN+4EWqBkZGh6nJUXusyuSuCVBu1+XSZh8lyYCSCXj2XaX0lkQm9q5zU9mYbELIM8/ynd3EkD/TDV/eC5pSU/876PbVt2ZlpFcOwUIwaBd6zSBKPOmooP6BVk8anTfhLKztwSZPuu5w38tbEi27xdYBM2LSLoPSUTucHswOnNyqPn06b1wziTYz2tdg8ULlcwpXyhnVmqSsHWEK5sbjjOUJYfxSIlbX7YSumBq+By4KA==
551,马瑞霖英杰,男,440111198809105855,E2cKfm5dZgN,LTB%2DHN)_aO/6,J1c+YExtC0IDeUTA9GOebt9MIUGJ9/LmYLhLcIasX0C9tSx1H+NnRFq8fD+Ie4q3duTZKtVvMQHOXYQgO90iTiFsd1VENi3UdfAGD8lG5tDSLGO9pD3Px7KSusu+vfK3/SDCEPmcAXxMfeEzoJ2gJHv1GUT0Tp91nVQE6ywFxdmEK+2RpmS6fTGkehIEWruXq9zqGC9tAjyOsLQ9CP0zi/VjXKSdLqcz+4HAq9G90KxS5OMSmRVn5631YWnsZOmOWl5ZY0gLoFMcqKg0wowX0MXm2JmAjLLyz6O9sgbK/04assBLpt+Bh+bTki8Jj5hsZ+lIFKeStjkLUn95omWIrw==
552,杨雨欣,女,440111197211109021,pcRwwu,V(gh+::Q{MS)fN,AKWqmOwveQlgWjN21A2mFjhR0FWNKlVCRBnUbN31ISU6o6EbBNnAveVUpdSR9qnzF6JYcChcatu6FBNNqs+QJQYVOUKRqvtmL8cdwWFV2rI6S5AmWKD45ymObU27Da6rYXIYKvyu7mMO4w7+af9lWuz8/IHqNAckuSjj5Uw4RUkUx1b74FPEN4jL/ZDkd/b/zoMqNrVxG/fSdkDt3iGy7Vucr902tLS+8eY1CIj4sRzPymyy29LaFt9hx9LN7EH6paOBUgC+S0SFgxFwrvFm3kd0ug1v67YPiB6myrvbpGY1YTUZinvsuVsqIdZt3hdpO7grLacBrKBVFKwCq0KnTA==
553,马升飞,男,440111200405223476,iSfreo,D^g[mMq{^,GbwFNTFprgSTsh6CzykOub/QY456GdeRlwKyooFaa1rQw05vdOLNtIqj1ixitCeLsNRzdee+Y5qH0agZfWJOG5PBo6PRFEvKqIJqyLKYkQzRwBlUIPyytT0gLNkzWJ50+zr+L1bY1TEXVfIwZY+ANWlpfs5iG3sm+eHNsNKIX0OuxeMuS9FnUF05kBDRgO4EDWhx5Jl9Cp+YuaGJI6+pcyuzr7A/CBXs6oDosAYe1hKLPz5yj/g6WHqZghivRbvnnjzyIODkgKX5vSx+EuAlUGQZMivGFu3DGu6dYLkhIrbgJ3Kh8EQiumEhGWnZYbo30AlRaSRdlVTz7vvPLomS3Q==
554,丁智宸,男,44011119800502913X,thgdypHCwPp,-Tv@M8u32I,Sahbbe3rTS36D1s7arz1K+PHbeYv5JlF/CpnCy7kxF4iAk43VQIro8w3piYqKMgP1gZMpgRdQ8uJaLW08Qi7hTuhJpC8oTyT43CJNFmeXF7Fn7C7/V9MaZaIFAuKpUqb2vC2Ts/XlnaCAnNeAyhGi+JwsKZTvarkG1JurWE0nZ29Yh4mBQpyHWgiWT8d1EjUwpgNAZqxwlReuwYN3dWwy9Zc3KQzNkrQg8W6haOALwrPTZh0su+W7Lkp4iN2his9Up7NwxkbU2qASA6D0CazzRCsmlGaQd/uExgWN8r5XKvn90gvyCssruyS8KWuAF3xDVfu7r544tVy7g5N4b34PQ==
555,付怡,女,440111197702200428,qrsgq9,rQwO(?KYK%lK,rMocv3Ypu2Yb1nq2WM5Pk22rx0LhwbO8iyebZmuCSA4fnodAv99j4Ts16X3fClnaE7HhRqAyKFCBIOUB/b6GvHa3ttTdJ41HjCVI8pMMu7Ot9IT2UA1gXDdTlQi0rPm01bFVeuuWYRoJqmXPyMXOxGGo2mhLMNGTuR9+dV23W2qDntFGVVbu3Yx3h34zjLte+whyb48n+6pph6aWPyOZJEYJzMekpEIhO7FJXhZU/2TxexO+oyuZIdaQcnpA+ljYyosHv6VCiySC2Hsl6v0FSa66Ac4+WBDmbiyFH84iJfVPlf06O9U/u/ThVdVl/4rVnPVnNyxhMyYCOmdpqaTNHg==
556,黎宁静博,男,440111197601314557,PyEWtaf,_7-iU>mHk*,EhURs9+NkEjtPehage3T575Qvy8/xTckIr9yON2n2zAMCY3VCPsSRBNS7Z07TZ0vhzkclKOVcVDq5/XnLwO+tHCNx+KTN3NVEwxnHF/qMZWRaG4wY2PBv31A6NRc6MfUaYD7TbbD4OWHsRPhTRQPj8M0r1tqTTIH4kKWUCuHQOlAJ0q0Kz9XPvAP1ynhbtCr2dlgqXs6zZYJzJ5TJFRvlALwFH3gnnrEN5MdMwQb6zSJzNgpSbYcIenLeC04MCA0kErxV/apTjiA7VpGqiRPpDpZh9dfXwTCkaksXtLgPa3DKUa31dPlAC6xNC0XhSs9V/2j01mqZblYQqh9xMidpw==
557,丁启明,男,440111200204233651,iWYmoEnnG6Fu,u<HB:CtN$/.|#)s,NqOhMdzArXFC9psBrAW7GYeJE7XmHd3FIqCv+dPyVdSd8NUZx5jRkj5BbVGPEtSJ/Tl70mfoejH+7O385J+lglEHAvy+XdnyBWj+ipxrQvSVxJU014zZ1+Z5yYiekBTk3CVDqOJzDsk12qOr68F9T3Cn2DJSwljlll+zbc+eZwMrfLsSGapX5c6Wza2B64HFZFGu/dxkFU+3gOCEy/rA4cRHaoigyHrOXmFKsOtidcXgcGocQPDuusuWZXRH6pnLGDhrjL0rcJo4NlAlWZ2qlYzwuEgKTogg5nGBAZWV+2E9ZwR2vPYVeK0C7oQKohZeZMgKPnAxviAv+qHN6Co6sQ==
558,于瑾,女,440111200110305204,j1FSXCRG,$q|vOX[Gr2Pr+:,lasYKI6Zi2kiTHHe4ErisxgfLR6Iu6bxbLjNYv7frD8e1QUZCP8bQKDMn8+B7SzD8uazUnNbCHoDUqOaxzddHypBlrdk/BNCf01Ck6t8vQOZnreTBph7BXHGPN/DPB2XL4J4sppZAuYNMTMCiiUdVF0lervXZ3OUwEeGFppSTX6Z4OSqFp7soljgJIck7kdrmqRBrQ1wjq8BXsjILD+8KVxfCtfzUyDmhK5qMIUwbqfhKM6vq+73q39vPSpCoYwxFz1JMriH4QKh32aT5M+AHo55MaICwuvMmvO4qjUMsTTls1mb3eHjtlIFKa7AhQBkvKBJd83tD07ENtQJ2eBcfw==
559,孟婉如丹妮R,女,440111198903055962,j0VBMC,^S*%hKU0mjT,SJkASAtJSm3JaZjkm9Uz0tvPLxNBC8rJiHe6CkjeT+B6ghxVCDzow0GUbXbqfItQ1C8UuBrX6VkZffYt4HuK1anAbRgsHe4SGwEw6x7TO5YcmkXQGXXSQgkpRduQfRChcLOldBm2n5tgQFYIlFOofiCaTSSk4CJpARIw2VJ1+TrXNQ8qZfzODfPH7pZRt47IRjmbqFxeMn6feP6CsGxYWGSs4tv8pr17GFRj09/Csd1MUtRHt3cwzmlTiEdP6HTJ5qkPwKeZS3txfMvBzoYZr8L3Hm2Bdeq8E2ZXkpMxzPIPHQEmhtrWSmtEWc6L42eCS9OEU3253M5AlKNkpPqc6g==
560,韩芷涵,女,440111197309210523,zRjPlhqbF4,9qL[H/1RW-^o/,IvToTQe7APEkUTNELTAxMDj3jjRavG6vtj/hReHrCUJi/S/o5u8NvZ+pk+HRq/3ArrcxIepuYLeDA+KxiO+AZbQqob+WVi/PonVU3BMKbx0IE5mKrBYrW5rtY4J2q/6rt1xX5L1wO8YoCEwuaQmyLb5K/68inPvXZhv6zgd4IZtrRvGYGTuzQ8ljwCH/0S7eTujevbT7SoFjn9LqlUOBbWsYhBXLkjGHMQR4GaLk+D3lxepevDasHUOOhMwcnwpk5pzkg7+imu57x6yRjjfVwWOqTfEKBeukZuD5DrS+ozmf7wPCOq9obNhTi4flsgD6j2rE1n9PU80LbOiDKw55fg==
561,熊珊珊,女,440111197408017286,nKF3SgJnLG,@%[|<_[<sv[,NB2fZnHkMRPVujPob96ICzvpd/CmGuATOHrXsFoRC0rF8u2rp3S9vOPFb/BDpBIVJ5+w1zCcM7B1FisafB+kWiODWN/bAExKHJ4QmvKSTnhd0O/tRQHQMzGOcWmhkWBSLIPMl9zp1d5hOR0asrJ7s0PLlqIMCBKQFeiP5Q4FdcrpOwn4Ft7fnDWOksWmP61TUezedZWrcZYJ0QcIgfRcMFoJ72yI29ZSDxb3qqd6nMHrKS84RDt7yuQnfPuUf5bDEvQqgls7KcDLYvYjau+yBO4tmvAzLh7uNKNQ9QEM8b+mGbGPbS/fkUqNCEJaTVA79aH9/MdJysrJkbO03PAFZw==
562,丁婉子璇,女,440111199209147888,Mm5ZUT,[_=7IBFS|^gOs,iobJ2MKPwLGXVH1ad/h0NGFhGl1suqNF3l1yvGfv019YoHo1kcFXxD2Mm0XbTXUpMrZDo0t8AT+yWJhjVs7PTER89UyhqYAFGyCDHOzdAMow9MC8Ldsxf4lmX5zVeryLebRd7EDtYdi5r+2cayCtszZI5Te3HE1uk76u0uCzOpRtt5O9MjKpev5AdVck1BdRvNbphhxBI6MZp6/F3Hso2ts0yvVISQ69I5qSz8dClw8fdaUY5Blyw+/stNOTkj2Isumfm6EkRhE/jPdARYmAK5XxmB4pQuVdq0xNuZN2p1Wh2e6Ij0btpM/WzuWKGKdGVsAVjsfVuWuNSZ6K3bOEFg==
563,李仪秀英t,女,440111199208245160,Gbzjy2o8P,MGT6}p5kpR-@,vYMLtf9jJvOu2OTvXE/XzAOXtgB0gnl/3iz4KCWs8u060ulJZkNwMgMRmMHXNhejCWoYioU+54T30gY/gAv3pdrRTKs5aIM6pG7xqBeFcwuCASATIvQFFGxNsECCjOyTsCXA8kD+v4dW6apANXTMdgkqHWOiRlqUw+Z3F3i019Z7gJoLDYPi54wS0V2aqYu9mI9cuiTiWo89nIpLRADMCCEizfqcPNMMwPjsB5ccKpSfdPQtcv3VwdFUuWwiRtBUh4YUSNUcZZJbBPZfhPdn7v0dfGSm7Xa/imm6Sp5UbDuI/OKnRsjUTBJGUHSWhg1nj2JRY6M792WGoazsJ9cTgA==
564,高娴芸,女,440111197611306868,G0stRPfx!tRPfxS,;_mqQZ!!65v,J2Yi+HvDzvQAZVi0UQC4cEekzsHynL2FewlEhqqbsxneimnwdSxS6QBBnK903X3cs+IL73FInDZGYkWAocCQbKxqqDwIUwcFCFh/zRhYMuvW40db3SQG8bT8HMPyN6jjxJVoLZqe+3Al9aF7d5xl0zeyPNOtskfJaNQDOnmcVBu8jykaBwnEJKdPy7Y0xpx7lL+ii2v3sUEK+VVanrZpoOc80uSjGSQWdNbLDaVh7vn6P4KbQAg6bTqVn4WoubUAUaGQE/wxrkjU/+OaCpTn3rE6crnO3GfOGYjZMtSd3yedQwl0az4xEO85tPD6pTrM0Opy3JdPRZFlU+HjpHeGFA==
565,管永昌,男,440111199607086355,MD9IEvY,~Bn|D8=(YhZ3O2xc,hscSe7t6LvNuqurAz1ZANCggfXCsYZdx36k7HAssLH7iCOT1qhF6YsgHN8iyn5nNlA5ctcFX2JIaND2k83PLh1hoNuq1aBy676muLJmJ7XtOJvPgc9oUXf84dhg8UjsbeQWL12iIpyOeaSeIqrre2Z2XzAiGjqW2ye+oeVxGsFT/ktrocSonA/7LbIApnvshNiZoaHBt+fgowBqhm0rjGDrz+HZpuIHM5MVXZuqK/k9ezKzxEF1OuO+5K+duMuOYPACWu3svIm6+PUQHhJQKIOzhK7GLSbTpu+HmCxvZfAgd9pKSmOaF8+0kLGJxHxjBv8stD3yCI1IYzu7ZuFdhdw==
566,林世杰霖,男,440111200603244235,LmdDmNqF,:!uIq|)`k6R,ss+WbuHwVP6Qno2TIf2D5gjUeKFoK9I8I0pJmYfuJrMY3gAvYYPuFtAK/Lh2nhthUotLUmF8maJlk+PlOqhJCxZR3O1Wx+aWYvtRkL6moBwlIiqTqtRuv/eFL+1q9U3CAKaM4zKArNVFCdg9AoOPziPguOcIw5XjtEk7wmh4adynREcTBB6guo/MuuXgBXViHouKD3T3mFUJ4BCv/1IkX3UTPaLjPzw2MFptMAHXXqPQzmbyzUyaY5Q92alPn+bYEg4szeJx3qaL32NCt94lEUC6DXJu0MTyAgMPE4Glfux8VrONNYkxCPOcQ9F2EC4ZtSl9T7l3gX57dT7anIdvAg==
567,韩思成建平,男,440111198102185935,tM7eFtg,?UZ;VMLG,nSX3eUxHSSJo0/MW4/9AIq6Lv/D6bZGav+i2drDrGDg+UMIysIz7DpV7CGWyV7tgIZ4b2thvnEVc/ar3F4Ynq0SUxhYwlWDEdUoG2PAIngbEVJPJJrWSDts4Bn0jUI3nLDZ9sf5czbSqHEs3cFZHZrPaAloxf+3jFu0PxoOuJxF+zCbMiW/Uy/kCIt70Z1Sc8xIdMvAGSkEh9+DUu2p/99y/bJ2SY6B7hzZiU+xewFkUA/TyCx7kUvP0iHN7tRzVA9OIvWw4aHKxof72awk1lvTcPAT7CziJwV6SLE3OMYh+ve53vnvJjGp9soaH9na33RmLuV0k1nftGTX9pfFXuA==
568,卢茂林,男,440111199510317057,ZisMN6Hg,V)|w:D>Ea4~{m,Uv3C8GNL4hij3zfryPoqKwtVnDG0+AZ2FiDx5UE5E5tocm74MJXTPLFCuGC2INsnm/fZm/y4C6FvtmwGvGwq2GhLEipTFEA84zu9hHnIqVMtt/0cUevmLesjIx8JB3hg/q6AeddGVDvDfyNOma/WYrDJ/j9JLJnJvstbVuKnZUUCDYqvU3/jglPjYlfZgbDDGU4Rxmu0GYL2PAcDz89Jl3SV+ECoBOtnlLx0p+tYTeJYvNbBlMY4+pZz6Jv74X6uoSczCEvsHwfWJfJZey7Hc4QkEbS4vqL3XP5IMJyfIVq3MM9EbKiKx+Sf8AAzvrsj9kVw4jciBLeBfPX/pjhP/A==
569,聂英杰绍辉,男,440111198407027890,kX6DbZ6p,zj1*_{[)0HK_,QLMdjjyVUW3Cecex/UKdN383VsAkhd8XKLlXUrWS10puYvgnxQc/SstzJjW+RS/NbINmWzCf5ODW0oG3KInp/uOtMzCmw+gfsiqx0tupBKx+yfXddlKqTGfaQzvAub4WXkcd8Qj/KtjrI2v8YFgGxR5cpnN7vAo1PNHm8hA0+1KeyqELR7zIEDuZLoAXTXMpAluCnGr+u43kIluf2gBM6P5ZOwWYwHWokt0Fr/6k20X7wawEqFdFKkyP2Dk1/ySr8sivO1lpher6XmEDRncBLBCuAfsdGYWksne5L8CjA+EHvNxzDtaRBvWDYZd1T64jXxnDMDC0G5ngHUh5EXGQMg==
570,牟良平,男,440111197610319499,QLFwKJvLWw,=P>*?OqdT,RBFEZIj4hFdPHwSngamiVoNScDBrwhMbW/b88KVw8XyDbaElL5GQvYrPKnws/XC2tFBB5Pk+r53L0rS9LD1Vxzy69gJNyMsHYZ/TZ7XnCqUE2afqv2+guPVjjrE2pQ6Y9P3+QMJAN/+XU/OCVjGA8Zq77IQtPqnYsdKG/Lx10LBZeQ8U+AVmkDUTRT9dgsSZmYY/99zuM2T12NR2H5PlUkOxw9X+j5r/mJfcGUeKwnoirkVIlUKkSNpZVDBMnlumQx1TM6ZDkimsB5AHoeZImj+Jn782K/K4jTN0OF0/JA69a9U54v7SOhPUG4d0uoKQx4IMSQBiB9tHmstIwvWwCQ==
571,车海燕,女,440111296808194025,IonG8vSKC2ZT,I8T+}8#FsP9l,0D7Hw2zo/e24/VH9JxuTXLjZx500FCYJ9q3vcUd3UqW5HEGNxpMc3X1At4D0Bz+mKr4qZ7WRD2pjr5gp95U+shrKv55R2759yrS3aVfWsKhP9WOZNSRe+btODLNpakCmtSdXhwu7xtj2OFmDIkEW9FqND0Efzjg84qv4UdObw8fbpiR0FGDFez7Vvy7hQOWhLZ1j1L2CoT6pw9W3+JXVMbSSWgnp5/IBQOVesyzfqXcDzjbTZ5ovXGqAvwTViD7j6HclhLKlscm04zyobytmwPSnE0LGHvDOjZesoJfhi9hM7i/jJfYlSHy7gfJN87+sCMMyY2KeRsaPa75v7p5Mxg==
572,杨铭,男,440111198712252031,BH6uWjs1vn,j3X#I^3`oOlk,SrYP9MhK+8Zx3bNiL3zC3Ypg7XUJAr23D1MA3KczLbZu6bE+tQMOm5B7uxEzvIKuDgLVnJY8qyi7H6zvrCwLD4J5epsRrD1pjjaYwl4gwZt2yKXDpLJN8Ovb65dRINjdYqOgnAfmM5Q0va0jKM33IEOnajNInjTX56eg/DzMFwBcmUzcuOpVOIqL0aCk+EG9lw39gieGPyRoI3QdYqpUq5sjyIIzc2MfYyi06FHIWPf4Ks6iP80AnhwLwJYAqRimssWh0aCd43DciZdzlzIzQt33kSamwINvJ0Zh+atm/mii5YkNljy3fRLEe2z4LLQ8xYnNkTBtu2GyQXHD8uuyVA==
573,侯飞,男,440111197211160273,stJqhAML,sCCIb9BsPQ>h,pQunTOZ+GZGSCZxgLwRjKZ3i7MAxrg1BkRGE9yk7EEgaqTH/9CE/FkDpJIj/wNBMhsJ7zgp0SzBCHuMWlMOXJde1cNKSVWt9sF6Gu9qzC6wf+KfSWsm/M0P4y/WpuMTTpj0I/DjB5DiQpWygRbhRMzD3v5aqp57cm1G7r0utSKvyvQ/8++KDAcTU7PqZNRwm5K8tQYv8V1TIWi48HhaQXZc2jPUO89/4cWKJHfbbwSafsngc7fIARM+bhmUhR/jwGIvUIxmy294T5d8YqWTg2dTAflhfq7hfRTdildjmgnweo7UHSD8ReoQhSPapbnRboYNX2NsJYc5UvhUdUv63Tg==
574,向诗琪,女,440111197201304624,XlnvZGBh,:1wReG8l2W\=]PG7,kgsu5wu884vqi/+K9bommAQXtDmekTi0BIwpd+5PlQGI4QGKxmsL1GuC99zrkqbFddHhUUBFV5TGa/9Or31Q3FjXILGARxf17ZJJGyBkUJWCBF+JMrg3ldNGE2TJz2KRQncxVHdTUi175UHNHe3/Omv7DrMK4eH9kN3CpEg+h85BcLBmtTD5bC1zc40W+KPsSqPQf3eqoGbSK7ElfZw84gkFynbjeXCrjnX0YaIBDuGXcR3QF4ybUuccsAwApgjkOgtoiJ3Yb0V84mvIxmHz4oGvYJuad2fe+/WXniybfeZ0w/SB4gwMHUZE7mrKuiWbRiGRlbnEIIq+uA0rjr9miA==
575,周美娟,女,440111198307302584,qaA8K5Yl,)N~Fa.nfMbdw,TTHmQMTaMDdDK2xOVg5h8BQGcprA1ZXV9nf69DqYLAUdZbpXY3+7Lu+j1MqRq1FplbgwJ7fXHKnhRToYbZC5fKG1HYBSwHN/n/PfPyn6ZF+/kGrO4G34WhWX1vYScnaxe/Qr3kwGWMDsJ5ccI5ara+j1Gaks2byr+cM1Df2Wjlg8hm2VsHu5Mj9p+nqa/4spxDRi862aUOripEnIbJhyNBIVnHPSSgtFL8g5RqDivSRmZWUiYd6LhLRTUnscFHaNiyAwN/CAktevwleqUHQMOxhQWbY22w2XUwftGNAY5/YeHiop83BVXEB4mm2Er79WvBmeXk8mT8wawbuRY1GFXw==
576,于健,男,440111200012061514,whkPQR,Qmzk|_6SS+y-s{d7,An3mMMEP2fz0e4FKs8aS474Vuly91WkyMrPSZHH3y7paXSwCtn23TxJhv9Z6Mrs51YPMt5baP/HOWIWrrGVLjEBY+ncRhSWvlXt9G+i4rTxUC7lqcbrfBKnvuZA3cyu23dW6Fn+68px9ySISGZ22tLV8GzU2UiFTjpSx0z7qO6BUMEsrZ5DQjx9UvBSKjs8fX/XQZAyq0RxmhJhfFhDsX/F2WOGwFOuFtKTjc6jFNKALtpsvKCShsQD0mcEVWx7FweypoOCJ/AU67t1AiuGWwe1Xg8H7JNLizumjJ1PKKajKnCPVOqJyvZNypO9ueRrS+kOEThXtDH5ItA26vTEvNQ==
577,刘婉仪秀英,女,440111200210297221,z13kOW,5$/s6kJvi+vRZ.u,a4FkNLOHZoZKtThOHEfGTqig5EkW61kBEuv3g1rbOSJg5Zrjm/qnr0A62tGQOH5Kg27Gu6ii2xLpa8quY9nU9MFI6HW1VbuAVNeGSWFSek0gsB5YlKEH1K+SCVNBQrCROtEVcw/iH279l4Kt6LLKvRU69trI8JXOJ1jor7gBSm5e8F8/JHBU8A1QBa2zNwukfx8lgw4ZQurLiSj0WyCSNhumK/xeDlE5NNnhR4r3IufOP2lDBQw9b6xotoNxMUwrb3hGABydSDe4XFnfwu+nqjGb1NFkYhMBhpIAhEtvfgNlTTZtL+JVpAjqu+BoJxRrKi/mmymkouzMPd6ZYWczxw==
578,喻林泽,男,440111199805204877,JsbJc4m0,~hm0kV#%,Wi7uxgA/49B3JmUaU8psLZlOvfDcOWkmc+oiFieQAGKecFQS04zdBoQEhVhc0zMLuR9taxgz5/W/nRt+MzGHjUSBbtJgZ/Db26rFLfivQlu+xTgCx0UCYmDCFL3xIv6XM/9scG0ANzDjq3bMTdnnQqh5uLzarTFevrwiimYljDVloEUnhFMp4dq3YqnqLd4X9O5DiQiqtWoHlt9k5hlG9e/rm7VdHT9jgv2lFGchr9+D6ccelbCd2uneMUmP2Z5yrO2AWQ9djH1iv6eKYKpP1fkTBPwkkrz3is/m3XHdaPAYcCulQjksS1Ig/b9x11k+STaVvP3+hAm+8QhYRhomxQ==
579,蔡伟强,男,440111200003256793,GV1ZdKIaWZ,[bZsO0mo]`U}Le[,W/ilGvGjN53pkCA1V2GzKm0e9S/rkfyBhd3lGq3LR+38/nLREFBZg0KfHIlOyj0FTITMkNBjFvL4yvuc1Gn5o8waYVlyiK2idu1HJe/cQI8qxJk1qYR1CW6Exwx36ir5rlzVbiKFC5bVp6ibwjNFHM3yU0E3N89ajk1qyg1TpUbhyXEdym3xsedTj9pz1OoSupEPrlP/C+4eCzpJl7AUEv9fnx+GIGGju6xb6PwA/9pSzxr4CrbpTWShs5SrQ3O3fWBuEod94QGvNp16e6iYJeeQT1wqjriLNQy7GjVvMc9Ux/Zq/0hFsakTtNFAHj3iQalzzNB1oOBm2s+JYEA33A==
580,牟婷霞,女,440111199601317669,rIIW77LrR,WfU]LUDvxX,O9E6qTUV8mNajZK+hOWCW1GqLnb33ueAUEEpzG0hgdgZvdv1d8n18HhJ3bDbUng6A53drCQru3qoiJ8PnkSfSRaRb3TAfA0jw/XUY6aDaN0fda+BvCMDUjKGk7k92vTSmzMkzqcHJyODKFlmGXqyzhrEQn1ZsPUnVKxzwpkUIE9jrDDNA74y/TAy9PGO57+InyaaECd36uxTXaM/qziv0VSkUea7yuwKKQSSp3uhjxyJL5/66IYIdH1Te6u1XChNfZJF7zTdlnqsvMsEOMFxA/vjt0LXbECfvnnu21JCKiBAPsdBlRtVZkvEi/AFuwyIWDGUR8QnRdhzp+DZZXWOhQ==
581,崔琴梦,女,440111197911102365,A56teqv,P%vBfK6i+soC,ImcVqQYZXPBbJyM4FmOAzTZWVWWEhbHPQB6TohwO3w5Zh05GUH/qRAOznsg6RO45c1UxmoDi6QD6z+iP+qrafy9+uW2XB/p03qObJjw1DWF35PPAM6kJWQo+f06uQZ5BgaiSSGqgByiYkniBVp/G3OcLHYG2qHJgbfl2+20Dm8NhotGCBHT2IQzcs/rVhO10+z3VaFJDbh4rpM7H+kjCqcFMwkmALGJ3VcRj72ptDPGOeEshK7JfpDxLKLPJ7wNgsC5/QSdlkY1rqcJ1iGpUEaHgPNzv+vn/urrXZy2okMYH6FCgc2ABNdjvvaf22u/awecK6HtYkPd9yBzGy0PQcQ==
582,曹馨,女,440111198006297689,o0aq2w,$V~GZ5<F!oItH&k,RVK4M/TdF7G9rspxwfDOTMgbTeu3iM4+sKc6ZWFV4HGIAKf/0/9r69KVFWJG/MnGmC/l+B3T7KL+92W3w97yO91zAjaLmNX/zcHOdljxN+0wu/6Xkb2vM1SnBmixXcyCQashRHwy3k190o2B2KdZnSdUj3NbuoHDJwMaaY/bm5Etfy7FxCDiXSHp8jyCPD4mWUjJVU4jzg6C0REPH6ieAcn/hNI6eWSM7YV/XHPjsjLeasJsIlWpBh/4ul/3NLcpyOvjdPb4VLkPivVyfdHCOsxpCg+O7CsMRFrJL4OZv9UVeUSlVen4A6uNtI4vgGrJD3PYDwaeN92RXsra6niU8Q==
583,谭旭,男,440111198209066450,bEUHWe,YSo0%lnG,fKzaYJbWXTrVS63ODf/0mrAl0+K1YCRt+6hVWCfYF8yYcY5R9IN4ZSvxupXMYVZOURLrahUgq6Yy6rXZ3rk5+MG/V8Rc/O+VwX8lTXIYGm6Si0/akEYgI3hSfS1aOVfwwKMpx438cq54jeelWqIcmb3FuHO36aArg8EBHF2wTxe2rKtqdee/KIedNqPYidKMrlomlYxKkoQeLu46mpdPP2uvsjp4P8F+hbJYJNVb/NJq58smGm2obIhtsSjIVfnkTNmS/ea69RJwf02L9s+hkPTnGxggOoqbiKw+JOpmG5I2bShaTVUK7RenJXjByIDZ67yC02wkr9tWWoLZim4GSQ==
584,柯梦瑶,女,440111198604080543,TTuplYB5iq,m2Y1zW1Q7!,Us4QX3wNNpuLAKTlUOvv3bknMjnUH3jiCfjIaBlSHLeXBqKdAonaxcr+Pt7XWAgqD3ciOscPlJel8ZdOdJK8zXB9nhWTPBg3ouj8jz2b/CnerbVP5WhnPFXVbRFrWXCzTgsQkTjE3i4VXv6M4ekQbxlhjwAFOefCoVNOnh+VMwOt+GuElKcSS8bF9RBYmSU2vWQmDOTF0O1xlLrNkdKvQV1mVdI+oAcm4HjvfNFB6IL0OyX22Im83OMm0l490a7jwh8i/PC1VHLrj5pTeatJjkUDcBSzyn0THsPY65aRw9IBR3pWE96+Vdkgiw73uE/CkrBrMeiau7N9W6Q5n0lhZA==
585,曹翔,男,440111198708117910,C057ZB,J>U_=@;[sWk]nF,oXplT90/bDw8uzCyvUIcc2GjxigbvH85Yowh/6QvyDW+afmYXivLrbdKvdD748I6FfrlaGUhd2UT/EdZ7Hk8ucyoV8oDxHn9uQy6iaIqAR4zoYyRei0wU9j2xuFLQtOR3r4UZPMkzsmLq4T/BehOIge6Y7njhYQCZy0GcSXNzRoNq5KWO+iQYoD/Eb5d+yxKJeGAEGeDWWNZvBv4AuDExyRUKsV/L966M+iXunMaOZfZX2KWByb74ErGdXaq9GtgBxOot1joB7Pmavz7idDxVwdHSkZyoau379Y4QAJ+Q6GsUSH4jj3w5Ti7lcC/lHVgXNJtSzM5cOuDg9Z4IS7ltg==
586,樊慧玲,女,440111200205296662,0yTj8OV,ps\r2)^cB-op=,rMv/dNmeT9kP2eJbaJDgIlSlxqBOEnrq7B0XELmjU1SoEKhCUW0AzE6L3wLgmYYWXyAOfiP2SzqDJ/ylUXtkrDqFaG2RprukZRf0wCyznLRrEvoVna06/trBGvRaXNbKomnkaPvh4kjtrkNsEA+1Bs1RIDZ848Qq/+Gq7kupw6OxRtPVeW7RwYABkYgo/dJsvls08oB6FqnmYCApZNT1veiF4UqVBrqtDxlkVN2V7mRgmjQl7OkOB3VFIJQ/Ifm+Tk7QshLauBjqdYKcUTb5TzlJxaBKixjqcC4mUFp5P3pXF4zoH7zL8tWkqdy08XADmekUpaxNBrfyEvyfqMZUiw==
587,黄妮,女,440111197804030562,hcFhohM,Cy&95IynL{pP>k,aOhakoqzJwjQrfQalxElhGUfHJ54qlt/1u93yIXRGOA4OmWWY2B5LhnpqZh2Ao5WOLnmcd7YcsB6kEoAzj0as/a1ILX9m0Zp2ohqmTAFs4xVvaOBhMGOvY8qi9UCbG4f+j2m8UzmtpHPAdAbeLgkkUfCjcAkdHqgWX06C7lixK/trGGagbF2opUnvOy2IJMS25LU7/PoxFyGzjDAbcF6clbAmWJF4EaK50+KpwpxHuw8/1tRlkrA4F/VonKhxXOyzg+SoQsBA/KqO4J/6qbIK2sUtawmL8NwbqDcyxL2WjDn/3nimeStTsChCdDVS5DMxTvTlQv2bUJqMSHl4ywSUQ==
588,邓贝儿,女,440111199812187120,CSSZcmFNc,Wy<cxyaY1,ixC1Zsojb5WIrvHaybL6EM7tFSKsEHz4AcFYwuasM2Vuvf/Ll9mpwBhKa2vtj9DbTktv18frvSX3ivEJv3BMKa/1DPdtbl0S6PhTjD+Jy62rH8t/AQDgSORe9dKWx2uM6v5DkoIcfZvW2Gx/WrrlxoTR302GCk2xZR/0BE8oSVEXEEF8Stfya31J8wK3l0MqM5edCRkCrKRCGn+T7HQ+RZAevK27Kk38TETyK3YbDg4yZvRNawmyB8yVnHNCqMePVXDX83TkooSqPyntb5d7ovlDD4Id6vPiHWg0r6q6tRJqCd9ZDrqnbBzDbCnHJzVwxkzit8wmpUZWnR/lGKcDxg==
589,解绍辉旭东,男,440111199205049316,T472HFVdPNab,*v9(OzDTa0^(,t4aYdu28CbYl5/hVn5rMsMJeCXlE7xxN6ZJUbT/BXCWZduRwwL8sxzU15HuD3sJh+fb+M9gaB7viNbt+H8kcspH6anc9hQDPNjKy7IKAlqkVboAVDM6OL91vMpNqgBjJzS2jx3NaLez6+Jp6KwEHFmOzFVCtrJsIQZdClO/TAwP4gFJ0MnhNLN8h31P3AShbP+RzSrGgJNSahVDxUc05OP1Rdv+VnW9wjHl1Ea6PADV9B7T99QkzYkAw7aeoIIVnWyWbeSt8WrB/BX91UmqQ+gA2RiBL/xRW/ReTADP/yn0miZMj9vgFH9cHRdSnKkSdRaG6vJXx+Gs7zbuFSPh0rw==
590,付淑芬若瑄,女,440111199712287909,wjtlwt9l,=B7[Ee>Y>dq_|-,HmXMc0wdx5Mn5H36dI1bMgvKYrky18uy8+hkOuhRiCbdBxeayMVwPaBzCNpBGXoXh2fVF5eF/gJvdvIjgzaCOcRG+Rgv+8ROITFF6bA9XeoZJyDl3vN+snUka3gjf96lJw0RZKSP1Fngb/Gbm9D8fYC/U3CkujWw1l6skgdnW/fj3E7x14VbiRotdXMy4smRtGdmhjU49nyznSNMJNAvzPkBXb0HSYGQ0JmhMtqCNwI5x57bRQ7lUeJW5p0vmS7szWeWpVgQC9Jgrzp0UjL+jLFvsTHLo4upEzJ9XTI/2X2oZX/rEW0JOJUhKrbjcG7gtpsiiCuTbqg9rdpoNhFJlQ==
591,程茂林元嘉,男,440111197607086954,MoRdPF9h,:!`]QzPjBTh)w,k9KKK9jt5+48HBFItHl9tS1LPRpPNlq7bMtEsUUQyruo2Sm4cKqjJ1x0Uo+u0jHAk/rmcPy5Ts+TKf0UkrCb8F+vUbQOLi4dpavCMfi4BrYufS0XEN/l00EH/v7JFyCeTX0DHDamyhzbjoIqYjXD9XwYoP2WMVsfqnwlix2EVLELoO+mhRYE02xOLZ2hX6AI1BYOzDojPlT50OvuJo5lHRRT7b0FNVJSLR0YbTw/f/b8LB7FE1GGAm30FzkjRNNcMYY/qvFdt39duGVsvCJXJvmda58y8uCFG6qitTL+O3XeUriX/oZpGyPTLWT/aFL8TpmcDEXq73a+UhlSxWEMXQ==
592,伍铭飞宇,男,440111196510218178,ccsCmz7imlP8,ta-#/:*=-q!l,bZRC2TJc8FpjJFV8cgd2krYWnoheQXkdCgX6/mk+EAiJ8dL1neUe5l6uVrq0pBGLN6DPSbwdKjtNumZ+ZzJXWkrSnXbihIl/MXhvcHrCdGUwtM7q4v+c6y1UYYt6ZYd7R1kuTdVOWdULHFg9lis68BmG02ekDG5GJBsekWnarKOG5DZLIwmueNKsB33Dchs8DOi7Ifpo0UACqj3IBopzlJlF8ndq64Rs0PMXN4rK7eUWa5PDan696gTVHyla6tFw0LBdX78suypfFqHn3639Exh8V+CKDTh6S5JoAjIEawphXoX70MUC/W35SSzsJV9aeRrtaOaJhkML80fyrIqmXQ==
593,秦红,女,440111197202232060,BRSDv9pH,YbYlt?.9,Jj0D9et7pQR6xG/Cc/Rs+LumSkmmCPNPvQnH3SxYiPrNY+ev3b8ELTblKrTYh0K4y8/X57YBb/A9iOWa0fZL6+bFqavC5VqWVCD32qt0r+O/YYFVajx9CyXasNchb2EOnIZEDPE2fRpJf1yBP7ApSlSe9EMA++XuyB8WtlGr1eH5VfmseDCTHRzserqkZrqezHIAJQeD1bwt3pIKkYArmEmgtvhuTvHro2ctbfiF7Bjut5IkNO6aSC2ZW8hlmAhWdd9CaaQ+xVgDzmbsArhzCMv0Qy81sdak8T/6JnjOkX8WKbSrf/b8zCoAptPIDPqkWC53iYfX8uAzvPbLxg3Mhg==
594,马秋菊,女,440111199202036640,Rv0PS7Wma98V,zv~%X]~_d+7tj8\r,B7t/Dt2BxgBccI5/W0qfII4bjYxI6FaAY11SpHw0bPjel4Goad30apdnE4zvS+L6zxwt/GRafsmWeZRuIZ2a3pzGQ2Eyh8KXezE7SBXr5hHNDJwWWIRW+s1uGuwcPkZPnhVvXNM46hCBpydVnF0+HF97PLxPW4lfCSzKT6NKA/QGFCsjRMA/WiUpXcp9Z/zbaCidCXdMGt5JikBjqqyJxivNVrYLxQaMOLBxHoq1su2H6EtkFB0/qn1GdnyoS3udfGYf+uz+wiBCZGxfSi2X3hzP3EHH4X+bytYj0lZeTL2MXnT68VEhTVn9riy3CHFZ3hwbl9PROlUIeUDPT+nckA==
595,汪心妍,女,440111198201132062,arpmbdsKmrw,X4xDUFBR^D!,KI8Zeb+1lWqFwH2bnzparROKWfrJzJABQS2wwA5OACqgEyHq4hIKWRchTPZVGR5K6pPPFKBszQo/Icg679lbWiRvONsef5xEBX7gfnIWZb8OU2nNXxdQddRvdGAtdN945Bm0hHrGXvsSzSsXovaUB21MOYgoLS3G8tdOgCI1HjsRU5SR5Ncb2LKC454vADLgU0sbqGVmOXDSCMR936qbApu0dMIQLwNEGUDidi/1P8SDCeMz2O8aTUlsVBvpKcnsB0+p920RBq8HXc7Jtvam/M/dAG0Vdyp6BcpEJrFwHPFHqGUJ443TWvmO1LuTqhX5b4LwNYapnEO7G+B0rV85Fw==
596,孟锐利建军,男,440111196705131910,R6abrT,L^K.yA(x,kI/AKmoqnT+zPb60NcSSn/rL+oGCKAoF/inoNmHyb0vBMhmSQapvfJWWYKWmJ7Tqa7z/4dJ/B4ljViLR4NeQKyEcxtR+1H30eKYuSbAq1piUXLVrPXgUkG/xE6Sy5fRMxBKj8hKhBR1BpHWVN+x7hTgc+7/+2Nu2KOGMox+GNHkkuTK2DVez3KEHjh0GUHu1EoEtnZv+ztoYgFrWUPHr3usQ/aloKLvoWrUV5Dcsuex8G+JgOd675l6bxH874JVtkwVXEp80nHK+X8JFjPOQ5TskQzeiTcdIyCSOhnYcmXm7j/jcrGE4qVbFwf+VxCwCmXFKhJHQRFA2kyb+sVw7yQ==
597,杜磊,男,440111199603137637,gAcZo0sQZcc,~5_[4XUrx,AxgF1dLNScYg2FGFuJQtnVX/Ra8Dn1040OurjLcVHdwXjf7YkrR79tMruVtpK6fCoEjMlKaIe0cniR1bzrhoFDdKlyNsCzjEpmppv167HFajYUnaxf9+mcPpYaMBlWl3pHp44W3TzLu0OnFZc9Zx23pd1aYWw4Hino6PX+cdIA0fBcSklBwM1E0iFfAQEHEXXMwoJbPY/MOy6nOUxncb9q2IDdXCAxagUWFdZgyJNC1lqZrzzkF6As4gV61cygAFnXQhY+oIk7jy2vcY3MldCmlo98zHWHXyt39lKykdTrLdKoA9gR/Rk7gw2Q44/tQZH3dkL6/Eq82jzQl6Qd7Gxw==
598,朱温茂,男,440111196509225653,dzgQRE8,EWf#V{6bb@:#/>p,WeSjLFc94Xe/D4e9m9rL8DLjpvZSN85T/6ElqFqBmLZmCaCqWVu5xWoLmhqyG+FumbLxEjkWnmndqEsruDvUaUBenYcqkr6RDwJC6tALewCG5siIftDgUU8s+GqHHNmnfKU9YqWrsUag4RFPHuUYQA3tOR9r/KsJsbl2C0mh26qbQWt4aD5bDPNdMj5NLDaj/dA2+aXSQhVCs5gvT0Yl9OSE+Ls7wBCRk9t8/j+4ICXiv/S1jHhZAWDcaPtixAsAiDOnLZga+Q2Dd4z73NaEFoDqPu3ar+QT0IZr4L79MLJKi5BbaPaAXdI5TGIZcDBrV4mKfP8SvO8WLdwetHEueg==
599,庄瑞芬,女,440111199003199527,d72IhgMy,W>D+TMov%S(Z:,iMoOOf6lJPont/+JJJhyu/suBk49umMoh5mm2R18K+cboIcKjM7ShZLE7KKGy6/wgF6gJ6ZNNg4S76unD45hOWCbNXJTgF2NcSDHwj/IUNV3+UQgnE1YdTnYlazXImQgK2SLnyy9rYLQozRL75Ze+ZUFDBM8OM9XyqRGWjQ5rFGJPdBrqcwWeYN+8HOQYrGsjyRCkCtSelyZYQ2jFsoDCnFCSkDGyrNjs5u4HHkNDyoiMCn5+EFYO514wWbZtkNFpB5MuFFf6q6dIlT8FJg734ByK7UwHANs5Iw1GOfvZ5u97XWJnAoaryF3e0fby7BTNN2Ygf9t65TMlhTQc32j0Q==
600,汪芳可馨,女,440111197812022183,PNhCxMIllNX,:HCV5H$XoH7/2h*Z,PNasI2ymGQAzQdaDyaMQJkfaYTwfPmAQ3+EGhYSbMAH9QnqFefvcZMbsbLERZ9Tokilivdrv1nH8FO8bZBcFbcEyxK5AgvP8qW3ZHTvk5cOaHAkQeWqpCu+zf2Nr9ejmRFEPRsVx/gF4mHOql9vDcYhjrdnon0BC6uafjTdUImw6Y51C2aWrSC4Fssmbf6t+gX7b+pIWV707KwbaSO2JuJJUGY3pnjB2iADPjrMirsxiPdhSmbX/Bza2dOk/WC/QHMbgdPY4sMkQ5nMj1LanohgLJ3QNWKIcOxmqlO2Kx2fMjdcYb3xpQTYliP1JhNM+WhE7KEQpubpkIlvBL5tRhA==
601,王婉玉兰,女,440111198311026164,GwK2USQFOO,J$7OdFUF,qpnwdCd7vcp/cZFlaQuGFNERj3+doaQHNTsXpd20FHUTxNoqA/anfraoOISoof+WdTloFqD+/eprbqldEyQ5JrZ17KQAMIlawwVm5UmSKLbl8jkIgfT8WzUMzL0dVQ2oUlUFqOFi+oGgYhjAyD4ZOeFFHvro/RGX0dkB1RAm/BmJ9xYXrYaSGVzk72xUX5uT8B32JhkQ1JCb0OobYuQBiBf+vPSIO1SoMPTqePyAfam014RpU11bPs2fYh+QWtA0nc6BY4DKdVubSSSh82s34G/dThGbwh9ymehknrAHu0cA+y/NFirNakJ8Ft86UTKQcsDk9sdmRMr/OaxgbD+zJw==
602,康同和,男,44011119900714067X,uCh7VyIQ9Y,>^m6=T\Yw,W3dt2aN6Cd6m4jBTw6Y4twjx3xHGFd1vgM+GcJFfztJ3wn5cqdG1naoyHxc+tx6NK6lru79izCE4miWdN4z9yd9zQuHWdMXVfjz4Uxc+2AiwbmJsRQDFztcCD7a+RaQN3baayjsJdujM5nUylW+tnZjekooVdKzckfgwa+rGZejhAfFRPA6dcqQJwBOxNB8DcHwOt57L3XbtObcNLre3mVy3hjBI0bbkeTFuBJ2nRMWzz1lOw8WxSoNeOb0xD5q5F8L+2RCXlWt9Amfbeiw7t4ANDtRy9vFLJPpuKl3ZRF7/3aDc8SpRl81BExNZoDd+WkaG3QcL0ikwQQYlkMBscw==
603,许瑞芬芷涵,女,440111199309173602,KlcHAXautDf0,(W-]uLTJ,YJfnFJAES3/egfP5523U2ersrPxHRkaXslrhKNaY+LrzR7JILaH7IsqPAD8iTAIu+d69B/Lmal0MQZchSodZ0gXEkAfPx9h9XqBmuALZPjoufoVA3UXTtZISqqaPCMnByah9kIIgddi6fIdAK91gF4/fw/+//nLa+kYPbZkgVgX2ZaUET67CfqEsXUsrUa+w41ToScmp/2yN/V5Qaoll5kIDn12r27/xhvo3LVOgeNY7HcHZQiSFS3q2ivg1pW9ogAjYJ2GcZHrzGaE3bJ4VGpnalgHijLG8DFgiAO3zrMYQvwQSK/jBIcYZAHqpNgq+Q1xHR+jrTgSV+xg/hM3fSw==
604,祝慧,女,440111198306077485,UVIxDDY5,#yus!X&RWy.`JsI,EVTm+zAcswPFoIkesSVMrJQ4lZfOf4Ox6nEEq/YuViHjBVuMRrixLCsdePA8jw3FhcNQiSVMd1gl9ABriFgj6rWjbaKEZU7BcSq3NvFeIMFk0oCQ+ZonJgRmRF9TYZ46HtAR09i/vCzyyVSUMoiXtUS20T5ZQNyiLSaUVeYBVmap9RBJ0LK91MgGbQw1eN/RfE6xVgRHmSwWQW8Turx+rgktJQf89LngS2xb1L0T+Iaxqxq1is+2BBTPPytgwi4MbaKEo5d+ojdeBiRig4oZy0WLanvDSgilNcszb67M8lVZBeqmYonsrRBBmCg4Y0Wafv1Qic9ZyM2YoHraBptXeQ==
605,顾晓明,男,440111199106038179,URQ7ZG,v/mJ>;E=cW#$iBVV,AZbwpKOTR83GdQaOiQkqVmglSYVLa5doqBA4gZ4jYETvwGOc0ErOkRY7HtLjJKuhYnrTBCOhZt8zgjpcZEbzqz6XYRJ5SFCVTI1FdjTJulK/OiHLQ2dmgMRqCppzZyA4eOtEEI6NFg+x1CD2V0uvLA4uV88438xuU341whMccMpnDBS1F/PgDww9q6tI+gKaV+b8RYRDa0MOKlqle+fj1VA2WuwIYLwsTp4D4H5i10v5wi/85oJH7Oq50n+GEzwbl6LI43JL5bmMR8BTUmns9GAULDhlWdS4owl7N9+orPAk38NcUkyz0HVyb1xuxUB7HKTGFJiY4X785E39sOEAVQ==
606,彭婷美兰馨,女,440111197808169764,KFRPsy520iR,]%zpM^=e,qK2r9avYsmUPxW+exe9o9zADMs8oOBQp1/nJsXqa552JrbtKaMtbJJhqIsH7zmzi0+NEYJWncV5B8UFIHBjYcubWZlZpoNXasFLXfcnkwVloI+REtGXOz/S5f/362CrcnvvJ7+zNF/+pP0QrIqZfI7aceMKHT/VlmZKfpG2omrQrJY3AI+dCW6izouVnFGIhOZFW3KK92Za0SXndSqNZ5tngfnAqEFmOmBbzicu/9cL2HX5IGrcgubex4CNnmjcZ7qAajtVU3uM58pRR2hSb5oShBsw2nHZ6GnrE6uely9cDwGmpJlMZoZjA4+CQuylInRICpoRuiAjqzDZfyDUVjw==
607,钟敏学睿智,男,440111199908177859,ijLqHI91,qnv[9e}=wW,aJnBTcccJWw5m8ubSLATXaJiro1EQzEz167o6Sf/ViOKQyOP2R+9Frw/D47NsLYQuzwmGkf2miuIHfgYgieN8EWgFsRz0TfDMAf4PRyCznHUNSWNp9KI9j/vCtNEQpD/IZKCT5tIIcYU/Kq284/wYAN6KUv7IiLX44H2IoiZEQQB+GKkGeqvAp4wIi0EyxEXnPp7t2kdl9caYGvLd4lmAY6vuwIUlBekBxoB/I99gjieMFJ6BxPL8DfYghj9MtkBKh0DfDN/8Pv40zgRbaeCufZ8N6z08e89UAXzIsYcLg+u3UqRQtbd05kr9Bt/zpR5VPJPJyzua6pL4ZaMhYZDnQ==
608,龚荷,女,440111200101095401,uNBbSjG,(PE;kBOJX,j0zFi0AGO9dITvLeQrIH7AZ6jqlKZ2mXQhTL+QMpRjT1tA+i5SpZQnW7IBa1XevO4pV2N0Y7QR0qLwoH2rO7zADf7wd2BZgxOPvdmrQ7Z6DWanAGqtujmuC62KLkj4n0IrPmC3DcUg68lUn6MbvgMnLRiJY8RJKLNilfgR9xqGLJNlqqkMjUGtgNk6dhB14DBRvxtZJkX1Y0TMj7VUNhjOD6dzH22ZbKHy9EQ+68nWXj9Qr/Gf4pV2aeo8Msa6FUIdt4OnyMBZ77Y6kb5SqZGCzKytzTf8KP/SW4xoGGHRKThCEAOy13bpw8siWrV1Z/gJdnvBGnc1FO+GEgVFPJMQ==
609,齐书瑶,女,440111197603054445,EARVtVuRvAHH,NgD`wd1:H+po,Ak87A1qm9HNRNX5S5bXdlpfiM9/HIeJhzA0GNxVmzJlGGVXfzY11O0/XGgg+MGwGsKS9tVv2inyAPX0e4rXwiiBo/4keZPOR/L7nh5cZuXN7OYlvY1Ko4/yIYJUcJBu+4fLrYgWodvI6QNl2mIN2PPO8dAmpQKjmO0RTIP3WxnDCdpbUY7LbrvUmvnhqRi2R9wGxoPmRuH0Oa84OpumR6FhgbVAdosdWYlpcIeZaxr23uZnqgCvgka2t0c/LwH1vfOMG7NNNSZYHGRywwV+ifUA5EhnCVgVHhlCEFiaasVcTH2yh2sp2pE42SfA80YykYXsIsdl84/gtbfI7tfOO4A==
610,范美玲,女,440111197904016004,SnmJRubM,@UOlVY_PeE5j0,i3CJ4h500DDvwNn96Oyn5MdMAmSC/v8UQmY+sYTdZSYtNET+lP68/9GxJglmk1b3rQ/dTc2LyAa5YAlH7NhjW3ZcJiuvYKym9u4vG6BWZsumxdBLQlrQMAAshZ/ejV6pprfG9z5Uq0m9NwHYgCeVURSPukzplZHiOg7469rr7K7a1dQNqEds6viMrQXMmFKVwbyHov3ZFPkbIJFjVq4ZMlN0941CJcjS1Ii5HyoKOxWcbJLW+2CSEDzYRhEplfQQ2ajbv0vtallJf+qxoUDFa9JENnE2+PBVuJnOopB8EweDDGSEnGeOYVsxwjVu4Y7S7FcP2ShnLaXbjTNWn0OH9g==
611,岳洋铭,男,440111197411152913,V0Ufe5TP88v,>Qs&kg9y;wp$D\%|,O6bUkbpNiimVagTlnd5mdaAvDlJzJvB4zmKe0lQfY226o/5R0n9sMnR+aqvcbUSpiwBmoeCcKtQaqx1gkq66fFhBkWVvM/HBPpe/uGMqAafpzJn0iGPSzm8ow3BsbNz2zBQo2Js5yMgQWqilHyx/utyA25MQRISdr/SeeWZhO2m+mtrOLLUAktlrgFiAlCbh1yRB6hei/zHKCdnf/NOG8T1hCoCPkF74hS0/1AxkHpRzyjUl3+ZXX5TLpY0fUDWr9SP9BymvYXSu1QiY9aCdt/LeHkQ7bdtstZzhd8Eq3WbW/YCWT+RqTBwlmqpXYMmdH8kTvmyjZa/EwrNYfnXpOQ==
612,葛文涛,男,440111199704047470,yaUXVKV,^\F~}Q#b`,FBsPuIPgYyxliSXWQ6jAuA+ALNmO0u5tRcjk4EdANMt/4rK6ZRpf0/LMK6Pwp2D0NkaBcA4aspfnk7fyd4kq3sD2Klvbr2OLWH9dWHuZ6wXvFwAkq+2Rr8/rdfPbGW4xI1aRyrsHL10OeXRAaRYJf7QVlgqumnqy7O4K7vj5M1AWmVD8t/U9rus09bagtU4i/aSvTUbids06gN/iktHQPD3/GzIdFwe7TQ06aa48FwFS8VVLjmfKUDMn+TXeA1RENjloa05RBa8Np5eKs6WP7usbEzD0EIag+fn/aGPescN6CJM4JFixz+8u2RYvVM3U97blHIs0Y90jJqD4zrf8wA==
613,杜明轩子涵,男,44011119920504139X,Zvnn6Q2,T:Rv}0RN,gSh5wlEtOJVEyS3J02VcSUWlWeTI3/moC4IiF7308zFBRJQF4NNihu4IddlFM5IecX6fD5V1/OGYTrxzLvow5W1lkU3HEy23tzZxIqidf5EhxYk1y5z0+letCsROfysUTz7T1sronXTm2WNXDye+cZ/a74jHJu2Z3DAAK74LlMkrwxncAwRAx5FRUBeKxd0j9GIxnydRps8Rn9qVuB9f54e0efByMBj+jS3QNoqfG5NYUph49JMLJAkP8KGDiGbuJlFpV7nRqL0dpngCupckYfKiuTQpkwPBi+21CDBRa2CasMVmqeU7McOAEvSGBa7yT+vE0m4P+jqdlSeLXiBMgw==
614,郑语嫣芸,女,440111197604205460,j1Pbo6wOkMX,.X`FL5$Qy@,nojObsmGGKmDmM6RuqI4Dn8lbqsQGLEd3MXSY/abhqba3GN7cWzNsQCXFdwVj1fAtZ6fpgiLLaMlRbwz3VCySzzHBPNvnSc7IBbPcTJt3d1J0sB++lN4zue0nNid4Sea+pkL2khdaYAO0KKugS1qcG+xS7E/xIVFmOyWBapwPYfa89FhZm3/dHLFVG9IP9kQZlnAP0J2pa/o+cMNJgUqm7ho1WuwBTz+xih68gs75uitfyhjFhY5K88U6v2czNQziA3taFNrYZC6kNuDX/uC1YIQMoMW/vAw2ZqF8AeiJx/fqy1+1vhT4lo0Fbu4f91kgsQxdxVByf7GR7sQR69UUA==
615,谭园,女,440111198209201704,VtbYMhv,GRT$/pQw/,Qc7FRJYZAhoBpRMwpBrvG1mnc8ekbWWxeWer+oNXx+qJY7gvfbic3XTKuSRaWD7Hc3+5nKEpzKthlIj236mqr/uInWwzhUX/6JuLF/R4u/DaawXNb9uffwovUGHJ7sYBUVQhR7BTnGhBulUz+IZpJpu+kZbPDfVzHPG6W4yfCOD1OxRK7xFdm311NHP474CmM/kpOGFnqIFn8bxOgI/ypd4Ui+76wIDp7ixfWRDDQKC8pQRkVwD5HQ+9Ad9GlN/Mgl6uTraGdjBXWoBIk952zjdnd33fy/PNlhn40wQP8521CbWMOJqHFUimqbnUaamTIA2UJ3FoTqh8mgb2O4Swvg==
616,岳曼丽淑芬,女,440111196811054883,F8NuAiz,K(%}s8#Ns.,q27APRDmXUQ5yoFocfquzTpV4MPlo9l4MJeCaGf1R960vJSsu3ivIqk2JlbMFy721dUrrr6QX8vop1JEAmWoX2ZNG2mjmpc5ET9w0P8xEijS2MqmhTtpHcBFln4yrFCMzGkqm18JATJ+R96hT6A9SpXoG+ye2vfXrt4BNBIqKoMeTmWnrJR7g1ecRE7cC9XYxCnFjNCfACD99XBY1O+uVafsNg0ID9gGWBJhBxgpBb4TwbsvqLCZ0jG6Q33l/rInWrjy+7dkddFGUg9ycxGqSff8iOun/T4xA/LiXZSl12XBDwrdXOZ4LbFmsxX0AeWjhdorhWX8PIUxHhYtIgH32g==
617,解永强,男,440111198408269314,XZ60Ob,>oUFqpo@>Xs?9\G,dfbsl6qhy5MJpQQ0eROXHfVpoK3rdD1W7VaWKh7fUzCFOKste/wuc2GpvYvTzI7pN263GkYV8EZ/S+zM3JCllglYXlgK9mxbz3YOYNq2CuJJ9klod+k/Aq+wPJh/5VxLQXQ6lLS94qsQ/wfK6rJTely5m22uJr/bgbr3/OdpEo1x/8O2AmusMMnUTode1zohkHomCRjRFynSA0nGG91gR1V2c188PCMY8weciZEclH2W5sKaSwNs+9ETzruY5UR0DK+424RTRMokq+6l5dakgXfFnFT8A3emREfgY9sFb+CjRawwKNeiuuk4ryUcXugKRyrJ7zYe++NYQ0IJeKDAjA==
618,胡彦博武,男,440111197605207935,KsuQTn0Row,g}TAA&Ugujh9ky+),YYEfjo6WetLSBU2WSAMc621PtIWRX/8/K/biX3qhDFqonhEo7F1nuDELBb7roUx5d92F0gOsAObdpl7E0kyOrHKpDdXnNlb2kSbxU1Ksl3Kq/tYKzjptjehgzJpRC7fYjguKFEOvVPoL5Iu1Sn+IOw0l8gcvT5XCED1q8NhqNLkPrvRKQRJnAwGjKLp0G6gRgW55Nh0+MMImEJ8nYocGtP/SRmCjyTdMQ7tiiFgjgmJw1HerJEjyk7EBIAl8zVZUP+PT9YxONabFJREOKOS06Kp65Sa6wGSAnUdHX/ZZv2da9t9odJREYOkpehFimdkIUGZZS98DwqzEB7sp2UAX9w==
619,管思成鑫,男,440111197907177698,deYLPoJ6RRo,R-Lq(J4X,hW8dXVAYr1DG4ORqmpV0monb7en/mKfJeGeG7+LAYA9Ug9yKybTgvdJ0Wyj6C1BL8cURfB162z1sM4FJojo9gjcGrWMm5qF3/d0eMJgZvi4wm46pfCLy9CUAFFurj0gamrqlz14mvWbGn/ANkWPENFiRGwXdzEOJHCGlNjdYoTGJU8q2VB56nWu3rlL+/QDLXq3iZJKwNjDJDPzaMlbD/caksVpxF97trnTnj+ndvKp0ce/OVB/pVfxyyOZIIOYh4Bw25mpcvWzpPfWinubttmsYru7rbWER9Kfvhrc3zinC9RU7PuCc889g/rIeGvH0uvLBrLzL/lNQ4tiE9cHdfQ==
620,姜昆鹏轩,男,440111196803096610,bQppXad8,kYG-eq{k,kXSCFTGH4JDxUtdiVAwAPIET6UCT1M2SuTSGJuJH0lnBzUIAdzHRYbRbKJstL4pZpTQ25t8aEw+k0ol1B7NPkAvYxupq20WMaSMugFryFNdoDJi+UnXFfzDHzn3SVxZp5o3/cvKWtNv/e/UagjpxTgaMSp/BK2Xw/bMfqaQKvti2n0c0CSmrkbhRegsRVYPW6VbGPTFGxRlPV6QjeFdIW20qAQ2xQ1BBlOUxt8LcYQP8ZAxN98XkUjb+bqg5c6uJA4J6bTIaToHvnJSQgyvDg/BmngRUax3beBdmcvUIFKeLxEzqPzNrnDSHeI6Hf3sdmBQ1wmQk4SdPmTQ+lYItBg==
621,秦月婵梦洁,女,44011119650906858X,F22RIt,j}1)7[0~N,fVq+6dM0P64cCGnmpQMyf+aKWxZn7ojF2xiu70e69dGzDj8MgCyuMxy+xB6LD31kyxaX7QWQ76QEQZWyyIqxeeL5S3SU6Bhb24zLLobAuBT5SrBzmTbFMKonlGGMHN/UqPXTNxl3PdPUgQZRSFsAPVvQFjdm7U9SGlxZ3LQdWD+5XZh0Avfd574UTGUSW2toeuMAuB+EN5+YMpKEP2n4iO+KKM1pn/3glCiVZHOyrr8LmqP3ecvZ9tDU22aTjn1SqFBAkuXWjp1Cn9wzZRxxiZXzjZUg31X/RlxT8XMxh0SDwBJF5Nvbr86IGCF+Toe+WV7uw3yrSH5A528h8b2j4w==
622,刘紫萱美娟,女,440111199806253881,s3GbHmxyUzJ,;*/((WF3?,rtpxEYRhz8DkEDeMYXClXLrP/FPcG1ZkVbfuXczLO1wPqwWeOoFF27ap7IUnOfz1rRn15I1b1U+OfvPsfN4DAeNEAEGR4ANxq5FXKkCgCrTQ/aIpUgZDH/+q0H70MekUrtDW37r4WgMvBLTot6nh11FkB8RW+EmF/ucAJ+/xhF/tVe9MxhHRVFiEbLKlEU83z7+uRJ3Id3lLrmk6ScT08kTe7H0uHLb923E0IjFxj8BB+XLwEcvtH2gf+IG264xB7K7Wy6gpJG4DfddPQD6LX3I0Q9DIIjXNhdMNdgTNgREjRKNLH2ucLmi6KlsszMUQJwFREaQdxLBJUYCFXxP2Tg==
623,苏咏莎,女,440111196909272483,ahds6KZWHO,!aq!)\c(=%h`,QlPBz2XYiKfCfdWswMjAvEbiEalQITw2Lg3DfurLJe6qS8h+fBROnvOU9Gfm5fUhWEpPExLet1G7qzaizcVi8+yTWeqHeO7g1kbFZlVLMSZTosPhBF0pOZjEYp2Ee2cEVLY0/f8+EdugGBcCam9Y0MxRdfaowxpxpnCllCf+3iBXNkcXXEhszFmGW7JIYRX8yYje9EXSbr75WqhEvpS3dF/bTgE0zQJtWBj8oWL5SZF1W7juAlw2qg2VrTELpmonJCAwjMw7yPlyzTwoRFVh0Je7sY23sTNRc/Ai5i/VlymJ2/E5iF267JIep1Br8EP5kr9wJl3z/z4OxAMuEFo2jA==
624,解娴曼丽,女,440121200310197869,VEtd4V,k[]@7FUX.^,pXhEhOqVzkCYUHk3/zw1xL57XFR6Q1p7pL5XM7yIa1zzZ8B/JBtxVFjjmW6U+921IMRaYQ+TWZCkh2oE/k9obnrzdpmhARR7Ovb4NlxCFcibQEl2uNPHKiP85czTUFhEfS/yWU9hC2Lt1RenFPVadodI6TpwMkFlrLEElIdzsKjvz9ENJxigtQAnGEsCJfJ5stOxbRidUQQe28oqU2cDUUh1j4EfckovWhxNGHgWTf2m/Ek1w4ibCJeJUa2CWzvXMpY4uN1mvNumtPkE6fGdfkIaAFZRsQqBcDpPq4CqdzduOCh8SLfMQcS3fenWiXTEsJVbhWTMvDP4fZ6yultRFQ==
625,时家辉泽宇,男,440111197208317858,t2jD2DCO2rZ,Z!kY7@(*,Q6Y6aBlUbSnRFYtrMnXMx/sal2NY6GA3vpgtIqb2enppBZz7JloSj8iOLMgRJKFfpXvTZ0399ABvqQeQf9GJloUcRyy+usYxc8XG6vOjht2QOvCqLm+VtCBKOUexfOSEceBr56jcFuPNSJVzLLfDwyeSyvs9+PljgbpiXAEhhpOZgQ1W7DZjAXspgeUh5ud37CSZC1x/bkaD2ioSrBdl216lT0YcJ7R22GqfPd0rQRKrcn7kUTxaN5F0XccaF06AYNLY+aeN5Hp6c7bBZnr2sCiOXCvMN3wwf5iVsUU05zI5wYHxBagQ92b+vDi+gZv1qCP3cOpFHUo/lpErTIFe2w==
626,牟美玲,女,440111198706013720,ilBVhUNT,R;}3+-$Q,BUhqPgkVruwuY3XQjbTNZe3+Re+1n0W0sSYszGD3Np37OeVFwZHzFTmxNHJiwpQSCrw09678Q/kQkeuwI82poXrmFneqAXYWh8lmevfk0g2eVWvAzYSIDgbHopNulZxetai/aD3aZ5v2mMGFMmVbewtVczFmVq9s8kGUj+rFZbDaklHvZF8JbpOQM0BGHyKRXrUN/MqXtR0N1ejGYjExLG1i8ZzuqxTiAH7qpPWFBmjbP/p0qyFOxlelidGu9hKgFTs4WeH2P0Z7PjcMRbhNW0rClaoAnb4P9j+Cyf1ogfrXsTqyD/qcY8NoFlAntxt4sh7ukSIQjEfE1cFzrt5h7g==
627,邱翔飞,男,440111197505066637,hCLYTdWZJB,FL8]p=F;uu]&cE,F3leWX553V8tB+j6i01tHqCNyOE3Rvqk5rxgrqw4sszciPMCoYih9kNTeCDof39Zi7cb/gumGur3P8qAz/tebvMjPtZI48YulW6DSyOb7rcZvN5sY5mh7CnePJAVSqa05F27RriSaggcRzGf7FakB71cD/oNV5PLtjMRDGs7t3OF0r3+a9uKL7JUpCCIH6pN9HLvmPxIZwm9aVI92EzchHe5QWVxoqyad/0sgmqzpJ0tY+cFDyk+8PzPlnkoqaXQTCV6UeGpyjPfHpt1Rfipi5CoPOXVvFtevPBdeVQ6Kdk9Zu3LqXSSRYW5c9CUa8DX8z1DLglLik2yuXPsc8ghcQ==
628,张若瑄红,女,440111197502174608,flUuLy2FY3,LD~Mf@)h,ED29n1gbQANbqELbPS9XM14Ms1ST2yuXbdpXK5taD+NtWKtC+VcGECe/HqoQ4wx+3cTxN1lgzekELXTj+L6s51l5k5KHny+GcbPH4VISKrqvpPgx6A0vX/TgyOXuTKFczOMWIzaN3CUt7vTWWScTH4upt9XqOCP0mgd6ETfnS2DHks/vgzy+JTgLixRQDNcB8su31oiesSDSgm/JftOO7BJmVDlEYHmE7eScaWBkl/sBfx6c4xDm1Nujeqpo2EaY05uPdSGiumM1CQwTl+fL1X34miHw2XGkGoj0RlbOFuOmbmP3rmU0NCAZdQ6UMdCwI2al6c/MkHdUi5GvQ0p/Fg==
629,尹国栋茂林,男,440111198004075134,BXbo8LOgMG,_0X5t;CQBoKD`S1,bq1mNgAdqmXjFITY812JS3cIX1gK8UiXg7QTOAgZONmzihGzb+1fC7soIM9PHAPWxTDRjTyUVSEWwU/k2BznMD967Vit/uC5fuDhY6NCTwYB+ppMXnPCh+aOnTkIbuwZ3Jmh55uZ9fNsa2O9K4ka9BO8ZyXheQ/yaeQLF1I106ZjALEyaQ3b9gznxVzK75B7Iuai9HpS8a48iLkDO5vUqLzVOwmeRIBeEEcu9d17exQNDZdhFH/+WAL4Tp2w1KoKczRuzfhNVXY5PwtqlEpfTXUZN3x1ugpimTzHxyfvjb1KPvxJfF4StdV8uz13QJ5pjYJNCftoWVQchfnqFr6DYg==
630,陶飞凯旋,男,440111197612140513,EMO7Nz,HbI%QKX]^,WCuNd0UsxqX72wMlX4jHKMfmOpbdM+zdoySgv6xx9mcjO5ulFMn90JKxGeCdm1iYcbn2Ra15T5rZPppVXEuIxIYFM/CItlhnwVbQ0MQA3TWII0DKQOFN1dtjK226hu2EvDXdg5F5b8DktTwC5eADYbdxHI8Q3x3/BbyV/3QG5oeFjVnHY1q7vpimEFNUVzWOaLbKpVATx3Ww+F2Z/f7il7ouFE6x14dbsZfprvTzm/xekZAqF4ZYV+Wy0Mwa9ao/682SYHgw+KvXKKVtbTW8CEh7exakMi+r9/3ujxWW4Ey2E8wcad6Ja3U/AzuHSOv0dLyFiX6GQzMZYKd3mfF28g==
631,柯露雪琴,女,440111199811017744,F33cQaC,cExMW$Yj\pKpe&,c/hig+ZkeHjDhkC8Lirl4YpuEqRjUp7KtHgG4KRH8DQOuRNVHf8/Tck18Af3256GWdINxg8ea7+xdlOHxfWOdr+bUWHfFUaJIc5v/j/ezEfwUkH7JOBiPYiaj65AApavhBRixQY7+bGvUYEqf3vN3vb5jgFRhFOH4Gdqqg7rusmSE5x1ARRR9u3AJDDgbcVTOrq2gp+50s9Tmi/73lCwfQychVCd9bwG4Qz1WBzBuReht7gzPQuOC/MuFNcNyfGovwoaOhNx1kzkop5bqG2DIqGjFDWA1JX4bMDNDz0TzW0BKmfkmhvoqZPtSoC2nmFEx2C4nHXEU370wkvHtQURNA==
632,孙珊珊,女,440111199401283660,cgRmaagT,g2Q(\VN*x.@#>jG,cSK1i9/rUik2gI2Euqd183H/TSjn9UdbC8sIRbTJW/4SfTl1BCezpTcF0Lqj/dlrNZEQEzy+793lTxBJ3EbJ+PNErefI4yRF0KEH9Iw29BccffEC1cioIe5XOB7W/ZakxaujORms84wWpbsjQiqhfmBY7p4bLcdMMnei+wiDYDBEXJPpbEs/5brLYyptb6QBce8fz8v6slJR7H6ztoVBJP7nhDe+iQ2x24UN85aApVnKUSY9LisM2I9/Y4D83F55ecbuidamrIyMRL2vmLTB64mdx4DzdJW6Bt9JgHEGiPPdgknaLlQYI6YpRQVgrxkBPbnObex3wpQflVqXNfCc0Q==
633,车凯旋,男,440111198311248795,eDtDfy,3}dzu9z*~Z!,BLewyc6o1xISDKn7SUMCjYuPTNiwR6/ZK6eevlkUip2xY3QrYy351vFYoZ75wGDJS0Q4OtfsW3p00/uuGfyOYSP9gdXlRlMaR5bfXtzKgp210p2WqQ97T+6uL6DiEKKLYxp9GIEJSHhsI6VZvQRsr36Z93FGzXT91y1LUMEM8XZ9R556K6ep1d0FL5Aau6liIZVV2JBpqG5MKRj+c5ql08aKooWOKH1ZAm1QI6zvwZ4j7fI5bLkNGxJxgCt+r0Lzzf14Gq5wQ9ZT7Bcltewt/l4Wmy6TJSs6Wy24rXSjFmXOPo7k81L0flh21iVfdUNtkfMD6cxCg+o7p8mZEI633A==
634,付瑶妍,女,44011120051203294X,CAP0exJT5KwP,b\ksfmI;_,Fo0bkQEiDW6Ft37ZpTmg6NUw1gK1MupjjIxyv/JcyWzlIjG/E/Id5A6jzVKstbpIqr4lR/+WnK97BxtGCBHyGEtdlXOX8Re0o35zRtXyaZIzQmtUUDIHwugMezOO8tHhsy2Mre7NKtWQZ2zfz/jJFdovBRhDKnE2ywV3LxDPjsxdEFNZzPNlyRORZ9Pt78qE05KEcxrHXBdZLXAigrJc9g1hI43Nv0gphRQaPF9DQq8PXlk0qlfQioiCW7gjYHoELM/SGxwQ/rjRGp7PpDiX7sowCPx1h+M5zzjnjQFqRbb39y+3/5MGnGUaBilRXZ1oACd77xbsOhDzxXDIJ8ogkQ==
635,童怡蓓,女,440111197807089105,FJ8pT5ll,=Y8xnS+M/zCX$S%@,Zvkf12Opr592qORimnavA5tpZNm9pjNOwoT9+Uk4laBwD5MnMECDyoz8SJ+TTO+DN/9HuoE2nh7bSn3mwek2OdBlla++CKPZTs3cRDMzozkmcJF+Q5JmnAHVfIC7kCw8maIRPrPwQhA746nfBCTanXC/5CRVa0wcGOaTVf7sDzkr1cc5Sd8jNlZQfQ+GKi/CMgzxkpFHfhdy4O/D5zW91DgRf/MXJbHQYQLqUtAV7+YZMCvQqnbtDomN4F4/wLSZZk9u0bfIHk7humJkHkgrwXriQofXYbmKMme029Sjrlgir8LlT5jeL40mqmPclrr48ZQjzxpMfPhVS9qpUhrZ9w==
636,柯和平,男,440111199905220233,ZN1qtjkfM,+*T-kL*6d^,P0D/X+SA20yL8lfe6c55h8tRPaYsfmVP05eaZwWPF+BpJLgP+gaLtjLYBtC5a2PkGRzQHNoZdaMl0KWBUWUjL5DB89HjpMZhjqHiYg6S/pjTo/dUfVppg07NG12gLezpXNjMTjiiicCb+7KnkCn/5baE7/BpuN/r1Mb0lgG3SuGJG8hPLg+2tXLnlLOln+ZU6klayZQVooURFDIl+yiEhWbKWyleMlPvE12Y6r2pb7urfD8hxtxpH2GjlLlOfIrWJu+4m5vg07uL23ay+9h/XW8GQEjJRDhC44yD9HavuhFo+wXW35kfWKs21bel+4xeeYsmgdmZtcDyfhrKsaBwQA==
637,龙彦博森,男,440111197212078933,hf4OqPhs1i,es*kf7T(,lcwFD5VQV/ZnS24K6w3KpMGVBSGUI24FRmetoWRHOIrRmIFJNgm3a+DX2xfrOUKaxbOI/7vlcrDoUftuJdxqATxPjjgR670/kXN9E97R+vLfnFyL5sfKzekWzUbdztHja3cq8h6Q3Yn92EmoVDjbPGpxxZNmGuTqWd2EiO21YV17I9KcgPxUqKMqBVmeFlfe0qgNNQKNBu3y5KDprVCH3bBo9tovqM2KCXHF36gzPuuecOv+ZzerJREq2Gkr/C9TtU+lJZ7b5P3MQza0hHoqDKqS3TF14YuifjbK/3g/NehDlmHOLMeGvYE714ssJrsM7TUfPG0pdaiVIZJiwMxyng==
638,邱秀,女,440111197311218882,SjmdzwAn,H>1d3Huc<:,F8mc3FRbZaEy1GGy7JI+OJV22U2ZQwf7jdxndyFVjyCimnNA/wZWLqgtrBjO/qlV1p3n4QqHbae6VUCnjX+IW4o7v0k3rqrmB4eZDMzGt5nzuyG6c0a8mw/SchcNvk7S0bGZrYZ0EE+arOjrk4WXr1xzqLW44lRz2Mnw9tx4ta1Eq57ThRtL3brw+AarYl32p49kIOgClIWDLSleQlMOIQAmE2V2KGj2fvtTzwW9PShQc+yh7FidELUDQbVYOZJZmLm6gYJWvCY9Spqmv1Ww2n2r/c+j0RpDrptvArjzYDlmYz9cKUhwITkh//HFLqh4hS/BUqJeUFtSM3rAaEMhlw==
639,宋丽,女,440111199107169103,wWrHQvR,{{4jP?Ajv:0<,ETxtVj1Fj+UbdlEmLjVugXWSbITaFpPQH8lhU9hVwG5gOzrd1YwFr1NrqsZM4bP1wKTTdYanUorKlnSFlBIj3JRFH2nehieGkFpHwmhw3TZyH6CnRDTG2SXIWLv/lG9pB1NBrsXi3IuGO9xqvWt0JVsRUvtC37raYxFY0vqlVYefK7ZZ13gQ+DoJkvgUHjbEQafwT7NmTx/iINkJAoCPYAmV/h2DtM+BiEzWBh24V6aaznazEAiVq0fWAhH4MuAZhkdiTPUoUOoMvEYq0mMVsD3lhY5vXoEtXoI0/xztJBEQD+sp4Gh/hVbQ/O2PIDjh0SgF6Kxr5Y1tXtpI8VCYGw==
640,薛梅,女,440111198105067440,MozODZ3,^O&uRfNm.~DD(?,2bk8d89FZJbSG6uR6zjJHfIqTGVhhyUuipSbQBpQTkKKTjf+9UnaIek511HF8FdkKgkeJuChUz1zSbmOuLoiMfgYUusVrnBj7oGjDQBjqEbcmCP562BTogIcWcau6rQlezRUvFkmQ5NeYu3+vj/4V3Fux2BQJeb6pvQ9zhl4FCRFr+ELk8Ga7NRe8rOmLl5iFpL1NDRdhbkym/CN9b0WZely84jYedq3k7Z+Xj7Iy0lbm1l1c1siFFoO1lMwo0p0XPcIcft6MHZ01+ZnmHuMwjDoBxbRTwxXAoqSPA0iueQCKo0lbg9V1KutQSqj2Fk7pq3UybRIlgS58397B3fAUw==
641,任子涵鑫,男,440111198211307292,FVTBZR2gwlt,}Kg.)KS7,U7sl95HTQqN/AW20AQAeFMdPKoyR5VH13mFbwa+j63PpvPtflQ1tZX2lNoKgNxO6fZr5Y8l/nIl9gkkSPA8wve1rrsMhqbqlRkn888DVU0Zz8IVnMhh5P0wo/4hltVkmQrfgWIIU5Sw/cAxZF0dmV3KOAeZI9F9XH6+9zfZkB8z1FuYDnL2YbSGNMC6Jwz/qmG5M74lNdyaMgfMoeJbh1x6I6NBMRWt592Zad7xtnT91MeULorOgAQWg1AghFmQh4DYOSOYkCGKIWBNdModMB33/BAjWsf/whlz3QlpYnaZhoD5biI60o78BrPPf5bnUi79MbC2azYVV/dAQE03HKw==
642,杨瑗,女,440111198604255307,ju7cpdtf0r,CO<ck.(s)r$/w,hQZBclgCo5Ewuk9PI4CvUYUOsR2qB4pklv764Rm1Wo4PvuiypSYrW1J+3dliY4m0EhDvl+D2b36LeAxtvW5GUxqK7Gpdk09mnycKCMUeFtv/M4oKf6Nm2oyypMWVP8tF/2o/cOgWq804azyLn1OBZTAkUXzAvJVhHDDTAWRJZjJDhG0WiFzUnNynD+P6V+0bICQXQBx6omHMewa5lMI59gwr7rAa5X4nrOSMA/0q2m1YrrIj4otr2VqxxGICN+lKdPeFtfziB6FTAQhLJZDSs9iaZfptHR9uOv/EyFN11GQhxpGpJLEmB2g3qrz1laVZaIjy57Wpis3HXM0aRzFMXA==
643,薛月婵梓涵,女,440111198001012525,D72hi0q1wj5,u;Su{r:2,pmW+GWPufiuP2fP1C7NZVIPE+gjvNzH1eBAVUV6zRhyVAfIGnAN/iTwFEvrNEgfigIvVsk30EUTfQHWuK7ZUHCHiXwnIAkxHznB2CEUe0meU8TfkzdsidQqKbqBDCfsGZm/ZhdYqb6w+6zPeY6rJzjzxchonuhTvrOFPDcalgQUlN2abuU++TTat98cWy1Mkju+ErMOtBUsghczvOgdnPu7cAAE8CBgZ/R9LSsEfW+crCTakAn4NVgqpnrbKgjkltkPyzqTkEO95GDJ13kWZRyV50zL4i6OjiP8X/4DHvm1V+Qa6SJbP5eLD46DjwfalFsSl32AoJRctM4TKMywQ+A==
644,韦嘉慧,女,440111199007253420,KYyCwxmDKCMl,[qjYgV8/z-kIgR5,kAh5XUkNnr0OSJUoat4JguA5LQJbHPGEh9/jsZWOcsEQNThDIvEPOzypUnYQg2jv0MZfneodc+oFwSZ7BuDGdqN6QkiY+LRnOlBnkNKhwLav12fpYZtpI7VYFrN7BLR3jiCXArPtKpF9AhO5PZ7OLkhBzlUmhKEfQyZjymbeGolhQk4PhRDEhbrjB+mHgPfX4agXaM5NAh0N1TFUd3O0bhrlVz80F6JwDQal++WHKY2xx4mBTCWEq3LchY0lXV3I6ab3NLTVArJY6nxngZii5eYFwLml9tyeR3EEnFLZNWfKJFWtXdg3sWXM/VmlEZN5+aoVXzInDBSI9pESPTTTRg==
645,蒋婵舒畅,女,440111197710123362,Z414qLvQg,niUZz#%AW:=&M&!k,L2rSqHpZqIsA3IQEJmB/Ta4hw8e/GGSvci7XNCh213PnGkLkKQ6z0oSOLdmFSeqLo0L0RMpfXp+vElmBnj4SYWQoAsSF5arCLttNK+yYCZPfLwI/OmJmpCcsREpC5cO2pbl5j5yK3LkOsLpJ27dda5c7ZJW1RYTh1GZzUNnGcgsc/Na+AJ6Km8HpGD8d5F6xgB656UJYmomV46ENTy6WKL7Wiep7TTpTxSryAvdIAxJgxK8IG4n5Kjs5w0iPq6UnntWUwJEWdWBOEuadGqVOMuXTxWPr6X54RR828qS6vtiQNkwMHBp758hY0l8DAbdnBRllm/WAIJ40w5wVuTUwpQ==
646,任建军楠,男,440111198010100551,RMPCZDf,snu7([O~,bcDwdo6JSCKU1H27So8cUUx3QnyOHxOie2fKen6pIeXQnjB0q6OU+l7GqXycsp3tWjHWsY+O9l/QETzLdv59/DYJRj0QmsK3NXSK8SWoyaZjAk9LWCmXOvkInq3kg3ehj6vh9nwk79MvjUf1+FIdJpGkLPFcEoKIV57xICkftBZSjeR7nSh+S0C7geag4NGGL9DNunMvHqXy9EBODfJInEJ79w/+ZVKgy/ADc5+njcqKWxjVtU7+1F1m6NsgecDBIiil6+rxMVmE4t5Bt76FX0kcISwzAoAKqi5Kta6MVuDfryYzL79C4Oak14Dpzwg2LCFU4nSbUwpEAsOIIOyc9w==
647,项升荣嘉俊,男,440111196805115838,MxAXGcJM,rw^+T)dOjRYY4ev+,GojkZHi1zU232uO0sMh/++r9LuwMKLGSsOfyJWUdKZThMJI8SL30VTUsqKW9xdbBS3Cb90P6Ig/6KE6xcKC90XL8acaUHBGCC0XLxpfoXhRboZ34AJNVrLEr81jWlYvLlUE01/z+k4u4xoJiHsNqND4e3+YREDdBrQ587Uh6kaq68gccGp/qMD7yhszneQ9ZQrk7aj9dbm1xvGfo8/vAgkKP+1iwBUxB25b3/iWlRcKK4hlQJ75KcGD9ksQMpQPsmDldikPj1kEEA4qpChJBwb7MqM7ErpzYK6YHftauEFkw+B6aeMQFG0mqlqAvKOMsb/P3DOHR6zIi4t/7k01Cag==
648,齐昌盛,男,440111198408262331,yTJFxRgA6D,gr3<D<}LEh(,DjRDNB0YjTqcB0nmdkw+cZcZeCKM6e9nzKXHyMwHvYkYSrMVKLgSuXpT6jpH5196qExu/AT1u+W6lRh54VRs+G79pZGhEGbTtqHG6GAUyAjpoiytqogS8q9pvoLYvUIX8q4Fenl0NHAqwGjViYuz89f9aFY1Ji4sZT8INHLIpnKJpL2w00K0OyswjTy0m79y1UZrD776oEEszHqLD3wm/Xq5Z1SicSJffdz0yrJ1+v0QEeFLW4xpn0X2xDlLfdKso36pIp/SIzESS706vGYBFY8J/u9vNGwHj5bZFGO/xvToWp+yAvYAVEeDVYwg+kzyzip3BPr5JPL3UPYxQuYWDA==
649,马飞锐,男,440111196605189234,AiDSVC,IfdOm:qw,cCA20WLpFysZA3MB+g2DugmJVwBuYrgjQpS+frvbbgF4nVSohsHJPT28xYzbgnaF6RNzzCFf7f6qWiiCacyZMgXHWhW+Mw9UvmkFzXarB3Rg5ZEKp5nYBAbraOZG+VwKMW5vrJNZ5+mHwUkIBbivL1Wgox2g1FFRgEI/F7Ei/FjevUaAOHyav96nwvNLWWXxD+/Wsm47NnlkIfTk6aORx/vidrukmAY5/5i7anb5E3Wj381FegoDGD8WTxG0ADH1Wk1+i+3mHcJnuCs0McKpiBBCE0R+cjOMOyKFLd5r6vH9oTomvRv/8udSHoOqSur2QUXXn8VVQ+2g1L5F7ofFEQ==
650,孔琰兰,女,440111200104292646,Irk6edRICK,{IbQUt@8,LgAF05ygLfAbqNYeFJhT+lZ9WsB8NQfysM+WCurSufgbTlA14WAr+718SQl6nUIg0Z4IyBWA+zHjGvYv14xYiSL/6NGNATB643rujsGbyUJE3SmULpJawTbRLmNPX1euDX3N3rAoBh5uaOSxwHyMKre2hTbNaKgqrG7iG45XTqzkqH04dk+bq1bjenxNiJ1ev5tmIxgUk3Hnqvu8epiCbh54XOcSkFV77ro4OCTIxfftCZqcdg0SU9tHSiB+vVidpSFoyg8hRhRfPNt56IVM+9t6fzPOY2hrk2eC1w6PzY7pBfcten7Ru1DGoeeEMv3d3xlcnaPTWdKvoY7CvVPRvg==
651,齐平江,男,440111199407193316,IkuKlj,]vd1$SK(,F89YiAgEQFgpO/5B6AIlIPcoomnhbbTBF1TaT4QDB5oCEbDSl8rBVanp7rI9TKYzFlMJ5dnBZ0hEnPWkeepU5ndkOie1Mx3LEfKjpbVC6t77ChUSjT99kCrDADtyPKeoX3yCWFmmkHFip2V0xpcPdPGeIFhd/vk26Fspf2c0TOjyDiwWzmfoVknBBaOWLqFB4StE7WBKAd3m6q7e+M8aLcx0+trHQQaN/KOSYBrTzF/bvHPQuDMqzQ9+go7eztSclNcPUiG4KgN6tEQwXnL7B/0aANlKlF9Qcr2kPrK1U2Welpr6v+vER7yHnJttUoI4N0hDWr7O00EUbvtHDo2jiQ==
652,蔡瑾梦,女,440111199305261080,Lq3ChgIuj3c,?|Q;|QofXh,nH+l/PBh2qjWoGjqlWsj/cL3iPNdnwPOTfTXkJucmvgyBAbvP9aRkwDZVLHKG+Ya56o4ADe/EYPLgIMDPadajp9/JKLWBbdjRsE16cZGcTq+KoaMj8Dcs8nrJxHsACvXBumN0NeQbhAciEK2Ob0Ftq4asIkOMNW9hxvkHQLOkd1AEiDi/vT2NTUm4ZVkMABdDDSRbp4QEliCAgb7hp0aJ/KL9Gd4HzPcvMgM4jxoauArqbX9I8sAYpGpLaRsgilt+mXbbJes667pgElaP0xAcGTuYDwNKGM+m3O/ZdMugu8sUZk/Xpvlju7LBR6tYlrIuqjOtgibMzpZ/RN2jTuHFQ==
653,秦正阳,男,440111197608294237,tYHzVElPDlle,cz(zYINSp\D5r^%,DNhzJt+tQtNod7yQmIUBSxejysD+YC0nyCndHtjtEwhQZjHII4zx83e20COwrMhPq9wD7xVlrVGT7o4FQQc8lHNf/DBDH/mO4MEaFhO5Z3eNWFE/OG6z4v/4ghoOU1B57FReyLHCI34MoMDQCzXIXBZsy/j+h+d1nF2cddnfnzlfOWganErunxWlcMg1iyJ/4p3UYLQhJYMXuvEfh01EuujvXB+nmCTZlfTP8h/p/jXp/GoY2H0VtZobdXy6jjctzNXOtqvUNcu/k2i0PMH4uEAJpTAwAQi8chTm5EyqNmBWw0PDBAJQ98pvvWxBO88NujAXcjapzBw1irJEBbYczQ==
654,卢龙,男,440111200411173292,hV442AD52SIZ,3X/Y^.X?P%,UCC31ZZHxTiffgEYHWYE9tkMLE0QChzyLylxli9ovtc6aGLoJKOpuKGOVPrcHnwLMN5UZwRsfp4mht/M1bH15VIlte9K3BtfgnYdZqBTp4m/0O9i54EMt/gKwtAfHzUK5NrtgsqBYZLIzC5cie+Uzndu2lusTh5JK06v/n8DpHq4lqk4R0IycnZs2p3wq16+jIWjeRhKfvyW+ZzHEu9Wii1STTG9/vc3iiZrojvuLhuvDS8GJy74qnVfOF1Z9Bg6sbjJ8Kw/uMCI/vdqM+RqwI+C9/d5PYc4KZQsTVQo5TMXcLylAyswzYCtO6QjMqouTPmOPyt9+pD7WhHf740L+A==
655,牟曼妮,女,440111197404239148,SJZwhSy,$u/R/#^1k,j3sR4RF/7u10tM9JnZ6rqztDt14wDlHaJPidc2ECMrpIv6IuTrmTDrqGmoLswMRkxjdIHjgKd1beRWD4SXYY31WwAoQHiQJ7JGsGlAgQW4ihaeXKSeGO2u3+N8r+jbrMZLJZ8oxEVQ8WM5s7Sd9+G6bANv+YyYBLYS4lNGe09Bi6VnjkJGSu1nPrJrj4HD56pm49Zo/W1zvCderWaXmH+xuoJeoMCw5zsfw7BP34ioACV8an3cYX67VhOU75iQ9y5ScbKn7QKltp2i9YVygdQVsc+Rlqge5aOLvYXtO533/ScYAxZQaB/F0PfrV/kalk66craMZkUUVfD2cHXyHmMA==
656,殷晓彤,女,440111197402079400,vBpv2bmAfO,<L;v>nT:D`>(a,G5/0S0S3pKv2Utizu2T4qxbEHSe7B2wWGQ0HbmE13HOJ5LW4LmO+FWD0uXf3ihPVhisw87yMfglYKkx2M9JQzxd31Zft7CiCIlKuSoEteOqivzeULAL1uojBfBK0bmoYDnQEDJ1vkgN1c3u07ImkRHQaT8YdrBQg8yXuYgYXzdTHX6lHkm6gIxYJXJBtQ5grjTakaC/41OC1ty6TQ4CPz3GpyjkrqJYQTxbz2P/czpM66Wopa/t2cH92Rf8+rd+5Avv781tKe9AQtmi0g5sUSMS1S5sa6V2mR6jPebpgKGhXc0iV+Bebbo2umYwnoHyOdvipVaccTSji2GwHS0RPuw==
657,郑慧敏秀英,女,440111198302161743,AgzFo4hxC,d`]+@;z!Z,T7uUBZEX7Glwz4abg3VTZBBxoAAQlhVARGStL11ILyKlJNuGgIUrwcSIUNoKyGnngzuhPcCzh/iNTdKFQB9f8lsa1LOAFRagxn71eErwm/MgG3YeORUJvcMj32eDgOK96nh8hO0M/O4YO9nTus6e2/Eo0+L94YXtj6Vc19fp8NGbPaG1OmkAEJ/xscvjykXAc8KwS4cKKEd7TTFDoKOXuWRejMi5NrH0hkVevT/WOTqF72B01RGyp4hj18nvzZcHW+i0mdT2R33Sw7sWXGVFdK1Uf8HeSS+GDkvlnnYpv1KMhghnIH8S6C8G+bpihB3Qb6nFX/Dy5798G/CdefWflA==
658,牟彩云君,女,440111198111021908,HW8fqYTh9Upp,4({]rA?.k/,ZwDyK8C6pCsd+N+mV8oTJudwqk/bTNDfx2JHUSczfU5URgTIQKn81GQ8WPDDZlQ6cOdN9n6xH6TaKd8hUWRkZLPrmpNz2uAggHMxJ+mv0jzdZvekpv5ZgulgMBy5Sh6JJjV9ylvbC63i5THRfyf+1lbwR5oYajjIcUC3OhvHYlVdDStIgouv2uT/u/ja9QRSMxsLkQXym4ClZpA+UjebCk1Jhwo4uupDMA/Kx8mOonyUKJUgPIybmT8VAV9lrdgBLOQcNhGNHdFFWvYWyEmOXy4jnJnHqcfuCfJAu0lxrjkrJQUUP+XiTlWWPFePVyDlezEOQ1xnSLgny77L2dCbmQ==
659,涂飞波,男,440111200408142399,tLAOPa5EInIj,7Y9M#JWUe)j;YIV,Xxg0/EVmjmB6fCeQYg5Sx2JHXbDZavGpiXLWvZKxbX/w1NsI4n/aKbfSDuIBfquGR9FMtULq8Sv89vfWj7o/iGiRRSgtQhwhbM2MiRJ5/31wSpWJ7tnCGBn1gO5f0SbUPrRHpy0TR57LNxlA1Uq+jrnbru0pqI9Y1kVtEMXZT1ejFzbhT3Bgo75tikYmmQAZfE3/+v/cWGksSa9BhPuWR3XMrjdc0jEq922xOZVbEfJK7sTdSW8n3C1WFMepKtWfqgLgdKeKzk9PeqHnuL6Hvb9hlDYTnnwc0Ygby9rx7si5pnF7+IiobMSNJcQnhRzGo5gC39NgRNH0YbhdjMkrFg==
660,严家辉,男,440111199407167134,mV1QZ20U,uSpHsllS~]2,JMKQbURCZIa8JntRdPJ09EtVepRPaUjRO68pvzmminL8GWH/cWh4iXBUmB4Hs0+zU+AtP86MWBlPyKwbjgdyw4Y2o/lovebptYN3tBe8hVhaNS1QlJrFi0m/9Oty5ENQTpQRlF6/wZPXbWtnvNhRVvEf//d4iL2MtjzHmvwbIIY7h5nQlMPWGs1jHPuYBphkPojAqyTLStOG6rD/LO8kZHaealicGd2Of+wDTfF/R2XSJaPEdvsop/T0VqW6cVCulTxKRCOmfRxHTeWbFkMy4BL7xR40b7808a+Oji69bTWDsqu6mIDUYVDQNa6qvV0icwaqD4at55nqN6a/qFkm6g==
661,汪思涵,女,440111197805047120,WOVwRA1Bc6,+ifEpp;V,O/JwCHHL6z8OpClujdmrymF4rPH+bmJ4Xe7jvEWD5PjURZ0LiirTi/YxhKwK/YeuLLbonZYtRpEErbMluWE6MLJwmv0GTqAF7kF8kH6fmFPxfOnjx28dGsBo+bOZi11naHQvCwE9XyRulj8vEgyi9gLoW940LC/pAc8ePLTciwyPdDaEc9kfKos54jLPC7i3KcEZrBEXC45HXqfWlxUqxURglHW4QWYpE9bwGVUFxbRubidcbXg/m1QGwPa4cXXOua942G5kfDhksyiQfiYuS4DiXxcYjykx3iHIgc74N12bBHHnHISkFOhYcr5FxVyQrm2oakisv0UZJ7KjQ9rP/g==
662,史国强国强,男,440111199508124096,WDwmyskikqM,\\m.B=oI/T{,g8fgH3ih+eTqcRKHlOeX/PVn8vhhhtT0HYwEsZCT1mFvKXRHIhQ568nOAFGU01hyXN8NW6u4oV/4zE+jeZCLXCUrWhkHPd/VrqDGPCeDLtVskVGyMZTJCHwqBgjXHjQOl2ZufYrc3H0uJH18luMzMHlN1lwKcMRj+41Zf/0ZFhtGxoxHPU8RvWuHEbcdfQK+x99GKf0TWVPgEXgm9rhnQsscNN6st7pYwJypVT/lPm+wmXLRa7zbH8D4R9qpbrgUMI5v8LeOSxr1+1fbkEZamOn1CTeP/QKpNw7zg0FvEoo1yttekoDynQCajIMOSa+PYmZLxq3wIgl3D1xvneBdaA==
663,岳婉婷惠兰,女,440111198211139823,YvdYKc5Lht,~|~EMNwy#^cXZGp,GmiP99qkayT8X+FXfyzRr/UAynIAt/0bgdJnwiykXWH92qGqHBsXF80/tgZG3GpVP7x81dvI6+tiVmvqj2hVC8xa3X+97ER1MXGeAZK/CrausnT/mgO//y96prp3nLUOtbDeI7EInhU0P0Rykh+QXipoKcdJJONXTMVePcfqItl8ozZus+bghn78rnl3darsuabNSAyRttjX84lrqPQwI+htLPctDXF9geHqdjXxNiui5PbxwvaCKIBC2wcNuL7pD5qeHWwiQOd0OIh5pY7jDac1ynKgH9RSVeX677Bn+lD2UTwoP8ftaTvY1W+h6pgUfRQsSmsljG3HlybhOOpbvQ==
664,乔飞宁,男,440111199807223553,uZ23K8txbt,gV1uk`R0d+7.jc,Bjx089WmKFyE41rowVUj6M+lB45bD2y7J5s0UN6jHqVHa2hUwtq7TPPtZXFOCh1KeEv7nCC7k4v7WJd8w7hGhJ3vqLMOJ+ohh2pLGa8qeNc1AgL55rDbzQZXx+b69NN4R4KzCcI1pJ1uJ1WEgqAAWtYSivWoa+m2HGxrhW1bd2Kov51Ia++1g2UqqkqD7Dm8hU2FEtvMv8GOpGZYRVpapOI6rk+sCazcoAwY0e3PDVzOOBQVpVLyLfg802Ict6a8EDsZp0DGxLj8PuP5GapbNOq9v+mVZrVg/aRmxRiot/RgFlHkvZedTEg+/k55lgafGMzbZ7nypp4EGhZu5NRZNQ==
665,袁瑞雪,女,440111199709304181,XArLjJpGK,|e9WFc*Giaue~iZU,rGZY0/Hm5oCbWYXr0Lr3vsDYpi2SQq8RQva7+5AhG1o7tolq/e68TVnguydyqIVmw8DYjrNM94TGQIbzMzXXG33Edw+33ySV7YwybG2cgplWnoMbcx4jLwLjdy07MNY6ldOX84c7LDa4yqBLhKS7s044o/saywQTBs+bcCHCEsnMGVFi/G9vQeDj5zk/LEnv6kh+Tt8ZjFyE7X7yOKXm0mzej5MwkPk6w7AKuA2WFTnyNAKmIS//aB2WLpKHVhn47eUJWq7onFqvNzlhSNq5hu8zDm/ecoY8wAnqMgZitL3p0EtwZl9RUN+Hmfx/rmiTXyhB/9m4e9MZmGSb19DW0Q==
666,颜霖晨阳,男,440111199912062456,kUuc5IdT,]2pcg>)40-u,jtgwPzdHjUS3Amn2C04OMBhy3e+/U/v15ym02uAYtLJXt/cKQBkw4z8fm6Fn/LzoedG68haXlsWK5+RkuUN7nVkUTSBlCgoP4G5/MP6WQl+tVmyxYP5QZZkibV/bFWCnVguwFKttpZ+m3v3xl/tw1jQbQu+FMsAN9q06LzsHuDp0sbFYtc/k2jCrTb6Tg5koTwP4zRaJJtCu6Ni/TYI0opqItMgkiMFBSIv+ctLxXm64Sunhq9uaCL32jUQCqAAxtA8hmB1gocULt+BDQamorSWcmZ9dBkWuxh4B821Whom58XceLOoQxjPiJwBbVDLiwUlDLUnMYeOI5XRylkUewQ==
667,孔军涛,男,440111200003106314,rUopdZemh,Ogm]7Z>7,C0yAdzDspjwSOk71P7ehHnPlpPhiuFway5926UDKajxsE2AdI/1RhKqIK27DTo1ZNbgnS35TmuBibuixqe3sTp50FgXftSZStij5xg3S8kUbVXh5txsVGAEYWOtrNCUvqzIvAz1Gg+3sFzSuTQPKbUrFHIFNmA3YQk0k4rGdM0f/MRYGWpiYt00aR6q6PXxkpa1SBsj+rDKzBYl2cRPsluV1Sc5Tzc7X4jDAs3bBUh2K5Yu0FxrusnsTgWBnXmEedjBASRhOAQDjPYklSVkybww3LuYuqCv1hha6wF+zSB6ieFAGV00/zpT2PXEArMCXQTjbT2aPc2sKxPyf8EIJBQ==
668,樊文涛辰,男,440111199212220492,SiZQJEsypx9R,>T<Iiwji?&iUP}9,DIin+r6IW5chPeUdemReA30P7ujGsXOzS9mQgAYpNr1QEVIeV9lRIa22ZHBIndHr4CTnW8nLBx+MDL9dFRsGfEEbve2Md+QqNrV1+N35a8udivHp8SvwU0zElOyv2VAgl7IAOJoVnxyPqt5HJzn5UUwuBXZafXQsUSSHzQ0HjxPvkC5P9AyNNKrcFc3AHu6Ewyd/m31T6TBqPvFTvJRtX1c4IPSty8Fdn9JxgwewXNwfDVStIU5DuqhWUhmEI+CVppIlrUnUquFKScjtIatqQPr6QnGnmDqGifGiSVxBE71HFWjUmVFXdkfpDCuSI597TahBY3q0rXWi/fkFXBRWjg==
669,魏珊珊琰,女,440111199811146968,v80b1NZT,nWed)JkTC>et,qOFoipv/CzjwCaoYLvQoIdTiwpoAeIXkVo/eix7y8cOknMiqFlxl23zOIwB8KnzWoX9tmptJhwEwyR/+XZCEVU3KWBxx23Rvgl9JPl4JMYPuHMB5DkinsMy6NMc8fDNePFvzAYlX7Q/05IY/4H/F/ev4zHbU8J5qk2kTpHrsRz/C2qXo7B7fi0+7HteFbrkSQ+aWXovH4C/zhg65ImfRLswIr5JzMq8IG/3Y/4ZlFkF/m9hyVATO7EvUjcHqPuVyaNjZ6KYH4tpjubUkPznWRvWIQVAni3tM9nUuEp8e0vvPN+5zHmQJasrehFXU1BaCeniOpDfxhh0N0KJYuShKuA==
670,齐泽宇,男,44011119921104399X,uIFVat2i,B!dFjB.v2,DLkDxQf0ZTbJNHpMrWC+Z+ZD3JlqCM60dZ0u4C6q/sZve4EzY11XaSy4RqAs5+V7ppwmH/MwOY6nSE4AdLY64T65B91PJrrtMmdTHJdls8e5UOgHj5EzuYL0FVrd15s4hF1ISAmhrjppGY24k7ciDahgsmvMyRiFjAbiNWQEoD4bepYmOqxROMerivquUKeC3xmXUHPfnfwMZ9rIqEAOjOk7Es6LOpM7Zpxsa97mB7WUzjrUxYwgt1RqVlnWB8oM0CG8vbcrlpADEy9X+otQtXT9zKx56AX/Lrcgb9ZCJFeDXbpkiW7e0MZnxbfYYPgdH4d2c8zLh1oewGLZ404GrA==
671,江亮,男,440111198601212854,YQ5Sg2,Q+5wH:T&,f2R1/ELD7VOmMohMiZLBBwTU1pGOcRPhlGJkyCNxP9ZWESOzcIBvYqv4CCbU42r4VGu8d0X44ba1FL2V/SZe2rJQcoITnRcBIl6rcTiaWw+d+5S/NbVlTPUm5/HRzaTMoKIvW+yAzvNLk2jpJR/vdXRt21bfyf1yLyNZIZoBkyXWNHEP++l7cE/nCFWXwmo+tmjt1FbcFBp3iGC+tAD6dWQL8Imqe3pGZiOQmtsfUxWLLKT4TTo7cQGaTjSWiHTa+P5dToPvwUO8wBJg1zQ7CcWKzepVklGnw0xejuTUaq0THJZNtxLYudDB1DS13TEafeKoCQUStnqYH31OftAScg==
672,郑若瑄,女,440111199202214160,yM5dEu1,q{:et|ss*7Bo,TfTtylLx/A3vpV87MYbnlNgxnI4uypLnt5tBB2zQkV78Cax8sCd4D6aQJY0xK0giusaEHInVnF7Sr9ZiyWQYdiXThZ46IOCOPQVplgAhYvVe/HP4B/gkw9ig65Jt7RYpJw97MLEyeTkHr2F4r3emXBvUNHGuDWH4LziQYIEzy4kCe70dUJBd0g5I1a3yr4qDByebpEhw7WbN/59AbS7EWqqSLrvXZV8g+y6RzTOI4FcYj9jNFygcCGSYgkAQJHrvE9u6eaYogLn7oKCjp0Rf842oz0g8CID30c5AdQrkOEwnPUmuNIDeAD4/KGt7ky4dvStH8UYtucs1ZzRZlygn7w==
673,肖瑗5,女,440111196802159501,dc8jfa5jSD,-p)dU#S6aY,Ay3poCdcKdEpdRoGgn7GEPOGlfwEbGzv/fN7uZvKPwbU2iWgd4WN/D+N15DTLxBFzU7fu/gswmurV1z2m7ldU3wj0l3Iu0ekFaIWT8xOnDTiDu3duNBJkglWJGcpKDVUiLP1HGwyt18RJ+n2+NcSNunjWpQ3UMQxAGE3+umWXa0kQ3hEBuXsnQokJtCt7X4ojXWscXgCxKJ/sPOHyFfMcO2jU5pDzTkgHNsrY0R7KrsL0c54pylXtTNu7xrr+a5TuWX8eDDdYLfjHkVYV0fiVfXg/99KrilierH6UAUu12AEa2PW0v3WyaCu/WisQrJH5uJyDJS8bZcPaQdGGx5V7A==
674,何嘉慧蕊,女,440111200502083962,braaIx,yh/ryS&=fR,MzA7IJbKYj/Krg1QT772XnV4xmDzX1ABmCEB9X5l/DrzgfLJCJHRp0LwiCiCRUzkZEd7BTVcDG+X5YB/1MTnMQz0TAyPym+7nxQDYidA9FzS6NvNnRXspLMXJWKrvitXsHFZGfyAxRDWTeHaeB+lngsqfFjtuzC6ZuL3EXGJqDEdDdBKuythHTd6Qsg8bpwSY0q1F2M2gQdSIIzXSXbDLap2Y0R5mdrujnGtK+zRSs37M+cIs/FIbvZ7gfxpYquRjVpXn4iLQ3n4nQ9jtC4IBGYbXxZeo1C7kPDcqf7vcN3txf1GWcXfn3xac1EnMOWIxhohkBOtsX7zhxT2sYbotQ==
675,严兰,女,440111199010036822,xApHIk3jw,Hw1A;wd+F,DwNnewiCunYDAA15oUR1LpNTH5p7Uz4/JIxpGp8DuXyCvUel5VhZW9E5sSZm8f/suosyz2Ggjcqk6X/Mg8vJhO7S9WOUO9/KgZGr4VL9tCF3dIB9kEgwPUKktZFIjaVrEkbyAKX1J09YGGvwPOnX1rkW7Ef2KatKptN0JMT7DJfwdzK1PjK5vInlgVrAL1mI0vi/XPnc+/tEHpC3/MhHvYFJLa/zcReES75X0rzaxb+F9IRJrk7Z3ZW8P+xPjkuFhFc4Lj0vN63m3gVMe9bTnwIQSHAYE9gCpzaMdGwfBeys5KI/TfbfqtU9NBWwTu52oiQ1t8Qp/VGSDxiAayWxCg==
676,马向阳,男,440111198503243075,uiZOQO,:d\zcU^b&=h,D72F+bHb5fmVB3H9j0KqG/i/dEPaCXsUtAQ741S4QJuEoTqJELiV0Ji1TDH7ihe+TJcTLAiZH++0U2/Mu1aCnvdhownh3HqheEzqXIyJ6jK2qVVkJEm4YPuTfprs1nb45LcxCFSre+pJgyiz46BhkRlC6F4UIqyd0xQHijtOrLumPM02K9uQVXkwMUW+p7TG14yFk26Kn5BXBFo9D4ZtsBr6VxkJQ5KQ4ClknyQNYI0lMqtXKLa61XcRBNeFOJsrzOp49LUlDuYJiYywa6Fl1TSckOnkYH8Qe/iJ4znU+ZowrMC0NixBM2bKsuYv/jOKwvyb/p2/cfvSb8OZwq645g==
677,何荣轩,男,440111200405158512,bndbbtXp,SIjtf0lRqZA;^N,ahXwXVKZeUuqCuy36caOj/mMcRrw25Dq/F6R7/zY819zFVXbiu0XpFs3xSpp5uLakCRHzG36b7fEofRmrbErjmuF9s4BO3RBc4L0bwqBHRcRq2qgBujBFGygUaAuq2gSCrlcXkANPvCAF7M9g7AHwcJEN9J8gKAexOMzs8hJIssrOfWMRMUZmqFzgWNBeUBPh5fjxZbeO0aps/dWKVfvh28Bpga4CXSc8QOW5uip0jFYclMI1IAOHRzBx5uEZ8dB7x4BFtHv9EaN6ICiwzMZMncD5JAL+UkwbdCLHIbMj9TDcFtP61ufvd2QwBIAdEQ4pfsfFhLsTbhcwBy4Kw8u3g==
678,尹爽,女,440111200112258763,vqCnm9Vv0J,y*t+rNX|P2c=3\+(,iStZPp+V0humjpym7SA2enWwt96GhkjzAUdPpaizCqH//cPXkQtCjw+Gl1dEaD9DggzTBe3VeBjE4RmEjyGw1aqJrZq31EXKcYVsCRnmTEjUTpp9G38PesNRwUIu9NaMKBdZjoJOYLpFzkw9gtuTYbfMp9sA2gshKQbsryHHx8HwLqslaKp/Ts73RZwa8LIM8kbyCxv6ZxZ87Y+9MUohAUmXSJfjI1zSsROTcWxDpqxwR9V+MCazWTQ/HHyMWI4Gn23ZLIp07Aml9sqhyLpP5xkUKRtbVOMyrE7S5ELIbd0PQ5561M/tqO1B3zm9Whx/isGw6+lUG1iKK5raZUVLgg==
679,甘依诺,女,440111200612145546,dWB4ifPVRGp,Cr6ucHE6U5gu,QoICEfRFXhdqXZ62RwRpsXNVWVVijVB91HMRLd8ghspVZeTspYOjmu3GiRuaYs5sbbfZfSMY7AxlKuyV86SBo1Bid4Arcx1b3viMvY9xhqQpSI59ZJdVsrHVJP98xcjWt+mao33o+lcQ7W3cSPKx12WDEQg2cvobHofyn08L4yRifdoRcCbCmrwz/KU6A0BHnKKsrB7cyqSj1OgWqUcQ6MzAj3sk4DYCQkB9MqCOP50fneVyAO7gMA1V6oH1+FprG/i+9xHFiFwJ4qGCYW/F8PUI+/XAhPQPq03G8O+LtXIwsEjGHgVCcGcrPfGRnk4BvclKV2rd790SjvxgmcY3ew==
680,黎国栋毅,男,440111198006305714,NKqNDZ,ww?|xA6&e%,UE7Wh5GZE9192mNs3CNF28c8upejKT+N1XJB/l/XsaaOvre8Au/YpvIcGcVOLPLuG9ByexJb+N0yQeqUXzBDrOI41HAmWftB6gGPQzU7c4zPui9UBSKSJ8GPFRNIORPzxgmLyn7a+iyj/c16gbAHadfOzgmde7ZpuWRzG4OVDUL+g/W5kxpsL/sFb7OXyR67v820mpDKA+P6YgQ4S2Zr6yppZ3hFW6miC9YeCW1ZFsHnmZuxsYE76ZNRfS1MQDrFERp2o86VLEJTKUf0JjiHY51O7Z4S5eX6D4xD0JnL4RBkEWdNBQLPz/gbiqJZvVsaU6e1/hWJ1O8pim+gkl1lRQ==
681,许瑗妍,女,440111200608258329,r8F3EJptvJ4,Q=A6L/2h|!J5#,AEKWcWeBA5/AiHvEeR/pLIELYDoRNX0JeQ8ZzQVBgjU9kTTRrC/UFS+Fu8gLjLQwiXbJg7py42yNeg97fHnG+lPYxpXkKYq36jWrKny6g1uDNc/y/YGkpFAx1tRoCX5Dp9/ErKOCTTkg2aAu33apCMvstDJJT3E6IHUZ7bC9p5wix1cDoZsHQzh3yjQIrzDKFM+nvXrVEXy07BPMSyw1lIVkqsv7uAGuMuqL1oBvveWFBe0bLb7tE0JT5oebCRFUTmjuuhOOm0RvBc5FmRmfAYj+MfEAzOXz7xpQIVZ9CObT1wY0c6bGExqiDgwSVGo1DrWghGuoltylahKF27NBkA==
682,宋蕊,女,440111198804077808,WYPH2rVXy,]+#;l<9#E,RM2hbtgXjB1wTzoAB9P8qmpV/Hmd0Gu+Wreh4msGHme6vwQ0D8uRr9R1zxAonKvSC0sgrv4SV6XNcYiDWlqjUMY8L+uXC+YsJ/mL8swreu/8TnDMn2dpbcf0QIfmKCG6pu0URfoyp3xXu1W0zY/T05dr4m0LRaFnJTPjGeTA1LOtnTw/DMrI93qIhmA9jo48JUhUOIgxKdFQlszz/hicMnNQWG/mFj+Qdt5Oqb4SkLH9JoCsYSAMHUKDBHsHdKLNYlYunGFSqW+hIuLWmqFW8pCUbJLvsh38oBLMP3S6nPJ++pYxwi1JV7FxxxbbLo0fgwSY4TfZxg3mRXrazbIEBg==
683,项蕊慧,女,440111199108277683,i2IttOFvX,iL@:nH6n~3}X4X+,bhZphpbtB/Qh1LwbaI8WGMWoXVxsuDKRL5i3vT8LJHH31YOcKjQQalBfV2uB5XGnFB7jzEqev3+6UCAMX5cwHtLZx0G8tuMpiOuV1ySv30sX5s2+zTxQyBXajpG6ZLDrksuJrr8a7uHlnqnApgZ4K3UgYMKiJw0ikGUzOcmaEDyCz/hOyPiEdVG9IOlMv+P8tyOVrn26sdqhUhIsybdRU+AuOMU7H8Qq6bLa67GqfKjPdln4Uur7ROw56DX2mjSI+zp+8QkQqZfLnjHlZBoebADkh0v3pl7hPorUo5nkWLFzKIrZy9jGWwH3nnK5seLKbBSJEmKQufZwEpj6q0Am0g==
684,贾苑瑾,女,440111199207231066,yUEdhN,R`tf|@]Be&cqVB,pVOIC9ws/sbUtNpksHg/LgT/sw9xZ6yt5nAEuR4DwjgnBLNE5iZeziw9eTyBBnBH36AIZmK50P6a4ypo4/tL5nOue1XrXTvSV89irLw9uedSkJQhoBrwJDKzwW5zY5wJFAujErOCm8BQuCVFT+eo8O20gqpFKooffjWoVjJK/sUOBQQ9lOXrDiCfoK1EdRIYV7OyPl0YxWz3B/8szDX6aQQlzktj2vAr0f/RJ9mXxWIWFHm0yXooqJXbOAUcNLh16BRqioMkEmiy8yPOUN5MAKOCmr2XfBRCw/60tj6H9PQFALUqATczEZlf2EahSoffaqXKQ+6xvzkC1W+ebhZ/fQ==
685,庞涵,女,440111198002012201,x9jSyO,YA?*8Y[[D,hq8ybQpXbdw8Jey/z4G6daP60faOOGSAPX9Iqp76wL2MBxZS1QdP4bPJvz8d1koPuMH7Fw0GXPyExuunG6UXWhS6zid9yCytZJ0ohYQB5N5Vr/z9893mouk8heSeKlfeiK6N61IKQ9p4hdWOaENjbdRLCNBK3a8xdWgS1NljVZkFwGWYzMFyyNBoKJRvvYmRqiUAllkWjTQyZR4x+nOJAFL7s+TgYMU1o5kRO7QzwXtMsimU+GKf/s56NcQTH8wfGdTe+4egt4bEc/H8EQELZrwSR4OYu9DvEcTLQGdJUrDE7+75Bh4JguIAkkwQdqmRShRQOQS1y5+t/lWOiMkOhQ==
686,林江,男,440111199409250839,WbSDn4tR1Qn,mc.{{h!O,u3pURlMAlPakQJLMT6+UxVsyEkzP5VUj6CtojeK7H/fmJELDKlvAV5ABh5rQWwgzuYb4b6Nwz/Xt9YBM3BJPGw3G4sfKnH8/izv/GQwwmfE35fb6iHBfbV171Ga4efilIkZI8ufjAFeSt1bw78cNZezYlRIvnA/0jUTvkFTlDRCeHiI4w6UHVVI1nAok7WoWHv71WhyM67H9FwTlB7PGJ7kvAFJ/0Y/mRqF9TV8aoQzcvBVo5AuMEFKFY7t27H6+OD13NJO15vHekD0JHiN6+obUrUcgLNXbVRKqQIPVkdKUdck3jArmmymllM323TGIFof3/ssMGTSykGMiPehPqA==
687,彭温茂文涛,男,440111197007194759,L9td9DpxS0U,v2tj\pP]Lj,pfjh1xdlH/L3JdAOJiwIMMINcoahDERwhqsGf+4R0ZMWT0vHr5rTTFTGYaBe931hzPf64C3OauV+PPKjCG9vPLy1WZKlRhRdc4I2pqValgTxxUyVjI+omyDZ6wm9T18fGDpYx4T+maZb9EddEF2b8MIx3Xc5tdeI/vmUsGEbFgxpGmGgfUyPWMyUa+L+H5a86WUdHv6LP3r8KbZKPll5GxIg/7AtZdLCnNWREijkbY5w1IvrJSIrzyO6o+sMMKvHqA/Nlz9UYgFdFtED2uDtsfDOhfCTkPj6WTcfV4IBNLsnTqriXape12KeYT5wpsLREy1rugjWomtK45GodJxuaw==
688,苏丽晨曦,女,440111198301193081,KcFLfInuxd9b,h^wqP4-8m)bp,Oh90zFklS4MnnBzLh8I7SjIOMZLJvUqP8aeSop79y5v4ZxNvf2fmd7KT8AO/F9ubB321N/+87iBiZbfkaW1NPGwKMRsf+Gj+3dVekVWAoNaYNJZKoWp+256ZpdytBqRYhtByqQvrDOmyYC/625u4/bkjYvSh8dUNRYngXGA4XXd0pRB4LgT/z7XLSprbxAfh3v7UYRLvEqWa8+WIU2CIe5WZPVjSCFMAMV51LFU6y8u610BNZMBo8jTqrqtpFfGQZDxuKNY343Vf+WJu4NGyoOnhUN/N9gQWYrcS4IRRgmI1nKA7uxvdtF7Vc1Rz9AB3VvMziSASci8+PC3Tgf8RHQ==
689,罗静蕾曼妮,女,440111196701041088,sR566uGoY,g\tp\6+b6,TonI9+sWRER6Gl3G6PV5Jau/17oMu7ZCqGxo+Kdx5dwKf/QguWvLdPLl3MNAG5r9iw+luF7CA/zpM8y1J+MGybwYuj45BRcE+ZBFRBJH5oyxThmIyz5DaiQ04qJ52FwQtDAm5BQODAG8nwlB8m/SaG+1409Iavnpu9TVdB0J/sB+q7CAk2jDUZcNpL6qOgH+hHfOjI0Hi/exhAd9QGa3iHmzvX64dlWTeW+6DjTCbR+mMELRL+uatSu+HFZO44TSzLJbQHSbH/uxNCvFpFn1MQLOoT6h4Y4E9eUh9TjfWhhyq56r106gIVHSKrFOb97Sqksn/mwgAqzaze9Qn+YtKQ==
690,林兰馨薇,女,440111196811196224,GOGxONbTSL,n5./^zy%`8c`@,BFKfmck14fhGFTt6IujseKGh8AioNy6Gb8sxqaB4/c1Dqr8RggDLYBGyvD/Y1t338P1T8HXK5TyFjiJtYcMvHJdSXYXH5vbdzcphsGsz0WTOA2jWNaNz1UNDnGi1AhhWf2h4oMdPQFzY7eBVS+lZqBg+1Mu07o0bC9Ywms+8N11MmYijM16oYl1rPrvgaY48pQBdajSUwbBQnFTuRR0ssjGY87vyQNPxIHBJSxOZ1EPYWzUg/5zFLPw0G0rbFagyCXexSjza1jlPj6GqYgCQ1chdS8HwE3o+Ih17JhFR8ENV5xPn9zPrSxyIZZbX7mnUqMzhPUAkP44+iIUqeqxKcA==
691,房乐怡书瑶,女,440111198307030582,PjSl144S,fZ|`Q7X(7WsWGv,dsBvavj12vA4yv2tft0BiUcxU8e8JmaoU6FTXBv6p2f0bl5yANkbmmiqw0bRiIYdxJO5yjCrCQDbShKMCJnJ1XcG18mgw3E/qMS5zOb9Yq7IcmNw7RQKE++0YvQJbpQ2Coll1GWE1Hu8XPM9QMnacqVrEaSn7FVYFbjzMq4GkohzpFCJIUzwibjDSu6VyTJsHaaV9Zu2rIiYagDpewHY7V+CiR3yeK6HezNvqRp/6p1BI8Ywpmi/sU0qYXPAh9ofSscN2hIt6SKerSqWBUJRIUvLcY1lP1gnJiHK81QN7T8YnrtxgzwIZxV66gTsd2pk0C9i5RE+8Pth71cB//Z2mw==
692,赵雁,女,440111200105031560,Ct3WCdDB,Dg}%r\[]hs0,TMyz6bwYOGj7m2Coa4x01EMNXCHDvAvNRgtiuFY5TKKu57pNRkUm90BQ1Vg+5XsrYhEWTy51DkDGTRyvM3mkFUsrjI7f5H1f0XrlWbFKVj1oznT5Dj39De7AclNcNieRDTtMWkNkS2HeUkJfCnloet60SLXjLYiPchr8dnPVm38SeCRgJvzCFllUiIao/LpyP+89AdbQaWv64/3Ax9cWknHDMWB3XdcyJKBGSSEE4Nctz4V9RnwvoRCQALOS2WK2BmkYUPGPz/7NSN5IYV4xr+lVTlxmbeNvfCPfNooPtwHB4EZdoLidNJFmgzz/v2HYjr8GeLvmhwNpz0wZaGDVag==
693,贾颖,女,440111196509069347,CLypF2T,OmVXc%+V,mBaGk/C+RaYYlMrtcjTGwmAr+4/1epa0KcylfGU4VytmpRHT+HGXxAX9io3paph/dHa5xodSCDQ/CpCbUngqF4RNQEKkZIBRo9ak1SA2pmbNyhUkK5xa04Jd0Id4knHtrK9beX9fzrK6ZI22ChZu59wSzFV7L2NiuVSpLrQHaHzxMj1WXOJ4SWWygQD9WNWg2BAhm0RtxtXTl1HJgUTyfM6XBOtuNamv5xOojYZXUCQdJ6hyQIvyKnYEDcR+x2EnuVUejXrb+7w0bY8f3Q0hJdtRQGHo1j9+uA9U6OPTR+ikmZ0UmvHu+xH6NWn/fXSLVIB/oLhCtG3UoP1upgVNng==
694,左瑾萱,女,440111200402273726,rTy7YCBuwLM,5j-\[sto=i6s,sCG5lIdDvPuUXDWr3vi3cZEf/j3t+cS9voKTFVKNSEtQTPsuWncb3zWWJjLsXxyw8Zog3WtXe6nrgxEJy4hWuDyZ7Lru7uYhS34hBcvuBm1jy5JApmAQalV5nhtJ72/gKiFXgoV6ri+llViKUZPT/23s/gkTKbsfgV1r1M+UFvmiPOPaG4LRX5iB1c2sUEovxOMPfAVPncdnLjimLUcElzVKyQDUMkgG+UbBrJiZLWh7t6abzg9oNIOwCiAJ4YuoRuL+zbze9XiFzErq7eAy8XNdXS/RzqVm6GRFd+AtxsGCutbkXyS98xTpP7s96Wt8Bcqg9Odww4JsznL3/sOynQ==
695,石浩然昆鹏,男,440111197810124135,PJNimST5,#k_Pu8xN!x@,fPzMCzcSDNkQ00FHLmBGey+hn0MhJbpZQzxI1xBjmM2FylqdpK/VJEu4tswnMRtRI8FQmwAFGZRnLkhDkJS26dKWYpnogiEIEtBsOVLlTVCD3cdSMY0rijd+sIqLxJEFOcC0wRuQHPTqPXRKgABakepBHnFok7P8hcCjwtzY7GBtWzRAjT+icxjnCNwuR8ktU6INlqMycmmDxL5zGoEKRSVLy8M30L8x70+x9jLeVI2cpMAgcVqbW1HrrqSNVO2kjRH9MrEhHTgWaYPbeHqQogwZBYufKYdnyYmQ1F5Kzh6Glq72Xb24i6Hpg4vNzWpoSwG1LiM73gyyS10RY0WxPA==
696,牟娇,女,440111200106140347,EHWjMA,Xd*fYd$y,Q7BU8GkubutTnY+TjDZFObIZ0rMWz6sYPAA3tLKJFokW2PAKX88BtX/Fllu7PQagCYA0IB2QYJa1RYxWvKrIcwEW5MXNpa0dCis5RMdb/5Va5MQ4zaTrBl6WLKhZc5DadU2B41rBETkTYmmZnYjwKx8q0MgK2qXtHQ4jI9DgV2bPgrHHFBLS7Z7ur2XPpUjQYG7/0x236g9DMp0ArJixcz8CW71xPdLO2f+e7EF9WZytgdSw1bsn7D2FTVTYTEon08I9UodoX8dJPT1w3zTAQ4sHXeQksP4fiVbGWiXg7LnPcVo+b7O1a6ln2bhFKmQNdx8m+njM23RdGNVcGY+2ew==
697,朱雨欣静蕾,女,440111198004030200,Fx04gqAa,[IWw-?DXRxl.JN,DcBlwbB8QlpFXpDpCPLHb3+9sIGb7nmUdxYHWLszqDtcCrkH2olsiLloRJjQNhqQ62pGjbCVPuWfSL1bnCSYGsIh4ZZZcpzsqx5ltgZRnwRBwo4dbV+FLiS8yOAsBBs3McBEbfDfGtdH5etrLv+aNjm6cMDqJSkdQaL85OS2e7ZORkWFC5xgHj5t+kUY9GM9R+1RWfbY5piSaM9cRnzcjX0XaSvEPrQUAatUdQWuc+ZrpyQlruFkTVJiipSBXhko93YrbCgm8e3v3pLS/OyJTJ8FHlFjDFR4+MULEq9yXqfMFI9MO35TQZAj5wgI+Yz8nbgsdB1LIAoBuem5sbjWjQ==
698,钟铭锐利,男,440111196803091617,KT2aHjJ,%%Q&IZ8A,VoH4y1/kmQPntj59p/slPtQOqCbjEfRX0HpoRtGrQyYpMEcD75OdoIr8Ow6nN5JEYTbqZV/uE6idiDFBhnNUwultburBHQjHYqbDuIW/49FX5zWIsam+KVe5tPyzlHB/rPzbosynSk5CEJmI8ktQG7d/1aa6lvxr5h5UDfZ9iC4eLX59P9xJQDHlV2c3PIiVDUEbMVnP50Uzbw+cK5oAePzErvvY74k/QWrn2HhgFAjUA04qUrWIkla2G96Fuv8zylJdlm0mHzcEVAlzTOJKnW5AaMJLHPjuv1UeXZ2gOflbNvZJSIiAI3cWRJodxRUfrx4U0VVhJxKuHy2+oIdqbg==
699,马嘉欣,女,44011119880821198X,EGUBk2KMW,\^?`L)s-,tAfAdYDZ0oL81Uw9j4Os4lmfdenUxYGrAPGJoIGP80a2uLHfWR5d8l0v/Ypv/QG2SBf/AcmT94nX9UaO/Cf3vDamFqPTk6MNo8fcfRSYClLmuaoAuY5q8G4b8zQ+lImlgaa9VSMTqGJ30oWDeXehqQQWo0IcAxt9mw7dWsJVncyQU0ILNUGF6yRaAmgaeAygCoAYf6v/ek/aFWMMXHSSn6/L0jghiwKVXPg7V6WE19QLtaUwSxPUvmfS5waY4AwV9gjLIj6CI20dK2VAn0zjoOLz4D6xI+tWLEi7KiUqIMJkmdeakmzLi4q6lSE2qnuCJPFqFaJeu0k3aYw2YjMcjQ==
700,黄敏学,男,440111198110095593,NGFcM7xUeo7z,i@vA~Wj=z,wuaXLRfIDDvXyRnTWHDY/VZjpNcoSdOXxFuDj3vFrCvV7GyP/i6sXRLt3tOPkh8maWIER5jUFbTNheBr4j9ABcnroVQi3oWfmuSxYo+nxz7U4jzlHBXletQRlGPREDoZvq0CDMYonLmj2mzq1QdgZNXRwu+umviU0qU5GfeVceNkuLnyTv3FnkabuDRCfn9MvSUFxA2oE00UC+oCiciqAiHeOrsJUDx9BenEiaAeZH4RXrVqoM5+VAQs8dq2bIUxsbRXmginswhMnBWpmfE/hc+yhBtodTURsdub89eTFb1+Gb55AL+FlmC6uM/YeSlop6S2A6BCiU0hE00BPgmXyA==
701,田园莎,女,440111198606168047,rMusJO1v6DRA,jWpk}rvLx.OY{;A,Z0iZ5VMZj0mZ1ubJWoTYbVXAOXxDwvgsIWb/nN8QbJeWw/xhU8dGoUIIVfEl3ty2qW9uHfM6sz8Ydqy7G4u+9srL3FRd6Txc5gf0TgvWJYYD/sSb38pUnq+Y0DaMKgBaLwFRYm/h4ipeOceJ+plyzOOx1r5W3a8cPf2JzmoAge0oRPYq4HVknKo3Vdf1PzmnxkHEAsmI+krEfiI20BTnxXRU2OW91vG5oaRxbIUfmIEIuDZbvUIsttWbVi2AaA0czobS5pVe6Hr/NYVOwciPAXbjiECExPla+f1TyzCtZvz9okoVcmJ3eFsYqunEHND+0POpvPr8Uhr22gCServYJg==
702,韦苑薇,女,440111200602128128,afDmMU3Vit7A,VD4I[eDv:Z[w,bAFe2r2rqaVESyifo+JeJjOBQsNbCAVM1kHq3jTT8AqRMEpkhqmzCyZrD5LRoaBUcFnor9Dr1FX28uuoHJZZL5rkkZkWO/oyt7Nq9JgPiTT31TYqDTTlmTafsmZ4DrX5jucLLBz5PM3mcM4UzxAoXFAxHVp8y4vaziuNiW16gWXdra4iH0ixqtszSgygWLxh4dMRewn02ONK+H55F6XUjsKbqoldwqDE+T/T6co/onrkN1VVHhoVlhGe148hjC8w5prS6yega0Fr2OQkjiufRb4OXMkyRh8xapUlR1T8/WpGZravQxENZ/XGE130vPfxXatEzkLYhJqH3vKxpA5Buw==
703,梁璇萍,女,440111197603091588,wLJyGPZ1df6Z,C]sU[FZ&XHK&L(`u,NGKfM7cLNQ/RZ2nMT9v9bLRYpA4+JCMvtDdU3n2Qi3XNF8A+p0s7femqzBm+LrA64lUOITkTqimXLcV5f0FhpNpQnL09hBdhkT6TPgiuaw0Y3hN6tslWLE5Hc+0ZHz1JEDenbNqPPaI6GPMjCdqTOpcAouvzBfMEeK8zJw0ZX9SqzyGqUn59W/GPSLGENujafr+S2/oHtyE7hk4cdDcQtK0Igi5QgrC619JKa1BpJvB53iQg0KOC+AvEDmYHDhHf54v8j6L2kWsQ66eyWUoFCT6SiiQF1c/1vpJIzc7Cxceq/fjdx1WRseAhLgLrB0bbvYRpNC23akDR1YtWjxTfoA==
704,司光辉,男,440111198306231956,R0tJdsTxJGYh,}uJBP@fS(mz,AkKvQhjLePiBX6Q5jUtkPZUq5qP3RVERHXcdwEraFl6G6PfuOUjcIAJfFNWU42p1NiGWy2VbELm++/rQN/ufmJshYAr7ir6rDrtsg1nY/CprdoN/4EP5hCMBezQmO9XQkwqCYZSZkaKKZc2uM2uII/5Xu/EhYkHc6YDpxXZdSPLa+1inkY/PeBqyvFR3oxLlSWEKJLPlXe5sCBTqbqfVShiv2mQuvZUdWCe6ebDmebD1Of2r62eFjxLlvvs4pjdYf3od6ZjKVnv4Z6ve4VEdScayXr2HIZvPqeCcflSONrEoqJ2kHJ9V6lSZGocQUuZD5yULn5X0EHLDGUJOZRJQqg==
705,安静蕾美玲,女,440111199401102524,esLfok,CRlD^9Q`CrU2,PB8nyS9JFpPSds3WLcAqd0pdzqIOhOeV5TxLL5pv8T9h8lEkznpDA2g43qdEVUwQiorUebEIhpIU5yt83SRCEiOtx09h2c0jsvdrD7oaqZxVw/fGoIPlQ5LAaWfktAssoixJ1bVYyVQR1iTf7GyHflL8BtTa+xsAOUFl+FUfv8yZhX1MATzR28MzVc5kacyQsr8CWq+4LypEYA6ZKk0HvjagAY5UJdJyiRQySq4eHGpzH+CHwuZq/UHz2EfV0KraMB1hQ3vmRq/THyv/mVD7zv80nFXHI49qXxqTqKDcAPJnYjRa3VSE+hY5Qg0tzdQZkVNgd+4Q3KASHOu4pVqOng==
706,曾晨,男,440111198211115477,EfLzdsBtYZs,e~OzrRyTI%;gIjF|,bkVMTpgXJIX8bBNDW9n0L2lcRqKyhNC4vxKFSPybB8iUUvfIixiB3+HzQVX3gDQQlyVjoVyS0R3oFY9rUReqY8nB84a9dHwN7b2jmnEqVptAjqEmehi/rTgV/CLf3V7BPNTJm34MTxtjVuvf89CiqxmlLShEaPjq77SYgdv83MC6KhzZokEke7g7/BiPW8Bvtao/XWcQ/gPTmIVgh2oByYbW1NK4pFJreHuATA/RlgbUJqysmxHgCaA3GLbGOTdrbitFmupfZAHIazl0nahWRZiyc2rIzaNs0r9Ni0plbnvmKhqX6JfvzvICzNObWqphzRFEPYTZu9rGiseSz+OHLA==
707,洪德明,男,440111199610226638,dFK7ljj,PIGYP)<V*iQz,NI2a0+c+h9bm3IWOmibl0jc/sE/pfOowwm2zm8H2iM5wCuriR6Noz0oqeIoFNSy+8CqQ80J9osyMCgccb1Xlj12AtzOxh8dnzI+s/10eRz1vhz6dv4Se78xZoQwsuezR5o2SwObM4CTNpk/GUjMWY43ffvSkWl94wev7l3BKKo4rie00epEoy4wBDwoet9/tRYSiyZOWV9lgNTW/xz3KmiAHyvnNIurBOyC/89tOLIaXlw9DIY2bU4p0lZ4X0wAaxES4lurUaYKOyMLozPQ0tV+0Fa8P+8fnEY6oYx7WUxoNhzETT7o3wekfrFQ+5jCiJ/E7enn0CmwYX+8BPsZpGQ==
708,吴绍辉,男,440111200305046054,wjgOPxOCV,E=*0al~)J}i!yoR,R7rK96P2eAmYWdQ0PuaZ+ze1XaAf4b39Yj9AbHV0qfF+OI6VDhNqWbO8Ju3sZalU4pBA1yTBprMrTX4LXK1pr3FmaRXTg56Akr07T8B0c+hdXJcpMqltse0Rdl3PeATk094uxxJZBY1wDa59FRqT8R80LCsChHbfdio756PkdZbas1dahh/dhOgt5esx3imZ/1TLIn/8tgwycRpMl2ZQx1Mqtd5WBQyzMdd9R8wprJ7KScsM2wwyo0TYWzqeM4F/knvBTIPybwOICm2PLIeu9Y9hw3M2KC9a6WYIECwpHGkE3SxXjTXLl+ubElkhc6BFQ0ttaQ2rXkPShVSDe+sPtA==
709,庞雅静惠兰,女,440111197103173368,jzUFzlvgXnsV,?rU<B{`~U_{g,vawByBbC9aWCMaMecgu9speff3bQjwGVlhaHBJUb5hTrcQG2eDFr3jBdkZN5QgukzhYqeSbdxQ8EqxD425TV9F58GaoHyK6S5XOvTUXLHY9gtKQ6e+27Y6Nijpq9ZWQqR9R+hixFTAKLmhnAXhm4iCl1cYcr8mWybJnJxkt1NPc4rj6YeEa+rw9rUYyxk0ul14eUyhEsV4gU9E8SaNC/hsZuxuumq0cOBTCtI661Vfh4SJvQ/WXOdh/Q25knPtTCWH8iJAFokOwTOX1ZU0bM0v0u3kHoRYyUfk8L9ciMtRYurJGSCJ0YFx/+vPTZPB+Iyf8iolv4TRy7rna4fSvgSg==
710,董龙鑫,男,440111196607197959,CoxOjkLe,\$cOV[fi,5Yi0AFg9cMtB61jrdbq77A/SOXDgcOYzqVyT4RTa26Lny6duFbZGLXIv5F31yMvLKnYts+Zhj+lh70zQeecO9+i+QgnNO8IZkHlbP1mlTmi2Uy870Uc32JwBNduv6ZvdlwhPuGb3ys5rtsDpgCdGKD+Jg5rd201BC/nWtXO65qtKwF9BGd1Dd8VZL5/Znb/mKZH1WQ3W5IeP7ZAX1DlMJen182j72IiYEEGgz1zy/h7VKnsXho7B/yJKVL/T/5f4kasT2Mn9BNGLe9HZglkDMyUWPAPAihEZvdsbVd1dBcDgB/Lf7d83S6KHs79vK/KwERUokWFEsf6h1pF9okNYBg==
711,段紫萱若曦,女,440111198104094383,IqoZiC6R,OrS3X}8%,hIE8jITgabq2bfYyrb2WCNlegVCViJjWIW7IviJAiJSiFNZo+hssW1WyD5/7r9PA1YXXnusY3yBRMd3nJmeytx8z4mWdh5JSvg5IXEP08NuJIPh9uH9FehB+fFcyLMC6KAOQrCyfvqjDqPMGqIqnxQY5wzHzgrEFm9OHUgTmq2r2yIE2tglrNGUjGl6Wgxk+1nPrfYztXAHEJLG/InsSdnjxdfZ1toOWUOcSjTSBryzU+tta7GAb5OmfAS3+iRdzJzXayVwcezEsNDQPDjI498BZFXDgY8JthUj6oS3i3sAKvybT5NTGSoL89EAfTZvx9QAlmWr1NqUuf/JRi7VzHA==
712,马琳芳,女,440111200203142109,eC3P25Rv,ukJ2K@kxFj&Mos+-,flgL8DVHz/450QpF9BuhzWXFXVclO/JDcc4ll0YVvZtjztCSDCeodAJNZQQq3QUiEz+EEWz8atIOHSidZnx5NYKqYawWvhfV/jin8uCJiMhVkSabY4DboRuCtfdNSuZIX2HNGkfSuXpxMNVKpQaWCToc3G5CjHuKe/28VnfKLwz4kS2epDdIJU9QUPHC/hCaazmrcNsuYEOD5qhnzlh2vOBMj95SwCHThlAmR+4ExIuSJD8eg4492qy2VoBFoNSHgrkpinWXq6sn9OMBbmQbtCCC6vj5Ojx7KRtLm1aepipYjuSRMqhV10LRHUFPwQbAUQEThFZMp/yJRGM4s22DwA==
713,程雁琼,女,440111200607159644,jNSkVdeHxFy,Afd%gJ8/V_$ftNK5,sSsTh0udmwha698o2BYgDROHxbn9wrUhDX42/Kp3eB+1hEu27Sr+rIaLYgfgRuAzCyGx9Wc/s6A/XOEXXxAzcfHyJsPVVu6zV10lIsmw6dpE00TDad7Rc8OE7CHrPNo0JSnIzMMxnjqM1DgFK/sEPHbKgMGVJ8b/MC65G3owmfswB+4bLv/XUVjx04fSwV0fZhtkpx8cQskUwWcmKBsOVv/WBF8PQvzE6pzQhOuQApMma17C09QPdwZ1y3MJuj2ecXd9wj21vb0h5nwt5q0wgRHb57ETxemELeeHLrEQ36Xf/qUdCk+LACMXgXU1CMYr3IXY/Ldku5bw/HUduxWurw==
714,翟瑞,男,440111198301263318,gOXFHNPxVv,{-0ZWRi0{s-M83,TQiB643fXprTd8A/3RQwu4eOIBKiNWE9ssGicsRv12OfNk13UhjNIn3xDjcObQ91vq24t6qp2lX1g+Ujgo7P7I3sL1x0KXzq54mO4jLyomO4hVJwvngFS0vaTmfm422eRhdEHoPK22tzjRM63HbOLpvv4OkwJOJoZ2EhrWrcbiePJ+82BTz2Aq9WDzvpNyNuvV6/8lEiSVTyJjYcAM/LlNKgXXo813XSwUrOTLQSZ8o2upDH7lATT/cNachmnNjcYz2Ba9+sWc4oePKct3UM6iyaXS5Yb7C8zew4h2PsUblxa6bNQHP5uCNhI2m0ztBn5UOjt/M/bPDE9vFE/mJ8lw==
715,黎荷诗语,女,440111198701127809,gA4SE0yoGGD,[.P6{WB~w0$`8!?,JAHiYeuh7vr5rOdwkGXh/ZezoD9jADg50OACTvhXiyn8VsVA1lDB1olBEjAhCDJEN/CKocYJ0FMF7O/EHy+XKzm5hTlvKOW/q46ZMESBroHJjzVqw1k6DR17Eix3m4nwYCh3M5Sdd1EzR5Qb9siZBoct0m8LsbJaCsRsBU6/B7Mi0ikYLMm6egYu2IpkGJcSutARxtKRSlGZaCWWAJxvzEeH5Zjnz/Hz9IdzYx8Kssc1O8PaDAwgulEoPu7KF6z0fAZRCTc0WgdTzh9iKH7rnBUawDU1WZYad97finf1MQdlDQVx+jibEQg83amObf/tDYAZ+p63h16fb1SVtZWToA==
716,余雨涵若曦,女,440111198507151200,aXA6mVSq1XE,ChOo16b`l;,cXACQDSqEOoChi4pdnCq4P3nnor4m3BR5OdJnq2AyUTPFiN7OjjOdPgCHnuByGNXs3e+AiXzC5m5400JnxJVD76BuLTQZE5N5gBuuip7ZRZZb4E7zt+rob3wvjUjiC7S1cj7eSBWzsJARQbxd8PWlWN09ErYZjXaE9A1qe9Hf7ajpJsnp/aTF3rJjK5N8ktp5HbyccZNx2j/7GEV9ZFKyZ+sqZYXBOSV2JIm2tHRcPs4Svilq9DMx6bMAaXImz83fojVr2CKlFO8xF0DMMtZtSfIDPwY2NpoQEDwP5hUjQxs1iD+88JxPV7hJfbsAzjiZGYFX6Adx/gbtKAgKN7aYw==
717,唐锋,男,440111198909231410,g3L2FYtPw,/M#KZU~ArN$Nni{/,KANt7nnDkIynBmu+1GKkupLXv+lfBlXJat5BYbirFNzuIoGClggvIkD/lOgWEvXMVPIMiYCGvwK9WPy08E+uXlxi6ZfKyJutNi0HGo60w9xYGvw3FL/vEfaO+4wWd2t0IeZkakd0F5eTgn/wmJwJ5RIpHCX88G8c+eZkww/y+bXzLcUUubuN+n7KGOYzXy9AQQzbe+6Oh0TlQJUhCFdAOd25aK5PhhSSQ7AQCXcLE7xolcLHI7NtwyqsfJ2vzf0OOvA1rtHCSAgh5pSFugJBwDbtnTit9HVSB79WFoangaD7bfxjDNQK3Qbls9hYBqhCYDdzIpcdeEP5OdQsUlc1bg==
718,马娜,女,440111199411043724,0wr3Z4JgF1kl,PHDMt_l9|0,KWlEOjAV4fHIURRT1yx5ZdePwMPSuNq8IfOrF/cGPIEO0iLZY3NGnZVwLx1vUJAMClHK85xo5OmfUChr4RXuM9pi56XPwxsgCYCGtgya3PGMwLNcx6OCTAa3NuceOFMyEuGtsi/XW+2iYkTShS6FxZmUioH5QRgSexIEEXzoawI8NkTOZU5RfPhajuuRIh8rIoE2GgsY7Zr1HEhWuXK4LSC4y1zZnlJ70UgOJ3ukdTrpav25FF5iKWXek3lx5u+8fWREtj7s16RtHKcct5vw6cnEwGTW01DLpY5EPZUlb6/XV2Ad9kdlI2OEsb9RtL9pfPRWmEZnzdnCmYWsapNcUQ==
719,秦瑞雪霞,女,440111197310226020,aHJurjfVSNg,H8wOK4F+a&8l6,la7Qxwtv9sQmKl7j4b3iQl5ejkXvZCQD0ncZcvhfM7XS4RtwHGRxJUScnV5UC1qQo8oe/TWGHORhDoE9oqacf+gmODTVSYhxo2zNmbcbVjkVxQUrDGGbW3+Qkm3XEagVtw5ffF/hhisqsVnY0gXfN6JdtIo/qGqjO9OIOEM1ZAS6BGglkNzQaTBgXfEWXCjxPkCSPmnv+ykmsPFbJAQ0W2Wq/bDt+PeEA4DxPUm9/7V7WxXlEgLMgDWDxJ3IsUsDWeOzhlB8fl4JwuaQX6nDNF/M0n8MfZA/WnpfY13Q50c3GZjL7UIwc630gryWjsLOfGaZ08yvmfaGGWXjpahrwA==
720,莫彦博,男,440111198501049551,drAXfhX,pnnFvMWXdzC3<,UE/kinFHJjMZTDEfVa8hh20rwqLi8o7GDVQypDFmKcYJl92zJxf4cK1QB8igzuFLDvbAiY5EX0mbl8bfXUDP72wwIli3vZq8LFhpeMbaCQjzzHxUbSg6GYVXYRc1dUBa3yh+EaYMygNQt69M/9aJlWU8guh6E4WaUpOabD22HZs2uMXUqDW8+9fcK1J6VbkJNF3A4+tQIAPqSzzxN/kcFaNzBcJP5HU6/a4AzgIMOW9sRnbYaOuMkMUJ8xtDjA8xgSmJfqtKEfsObfF/E0IwoSVvtFlhKRP9/gjNiyXzeVTpQjpptF+CLuUepl01iKDmvTYxYjxCQCO7Q0EAz40qDA==
721,雷书瑶,女,440111198411138083,yfbZh2sL,A%}21*Z+^,Z+PUXPD5fWRiKdtiTqUwkj8HYU8dc/pJkrvhpS7OF51KzfipjQonQ0sM6MLYtsR5IAjmCDJ4pnCKSqAWSu1plIvO5Pnqce9b/RuzYFWyKeExqNiOp7OOxk/QV/ycYPlZLvpReQyIEqilFecGoaf4/qU9e8KfJqmEqL9bxwPOTx9MLpTpRcunH8QA3AFEGKQJrEllGE9expLmgqu+aHOUakxZFIxuhZAZkvOO2ulgUCWZ5zqPJK6i552y9gl85kCq+7fJkOuBfJidiNfGm7JapAlq3ge8Fc2/ANv2S2aXBafbniEtb8aSSXxRajPLmM6H9IziwF3qjuJALV1GX2GTiQ==
722,管鑫磊,男,440111198604042934,XMM5Ucg,>w50DtEmP`$82,Eu+iDVjszpkuw9Bw1IBq2VmOoBb02dhmBGRBlRWd3LVsxTQ9O1nkICBveGt8ce4R1+2cdKj7KA1cjHn20jozWd80syLyc+oFQ06peoz6UNKLq6E4JvR3XgdUzcRjvBaH6PFvg5qDVgvaQ9pCQp0hF2BrTrTym7mvpw7810sGug1EWpAPt8tjGgaO1lfDlu3mZkQEivuvMlpMU5UK6zPE8PnluMCB8pmDe6Zv93HDkphuHm9TaB3VdcWQweoxiTiyWu5UC9tHF3WFn/MOc0yiRxjlFIpZTglRcbjeGmOzQHsmN+1Rg/BC73R8EnZmCcWGpXWrxveLd4tuNY5EOVtO0A==
723,邓银超,男,440111198105289617,Zjn8AqaYkhK,9~tU>k/wQ|.}>4f,An/6V9bIz/15svrbB+oHP7nJ0/XFzYSbjDqI7/Dmi2bE5rdnTukxib699gjZufwtwqkB7PheqnVrF8LwF0zSuJ7fO5vGE6YAbIId3rnQEnsrAXKlXq/w/RQyl/sTVFvBMNtE+f0/kZovdYuuBzUH/YLmCEd/1qekEPmcQffK6T/Z4RkVD+4TYGNQhwq1Kk6PKSowxB4mr6RiE6rzHVxOtfQHNr0XdbnIwQaWvLJ8FhCryUpGKpGm/SFUwGIwbrEF0lV2nr2wSZPwPWy1vLEzoWyrzbyZO7aYjbWm/BgmSD74OHIQz9BUI/6EETLutSFKokqW1hTvsQx5Q68bWSCJNg==
724,潘晓峰,男,44011120060908835X,USp5Mr,xnissyj@>,RRK8+aKsFMaRkulGX5NkOFMhCempJRd0cVNtFXMPeAR9K0DDWvwHIwVKISPjAqXiVlPbhyfvd/7Im3jWzwx1+3R/MGADs4tLMw957IGvZY/VbNTlePyN+1jSv9jXSzeevpE5OaqEgrbwa4A7Mf4MdKCevdnydDqcxaC8Y7wp791ujZGLGSAm2TfgfH4R04lerLOYtndP0f6T78mPSDlISjCXt/zw0mmtJRViG7ahs/iPB477/GD21SN7VV1E2hZBD2xwaiCNt2dRRHSFR4Oa2yYoa98/oREW2Kf3DfxHCyPp6Kb8GUbU8Oz6SRM8p22sWux3FVsVSbMGQIRqAhwucg==
725,房雅琳贝儿,女,44011119860127246X,satOk57aFb,0<?5Z9VycE?A1A32,XFADUMk0+FH9DBKTFkv9W4z55jXo41+vtuBsiOKkhl0A2n00hqARLvX9xkuGqtneuLTzULXx7bWYzD10WP4Rne+UDPh2XlbQvVfqLKWMqb0IZ2zkzABFGlcSZMYL5uV9v7eexxi8Exl1DUsRgFOegkcUDxFFWM27mBIjlgmv/TncUpHKTsvwludHNkhoe1IjXFB9gQuF5jL5PTuRIJ7rwTpQrWZN3qi7a92GaN36mWilGaQiqeevZxlGXcnO3PwQffOGUG8TYQnbVHPF1/ZIgLyj4cMAL0Uq4XAHtZB1yKBeRuozblLUxf7JTDgaNPZkv/SpT9tEsuL81wwtZkKXnQ==
726,鲁梅兰,女,44011119670627864X,kRFtrp4f4,C.=y100:X!it,nGh8iO8Ek4Hm9SG/WHF0O2kZ/k/PEC3Dv3Bc80NW2wElDgiGTBzTctNFWZeXj/ex+yvalqxB1pH7qKFNg3Hi7jx5zwv7ZUC5MphUK5EoRx4F9CsTWe9a/7lqbEUFrCtnjShmS6TjtYDJonFCbagO5bfQ4aSZwxtF6VsB7mrXC45in0n/9pJynO69XY01XyQFQPWkFDxhg4lElQfK2DbyuulE/+58oiUIL/0TXxI5tK6hzbk0api6mcn2o9uqdkWZqDFEAh+2KI/Xfc3CcHqE+cmwY3FyhEZ9AtcdUIRyH5Wp8Legg/HzgHLUKVZsxsLNCKZDm8ZQjU/WAVDaA+nGOg==
727,雷娇,女,440111200112054365,BKbUXJdlkgzr,TI0;HpFg41,IFy9UUq6tFhux+xllMcZ+Vb3D/it9xiDLCrfgP6bPKLU8TbBrI4POtmTfZzMCsqrnLvKHEyoxYoHAsSVartmh6RULlsOXiBfGdYJtDMr29fPpwvuN5KJhShscTMACFnTeP2mbmmy8GAq8t3g2W/fGxZenTjCBp/a+c7RUayrqUnzxwcld9Tq0YyvJMBjSqst/KJNFpYpeOSr0WSEXmpoJKjdknRzUQ1snXidPgg7/RbGWqb3LvFV9IgsryQF3i2I7XeurXvcpYAMlF/Cq9AFdQRxalPYnsxV816GFKp7xyIS3zznHMNQz/+yX+ksDcQ6FitcoXRiIUbKUj+RGRauQw==
728,秦振华,男,440111197807317454,axJV3MI,(b%QkN<aYOb,f40qCQMFeeihym0DIsSZiaBb+GhQ0yT9EAf2ZvJ3yrflAKZ1PnR/o8u4hnpQ9In4QziOVLsrtE49eyaniC7ONBhdqWH0aVab2oDb/+hKiuGfhhUh0k6dnAjVABi5IiLEjw4lFfz8jrclC4Uxj8aNsGmcyqyu5eYemk7CPlc2ZxyqgtNdkz7ynjBGCPVqEBT4UbVwUE1E6ecaMuspm+4fSFeJDxyLx6zlE8/j9stUgNPS2Izt87K+xcpoDtzk1hAAkwU2iw1Oy/2pzcvW6vpTaLAUgQ31AD2gL6l2EZPsgyWTmeTUzXNrwAdPbqXd0xX65qhjdlRw+aalTFGInHILdw==
729,付韵瑗,女,440111198309281182,wiodZuxo,:YXI+:0d!W#5,Jw+FH8bd8VeyEkUliTab6QpFnJ8xKwzMuKqGTu1r2TTZ/HrqbSg5hZutljEC3aZ7IFlAa/EUqQ3ON5ZsL30wudzTJtexC6OUIYemndVCavqLqmxuKN0N3mR5rE51aX+gJNxwCKv+3sAyODo6Qe7/2GJ3jDpqWOmKfKl10TJ57XI1QnUluWoOsVVcRZhGY6O2W1D9Y565r+iNCIY+oTSKQ9dHaxiu114Mvp7dn37Y+lPA7Ohr0qURTmfO2aio/HnFR73d7ZFTR39L0jo41fi/Tv+8QVCraeDhNKt89CzJBoJagFYslCzSWr9eO3zM0l+irnrylf5RK2a+lJhCF0Ja4Q==
730,廖元嘉,男,440111200206187679,dpEFn7olIsGf,n]~NnC8_O(q2m,Mo3AXqhTVy/XgSEsRNVCJnkrjceC9yt6yzjs29T7mbYrvBQJlkvkFVsJerhJ5mlSye/+nBIggC6w6PJFHMIK/Od+VK/BoqN/OUOi8Ue2+beCECvJOsVaSIxj4RTXWctzVH64N/BGgNbLrwij2pGfu2ZtKj3mY1C7kbLkxUY/QA4ygTgpC1BwW8CNCpBgudMh7EKy2VTpNTSqgx4fbxrN03pwwsR5NtMN/jAnkeKWIbdRUkkWlKzeLJbR9D+5fRe3RP37wSwOMHFOzMHbE+uxPFyPg/ilmblYoM+F23B40OjHPnD4Xjc+4UQaMOjVf4+wVkvbyjHoD1A6RH/XNff5fw==
731,向子轩,男,440111197005267635,WnqCXz,7vW;c3N6F9;GhncL,ZBMqMSzv7QBgjxykxr/KRz9nGZiQmdC0XWXQoxS4oFsskpcToWN8xrBFUCgnLgEZxNjreUbfGnF7RtrGYKPDrpwjYmXZ3Buw4UQcHZXm3UHrBuloN88QN4FTslgbp2sUVp4lv9ocAwJrHdP0IoisVav02AZ+/SFGKi1SrRHOvtodaocVy+B4dU9LC9DajgW4KLjicin6aAGxcgAfbmezGi0tQPod5mQEhoNiMe/X0hRY3BXdLjXVu1UiRtmK31WtSjWgFkZ2mMyHjUNSbuTiONy2obo18sgHEAY08k/FynGtvjPbFeryUg5ZlewrDxzRS/C4zdSr6NWPu++ZOeQ45A==
732,翟月婵,女,440111198507076884,ieSMDy1E6,9Dj?zJ1pJph(Z,v/OazBH/jzpiwd2W5RM1540nh+aHuvckQpU5oXsE2sQcdV0Akvqmf/AUsvyQV213fF1QztI2EirjdeehN3FDSHEjsXCC74reNl7y+SP5WH7kKSUhG+7cRvLDgFB0G0lHSgRR9jP7KyZssPKkvmzWaYiA++I0zesWhuwI8zbYjYFHAH27QXrv6e7UZu51mxYFIZC0Epasagz0kh8Rwj03UG9LVoMfx+5Dgf1+jRqWpKyuVVH5MsL3Lh5a+9PoRpcR7nD8nGZ4eLFslKxS9M8ANWSRGOizlq76qIAckWSYmebLC/4qyqMbkmw7umEpoRl7kxP9WeoogP0Gx0BvpJTwzQ==
733,薛惠兰,女,440111198303141285,YL89X3eWv,Uiqq@}phu@,giEqSIhgRutHwUYRvvW9S+qMBNKsapm4tNZ2csBte6/f1YACYz6lhTuKeXbefmyD0hlG2aT2wbhAevayNBMjRZ6+Vya9KGSM2a9rCq33gOUqWFs1KdAx3Tb4wLibIuGOQ0zEKp43Ah4WQ31ia3Aej7o97r0SGZWRvCxRlb7G/iYmWscnpFh4de6B0aI+vXY0FPrcu0tERsWTJf4wlXXIvhXHesAX6R+Gc1mQq00O7ImOtdHf5zbWIPkWpY2gs0NKr0NgfL4V5KlIptEEfWm+b96CHAgwOsknb1QTcYCSR0zQ1kXYJ9id44a3ZtSqVHeHef9MGel9X3HlPCrcump0hA==
734,伍安,男,440111199511091897,cM1jsG,N4ob@Q\(dW}L{c9g,NHzIm6hGncH8wnxWiPH2QP9MgxpFnJDDXeRh/ASpjC8zq50g0C+lj+ul4qk/WZisR0U7wFjibRbNHJWl1F7cGifXY7bIE9rPBnqN4i4mMkXQvUV9pl63jUoWkD7ALq5zAO9LMFDbk9C/4yC0La+mRQ10d8FFLuOBhXAsVH0YNyCT9rzBhhTtfv8Wvb58+lmkFlADuElS0yibaEtHcq3u8/c39L5OTF3ct1XFzHnEiIaDTlD1jOAtWNpN97VHZdg2C7Te3/P4+av0EtUuCuQKxI1xAofLunMj1toXGkMAX9ETxQ+8NxdnA65YHzOfmVJOul6Z38EuDV8G/usVDPozrQ==
735,汤雪,女,440111199812081983,VsZR1n,.8g%8lj5u_0L#LA,jTojX47fG/aiBg7np1xpUJmNvh6qBIxfAYYiWKpC6Ui1QCX73+GHwLyrYgLGFvHfj+z5n4rbgFEC7ibylbt2tiq6aAKD9JcgcDNAKdN4lKFTOXtQRI6ljMbhZNONrASD0DNKudSDc7VeNw5daeZf4FRtzZJtOV/mK2utcnnrGYTbPGbV1gNcFzQqCiTAvlNaSuzX0h9KegsFIVALjBEvpkoEt3eq6lVJh8veheL3/IbN/Vmu3I0O1rXxZsSwFoE/xvEzscbyGm1djHhuzQh1VQ+z5OYIAirDW2bvMe5BvT0BeL8ofGXiHj6C91XsyB4XL+KUBcDRYToAVFvhosT9aw==
736,伍飞宇,男,440111198105171897,DYqoSZ7pMh,@[oLw<LS?,m8KocAm8lRuW5jqR0+2Luqw1fKL49nsu0dM7AgDteKgK+muiMv65/XxjnOQrZgXi7zDYSEXJ7PtIzyhX4EfqJTHE0LdgP610rRo/GtVnk81OpK1vJLO8IDZ3R+26lGwpBYCjoPdnCwgyUd6LvwPMuLpGbad2gsg0FrhrzSiecubj8g1KKJ/y1Obfq6f6kBjTBlKUbDOYu+Lp9PnaqwDxhfid7nViAwWMrl5CmoNEpsIjXXCQkji9HMoZbVaUvIzvxlhNXkcmdiha/K7lGNFQ/qzPzvbAkGE2miN41tFkWt5+cXGvEEDd2NwzKDMkReQhwH7m2yk6TPGNkQBprHZdkw==
737,屈茂林承志,男,440111197803067654,SUGB5w,$Areq5ap^-yZz8,XEY8YNTFLEQTLegAmEZS1HSUV1glEAYgsSTFrBPl7Vylc4YhGQK639rwUuWRXWDCnKJ2nOhxZDjcWVoyDOcyCNm67sphlmDAsaFtUydjzO/K3tBZpl7uAwECQAwOX2pr5hgbkBM7nFhXKbqo7TACFhmudLs9RQwCbi0yzLd4dmWZldLJvJSnRL2MAk3Ap6FlWrY4Z+gWaIwrPQcnut2JR6ZbCeX36V70va5u5um1qv9LUAuuBXf6F8uzoJzjoLHWgIEEIYLzDlvq7oBCxniLijLCbUQe+MTy07xpAwLAgr3+HHEBfFI/R4vDPLHaeTNeThJK2/a1R/0kpn/Zt9OIcA==
738,戴纨璇,女,440111197307029907,XiFJFF,8$J8e${osC=%,ZK20EIepWkPxGn7u+AMOOrk2+zd3igYf2eBduhEc9O7HgeKegloYL+xsKVAuB00gcjARTlgYGF9/PccDwOfZv3FrKYLIDFhYQGVh5qJ8XVGYCVX9GRDNP06T8dbGsGqwy/Xas7+VYfXRMnMdT6tBXqa7Ue0k5uwYrTPBzqVgkIqihhnd6RsG4K2je7pHj8WbDwzPk64+Iviyod7JeENfpKpnDuJ93+gw5zlI3xDy5XQO/Mmm/LGBHLrhAegAhH1bt4vBfD0tmBf3VTNG6VL2Y53LJnJLT+NabxnbPnhiK+3QfqBHvDbfieI+G9RN0zxvZgyPaRXkzA/zInm9M3ERFw==
739,田佳慧,女,440111196604145627,BVU4QRmX,TTEQ+BJI4;Nh+BB~,UrvgLM8KjqlHpx2tZMyAfNDq23/if+5vpLUDFapdspsZ3gNX/Rla1QYo7KChDqdDns3ZZalPIJuusV3dOPQJiGe681IvxeBngcJh9fdcHQ0T055QfxUVzxvLGWc0v2MJcErC2ZfS00ZISeys7AcXiY583V5gM3oQJx/JdxvhKZoEWC7ppMGkK/3VBB4MFZCX8vHCCoUYcv3C32u09UXLCk0NGOikuHTBjpmmVEVxkVkRyCIakr/Uw6jfn3o4tesUPUkR13wiVUh0Aq9laaRqKRcSKRWPuoNnLJ46xsPf5FGwsscM1AKoe7mSqes4XXEBCPQgBEl0vCRCDpqXpHUGTQ==
740,梁荣轩强,男,440111197905038731,iYm50ylxDfj,8{idMtMwyit,xzOEKYGhE9ywwjeNQA+n8vo/5zSCF3HEQkTomVC4yDZLRefe4XFCxRDN1iFW6vOy8pFuVykzltZkuJ5BvIsIAxMtb97r1/ANV08sFrOOMoi65Eqo/VSdnxKGa+Bu3vi/QrKox/lY5C+jxUf3w13xPpHOf7iT8x1JsMMcntcTS6V6gTiYZuxL+68tgKqHTFNin8j+33K1yLa/LgzJxkKN6ZC8tgiWCXmXuHkDoGb93VA4sCUcqNZXdEp86DtBMHZJUSJ28tV4wYtLSV+4+N7TmSc79q7cI69cNwTRlgpPTFaaedstY6idhJJ74LN4C212onLv/WZG0CLPKfAQMb/LrA==
741,牟蕊,女,440111198806125906,mZ57b4aImTGm,p27ABfU[-,igiZgx7Ku9jh4cTX9s5ghVbETNE5MX8c+k/EV9yUfhciOs5vYyw7+VF2jrp63P3s2xN2Bk80rvrDYV18qW741DhIIrBHs3ZiAkE210aYkLHyIPXtQ/2ussaEAMclSnVaGtle5HkCxbcv7zR3poTjfw4yF+LZFtes6FfY/9B9z4TaiNADXN09UqGlsHRWiGc2mab6FJcpk5QSqCrOWS6p95lXKA5iu2YKtWFv/T4Qw5JwSfuQ6gOc6c0darDHPtZjSoF5SsgfpGKamb01N1L0/oxk5pwwRju1UGJm4pB9SOq00uYldo6wDbRHn6nnMP820vwy1zufY8+/SmT84CWNbA==
742,冯涛,男,440111200510172738,tg3riqg3,BI)ZAQT|@UG,ZPFeiRLqQrceX2lBIVLGFdutEJSlZAamOwNf9miqUuYa+mIRf49hfVrWNkyal+79n53o6u3YHJRBR/4JubZ2ofspbEuu5d9yaYPSHp8TwAVLcTS7odmb/RhulcvHE7NFtVlVEhwcqAczsaX9dCAurMmawkrhLcFys/D/T6NJn2ta3+9tPJrFbfFxo6VcjWa8yfiMsMP8du1HfF6Z4cXHCCor5H4V6meNK39VpdVd4Y3t5M4wJGu3i0ACtrDb4H97m0rOR43SPOHxDzi5O1kXBC49XkjPdAzNxjHbt1xEByIfI4BffTODDQ9QvmmzweIJoMtI5VzbjOlaBapqoYQCHA==
743,莫胜峰,男,440111198508176617,kRxxd8v,1+#-?d<NC<3?QiS,ToGvHPfilb4jvJ+5dB/kFYQb8h22Gjg+McGN2Hsi2tdYzcRfadSfXig/G+Paaa+FwP1H4HP9OMM/iPRcfP/EcMC6JBElKgI5SfHx/7OSBKzqAJcO+VLL13r90I1gS32OhISkti3IJ45mjpGjkS0kkd7qW0+Y/jb7c2Dg3bC4weRrxyVSWLgJS1PATSiVGQrZgZdk+4v/SpXpKo2R/2YUgYmmVMJ3ezkTTjlLaltuf5uXt3viF9uJtbpPCLs7rhPPyqnkWUoL+dOjF7tnxXDCqz4o3cQmLSxlg7xxs6Pm4Ljj3BsczeOrS9M/IwAdDoRT6ngCnGfVDR8zVGtav1tdiA==
744,蔡锋展鹏,男,440111196908047110,QjHSla,=i%d4+8=w^6-!E!,L2kKxfLeVftVtQi8E9ELxb4GHc8Ab4qang0tk2mksl9XopJkFlCQXcpPPvfwD156qSu+AZH8KRx8KJgCv7z5WAkhxpNpA70ZhC6xz3LxLMUIp7hnw67+zwQye94zvKpcBajXADyVIShgtok7WQ7uwrqa5+sjf2VZzqjxvu5WJUl/AoMl7W+i1rtlvDyJKSSLGdf//N+eYt73IAn/EVJigkYbMOqfTlnk438f2/5fuHCSjZNR8aehi6Pi/+9h7omSIqXlIS+M7OAkXsrV+XRbCAbvsvN+XaUaHd/9avHeAG1h0nRlVoqj5AMcU2M8slCeKxc4ld2xAEG4QK0ShjlJNA==
745,施正阳,男,440111199008091494,Gc9o1ccpHw9S,7Mb4_>hb=T,cFbRLtCjbYdIFdcb2N7VhEWgzSUO2la4DfZweRUrwfThVbiRJ0fC1qoYyDoPQZascd8NkdDpNBIUK1TWJEzLkDWSxyXACSTTvSdsnlxLftw0ihyjnsQlb3KTSLEpLqZtPepgwspJeHpWej/A01dzUTiB/8At4gzCSwAPO7TZokj/wM3DIAcPBUaqOrq0M9ucziI/2Xr/OFV6Sv4Fpg4Ck/5Q92P82Dtp8a2gTdbc0MU/vYPWwm8O/cunRUj2XzDBBUjshvPXDmpAN5ou75fvkzdsXPJLOCdlyhKWKpu0AAV3Tq9m7E38HndXFb1MHVZ9E4YZDu349pSPgeuH2YnX1A==
746,解蕊晓彤,女,440111199107033206,br98UCmsQZ,|17Tep7eQs,TQxx0DjcZx6RpXtNDdpSZU1XcpljltOURBrXEASb2MYwP2kFLWbEp6RxAl4zQ9XJ1qsBL/vkmBEvARPVA3EuGjRHgL4vBYohbXYd/dACcRRSAdlasWwtf7AzQRuZmK+FhYJwNN82ZsnPsyOr6wGv+LCxEBnFsFJUozXvSB/2S9YBLxcicyeBkxCEA9wS8jY9Zm4FvYUcVrlnO7FVg0jrz0IP2QsWiU3HhxML1dnp8rCt5Kes72nQmV6THc/fCAxLXSEEQJtDGIXNHfHP7O8UJQEKLJUOCCeWI+Hvcp0XaIcMiwNyd0FC2kPaa6NtwQXmsZgfhfMza8s86d1jVtiNvA==
747,范金国强,男,440111198818180677,S1zoGM9BTVPh,wI{qU6sRp~,Cy71YNaZzHwPv/FPPYIYVBG1FJAno1oAYFQej576mGvbC5+sZnq9ZaHLO6yf0wg6VByV7PnghVr+DIpjdU1B5bI0r1udp+zENyVW94gJvCHK6yGJq6+fGpCqtqplQ+JOzftkD0bYpDqyCsKqIdvgvmmKtJTEkDLAyDKLdI4dTSoQq6o3Xs8EmgOq7y1WWNt5nOwFW2bzf0vkUk7Eddk5Xmj9eu2W9JxkGCYvzUQogc3xmoxCh9BlpJFgbJpBK2joYTXEkpyq2ZSdgbZrrwYXeqkCYYObxhld6owiGzqu+54dMGY096TrN0eGjzIywIXy5wsM2uhYn7CzA6thakdrIw==
748,牟梦怡,女,440111196903299407,XQrkNfhzM,fGA2PqV(OnW-2g\0,fsy92UUNzf2czmuHVcBD8FxIfK4zNWRD2C69ZXj8BnunVWbCUzk57XMxkIVAHiexROYyH/6dNvhXMDqC2aUF61U8z2THcn/o5nIX2onOV3XT0Wa4O+GAhIeO1CnlRS/g2zFBWHKjzDFAbfIvok6tzkYCdgSuW7zdoD+7VuYadcNY1BQ0bvb5e6IHAG0TOLTtMkwhjQT2JTcNGPYB4xXzAbi7Qn5GLNfCetZGj1vpnBxOyQDBe/4tPuphTi1h325JOpiE6iTeU6zslpI/bQFDvRjuItyswQBSUadexRr0KGkYIvxNDGqRogLmUrVC1cCm/L89txqFrSpOFzbueNtjfw==
749,司飞,男,440111200610157674,eTaKfzVayrm,C1K^!}2zpQ,M2v3z2UuzxpUM/lVw4Sfxxg33aK+d0L0NBhdYfzg0rndegujaX0LI8VUT3vCl2Nl0zWwnC7jv4m+I2+An04TRdPoQDenR22aD/+lzoBukxLrhIp+xfrTH/rLmEjQ0zM73XSRaC+HRH/jEQgKIyE4EiDPY6QAVv6b75FC3N4dy2IHBu94i6w6639/XbxA1F2J/FqjLGx3WXvpl3Pn2nkKrR6LVGRwz0qNacYTMRmmRxkjq+Ry2wZ8qHzD1QOeEFbu8tS8XQ7xR9dksssJMVBEPbj6xAN07V6pR9H3FLS6B1OviY0kmOTJHp0u11RD4m78WKg2M+aWPUIKmxE/xrQOhQ==
750,魏泰和宏伟,男,440111196904086171,OFq26ToA,c?W7+1uwWK,EM+3gdqMjgOc45TRNv6Jk1DrUmj3pU6kiqioJGJpEeL+tdyURKrGXC1KQDia5mV+VPkGqLwuLH7oBim4W5MQAaSG6FED0/feTim1V4PYpQ7XPaecVqNB1FnO6aVcbQAtS8hWyIYlob5P+K6AyOO4ZRWbPk+TO6w8QKkOTAj9TOzF3E5HEhyON8EoleUGau5wyk8zRWJIHwdXnRzG0Nh+DYeaTmsng8ELO2+05s/AahDzNzODZe/qYXXGMYqUIJoK0UvK/T9b6T+z7UNdQsPsnmD0l2Uldhu8yxplnriA/kBX8B0/kt34QAWJNwYef/WD1GW/vQ/lBGH57BrBd3vqxA==
751,覃军,男,440111200306064238,TbCuG6eUR0,)$]YuBO7a,tma4s9J+3HStyUQr7qWV1aJcPynL2ryYu6GPpQrQ44iNxY89dJ3Dur1n56Zo6SnEkBGOX0TCXhc/rmGmzn0UOimo/VjB1tUvnZBBTNNxKNnfCyyg2hKFT2szoCmYKiZAqnV/CV30n9rQLhgau9QwmmkG2Fp3dKOggWxx8P6VgSVGPIAlVwYL8RLrP+26xpMlBljXdgVbsoXVJGpgtAny3+OAjT1G7jB4Vez186MV5GGMLfRIH92UXHkP/QoQtwGV4C0JAU++sMf/SDBilH3YnhWWfD0wte1hKLUiqNNBT6T60EEkx4KtFXLXJsXPzpzc3qWOZVqGXtBLUIyiJ7/2Nw==
752,田静蕾,女,440111199307228200,e5BPtlag,KW4rd-U_r!4,x2SBCa5VMUESdC9X/tDqtBOzvcRcCgjhgaIKpxy0r/AN2VBhC3iOMq5e3RxZwHllY1mKQAp0na3RJx9FJzZic9Ar9Ipxt/46AGMzISRgLQZUxXSkr3v9jAPEciGuBs/imNYgUIVZlVMTokanLcCutPQyAkAbpFpIZkf/S8EAsSGyXsaYgRzFlGiQQYkHLU1TOGyU9LxKEb9fIHk1ooHKhUetTBeFNf+DmYoAYyaQ9Bujt8RRpSgbgZxZKHnUfw9tcJ5prSPR++Ra8y+ycHQl84zVJ9T/SMMRzDLgShgBd70b6cxWfOX5680l7NHjjS9/mV0ls+wDkGMj+12CQEvr5g==
753,庄爽菁,女,440111198606011904,bW5g4d,[Ps&t{ioM[?I,ODchgsg6qQoWjr24tJYj6+aRmhPhr40N8feDiV3PC2bZRbsqRJbSf2TM6RXpW7rdnSawNOWTSCwcKsEogDvxPU5Wp9y9U14EjA3kQuL6McNMAxCp3NhEQFh0am5q6LXxaF7UDEIANYAGNhzkMkkM265dqjruxw035wNysQ5CgmfI217I8StwOl4Ek+qG7Mh0m6XzhiZ4OTydCO+gvnRzJBLlWBC6PqxMcaS/2++ln75RzgXkUssd7ZJJlB54oybcbADsNE7NJPPTK2QNHUe0pVupKd078cJva3Tj3kZsqclSMkERr/yIboFAmOHZv7fKoGaaPJgpLzKF4ubyt2oIww==
754,时鸿飞立军,男,440111199405103591,HHRmbvj7U7,l>&!J-2YO@bIqr,qNuN04miV++Ngg7TLBKZjiYMHLkXyC/PtA5Cvchpz5Zd8IMPXLL4FXtBT3ZEE/Gz/FKDfMf5FafFINy3alg+1+Zd/BWnOdtp4wEOKmKxNJZoUtqdyR1OBwbMUGLKVvl0mTx41QaAtLNVIwkYihHUs9BZxOGRpyVA5fOoqZgHIXRszMyTsl9o9Ym5uz44x6276Y3RB/Rt2zgfCaRCnLXy7w5KgyeZFSqKtv7PUxT3i63vQQFuBvQsXNXzj6J3V6t0Jhxw0KtNhOjhGYFbOS45jjYFA90mKmbv80Yd4FSwZD9Pa8Xpfh/oZlRcyxUPaM7PsFPpklicxtXczGPyFfqZiA==
755,覃舒雅,女,44011119900703624X,MHXq76egRG3,?xUk}6i;nYF,Lxji+qK4ia2jVoAUupHxnZ3j1hkfGFkjus+uOiXeSG81rP9b01O32R8V5MkM3IQdtyRtc3W1gUDCWiisdLqUlMdGbb0dT0BNPeExE1LogrNi58WIouHAWz0mqV/Iw0nwjHW1vK+Xe+AyOuSTcCmXOb4jLVhB/i7GfIF+ZosJuUBqTVNoAq/iFOK7n7qDpwJyXFEEZF6grpOIcQ+4NhM3g9SWTR1sPqbAJlkGtEAA36w0+eS6ptPjdnQ3s+HG2sbZbcts4kSLQSIF7HIbL9ehVsUMJ8qMrwVfpdHTSGc+xn+KbdAjQL7Bn4JvStf9vXjPkmoT8kXEP8TrzuKVIbRcaw==
756,鲍菲慧敏,女,440111200003260602,S1GKxTJT0C,q`+K&Bk(T|-=,z96FXacsuoKb2mIdefsr1BjHoAkODReuYWX8PD6mBwBhcdP+RYbl5+ObmOmXglzVH/wcJsnPBYjTnhkSzb5zAQaH8wuSXC1DwxB9PX1HAYftMRX1/S+TowYo4pKnHkaOWpOOuDHQJjtW4z8KlgReFAHUx3AnsE3yeKyqgY5RKKxcISBWDMLUdn2UFZsm4zR90W8AR6MdzFh70IUyoa0szkazoDVcXj01U6D/RLIP7uMBYNr/0hm1UPxzRqI8qut++/kKrpJO9rRF/DrNxOtAUQkuIhBRSeje99Ii8hRFrsh88rrc231T1sjvHRXe4u27Qa540lIQaHKZ0KPNy58ubQ==
757,白温茂,男,440111199907141416,tN#NGr7Onl,nLAd.Y0`MA/x<,lUOiUccG0fo79jSgyeDwTlNl+7iusumR7YPivWesDVtfQHV7WjAQCwQZPaW8ZrBPONo56EkVHI0KGNEdK2tw8KNPCzQftwiWn0qRTcn3Kagh/mF9rxE85SIemDWJiQTF/ZCfNh/gbZmZhjJdaQcCGM1evDDBp/G2ZVpQ6FIiGoo5Nwi+uk21+5lmAVvbDe5Vp46hgrEJJeAX4YkyGQOXFMtAxCjIw8mbcYNqi66oPPv+YyHJEkcVuFMJgzFcED9GzxDGvxOnq4CiV7+Pg0DKDXIEUhnVqDJCsiEcqQhiTEIZKZ5QKfK0oQCOJ7xRnGowjMvHOFyWU4DMNyaRsvqV2g==
758,朱磊达,男,440111196911037618,Ie4JEpNg,@d>;._2=D+}V[j-,Px9iOHEH3GQlFyjL44j9LrGUxtYFQiVg3qqF+Svce8IT3LPkfnpDlSSuRt2XnKSyv3m135udrf7n+cAIkRbVRMtH3WunIaWG8CQ1kLeYtVDsCZVhntr5rwmBMEq8LKUKlQEjwID5XLbobW633Q8UcwV1oAMzCcYaTVT/guSEAWjEy71DrfjnX2qXC78pZgjQLN4jsjtk9VO/e4HjqJDlhtr4IFA0j6MOjwuacxtv1eUN8646mMsOCO0PwrJFGUN+Mh3KL03noPNVkETgP4Ue71ds473+kPcPNY8zzY+t7SLqdyHtws66MfDU16Ep2WFm3/edcS3KpVM72WHVoV35yQ==
759,许明,男,44011119800709711X,WAk43ZM,gHL~Woe&Y)y$I,m+A1H4ULgLsMUT0OJxeqBC0F4FTBXrySvVLg2JeiP2rjIHxQuxFXlM1b7l+h7R7IiebF8lAFUvPj3VsFqqiU+ZDyNeUakHppPhHC8vJ6FVpXaMWZ1sfQxs1JjGbb74c06ctzP0USLpBcVo2Bf0+4UwVptSE7CVrUZaBJYYx8iq5b7FxaGemFd66WvgEYIr7xm2M6cHest4CpSDa6NfYFO3pzv9X3mlXlgy4XpzxlRaTZp5Zifxvw+2aRafQWTbxGpXCnjzC/i56QX5zPiufrvuL89HAbhnxsORiTRwISp7ZwGF1q/MD/Tq6QLWAI9XOweOSTJcu5aD0ku8HQvay6JA==
760,丁森建华,男,440111199003187454,nnuHjF,d0Af>Eu9,KO+n+WSQ1qRMiXIMQTyQ4Od8zdvhbVhziOonk9ImegJpLKX+LvKi7QX9LkPNv/qn8uo1V8hYtexHhz2isYSfw4oa3aWYQPagbEhNznAZ3m1ne/10xAoKsLN6dXvlZ2BDisTzD5WTHdQJ7jo/rNcENOBQJLpQ72aiTVo4RFSHF2AttYP4C97ecM9Hk/GJs6tgNpOjYkaLupNUiwJCpThqSEl6ZneMXifYnZ6oPMt8spaIXCESBLXAARQdKZnssr+F29BwscyO2vov75A7wOjTaUblAwpUIisCdVAnvJlKlxk9iC/GJWN9gaOXOhoNl7WHvC69lKd4gJh7Eu7iZDLYrQ==
761,牛瑞芬,女,440111199004286948,MiTehS,&iVsBF71m{`,WmcK9Ww3ddF5ki/YJyae0kHODKtCwXysKbeS2Vft4sly9uvIgkOxSx3u+oXwfVNguNwYnYAXbThxIu+OK8xOWenoLAAcPXQRz43OL5TbHLq+iA08BrPz7rbcTPlsh7V0xmStdEb9Wto9NiDfKRigH3wWfjy6RtifawIz9LzoJXt6kea5wml84m4De9X7XfgTXozvO6unOjpKgeBWOijQdFYOIIEhpeUk+oKpY2cBKkfW9uF83i6HlyLuB2KhruB1AJxwCt+pzw3G3O9wgV5V+/oU+7jTCjbuzWu8OvX791tCkR7rovAJeotl3TWd3JsvKiuTcBGtUNtZRBWAhpNkFw==
762,徐浩然睿智,男,440111199107062971,0grHmTi,t_KqSt.js1Aq@,do/b1Y8b3PZPT9LtgATq3dt+xGav+HCpehvA6Y+9b+VNkpezEITVJqkQ/76YrvNe1VdFa+y04wTaAQLE8deMMICKkvT0FvOFCSzRuc5l62roXPY5ksLxJYIovx3Sjd0/d3ypiIT/PJT3FVuE6B0LfPa2fJLNSwquFNeFCi1ij8CytjruFsdOZ6GFkHBjSK7LGvxPabQ80AijWEEE0wgGONqykbiQum6D6QsWJTh6sTLyl12SFYt7gYiY0fxxh3W7neGhMOad8S0aYx51rST3Zqoe6eqWoiUDVrZ6sjl8OYe311uZdiLuRig/eqTPyW6ObDFGgVCHnOvUnUNnJppHOQ==
763,陈智哲,男,440111197202180272,qOGZ7foeEiBW,zm:Q-zLTj~O.,Su8M0mr/Bib8KRy1HwNHVpeMX/n9sHE/SUwiH+vYMDsx4wg1evOdtODelvWDssZuB/Hpr1QoliLjwr+yZgoPn0Z0s0Ek5sOemOCqRn/NQs4pl+5h5WsN0Iv+ph1JQtc0vOjdh6Q/lyAw773LSDI4nADK4VxfgZoVkAO9J9Nua4U1s/59x7QHrbHThLt/l4jJ4BgLqDuZFwWPiKOsq4EWdkrMIExZ/d9600kwOQj1FNKpxWBMtSCB+qCL8jmE5fsPd4fGUIrSZF/Guq/kif0sj/KlTSl6dqrDde5gejDBQMEVyDFpH0qETA2e4UyNGL8JmfrPW2qHCG7G5W19FzewBw==
764,陈颖,女,440111199811257465,xixIcmLg,jz4|h\ci\oSlg/J+,dk5bIBkBvZe/x7dlZMe6wT5YkI6JRLDf0XOxpQXnA9J8YBxKTyp7/q9PSCIE4KFYQUgP6bHlr7F6GBBkyfcBDf2tU+6EgERiyR/RLXfIWhkc8tvYCmDKFToJkSdnLgBW0E6SsSs6r/sA3oaiYvhovlKI76hyKu5WlOZVN/WMFS2y30jloauw6b2tYFvhb7/dQbT1yaXmSSjie81s1nMc8QbIGKI26bhiA9FQhCISwQJdE8p2BGPzbHtc1yHavN3DuQ1jQqYYNcM/pW8vu/YpkzD65BsYI7dfNz+10Uy9cinX+B2UIpVYH101wJo0YKVEJZ4Zj7VhNO71Sxmc03wiMg==
765,戴承志,男,440111200112048299,Bs1qGKEwYJL,U<4PELlOf9#Lz,f3/QACCzzSUYUEWV6Tk2+yw29qgP3UyHtnN88j6hoYs+00YT22VQrwjMsVw9gyGlLNcLqK04LEtQEcOIbOVXvnc6bdzouSb2fXvtF/CXTZwyk2YixFNBLQg6u9dCdjtfhe9r5Ef418RAR8Olg6RBLlnALT8ZVszw8CipMxS5pgif6f/yChtC7URkyNMJw0mOpx3tBh1vdGgbQLb1ExZqSfbe5HbW/R3DvUyTiUBzSH6mzU2xeOR6Ufg6pbjNRFWmvvyONxwg9tAVw+hzhBgtN40jl/E/4ZGfwhNabGJv+ezb3VEKZoIQXN37swt5CBCu19AgDYk3sBGCx1ZGzwagyA==
766,蔡小红,女,440111198502135187,uymM0cgaZ,[;+hZj]iR4j<Ny$R,pp1rAHUr5C4TMJ0dQurMZjo27JkjzSdPLwZs37ruTAaKCLFJsPpG6F3JzvluwzV860tFMTgmERWvZc7bemwDs686DIudlqRR0dlZcY4jA4DhtcEIZ0ohhCRF3+29YEaCtdiIFSsx44q0BwbHP6g6GgGFXEkUccuhL9mRVfoWOYY4AZKDX7QBfc4laPoWv5aW+D4rMYwoNCE7FKXXjP9W5LKAfQvyumBoduNKHA0ecEjzZ2hMEP+sKOxVgNQ5P6jeAtVsV2yXs25Bi3GaXWIbLRsytu48PYq4CyFEHbAaou5ei4ccR2Ky9OVfCYDfLNuF/z/jAIHsiKJsefW9CHCdlw==
767,邢妍诗琪,女,440111199907226882,lvpS88czt,esPV?{q2WD,Sre8rBvl6DPUVC35Ot+nL7nVD1zA79ExRFXwda+uYBtuQVqRNFHcDOYxTpdPqG7JVE67oQSmSpV23vyDTk/VRZtODmyRv6TcvIEt4DxIv3tMTYCeGa3MpMRtDqoJoz/rekCFdNCNmeYN/lzINUVY0beni5s1KLwzKvrN5GSExAHHVBbJBNyuAm+tfkqgOn6r/itzSpk5GO/hkYRHCrScTSF32mJZqfb3QHnkZu1ttdslcePXLWvABE1WFuiiUxLM8iQYkiHz8xib5NCFVWcKcFRLpxQIJkaKB1Q9je75Qpho71DfPXZe5TOliBOMLVEwgzY8fm0EFYPdqJBa7XjnkQ==
768,朱海子轩,男,440111198508123654,E3tZZdVz,HT~2~(<$:h`u&zr,VUrG5qf751yKMNHuCThHLM3NNBZL41r9beYX95ldE6wwG2J+n+xLnBMePwPrKNw/UEuY+H9a06kzcoBGUpGaxoe/zJLGPbdVVghuLvoXXQfE55s2mZ2ZftgUZBOaPVxCUDG3vuQps1xlQd0BU8z7WhiuuL8JDcxuxMew6Htn9iM7Py+DWP+YWOHvzGWNjdJVzUE9j3PFmNrRFW9OGxVAGx5TSMuawSZVYL/DCQ2k3wa5RafNFAGEQifQA6k+3hzlc9yT+f/ZeRB+1Cf9HtaROAMlgqIreiXU3MNkUYrsyRjORnnnfjYJUVkNGaUYWjzGLWbPnVbKcaX+B6o6ZaNHVA==
769,邱芳,女,44011119810705650X,JYSd2feyx,fY5PD{N|O5#,RNnBiU0ntPYNqlzG9sWmOfpF8ma1+7b/QfOcnaLMR9hHfKaSozyM4uTezr4vZcasF78B9wA2yvhhid7kyfZ88l2zX72HBCIiW+9TCuHWMkdvUKxRZ7vaXysjG86vXXE3GD2Fic9I9tudpmt91wte6tAfNaTbt1c1jGCQBLv7Ec9ccBUmeSXt8c0RPNPZnhT0JmYoTdBGPsRF6mojQmwsJlEHWsI+ZXQkPFD0AyqCu6oGic/1HPYjYiw7ZG2ngOIK9OEkx/1YriYq6Zjl3X+MiZ/WN1pkZ9gPsgnzO3d+w3wHlPOXltBdpTBEKXMkGx+YRdARzDgffK5VUhNk/GYV1w==
770,温永昌伟,男,440111197909293297,kff7A81pKz,p{50<eE@5iNdP,OakxWJDmRCq30Uz7ola66itkcejD16kU1XwAbOHSg1rDyrajnmkyiqPEc/DAivlw1DMgzBkydYp2tyAVxk6LD+7A+5b+Tvs/tGmu+vSBFIhYDL1ekQUsWhg7OP+bX+mrGzZ3shMb4025A8vEgMcdnHzv9xgL+vOCGD+RZzm7jh46wg7gn08s/QwE/OKzkiyWga28eMVXezaY44s0HnTkDgcBa1+6ekdk13njdBiM5qIG9CkUcWOoGViSA8QUaBKnNPsP64pCMTzbnAPH0PUy5lL87HpJ+BciXnNys73FTHme6KogSsenA6cS7ZsbanVC5zUl/32dbuYhhSpsiauueA==
771,蒋慧,女,440111198203113260,FBYFSEBZCDmF,!-f$8AF%6s*t}{,KRcMmJAHGvGLJN5xyXylzbuQHsCDHfK0zNnr20RdhNcynNotpn3YDBNmktPGLxXkHCV47hwcj+E4IJGGxycye9Ff1wF0BDQqqooZVCTjCeeUiYzBydb4iV6ukzXIlqAg/s2CC7eHGKfmKSwm+XwgP3TpcW4mICOX3OBKMBRhVMcwNHIu7tlOpN/GB66FNoiean4PZMnHlwVfyvoIBs+YZlns180w75X5Jfg8TwoivCGXyWh40evGi3WTmnAe9EzIX8xORYeZufsA1oFV8N4VeU5RUAfL2ZVzNlmcEhYPgfbSLMipbl2SlLEcYR7DeqdTEyqL34Zj5yK801eyc+AbFg==
772,邓思远乐山,男,440111199512159152,WNmhqC2,~z?^XvvT\6IM:k,jpZ3BQ8VpPxlmKL30ACa3lrZOMnZnBp8nvU4sLDyM3N4TuyorLxIKUPcnvOpFaiYVvn/1NgnK3NSmNXJnZJw2wStyaT0rGNbuc8V3JgV22r4HJx+T3+BaJOUDEYuek7S+uqsuxPE4vrt8lN2oh1eu1E4iAFrYhMmNE9xcA+Gbb/3mLWSUro5cPHg/DXQw0bUFUEoScjYV9efgVARRbmXPc5Yg1cyo7h8qMhb23rmn0HWYUaAvSX8xcLg39u9pt3FcVrOL+6c46IUiqH6MwUFzL5TrdefduMTPKlXPQDs7dJD78dc277i3PbWsImKZxpsxU5VeUh7KdIVqFcQ1ci+dg==
773,颜婕敏,女,440111197212178248,QHAnQ033niE7,w<%Sf-H#4,YRcoAwMEnwD90ejRkC9y9/gmAb1Re4S64xraKmekIiSzhHIIaFd/61bQTGCsZQOWUaoMgdsCBYyBN6ZRL1eVJSTHrY9bJx1tetJ3SSgZT/LfP126MF7yLiOH0lHuPee+OLn6hR4tEhv+mbZ0GhuCR1pXzMXgW/QddMkrgvcAO7rjEuassisWVljMLYYh4nOmu4+Bru7fPTYfyWSLLbIQvQvf7OE2z32Fpcq2qaPz/RNh65X5HVpTQWJzyb50UiLprkvkTLPFb2mlZJ6EtfEa4v+RmMcJaXSfp3anLi2Jhh+1srTJqm1XmFq4NedmJL3tSBFd4xgUGpLFZ0B/sDqS8A==
774,葛泽宇,男,440111198508144850,Q9uQ4joxH,t5NmM`ot,BlYNZ8dw0cx0Kw0NKqUhjTVlxnYOv4yR/jt9IBT2g0/M8KpWHsI9Kml1isLsTU97pslir4IfWa2vpSJ0hj4syreMRoh8q8mEywYh8NqwZEBr9O+REIvf/r9oWYEIs9RN0XOfUz8qWW1wVilv9vEMMkP6tJE+pNHXHwZCZJ83xww4TNWRIu4QTgFpzBP29Y3xmGv8FxAVbg8rmBdxssVr/b0tUcOgBJ3tTFTS1szg37Vt2rPFy8r4IpirgL2YMk2bFopHkCGB8dUNBvkdrfud3oCWAmEYtvLNntuiMLCTLrjOiPcc1lvh8Qd3UYpLlZbZ7Djdcy8kv5qRAg+qQoOPvg==
775,胡翔,男,440111196807290410,NOJXpj0LZ6T,Ha8g&\kq,4l6E6CupprYdYFMh6+tDxifuJr9L7hf8WchNhSAnFiX5kcoReMiNxo23YNy3gcu/a9hEozvuHJ1njarUGqeW7ax1xRAiN8YTbpVys1X2ufUZ3s19BcEj2+XLYrRp9TrHrUr/681udUU/gWuwt1Y881oZATq2ZFSnpa+eVnlWB1pTgVIIf4Fi6ezptLhM5ojsyP98Mt9hjrQgKfPwWo4eSPOX4m6Sdu9dd69UPS3sKCorKtYyUimsmWNtok/o/GlcSoQc+m+ngDHYRTYkxrFaUQfykPS5tbigv5ElxEsz+wPJf1vNm5Ht3pxZtrWrdUAuWx8TD0aqKqaaXbTK6OJlmw==
776,龚雪,女,440111198602112580,JKEXsVVYlZ,PT5o2]Id~/lM&,QjWxS3WDGTdvUkVF2a4P5xgM4lLgK464N0W+3qmssu4uRdxLUH9DFieV+hkkWcuFv6aDiqb6xTbTpJjgCm1GDQ8ycTsrZ4TZDdAGa1QnM0wl5M8VruDmGN8Yigz+ySwmC7wly9yYhUlZozSUrbe6O22Ck0lpYLAw73iKroY/ehLFyruXQ+/ToT7c7h4e7bakZ8hFgSFE5GbWCMzP5UyrSJQ1SfYRclgPSfG0eeCCDv17nPZB/A+Txskrgwmnlze6Zpd3b/zr8243EZp+0toLNNmq+Mo1caI6WR34dfUdrm6YoO0I/XIT4rSqqwdbZ8HAYxRm+YGgZih2h5VMYzBPWA==
777,夏莉秀,女,44011119880908402X,xCLbBw,Y8JsqmY:M3,ZJsHJuqNJDk9trhxqtbRbFaceOsrq7KW+5SWuynup3GKp9zrcJhSecj/FpqNRCxcbOvAIOPVsA0Zylbdjw4oNbkfirss1+Vr7bjMwzoi7MBeOliXVjOsJAMNayJp+8T7lWbwG/IDcX2gvdApEbQIeiCubt8/dYWUZfjYWchnxc8mrFGcm7hj+MxZD+RGiGsR1MpS5IooMrsrRbhJjwds8Bhau4geoNQ6QyM0Ky/2GYh/LI1cUp/Ox2BRzyeYv2QpjwU3uXrydQHGz9WjWb/XPTm6g00Ury3ZuSm/L/dboOy21wdg7nq+ceg5j3skbU00PV7oC3i0BWFElL13q61iYw==
778,余慧,女,440111198203023601,rjQcBtDf9,OtbGy@a1lnl_v*b,nJeq+ZO5bUzQ6rnkgtCt9aJFFd76a+D/sPO9c/G1n9cAlrFeZCzZwJVCUKcqH2RojiujcwMqpH/7BmSYPGLd7c6iLEnwEPGIR0mTzT+NmOzx6tbUe4ZZf5cOeBDuy4/5xq8TJGKozl3BBb4geag6YpluYlKasozKAVvCxsmNjbSD3yIzopX7TKxIAM2qINlpi8jIlOCL+YcZrm0R9cOxQbdd+MWZFJEMfS6E68owDqL9zafbzcxj9x+O0WWzvZEa6zMd15ExqFudWrxtlNqhgh/yu+OUy6oE4HA/6BX+abMbyXoBoQQHSfwYD9Rs2/xPMM989AyIBkWTg6jMhNML8Q==
779,谭辰建国,男,440111199703229758,sAlcRBg6,.r7PeVgw8,TDYxfpRYm1cZumRjpSNlA/4P3TwoK/oomcnBj1mt0ax/sZrm7hzRaIY29zFc2vnuuyUox8c7H7zPv6E8pWwIa4hnXMgNZcTsXKiQW6RwZkSCOO+jTgXQqkw9lahqov1LFkC5//3YNunbDsHz1wnbBMRT0DB8Tt0KS5t7kVkalqUaw0ZMbURlgwUXN3LBMZNyA74pxtHn7wtgm+/CtVx0WqQYBePYEmibLitIZ7N8VzsyIci9kgL1tF97NYvx8Bim/xCBTPljrBZ9HuDdBJKsBCyMA5Z5aRhH8jF8htx4zdBrWPdcJogBYGIaPrZVJOqociIYbnskTrupjKM49LGmXA==
780,严晓燕,女,440111200102228181,MangHYEajJ,>!B#_1#~t|jJVzJ,J4FXTAPVV5pMKhEw80RVBZw7ck+sDRQPgbqsKsWlZ116d2D62B72DvokZ2AvCN2HqEvt046mxc3AhZ5prslv190ZPg+luda+Ype3BVK/zSJ4X3UGQ+iPA86qzTdUHtvdJ7fO2wm7WqOGNnpQq9Ud6M+SaM/FX7M6QUQNAkaq/YIFHiJBjVe6zcOHRkrU4TIguPhvjfevB7cu5Qr6hIIB0QJmNY8VBflXO+yH7O3FZydNvbl3upta2dfnWWGZJsyRi5zPmdzoTV2xaSoXphDNAjOG/WPW5D6sOT8/ltU02CG41rz9T70x9pdMKMXbIuL/6JXHsU0DqYZ7/7gUqTRm/Q==
781,孔语桐夏兰,女,440111200402049521,dQessb,(kjN6~+GF[:D&8XO,VSA8dh8XAgrsBWp543t5sYhwFkX+672V0juH9KNaYjyQJM3k6AvZZpWz7sqhQC3nGUxNRdaPmVQuUs+LXbdlQuoisBPjbZKukVJX0nJamLFla4EtLlmXrrCVvFLW0Ak9JxMt3LcwTDHjR5OLJ+z88XrlV81AkDfc3vMgBTUfFh8yC/VCrs+BtxiY3NANsQL7qY33RpfpV70baxMpwkSnxAEVV6eK8qGSzx/h17QWWnocE5yKbLSWDUZq4j77HD6NGMy29UQ3FbPb35QbukJgWKKD/iY7jhqvC3ySHYkN3uGbQOBBud0dUDxJNJxbILqhOL/oiT9APX4SWB6YwPofuA==
782,蔡慧敏芸,女,440111198807300446,S69L3n,]o@T&]xkm[/0h,VmlI0wwcojuUntPBywKr0q26VA5SPSyhmfFXJ+Ii83xQ+ovrYMy6f/DKvjCVlt/K/ENdjlsvCMEGt0uW9HM1wsQVVLTY1MV//qzbZ6yjbLLVqS6gnIKkcDkf6gsR5D4KKI8KeH+9Y/45pjmvQn71ieQ9N2beRkWLHNQUmfvLreNOYl+c9bqQAJegrA1xJGag3d6b6cb393Q2mdLVR5OahOPCdb/5a8Ya/pfiEzlnUlfuZtxPeQi1PcuqU+ewgpjO1tR1J7318YKhXxELrnlxfnsj5w0iITpg6R37isjnWhmxQWeNbuen8y1tgxz1DMXXBG1AU3i0m/BLkehKHDRzYQ==
783,章文昊哲,男,440111199308150513,UQnchIg,Uv)<Bax=$;,A+IwwbV3yY6bQwmBxirPDJzKifHkZz/qYuPaAP+VuWrWMbvt32Kd5qznlo5MTK9Rw0yt5B92LI+wZo8PWw3RllMNExN2b5TeWlHIV65CYIXN5a3q23BE2fm84x5dwBqfO8lP0S3iL6/JJV746ZldvwKboD7/M96oOTpNxRT4jvb66cziSYiRqyXX8g/I5t1TA0Q1TAti0xSE4Nh1cSqZiR0EDiahbc96OB4Dix+KWuhY6Eng7O/FVvnkKxsPHEKZiDlVEwXiyKt8B9UIb2k04FP6QoVzqReS9ni6l660iMtGFfdT35qZnA1qBlPopVwLgOLimZJ3AoCaLJL68XHf/g==
784,蔡芷若,女,440111196809099687,ndN36NH6sTF2,~Hp~zY;U?\v1mXK,kYmohq6kf6JI+PeC08F90k4tBzcIn0x7PfuXRqdTJIuNOjKjbISOzB9lEk4f9F8gSOEgBCvoD1dWtHHiIpmrjNqdL+1kUozWi+kRo9dn+xIuaV5pKn1byBwQvqiB/DRvBwBw2E+YMmapkNoK3/vQWox8oEOkbemWFNSAXF1esz7xuWmQfJM758FveCbWeqA5ybs/elrY2OjilLyLFd8K/DUxjyq3BSQEiBQ7tljuGJiVGFMzY8KF3x3Aq91c98ltlhtBUuAQ5Hhw9aI9ZqXJLp9f8fXjgQulDypuW+GzbKWSniNYcv0njxLwKb4asgL4b+2pf3hUh+9zeUUCHfIMOA==
785,欧海,男,440111198405142932,sJiLzCbxvDl8,>il6iIl8C57l-(,QL7XWp5rs6BKRTUVCWEWZ0ojR0kPCoNluW0ltRwmyzJIFtfIleUb2uiLxmCxWUY7UKLEOrEVEWsq5C1m9MsWu0EBS+D3kZVlAyvlhjFdj3BN8JQLBIcIIiEfEuZZos4U6zFV7Sxtu3M0ko969NHy0KQp+xrjSQkP9UPYHOzeAoAKAGLuVtxLfzRiq8kg7DGGXYV4YYr8nlotEmIpLn1QDCcn07vqA3zGC3XS7eLXzesDfHlf6knFHk3cUd6PVoXhvkAQkaAu4QcIcjzJvX5dEEPhCIyV+RvwLn1P7wTWbL+P5CaxH5+O0Fb4QW4x0zwkNofpOW2L1LNLmhVCzpdhGg==
786,沈琳秋菊,女,440111199908287185,YX1fPMsxmw,]Csa&usI7O,j3z1Yndhq8JlR0I3POA2YwZQqs/8ZIBKDU90qKtv6+HI9o2+OPKkQaKQsU4ut8HR0Cmy5RXoJGxV7/YXIR9UkH8OqTfVTWgu/AgY1pfT5Lkq6B21qTNdNAZHB/ksTr78uC/dPlL3sk7rh0BbapwhRmlkPujFtd7A1AG4VhztdnSr+ZowwePbzKVzesBRwarsWQz0NEEvf769EfIt/ElxEfIFmOaUB80ahZH4Ap0jlY5wYw/YJIhEefG1mIOV0UTBhepsDjBwoBiN46HIrPEScfF6qMKwWB/kmtPnSHp4ANA8fiGs+rQJjZQXfOoxnmIp7nT4MRxWFund+siu+ntTzg==
787,陶晓梅,女,440111199309062945,iVk025AiQQ,ar*<s]:UGU,Glbd/2gLqJ7tEm4UnQdJ1vhkwAyCugGTPm5XxkJlNWZygxY3nzgWXn1RiK+trV+sIU0G8Y8WTFrfP6cTgokLhJEko+aV3gG6osK2Lp35iBVt3RUwAvX/SVGHes6JUYmgpEWkY+NeFFqPnM1PyUNv98lyhLcuy5ttlf92b29x4RRy0JnpI8Mz2PrrpLlEWizqHdb5AFZk7NeRLIAKz4aU9END5LnT79GFx9LNVbT5NysqWzgwN/B38frjA7T3IBiW2Oj5glUOoqxlFuuxlNOcgoL9AzwB5NGs7NGsxmTsv5wEPJbmMnxxFP++xeHzRAV0s8pWy2E8kb51+1lkzM5P1w==
788,丁梦,女,440111198705265862,P00QWm6c9gM,HZ}n~4^vafo[u,my889h/2kk3lzVPiIqe+YSTN2aNEs9TlIJ9g8Sa+c/kV4QOze7jVnAvM78L5T1ZPF9tJblXjPvxZSxlI1rKPrH8DCzbT0jWLV1kP3ELJpzef33g6+5x4zyUGmmEffr0eIH/8P9AK9jw9SzRlLYBPOTsbWjH7DlIHqLDYzsRWI8SBleoFErXLVO4R97fG03w7NKaBptzwk+A+K2Kvx+liNcyRRQ7i19x06MZebvYGtyNpKYUJI4zq2V1u7PYPw16/fjM491ljlk4XFUs4/FSCq43M+dSdkzm2XikTPMl7igw9l6iLS2P9/XxVh/n2SEJtLvf5wz/XuChZP0Lq2Z/hzQ==
789,文庆云健,男,440111198311149797,qOnf7T1,X7Ew_\ly~F/%@rn,tbOlp5H2wQ9oiSTnpBYJwtgeAqZRWzxN+EBkV+835On7IEJwtWBYJnkhdcDAS48zP1beLphkdDufHAPMLnTt71DKORgdZ4MsmR8a4oFLTTb6RjqLX+LRQ95xDD8zYJlj8RVaMndLL2a66AI3BXZ6rBt1HXzBAEQRmi5WyNpozJeQChzpKupvWKWOMmv0bvYl604+zcz4bcj1EF9a8kw0r0MwwQoW1apYGLu82jNgD+e/Z3425PlZGbKZCP2D8uVOXx5PcJBV4PSztbX7shoUeDp/gAwm9EeUlRMS3RBNI5JowqajaJx3asFHQg60guXxQkP4tQr8/HKXs0Ao2lGuKw==
790,常泽,男,440111199604075570,cdbGvN,mdE-Q#V!,Vqy+8B3dTGGZ0XLx8zPE8enw2bNbXIiV3mwSZ2XVMTz6opkhpNqaN6seZkDE0uMMp8S5B6k8o9WvCWLSticQhxytnQMwqzCMVBmaBB1RsIfUTOjnqqND2cRRZX0ezeBx4q5ESk6kGPljmeRau2ZSfpRgPwnAcc5OOshs55KKrBQigiPbdHA1vT9li8ds5WFAdFj/BFdwTzJUJgoI7Yo2QYgoSK1p/Ldr3fmX0BCnAP2RD7hHDQ+Ovya3Cj1zL+e5VfAsg8HJOFO+RTtvoYlrKByHHhDu2wZA1gIA0yS4781y4a06xJ/G67+PIlAewCX38Q+52Z5XPyCuSRgjpl8nAA==
791,段兰馨岚,女,440111198406257408,oRQdSnmrbYWr,hh?-py6ZN7Chc,g6CcTw1we2xx5GDCFhylV8GwRc4cR3cCqymTP3sGg+XKAsLKmdzd3kCnpA3VvKnjenb2LOYC1ZOsBFYV+BjquYyoBmT/77WpKc6RTuOJq9d6ppSbyCb7VTI2RfAb0Vvts9HoIBqao+ACSl8FH4ZP6coaiaBosI9SCZrANwr5IY8LcYoR7ib8scN12ICotOYd57NQniRpvsusGZdONTCR08EsKoIbZzKLcghifMlpNq8SO//yzg1Wnj18AAeKoccfbDgplaLOQ6YQsFcW8GyY9BiEBJNk9J3ZyyI9hpB/kyjq1AknYldI4ygJdPrEra3agZ1JYNqBQ+8xghRN7bZmeQ==
792,伍欣妍婉,女,440111200512157208,PrPYi5,8lB=dg}!,Gvs4SsZUxt+Tz3yfMdNNfC9hVG5pKuDkUzJkYfueS+ZJ4cU2V0SE1BU/UiSQCSRg0qvEgPvJtLl7EZzQwDXQjZyyycF74PeLLIXRLB+DFDxMoAPltrCrvqPY7IY5k1W08gdcg68tsHXN6U/Ea+uZNVeCbAXq2ZLsT9MbkJDwGIK9GMZsv5mP+/dk4otps1to77+wjbqOGG45B845E9VDN2gf5KtiKFzSnQ1yUSybcUPwvqaDB81fOUUtsZ0N41y4W9wU209OJvqlFyT58rmIl2p1BDrGdSaq3dt204Fe0HyOuYpYKyviSBLPd9cV38mfEA7VKFObv55SmeOdHUfIMw==
793,康妮,女,440111200612097441,P7036PYX0,2u&+>5eJ|8\qjn1,MAeuKWINJDmJ98ynd9Z7dOfam+KvMYp5L7Dpl+SscVmYPZlrB9Na0dp7+H5ZCKWVMNeUAEN2M1Tj4rncVjhFSd0ovYbn5x/nfYYTnzb2CqxMHyNyfx9WigA+o3bp1NHzDsxMU63oUf3osLomWe+rLWKhWXtcSUu3OpJZWZCzh0XSBERAja6QkuqC9jWqZqgY883cVmtMAtQ7YWZLcmdPz/HEJiFHFHJfbKLaam6hCuN4ibqiFuSFNIT05BJL0boEOreguqMnfftg/8UZzm+CwVM8Pxx5EGLr06V5zJ0Bv/T6Onq6+w0K1KE3hSq2wzEE+iwMieQuskn4JmfowkP96g==
794,梅贝儿,女,440111198802125626,JdxJ7B1Y,UQ/ym9x2#6$X=H,tMjLjoWRlFviT5TA+p9B1rDShLaGyFAWMuesBXil6TGEzur+oTPMjQhaw1AWPIG+X5XlXbT1P00m0p3+8wW0vMMCXh+X7LtEDnPD7OzMjmJEdAGWJRl5xiVg0DAwHL7VAXosgEbJAuewVRGvhMGtsstMd/0HSjtSEuYel7HTZwDpFxvRO1IuwyVtilwT7Jtc2t4UZxeRh6FsinpiSEQ1Wq4Ell++cKTUqp8H30iyHuWk+EbWJHAZs2zsax6XMr90G6ZR539zVfID8JU2QQ0rE7NZpHv8OmH1UQBGEhvTUatPiVlHW+5HCsTxc2BldTz5fPRNryYmx8DvNv9JUNI2Gw==
795,于承志江,男,440111200402186331,fqyMb8h,vSf[T70u6vT)vDK,D++X+BC6idNs5UeF0aE3smi3PA23Avez2TGpPH7NUfobQoV+dCLUugvT8qd3fs7GjptlRWLuHzsz7xtV3c+9Uklqrn8xl8DZ+3uOk9czOeDUEIqZpAo97yJlaeqlvh77o4jDgl2OhROqezaQV1xiC85yPirc04ZCAWCeIQt/SOCALSpDzrjGViKcrwQZjAqgshOnvL+T4/7r4nYmxZjLNWZrp+fZ2DcxVCEb3NENAHqcr9+LH1GRGrWVv1/Z87mO5PffFZfepP5yvU6TgFKm6keiOlZNFq/NuL3PpYo98ejw9uqMSaOaB+ncF3wLzvqTpOHxGI/EOr7z1k6Bj808Xg==
796,丁姣慧,女,440111197706057569,vvnZaHu,*A}Ggwd&G2{eA_,Gynjq5Zmn1HOYw0qJ3/xLiPbC9esPBWq7ZbYveRL5OTdG/JeOBKpj45CJmivH+dGWw/ilmOjK8NshJsj2Q13mWlNmvcrnBo8HzL0iwMMncWIcL5dgDr0vB0Ugxrswa7EY5+SWh2+pbdYLdkTt+dpkgC1v7+AJOOCwReKnZuuIqxg57ifTRFrbew9Yun3TE5XUiEWqDWSKFEQRXuUXhStGZb/Dx6XHqLbZp9s5wzBn2k1oZk7mLQVVMeg1//9MPkvPuJ1dPxWkWiAQ9WQW4JUvYI3RfzT72PyWPGk3q5DS9Nnngxhto1vBzxblrGgdkHV4DkQl+bMRsao9VaDwpCaOw==
797,郭爽,女,440111197805074743,w6Wrv8y4umm6,XnoFSBVFQ*mF.dKp,pFCvxRG0FKyE0Twfg2HMBwFtjTZK99TuLx5S0lIWpKPanr1O+hObOduQz3+VCrrVs9hayxQMuc4hEmeSbhYP+wYlrTMGpAzwVIstYwBz+M5nFAujskMYbK60Ef6AKjoltuIxrRI9CBUz+q9g7RujqR7qevQRhR5GyQCZBpmXmLnfGabiaHAlo5kuwx89zynhZ8cTy2LE8rfO8JlfiTm9f89dalJPLc0qaP1e5StLwRsbgDDxcKnhvmAHec6fFrB+h9lkHpQfN4xAfYRcIbfWNOrurnRIaH99n1noswLqjYXNGcc+Yz+mVprWat9mFywU/k3FLlbCPrQW7TQ7NBv9Tw==
798,蒲楠,男,440111199011102174,t1hFuTa585xd,XJD-oYTg|=Xc\/r,tVAelHaTwWnVCSJUW1ThWukz+m/nPNVTdtBpu6LuCpu8ZvtkgkC9SCqNc3263GeayqHR7P1RM0Wnr+y1hheCnwZNNogiIp4LrFlJ3DzOiAfrlrhooArIjoyh5bieFg3PPaikr2e69oq4Xhh0NMMaM9vSvqpzGYxM62WYQEP0/Y+40cAcjM1gm41y502BiA7uyVCHi9SoYQpqAsiu7cnduXGuV3cig3bLwGiAqY+SMdVg2hlHMxtvEPWJHjfDDcGbo5UpswWK30hTyXLl7BCt6G1Iw76hIErLp9u7vQUopqL7xa0cDYoya96OMrctoAh7D9Tt2TZV0+NwsfJdBJrzBQ==
799,温信鸿,男,440111198803172977,PX8W1Jk0ilw,Z8.iDNXBe)>y,DktUGaFbSzl5fRQc7XO3ruEYYypuMMdOB/bTU4OwYz6MRqZGPEi/gfP+6Zjz5I31LC+oL0qCbC40fc4iznDLFU83In5rVyrw/9dDb2B4DjGN8j2gj5pdNnOCLin/O1i0Ba1BgcsgNG9WinfLBUVAIfYOtCGxBbk8fXFWEA7jr5oupqgwEzp537BnKS0E32Ryc0nfLF/ynxwWogTfqk/0Zo/reCjTddPwcacz0nn+qgpF5Qfe8TUq72XmpmFaKysiezScTMZgzQnxkFp3OWQ3AVJ1BpS8qiOGUkES3QIyz/vvi/6324wovcEAY3qDB6+0dNqA1eCDYzEvyWQaA1mpmw==
800,向红菁,女,440111200005091603,WDXRSxLz,IF?_5~=)b#]L,AH1Hxje6VBhtBjUsEms+bwsCpFzcHnASna7N6Bt0qne4CUcDAuvelASX6MQwcZ3WSUsnbQqzBw0vGJS2j3V/DoJgoItr647kVXw53Od+uoNkZAbeDYOAQAbSLW1Wj7pyfDoNJDrELXEIf9PjctLiuqv+nTWkEKFG/8o5bBo1GGrO3RVf3fKI2McL1zSLScK/mZG6d68DvVg7UN6SepSd+yp7wWAkPPMF64tRFdZO6Wd6s6viWmWkZmVo1re+KQMT0jqWY5mr7om/uqMCKyUUw/JT1b/roc+8x0R/kxXnLLcAlFJnDQ8P4k5j8SACEljDs7iOl6eZHcQypFi5XKcqjQ==
801,洪宁信鸿,男,440111197109240373,A9bSrT,esh9g9wck-g+,PXC7thwpXoGMgagRFB0SarNMAvWNDG65KagD3kWQIq3xE8NCITDnIu9ojozQp9yRP0YLY5VYtSwwSPrmDTVg62J5J9n81cZEDINcQivdZM+evGRD2ZPA1RsX93UV4G/WdNGw/6jjXyMIwUbS0fLzXrTkof6cOe8ow4qytkUTAm3yxc6xCcmtWLxv4+sCnCC5ZvXrqS8/d01KSoCeia+ePza4AHJqRprhEirqjTLovH6Vn9gu3WhxiEKxjjViSf71hunTpZ/zk9eM4qkARfZ72AeRKCTwMx/YFSdVQIFLKZCLuN1XfTdcCqb6WS4zCF+Ha8pt2oo+VQX2+Zc2YydhEA==
802,祝莉艳,女,440111199906221465,szWD0nwb,OnE<*uzIe,ZXG/MJw7HBTEtuTiYNMJp8uSFKLLucrOKcJ51zE0StnM8WdI8NNRb4alDIjpQQR8PjCIdYkfXVq/OGhRv47ndfuc45g0wNYQ4lePoiAq8vNpvoX+C53gCmKVkh1BwusvmbgT2EwPnPtmo6RUo9+sBZ0hlNEwDG/GbM8IS3uhH08ZSoOAQGENe2M1pjnUsGLJ0OtrnoZwJp1v2jfNKz8kpcGR5Ef+H63gdK6fFlt+Rs4tSuT8zKzxGWC4yZiJR6nJHePmkgO63gQdC2T4cXvyZEmx3z9h8TboPx84M6BnEkwAX+V0zHQa6b7Wh+d1BuzJtBp9R/kFogc7tm/SrFLk8g==
803,梁婵,女,440111198205217100,DcpjSy,WOT*|qZ2%|}B,NHfw1uzcRHr7qIi6dKgDCCg9TzQ/VofH95XuTLd3x5AHPGcHdmeWMCgZE/36VmMu2f8eTqdyzpd8z4ZeE85msKVv5JVT8kn+WL1LRGFWUn/qpI/Y0u7QLduBxeB4moNvkHnlLmjZpiOxEAdPaDj4W1ExE0QmNLm3hq71Xuz3kXkn+ET/oj3DuViTdHIma1CAOXIKlc3QTHTrbb8xC8v4KDHBPOKge19CLB0VM/ESCrD4L0QVlOcubLrl7vDc0+stoIfuEWnR/w1sLXqLmxlBcFt5vP4OBIgW6BWVShnErObuXc3d8ydg6cCoXc1fapCA8nsYA/Im4I4KYyUSECDEzA==
804,段嘉欣,女,440111196911256327,m2Wv7YWOxfA,nl!E>=ek0P_u(,X5xH+JisFXQNgxIvMPSeQGwDKBl7gYKogkR5b8r4PgRyKbLvq17OXBJ1icgUTDpj/l4+K+mmasgdix/TC/VaJJVfEA4LBEJs6kxXRH69zHfcIt8gLjetpBnb4OMvaFUW0hHMPwNM7eLD4rwdXyW8sZJXqtn2UIFI9ca3+JThwBDzJpLpglaBniUVh9IoV6uOQo9AO+AH1V/LEXBhQo/PI83QElzFr31SgDCVmiSkuHWffCx12WmkgY4Aq4FFaqv2JFdPFvPDPJ4F6rBNJhbFKGq/YIZGQGyyj8oYi7/a5MgYuSAlpqFAUhL6hCTxKdvE73VMXshDPqYDCKhn2Rdn5A==
805,张宇轩,男,44011119980906033X,lTwndNz69E,3_U;+|rO<0-=Y^l,VgietOdrKgeyiFKNKx0KgWsTNNab7B8DUTFC3NmyMYTNYre52B3L7C3pI68k6C4epPeOJALjlVNE3ljMzrIJ4z6YVnOGvTgwggl7+ycP5QKFkKzyiqYKituktNaTzYhiKSUa1NKzm/R9xyyALRjaPWCGLnidY/IVPXZ0dfbHlPRzsdAEjom2Brfu7mvAhhCYvQ/Ic+dqmTclotvLfEfZoL4zfTYxfZFSI8q4O5bZnXDAYFfC9PWRSCP6O7pGu45dKZT8kSP8gvYeeuTKz4H0as5w++xB96DTjPh1zxoJDOOCBV7trYiBGK6jbMNpN8IlyPUTQa0fMttBPrcy/4fprg==
806,岳宇轩山,男,44011119660813671X,fnUmZm,VY&}i%_J5Q,VpPlVlUkE502YG8bS/ipVtK7R474WYhfiUd5CU3IsQ977psPgLJf7kXJCkMLgoVsLRDS7eaTQl3WsQfVSW4t+KdItxzjRekGRHBPtRppOv4bdI6/yhbmxL+Eodlo/2Jg7KM1Yu/JNZjVwNcmZm4kEq2Luc8wFY2Wi4AD2qpFhgqhmuj6T1ZHlQpVKkQCgo9GQgWEtGUTaMOdXg+yUrQaNzAz8e++EUSiaJ4rLO/bk1o6H8uy/4kGU24CYcrSfJLSY4uIe5LVy09FbsbJ4Z5T6wAsz4p2ZOuKsVNEKpQrJ33DZAGubxEqgI0RRaN8Rs34vU/xaMg5EZiMG4FbU4ILkA==
807,霍若瑄淑芬,女,440111198904033845,Qs0wWD3OcM,ES2BQ36e&3,GogLNnwXimvchkohzuaAbk+MtMU6oMbEMLhVK7uMcXpwpI/JtDjj6Gj8sUyG9aCzVOs+pwSk+B2+3dfeJaYaJl58yN8rg7IA1doIuFionDBAqUUvufZjSbL42/t/d2IUuJ4h5iBG6qkokzFN2Zq1ivMBTWo8aCjdwenylt+gJw34E3f6MrC3DLlR0ojrRblSqH93M5fNziQGKkHHU5BK9kwfL2w7vH2Il/7WNL/Ciwbk+/nDJHGUBcZ3aggHh1tS7gZHkYB83kdnTqo71x1ezvIWXtO8/7ApdWtL56gKN/qrFo6xBgVwzFg8/Eps/baCXqC/ZnHlu0c9JxV0qOgB0w==
808,易宏伟涵,男,440111199211127376,s2GdHmZymTK,0u4g<N5MZt<%,ZO+H9AlbdHMH3xF7EfeJmYYc+cvHOrkv7dVt8THe3HqcTFEgpwb3Y6/2BTbQnePHI0OxMY/xqXMvpMOeT6hoXJFVmgTOxLxdexAMNYGWh33l6u31hR5ALuspFGNoNXQeRsqCbD6YZNsuhH1NMyPhcHjeNfw/joUlkI4tLYEACt1FPgQUbkfyKFFugAfMzq2QW2J8Ckbq68uMfrdmUxB4d0VVdivj+ZVieeiHhH7qyR0gbVy5YynKcW2VzLRCUBvTIL1153MYmajQDXILyz/CUgie8u5Hicm1hPtw8UdsNYTtIX5NeZfbD//VmNk6XIffZCsq7t51jGOGREF5uJJrnA==
809,牛姣语嫣,女,440111200601013986,XyZEaah2Cl,3%nrDZ5f~rX,B3cuMPmbwaXMLT/NSMdMvsJO1ltxa8U/yiidU/m7nbsidCTbG3qb/hNzsxDSat+m4HQaJWThTKVywSuCKQVv4X3RThgcdjTf6h79r4RrOnSqv864FncCfGDVv4gHRItiga6R2MRrghzP5j6kFT9JU0tkC0DxwozLnWkMw//I0LEc/rnmrRLTggaqx6cLWzST0Gempq/Vo/INqPbLFSflSxGRjGnwNiaTMdF06FHP9DQ2ksi/e/ygN21xVohcLRU14kfHsdJdnFpm1mUYEXLTRx1ppsS4jnGXBAIz3Diga8+L/BZQoC9tq1R7El6yXwAREpwlIcGyT5XoBoH6F743sQ==
810,郑爽乐怡,女,44011120060604428X,qaD7X4uC,YleX^ojF`6l~8*+,Y4z027H1VHm4CiDVUyZVTSIF830iPBBhePODdRsVYdR3AU5QL9YSSHnvl1j7AgoXiG5tdQ8SxCzhBQAJcsy9sKjYUTj+tqlrYiGftIWVY3fSnSbuEF73hWe47R4P8yI6L7UKzBDxwEVgwq78/84Z1kmJU5GQ7Wur3zHq04Y0Pa6SKLFoxUPgTXZrvHpTUyGuxm+J09vIu+bg7rO0VuAwzRpRpQi0uzdvPpXVBbTXX6dBW33p1SfNopNTOybSvoBgU849KppJ/k+sgWfgvz2RTGIdLxzr/bVLV1vrdVRO67RKBOLsbVMuQyyCvg1m+PiWWO5dl2kLnam5IJJnWg6WGg==
811,宋蕊,女,440111198811110426,a59SpExH,BRA.;2QNLqGsY,BDxVd3agvUkeFfnUVmnk58lccvSpnZZbsPj0VsPIR5Lpt2q7E6h1x7vwMDQpVkJEQqBMDocuBnwARbHsCssXy9oWERkndPpIPeaOgYpjgzvSgVCHnws1oitSQAUJ2p4NEza36JinE1YFDgqQ4U3uDNuPscCdW6JfRu8HrfYE73ig0z/mzgoQUc9HDS7LKCxx0svkSZ2sgwIZnCC9qfbUmQKIM71pmzxInnGFz9XZuOXZcjKnGvXdxQNdH/Tkg07ZKspHWww0WMHRypYwhJ4K9miFHoR9mCHjppUAeRPuukZ9TSw+FX6UXczFz+xOQGjq33l98A/Kvp6QPfFzvtguvA==
812,魏思远志,男,440111198005151573,VTt6agjtjYa,2\tEt8bVWL&,SE5TcsGaUguRiwTcgzJmygmL7BAnw5HcvhX3q945bjTl0i0cB1ie8R7P2FsS5DQP7AwOhwXHvqP1ahCKnpcEZ1yqCmI0KAqUUZIrzRDniwz6hkzWzmdW0Oqs/TtRZr0D7e4EMPrgQ6jQNUJ+WnfT0y4MU8A/OsUuyrpBJ8OY+flC1bjs70+/SmRwtP0ugykuMhnlJhdSf+2wR/LJ5D1PG8tq+YF/RvDLyV7jBmPMsUzCT2AyuIrZXA3UvIIwqGbhlIWOX4H0WlEmwrT3TcvVhBfprm6VKSNZCbzFvKW4DFGaXVVK+Q8SOCotI+i0kODg6+jRIyGrsBkV9Ca9RZUmvQ==
813,刘曼丽语嫣,女,440111198303185245,hdzQSfS,L6P)ewxVF,d3LmH8O977auIkuCymfMhYmAuQjV3dijICEA98p863cKKO8Xw9RvfAFLekF7Iz1oG8aMmYOvMhITjhuHTjdppQBaf3mgSilmPUFVq/L4960H8BIHfuN9vC26KsZUY3WCL5fEpi2QtaxibThRC5L9aoAwBN9rEyptjwe0Q3S9QaFW//c0rY2LmsovtwVXoF8q8fAN3isB5Yeb/fMTZc5dxcFFCRZppT8qRzfeFOH/GTj3G2vi9Cemx4EHfQj4htuwZlkFEn74498sEzMTpoiwlrvS20e4p5hdQQ61Wb54mWOA7OkDUeFdB+KIpASw6b6m8cjBCeb6SlQucynVmG8V/w==
814,柯芸萱念慈,女,440111200110165344,yd9OYoA7iJ5,5mF/kAF2MQ=,DypnBvtm55R4LosP9c4GMx5ha4JEzK5e714UkigJsEvjXCThgzh6/6u4R/lUPaAE1d3AO8UJHGCXUUBokOLzeeQB1/MKv2P3EEbiuh7PbrMqLtAb0xAq2cJKj+JiBt+vGOJBTR6SqUjnYDPhw+r1jZTuohBJSOJmobPbaaigW9b8nBPjScvBhL4eEyUQze62OlXyUbnpeSS4aDNJVxxjHvQiS03QFkI2xKYcY8i02NIquSS8pA41/5uaO1trlbOtsZ8AN5hNEZVSzb5Xp3KE5FheGTs9YWsxZ4wqpiUjppObLRn1EloIbu0mae4wPDPJpiL0cAaBvD3IF2mXPMgudg==
815,丁明,男,440111197811147072,CzZqCsI8YyQc,pUb^Ly+=Al~otS,xG8nfHaM/x/+RpPHnwUzkBBjVVG8Ggp8PvBf8x5zbRVP8/gM8NhcRLRohCAED9n/laX8+yC92qV9RuakXCbuvKPrv+wPXv5o0zz0aG/LbWGjvoHLCMaIb4McTcp0Zv6jfJmN4xRYy/54p5/LyFSFY3ffSbJi91r+2nxO9XzuAGOxg0Nlp3bdhCZXd/SEBiWvh7AIi0ErYrqLOPbjn4knYcPNf/EkbiPkZAGzQaBV3f0TOq7mPGmGvsOwNsTa6PMMzaqYvKpEjrpc7WftJoHJrgbDc/IOZsNZ7U20kBr+qF3DvIvEb0ESVk2DnS9yXuGXcONkZ0rTWFq2+mNyRNVIVw==
816,郭颖婉婷,女,440111196908182240,osWbRD@sWbRD8pecJk,Q!W:4|j2,EY8FaK18gv46oBPChvBuJ5vcjY3mq2zPOa0uH97EFVGKL2R3eNETFSYuTsCXEpj3rOaqWy3q327gs3IpTSVH5UI1eGlkaDGQU1DXnpMITJYEPoPqnvG6DVL5G0qntQdp9Odg7g88vBiqr/7GqHIRio2CM1jfC/r6e7w8nBEnZPOnB5VWkJX51NPXNxFC2VrqwGfLkT6+YH0QrKCZE4dU69A9Lt1K+FSqzXauNVm23s6zC1MPUmvEikkeYHd08OQNp2vt8sEFyVzuWZmPl0aDYBLZoq0eU/eHFf8+8aPQz8oJJ+ecVX6lJtXCyUXsASllUuNX8qUcZJUnO8ilnMe2ow==
817,汪梦洁语嫣,女,440111200011218949,UhjnSMqTg,E)9+&wZs$,rBnIiasHjmRxGukQL9rIqgKK1fuQlaRUPnfuHvRB+68eEwkQkMta7wXMJRikP1YHE9fY4KWhw/USRtyBROw9GyzaVNz8tj53sLK9E1V7Tl9ltu8HqiHGX/BT4xl9AqheCmR1JHsu1UPwNgpXtESw0GrCJ492nLOol5ZFRYoigjqJVybfPKDLiC37UB3SOm7+cVqzgZG22assvADUiE0L/NxeYTmMr5SbSwulIO4WtC1YD8XIPsbj00IrZfzKLtWkxVOaUF+cCKQ5jv5sap4sj/OkE7181e8Vn8eyVqE58KH5QONCX1tbx3mXXz0r4BidYS+64k+RBUN2dcMsP6uiSQ==
818,邱瑞霖,男,440111197703232536,GtU3TQAp2a,8vRjWmN%{Nc4,ElVTeT1WHMxdGPVnqIRpcbm+wtf5o4V+rFrLZcVw8am8MeWJj1gLzuFNuGV28e6bjVvoUFAf1/3UJn/uhsdx5lF61EMiFano1J6dHzcfsM0HYnORG/BEB4dHPG7OZ2UWTe2zpYindwMDav1UOiCXlW8NoZuq46nm5Rh+xRKcOWcEwSeTlWMoGtAxojNQ9plXEbFHxXKZTqVmPGUMlLfr6j9bkt6IFMgT3oWlbHwDJpSvzodvB2UZXxNpcxS4G4BBLhz2zIU9fW8nWAKxSl3NcQXXf95lUf25h+A2y0q6tJTAxgJ6rhb19572ihhOsKp7P0TJ0VRxrgjfx+o+O31fDQ==
819,左睿,男,440111197910016158,zStBKyIjJ,xI]=9&H8K>,F9TmOz5pRTuWfau7WzLFEFQFZ0KNmWoOlteXl3/Jf/KKxa2WqaTD/PhG0BVpm+01YcUCfHeOPEUvEbLb2EREXLKC2qB8i85h7DaUcaAwMXqVxV2cCxT550yc6+yUfFo+YVk7t1P7xg/20E6JMxdQBhrbtZDAdiXkysSe7TG3nYLjX9C7sIP/vaH/98Jb4KYN3UCB+Xi891FGoeR8UsjK6J2hjThE54+7/WfQFFDB+54yFZX0S8HxWRisF/MOawaKI4DmaPna8hwRquFROpTLsupKGoL1f9yXVHKKGfFPtH5Nn12oA8LVDwpoXm8n5QnDdtlHq6zxFJ8GuNmNbzhRTQ==
820,田文博,男,440111197008154193,dh15iGY,0Zomt9#`,xudEzHRCgR0ySIc2dlhiUXjcSlgM8rc4kgb9eMvNINmwqHAXfsqqdaHYPl7wl/e4/0dEy4ifA8bqcb/fugpZpotoFJdVOL6a8RcXABIzTIJWMANu/ej0JzrmWj/KkauFqFuRetYXZcNpGesaIx+/HI0qXfrXtPQ7bMosjEz8B5WYEQR56oNcRb0/ibsa6r9/TswU2WZa8SxkpQ4ExJQvx2OEFN5vS+7QMKg9Nfs+30fb+lZ7PiocLlczbKZ+bnHJUInYpGHwS1+477IYO7gNk2NNflNDmP68vHEpthD60XYz5YJt4HMf7BPah/XahmJkJhLB0B7r8si3bhP6yDSVjw==
821,郑金,男,440111196905077277,Znedcg11t,hH`&9\x3ox7K,lhZf3Uby15x5Wc7u5ptSjuURaVWm/se0L3iBVGxlrMiU7w2KINaWHfY+AUQqycFKt58UytmVHtEVDOCqWQF+9eJFswrlHNbBr0wYiBjlBG6ldNG+1Z0W1E/mcVftno0qfABai6Af/4EfLWdX1YBY9SLc4yyeLfv9O3DNrBEBHa59fLS0WM6Ck6LNwA2vptykMVjsUde+yn5DjDTaqpxuxzYIVI1QoZ93gOKIrTJh+gtMWPN6+Ztj21MRg7jl7VNfZMprK6Pus5G40dCv12A0Y9mWoyOsVnidbN62Jp1paZYbjRMuF8gqiG5SfV0gzONWAzaVnZcNo7xVFgSNjuTXkg==
822,向文涛,男,440111196801286058,RtQnc8YSmWHi,!g_C!+^|lBo},oJIm4yVglM3rL7Q0Xik1BEVLS57Q3yakiuE0V97NHBq618JJ+TcUvNlkwCes209SAxO84P4X+djpc163295FCxWjIMQoXjeKIZsdilPoLBbAp7g7+ssF3t1E90wJQQs5WZupp9NnPRRIgf4yGzn7imsajNiYy83rxv05Q05lEJN0+p17ytc0y/gUC1o3VrAusvUDA0GhKUlf/1HfjUC+t6zAtz6Ivg15QNylpg6LJdKC2VxZAAyx0vzYILv7aOhIfBPl8iiOfLBx04TYrjpoeNBRuOoMRTDoIQhvwwyMYs2qH1LU0v5XATNewhjJMK0WIh1aCjrRz5yTc2lC9zrbAQ==
823,陈乐怡,女,440111196605017862,LpRaBi,fP.5**_7ASv,afGrbw5Si00guCIHdyWOeW4CKd4CIVacYACrpWtUHpoxODZptbRbWxAcc/hI+vr7REDILzaTMX+lsKqlrJD6H0+uGiwNHLY9d6TYuSqT8V9ubJAAqx1CsAaZ8BZBDRTAs7grNktFooludNA29aIkZJHOL4os/IpRfAgbzBpZedK/zXyrouAO95CLRzoONisCoDtCkqPr3PJVlR/rxi0XIsjdjlIc/jkbBCsCQhJ4kXE1hFSEVG/8EcqWm0xqFKIRyvOT/B2ItntpiL+SWWWloEssdhRiFmcHkkjMv6/RIOUZ3uhGZLto+BX/EtRxMj8dlcdMSvDK6t7vVAFm1bWsLg==
824,柯妮婷美,女,440111200305220526,ZbwMNa,U@3F!yvWk|n*$`,ZVHwIThvHP67B8oILW2B4mKmZ1fNVPhDrTHV9HQNpXDWYzgej9JsvaWYYkO+aWJS+pZ/kZx4dI2S/MpMdwSEe0auTs+RvwUD6OLGCmeF+weHF02ECzNwH1yFgNxZ9/+9YiQwrdsZpUFWh49mxMf1yj5h1javueF/wflISRDlwAVrAD3mOwOt2MnkNre2W5K7S963yW4c6qqxWlu1dgNEq/ZKBCTX6o879+gaqGMfrOfVKauvG7Lq32PjiZCw1ibnDuSp0qLtHzPtLaVQjipwC4BZ5Q+XpCn/vBh9w/MvHtcuZX2UkeEfox6XpX1w/OVvlAudnJlOHnWtEK3iNMwW8A==
825,岳正阳睿智,男,440111197409206257,oREimCg,Q)U_55GvimDH~,IUFhJesAT7iIO4y+JaLzU+dViqTmr1COVViB2PcNUwuFSbCzlBou8lWhnhBkpLwo9F6u/xe2beBamKB/06KVDsIWPk18j9fnswO2QMpTpyf9fHN99w7YFBCjoL4Ux1MmtOUxNH/zER2YriwILu45lH8I+7UTJLT13X31iXtkR7GHcr3y/2Arc0hoMX+UXVcLsmHOh5af6O0U7qJT/0EwVG8WsHkOSqJby04G06r747HenoN4prFWOvo7Db1LC1BW66k5vFwadnSQjrVo7AEbZTSPUUCwhl4VWhF+g9Nv7BrQjmY5HEQRUSsWLuBWAPh0K5qTmtAqY1VPSzmIs0GEvg==
826,钱如意菲,女,440111199509110147,nC8w8rh,rKOzeHR=:7YU3Q,W1WA7yoy9wLQ76ynQEXLRUDOe9NdAsegTd7u/Xc0lEvUwRpy8gXRuhDGazs4uuKXU11p+ibOeEMSB7EiKve2hNbDB2+ZDLKhJtzZbtcZx3rn3JY0JIPNZrMO/Qt1r+xM5A5LoeW/4qahpU6Fphfh1rgosk6akE1TuEpWthzt0IMeibTnxBzFWP4Lm9pcisV0DMHIB+fwkWA8+/5KP68Z+jwRvS7Qpkzfu/g5tN1xcK9Iy+IJthj8OSMLYbJJgV7amN4a5H+zLiUU1tvLJeN8H7h8jwerBDbkeqBaX8wwQYWySlAQfkmjohQy2H+hvxqSaYtu1IFSpY2HefYv/qMshA==
827,伍林嘉祥,男,440111199110174990,Tn5AF84JpE,csd@p{@;O=},DpelkCTb4WOkwo8pGXdNbUVHEoxiY11F1ul9zfozn7C5K9MFSZaNEC5CS5wCrqTE3/bM7RLnfv+iTgoeDaKWC1HCvYL7jKzyqyqE7RaE08QwjRxz6dRnX104tjEs9Rirut82UQfHeIvgWljXq2GKP73Mwb+7C3kJ4ZlqDDecYvREJ7yJ+k5KzaXZI3gtujCOmPcntl7gQgwu45iDtJ/Zvyr1UKFm05vb18v3KS1oIAc+bqDqVbkMNPcR7lnmMmiIjRggv1Pw/mikVRO/meuZA6bUWC/dbYQ2T6KdMttGTmEy3pTRI58HsNYW/e+USYi3W2HxVQQn+CHNtYyGzsX1GQ==
828,蒋瑶,女,440111196909086162,ukevnw2,Gy=%biMT*j,R6v8Ge8BQPcqc54ifS59jCP31cD9GPyMMgjUlG3d/nr73CCte3TKqis+IlH0OVgYJtvry0g4L4HQ2VkxZTWjzMzhfBhl/h5vwfeIdiR3MTx3A2vl2YJ08PaCsU6weA9qzjg2uMZIa8qVubMnYI3OKQrOHdRgcbXBbMg5egIcml9+wthNWspmj/LXCCbbg4pDLp9xNsNDwLwZNKXdY7EOie7H9pdfMg4S7ZSaKAEPCT9w6SadykWYZ4C7NATPugo+4TNRxcRsAE7foSRYwimJuvqY9wwV5l97ZFmv6LSlyhc3N8kCKi4r2DbYWXbWeSq8KU/Mevrs/9m69IJf5Khcgg==
829,毛峰,男,440111197603045530,JaJdMGZX,6HhKiKBd@.,PKUwCXNz68E7xTW9oZH0CF86PIq2XW7+mN7dntf4JJzg8qHX2fXgmrpc0mt2LBvTHGW+hjFM2OsrX93hmpL+Bzyb0+/6rd50j7EZQXVxKJPfXoAgAoo2L9nMMKKhwGuvRJCI/9kI2Dm5AJrCKOjx7FxdlIAL8f5h7N2CD5XklfMJ7KstLdcUzYdfRnjkw6UhToOee6YdIUI22TU3cIx7VpHagQFk7Hd8Y0u219D7otnjuOWh7U/iBLKFgeSanWcHv2/Mffu3alk41CkmVAOa0R5yATH/4IOZPfUc6T+SbrJJbNsoUDu2nKbDSEj+vH2P8KNFlJlcr59U0Eub8l3Zow==
830,曾嘉祥,男,440111200101151936,XMu4IQOC,0=eTL7t7k:,FnF5rRT4Gd52eQPY5O1o83ao71yTF33ZsLuX4bqGWUbh4zu1LdxxhxNbR9hK7kHKctsXlRSB3SXbvZXw02WsMdny34OQWiqjKGd7AflvAmvHwLNe7LWq8O0VD+KwDXbYloJsgIJerfkUQHM9ySNJRKm+Lb0AWbLA7TY3/lNbKgo+bSw7vxbAC2jlSjAZrV42lzgrjQkvjqwYF50KvYWugK8eB160eLt2m7YtDTFJQRJqhft/ukrRdx6Gm95zrqRLvEe3jth7AAWa11EUFhOtCRQ6xdjs5uoM6YEKQbKx3aLFRY1aY68TOV2tojTojHy2UZNutrwRMsurf3Z6BYM3pw==
831,司书瑶,女,44011119660716556X,zirhe8L,m\[uT%9h?v.6,HL01PjCOHqTSdYnq0SnEpZwYFgW8+UMZ/X3/vOweDOtBAqMv7py2jwzz88qTgqx3G2fXtTlIdkr/bO4fI8u3i9+t0GJwty2aWULYOiIaIGMqbsEpEXmVPjf5ss1Z4GEb1X4V3lgQMgB15K3FfEYq6CyvvGjCWtbg9iZrSXgGymLpZhrPPYHFMp5ONSJAi401F5VIY2XdH7WLG0jCiHieO5968XfdhmjlaKTidMrA7+NvPqUImqNeY3JNEBa4MY2gcFXlezq9h+gt7RPz2N/CGXuYK49GWD5s5xXt6j4ClglgZHu1kIGDPpGjx2rXqzOeB5Di30KqkfBh0c8YBEO43Q==
832,岳瑞雪,女,440111200602088787,AAk7pv,U/8kb;e9!9WvXGD,gdDkOqZzsTFN2HaHfl5qQrUIhewlCUbJyukD44DzGMoImsOxeLW7xJlQA42hwlMnTdncWVKoS3QPcIhc6bGHhq0Oj0OSs6euDWf3ffMjd1/9+2SSq1X4BbyYX0qqax0wN3k+DhuKHuolSxMYDO3t7Wp9HpFw3mJUCY1ZfvmYwczB60WvyB0giWPHnHI2nXjxcxQSETCGZBkLgED/cWgsM/LIPSwKTadbcDn+28Oh08NHLF9aDnBLRq8X7x6P+1FskrCgzfGwS2PurZGqzIOl6+BeKHXV44lrfgORjlk58EPP0ivdOJfOmNYbjwFJV+/AlKJukRi6IkUrtS+LijenVA==
833,王智勇,男,440111197504256818,lOSMYPp,]QbAbDjQTe5@+F6x,ROzL+pGCv7pWITQnoLRFMadzQZ0sb4sq4G2k1+IGmHjk40rRNR+FDREOnen7ri10M1av8jowxrA3RHX3JrFS9k4H9y/l2G/WU6HItPNBaVbaKc2ePkuEkJhhJVuNQ85bQbBYGErXD5QTwpgq7gYzGjiGQGuJzjW1tvcLEm5+bmgwBexLzXRumhioks4vhVd6oAzO3yKsZCWJatpomQ+gpnv7H/aF1ICJKUNpGwRJCcH7Px22DKn/WNzfk9nkcZX5c/vrBCmP0VmsI/3S8tU3ZBH/EmRijBKziWOlCeBualL/2b60+FDlRASDmzSzb9mGhoO6Ku86cscMqFT5EqXlhg==
834,胡涵振华,男,440111197104053077,QUCNFb,2iaM*:fN,id2ZbZe8d9APBx1+NhERG/o3dqWV/xMAEGnRtNf9A4ZRYqVAFvpiTiWf4KddT4YSbF+QqAtxYBIEIw2QDcVcf7TWOaLTptO9urL9hc/YZR+SelHfsP4pFoCynt+NW2U9lgTyvBH7VZZWYDuALyfWRVqLN57KmMxZMWIJx6/D2m73ezoQB46ROSWwIiLj3wT8HfD0cDrQC9jjrqTnxhv19QY2g6/5pLHeJUJcZUpJGibp0nq8myIqouNyQGlUZRD7RO+C1ABTY8+LkuVl9G5QonqdTOi7N24mXrg5FxKnoDwVpruuSnF+C08xrFQ8pYzm0PpOrlNbFV1r79+5xJKlGA==
835,杜惠兰梦,女,440111200408051905,CnEnZdd,OhQ0bEDc#EOYva4,KAWVylwqtGL00vyy886OMweFq9ruM2vFWc7kh9hQcUkX3mP4Z2ASFV8JUCjtZbMNq+OEksgt7GZo/md34preIxKkbhDEqKK6u9aQ9SebNEH0cCugxs4nshqC3mrJjVPOtW5qyOJz3KHQw6S7B3xGmsngfXJdAVk6tEQNujVbnJerjhYxDUFnI1Jqqmucn09JLmhhTSkDWY6ZSgRx334ABlorIf5KHJAAJ+ila4QQjBm6WX0lKGmZYgZaXae/W4ezeUOp2Ui5+B+Wp22BqCoT2Z6KDRcroM8YFySZpnNsIJ7O6GnPMLiGoM2olaW0YmfQGVy+Cj51fvi3VJkvcRsZpw==
836,邓睿,男,440111199905195111,bdIDywp3HOKh,DmP`NTvcoc4/Emb,SK30Bz24JHtmjsL8TllK4q3iNWeRXe4yV/LWFNLLo61sdOa3s39Ll94IWZjEbr+i6Ry5FbQb+wF8zRNeT4rZPqBx7LoEoZmjSlkeXHe8AMCRxSz3bqPgjROTBLOTnMa0GEdlft5NF08VV1MFKgzrBQU1H0wb9W9xTDwx7RJGHS2tkON62r6wEIbM+PANVvWmwtPpVmDQ9gpnVFiYNnkoAUcw8w0jzH/5nD7IPy/flfK1YDuS0+3eEu09cH0gvaKqnwHQS45JXGxh0+JRbFt6jfO46QnaonQFFTAl+80RBtaEfBUTG+xVNIja8yFsjMpJo0m2epakIBpR7bJPBc96Dg==
837,庞信鸿,男,440111197112199316,uRouOXosrka,@(4`Y|?!ci+7O,juSJ7R/PcloMFH/s92bUWBED4v2d9L6eQ7Tdn8rjkLhdQv99PWKfQEn1CyGmxBtZJsxRQ0yQiZu+7HpPxMgN9pGs71PRge/pCC+MPTg/vASZtPYJ5AyvaHuo9zbVVhMjfk2+vw7t52lYCAMRMHi3iALHhgjFYSTkBJ9BWfjPyi1JbKp4K4uUF2R58rxtwjZGT6RESyFHItkRvF1d7zwa9nMBO+bZEJolY2g4xj8F2+qpcXl6EpQCnS+wRfxLUnYb9dxSIOYwh71CfF78dmyJ36nv+2modazvOgwB9kqcY7tzutgPrq8F84uQZPZxPrFLxVJy919wSJNjY5bg+DUTlg==
838,庄宇,男,440111200408169671,XaHfmC,:n#zuhSvynL,SgQqKDR8VjUvWv3hfr+pJf4r+vGKmgP/8h6ByRKe9QlKLNAtOfCZh9U7mBj1/Agl97PjOysr4Fzi3wQb4CfI5C+WBV9RLs0sbEH5A+2LTO68fv1Kc8CuBi7qSDahdm8CoeroS/ABC/J682HSMMbPbhNH23gumIJXu4iy15iReHjcmdI5ILJ4/MhgIUNOH5kXQNnkMpfD0ZymcwqEjoaVrVzIogmqFreocFpMtXuoLlQ19zxwu29QVubOo6/MbssmIWUGlGKfFMmVAfmKy0nex3uozjUrO+NE8lcMWFozOE2zR1nBaQDxdhgwTpw+d1nfnCFux/KIt3NmXyxoAM+dKQ==
839,赵睿晨阳,男,440111200204193979,k7Jtny4V,hczx9Q.~oF,hZy+0juzHUqIARxzhimFVMxNioCXqLv6ZTvwpurpsyboykkqq2Dy8IyIwtRkS1OJB/VYhSlxXkq3gWg0Y+UuJA6JRF/OfFcn8RjWNVMfBzeMw4A+86p4ynu4HGFis46r8024peuag6gYDlF4SSzrhG+4IgvbDbfjnW7VRfEbZBwS/3JOIGgMP49N6w82rLlTC89XAiSyHzzrPofS6m2PVOBzHNbdT6ErBhTvpvsVGOwnr0UR8ic7UOBxuEgy0uWL3OcdEy8WM0AUEUj68EAvmkGTH1leUctX881Oj4aG//sCA+UkB1zNxvVDjFF/YXuZLxv5RT2on8X3WXrbp+397A==
840,田国栋康健,男,440111199610056253,OMe9GEnIRrpa,6S5M-kwQnedy(f,DLbfpUm6T0UU1x9n0IEYBHgJIwI4n5PHjX1MmBLaUkuF2LjhWwgvRt5C8MPbiY26PRnE+pRuLiX4B8UWUetogawG4to50FS8xM5iAYhaNBJY9kau8y8a2fLCXjhYpcRHraX8RT//R0Xd3FEQSiQpm54joN6LlZ5wqtjMpWgK0klcoxVNugtK95X+nc15OzT0ZlVtN9LZz53acyL0QkuArSEQiqG2PZCqtZ6iEB3K4V9meIA8NT58UZnJoTB3PqDWGp8zCZrATWFHhB0pATxUg/azo+01swSp0OBoJZPS0mZcGpZ79/YUbmnY0uf2hEF8/XWYvV+MtHTaM2N7rFzRIA==
841,欧莎,女,440111198902052284,vD8rOUieo,XdC^.dR9mE[@WJ@D,Aw3DGpdr3/a4ywG1GJZD5O+LBGD2wmbc323jf3QDu18x/cfS5h7/PQy+V46knjv4+aHct/lokFBFoBueTXn2RPvQbHFIe0igYTDDFYdxnH0dQ+bqtKJcfp3TXirvx6vZsymeyVlN2GqKKx3R4F8TidPZJYdE6ZkF8qwZp9MrkpGj8xtGLOS0wkoai6n7cPovuLDBJsrCgc/2QWzALgId99fuyNMY4VgK7gsFUtSKmpUkEBMvDZBfKPGiNiQlzE65bJNToQG5tQsZXUr2DfVCOFuc5F6Q77YQ7+/URaqCI9kLI7vuqOcd0fkglkXSGCb3uRVNJaOLXcrDeMhtBi67Iw==
842,覃梅,女,440111198403231544,LQJKSY5n,vs4dlUm2stTQLQz,yu4NCNI+bfdcyGNXdTfBQYF5Bh6NVEJmPRyUnJsSsvqOMGqFOscsJzNzLhx4x9UdR3ysMOkLKVLezt4hhKi3CJWXLpqevViFXxFiGj7M6jxyXF2pEHiwZloFG6g2FNCFre+Z7KYsXgGQtx8fzyJBXgQ33vGKd+54LP93nAb8UiAvwHY/fpFowfujXjJ6Q4+J4nEEZHHocgnnpSGgAifS8EkWnPNyrh4v84tH8MmT/jS/HrRcZ6sz3nsdEP6gmfERGdhsLhjmwNvFXdnJ74HEyfIWdhdE2NiBgI4e0cLDS7n12DNq04I/v0okfeJ2X5WqJ4dJFssRj5Ah+Y/750tcag==
843,苏颖雨欣,女,440111197312061506,o291gfzXdxn,my9SPEdi/F}1,jKbalCZyO5Wkfcn6NUC5Mbk+BB6bfE0ZHchCq+jaT6hsAiZ1oRFOQR8zSdvygzNmh8DrQqvE0+UtjM0Rltx+ALEBaY2pvC3uj1EM/ABFTLiOOSHfJOglCN2FL51a3mBAKDe0RCj8kgAWgYqDwHAD4MaN0wzPcwXCOoYB7sKAcw3IOFpJgV5MlhTrAyE1RVYKH3FZJ75PGA+qeLgosebtspigc+/aRi75ujH8uxD+7oFyphfxmBnMqrV9Df1Q2QVDx84Olmx+jKAlkpc4cP1LVcAj2t7U+SX5BssJ6gyrH8yMre0E3Qssvm4TR4LMoe2xDNk/lzdKbISg8ClTt3wjwg==
844,聂嘉慧,女,440111197008214483,JIGDFTQjN,dEbNg&4`Pr^ndxe`,FbOvBXmLgC1ybx87PPqgcFwOx6EUsdPRDOGd62/OSySNPr+287kQjAsA3quhSdtcB9EMZmo79mk2DMrpVQzrlS+Ua+mPRI23qu2M0Q4lzGafsdgF7zqDxVMuQsu92a7OglIPK0KpK205QMPcYA58lcmbW3cmthkgwoZ7CAYTVzdhPCEULvCrEVXodAcB237qY1/TyiVVJWVwWsi8WqZRgWtqQ9mnmpAyI6azAs4Gs1xPQkO4PWRkv0sfzSyoD9A8fjkdgkIF5yTNClzqAZ8tMZ0pKd03rs1jgesGPq8EXyjRvJFhwVO0LdiUQ1ShpiWtjcjMiWLA9FpbJv9HKqjwlQ==
845,丁山宇轩,男,440111200308246692,qOUm3X5onUv6,fM5j1JAY]L?,olIHj7KCSDI6IuI0WmB4oJalB+QLHXrV5YTU3b+CjjITu67Loj/9udw7dlw5y6efR+hRABbI0X/WRMDzoT6aD2ZStIhuacN/S/RjkaiMIH1p/+KHgbKujB/RrKv5xw9xleIsvinU6OWucm0HZnsimvE/1o5LiymWJ1IRLXtW46y7BfiouInMZIoW0hYV2BdGyr/uRWmlw17Aqa+oW1fBulnStU8NW9V2WR4ZDfXuphwDl4ydN556QH6ct+sYx8smhs9uf0z3plybi8axzjV+HWc0peNyKoi3XiyCegV93JMT/WbBeu3DvzIKDOIz7Mmi5kYVYHBvfX/stEtJOcr8+w==
846,白雅静,女,440111200109154189,LDPBViif87J,jHy$nWoMH@^gI[,AVICSO8YqB0T3YzStPOptxR7q75I05WLDK0Li2+VXqBWr5eWdLkPeuWmcAfIEZFryNIPnytTBjNZ7sozjvB2JWStaY6lMO8NYwE9PaJMbIvMkSjGFVvxAmD3onwQiQ3X2S4urBBt3OGvdNyNSB+7RRPSUYZRzO2d3rVMSQkZ6TCK6RIvo/BvFGWIn0623JmZZXbaLlUmZqN/uWAJQ+9C87VrCYDl0HQS/bmpYjco6hIKaR0JfqqYAB7nTXvbNgqHaGsp2bLzSxFtzl7NeITE/9yl8Jl8XhnvASzoKNv+jDn/LyX1wMsPDJUYgui3ifSJIKsebBAL/zELljNU9awIdw==
847,付轩思远,男,440111197910247992,kHYLr4U,XLLiVMH(#x^[,Nei37CQud5Jc7N/Sfl3TxbzArtSQLysLfw2KZXMfztOhmwXzr4AVm2VL+BHABzb8R9zct5UW7PofWNzZftGwzGDQVUW8pPIvqRJrlz8XN6kBSXr6iLdVS7aADygEH2vMho4tYz8Jr2km7eag5QAyqp++H3haq67GMte3FgQ3WSvaic04edeEB8yK393fgCFl1Chz27iSXf7EL71di96BlfMY5gme37GohoLyAQWEaaCDMx1SiQGS9VmslecA+MuSD043wa+wJGK3h1+WgfQZ/JyQRRjUYgLp9drPtl/92DCh12yqpWZw7BeEpTCZkxGpTw4n+/dWg9AO0/4ZG49MwQ==
848,毛小红婷,女,440111197612040301,vN7jjm4,I>eR-yQ|]$@$485a,MdG4PHhDKCM+mcnFTvWfQb41WHq0e+spv6NPF+/IT/4xCQXYZTc0+nAp61cWVPEsW3L0sl2ONtTHpZkE1KZIvbo/2ROKqjXqjeMR39SLI+dI3xmNH+TvhyZBv+6b1nOef6Sjcy8fi5v86YxrheaaV2E3mab6p5EtW6/+G7KCrsFVEk6IslJ6Yz1DF+5h6LZw03g92hwJNyLZ39vH4/iXXWOszHiW8WqztXOy34ImKHt8o4zY3eACZYTXXn6z5Ono5ORou0tDq5ABD9sqj5Ort1r2CzKcv3Zu2hEg7PglgzEKdEkctZaR6GAsHFuZDsf35JOuIfzysZaV+bhqLCSifA==
849,韩可馨,女,440111198601071609,HVcoKiPCu,Xw`R{]c+.e2/n3,otw5YkHSw98PoDu7Ra0NzzlJhD942+hjCpnRs+OCp5vTYJJ7Wpf2gE06KVLVX7ybrA267IKHsiEdIJ4ki0ATQMgevdSEccF/JMdOSbfgkuvLTwnoEHJRQ3VSEbTDadYWRKCHa25VFhrNhKSfDdQi41LdX9mtvExUL1FaSHLXuCQ3UeYNj0NFS6wCrBmef5id4MdsMEuQu1gd0bN4REFvrYtMavnRXFHK+c0wX+Utk4TCPOOdXU7Sb4LaPSzSaYucoxfChLLHHTC3RN5dIPuUnsFOzgT3yTFPgwy/aCejIGoiYLviEkG7jX+yTAsMVVrNw1reB/CieF2ZY/DDjkSlfA==
850,薛毅晓峰,男,440111199203066518,zXu9hmFbv,OJh]4Akb,GXC7mA+ZABjUif8zSV4VHJJUhrzaQBG5s3GePjZD/9YAG7U4KT+dNOrblrYXj+20/QfvUq+KC+8fHnzn15hP1co2VnDaZGh4Q9Jvt7bdFLlXVFi7Eh8EYvch2NhTQafU3olBVZTMVMiSdg3iJqQhWfqba2Mn/iLEpAJGiiJ2Nm/rwCuuL9H28Ch+h+wjZpwdxhyE0rWCi36j9YaU+MAC3C3NyQ4Dy+n63B0NsiE8kezSic57pdRenCDFSMbhNs2Q0ZKdlmqhHlXyYMZDO9oE7oFcRIokjdCxDDqhipYlFoLbxANHmHDDCjVWURBzOK035OGQxlWMBlSAIQ5bVkzorA==
851,欧妮,女,440111197706111182,GvCSAyDJgCPn,$>-S5`({(*,kmiq4Kq+GGaYYc9IUnuI0BMHrullt+HmFHbBQ8jxBKOu7Dwu7lc4jYvZLoo77D03OdUHiVyQJe33VW2nvS7yam3gX73BGKOaobICQqC2mRaGNjOxWGqpPZs2Sbb6XTT4FM0OOd5Za8eWtHuUJtLxcoJTfz9Y5d07IrJR1xT+C2Joivuu9yWYBzB7mdVk0LmxHyI/bhH2sY/UNJZtcHLqPJzQ9ES/ZtuKzGCNiHkbextdLlOqdEq8ETOUw8PJ9qiuCaQOaSg1ukDE2aovNBYMZAH6aQFmxPvRQsJuM3xtx9l4VrzElXrzZgsubF+1y0CSqdTobofHbOifCmyTKUHztQ==
852,崔雅雯琳,女,440111196903272263,OHBTZCt1a,7jirc`Tb4.uz,OVvcnOzB5P/fxbBWMbzlpHLfj06s1OUU/zM6Nu48k5Ez75DSnIjmRQKAf+Z/0pluhJMI+EbEN6O1uiarXLE3/c0NkWpFdyOtfES6MKx7asd6l8gVPr4FcAcDzwL2aktQDAwCZ4yVdPf6anL5qQ+koOrNhpDoLEJ5DMJ0l4XXnWwe2h8eCy7j9usrFsI1Alxxlwl08qbXuTcc/q6JhThOthAK+v6nr6Tx4pdaVTy2/4QZBT2GyrsTXf2uxNop/fSaasPvjgdTy5ot/yA9fs2YsZrDE2/8YsS0N15Srtko4GFNLo2GKXAToDR1gyw3AZLBTrfrVbozqrZ/1KJq77Nhfw==
853,谢嘉祥,男,440111197112264595,yHy8x4A2bHO,%lIx>q}Z2hTy}i,YPjL7SWHtQgH/Yi1B1ZnPPp8TvDk+cyVvIcMFHg35OHfrVA6PTOg68cbnThV88K9mDi5APpnJvj9kFryexBmbkZKSzqyW0o7dZTeMh4s6TqQ1LabxpFvu1E5VE5oAL3ZUF1uaY8skDKgDwSdIImvpS63xwEIec7roR+TRQEqfDfzez9VQwA7BHIoV8n2TlFFQnUbKSLx1iydc/Iget39L368qc1Jg467mTqdxiycS1OmytitfbBTRQsYBz94hDDY73k8Zj0ONXLuj/Q1hD/qWubnKmcYx0Igg2+5VAymV2Ma2pFiaziE5ZsSnL+y8Nva0XE6TuTHIPuv0zTm2+8dhw==
854,庞智宸,男,440111199806191254,P0a4oQJf9,#vYw~rdjyF.s?,urkzKTvCI2+Iv4AhU/TKSy80vh3gVVRzVhEX6YllVFANwzlQUHJH10ehrgTSRglj6xMZ27PesVWx+tQfyZKnMc/hsWOvV0Egvb2hIrrvEmJf30w5n4lC+hIkJq7hSdXVvy+aql9FQshotE25fB7t7pYNQ9H29k4xfiJdmn2ra6X6qcb7k5RZPxIal1//nvzlYZrSyaBqlf18lELkdGJehM2JfwoAl+JS++QvRZGQYmMKyOxNxDcnI3lFcfcHjDSuc8DxCwIRCfgpdSiwnfaYB1ijPCsSLdRfKZgwF9FHC6FT3CnfL4ZcAprr5icSTcqLbjyDQviZOhBM7+J7HonzfQ==
855,石鑫磊银,男,440111198010305899,tTxuiH,81iR`g=HSAU`?]jk,Kx6kJ1549Wk9yhA5mGKrjI/BNYbmO5JWza+NdA1Am0Mk46lYi55LTOU9jYKquSFbAVfJ2Z+i47TURP/j3jXDiXKqCOLbdKLW63RZTkkBo+Jjw1cbqkFF8qQqKS3KoxIjUma+XBxWn/6uRj8qGsomgpHwr+YLes9w+FcvnnjJOMM612Xpw1KHOKM0F5Ek/kNq/A6NIPApdTgBjixIHfSFnxQFm1uyVPob+K+lbvtQsJyT2MA7zFQ89Xz0hFuZ6wnbPuQ2dw9wM9hDa5he/u69nx2rHm7EBN62z+IhyAHmoGqzjvn1mrUb5GteboMW0XKQcC/7qm6cY2rSNeARL7OPXw==
856,章丽雅雯,女,440111198802059200,rKbcNJH9DmT,*y!aT0=Mr91!90k,M4rkf4JA+cWL5pbyldR1yYGsX2NRAzWHY2rWfEDe/ZF7djgP4iwp4ccBTSa3tM8AUaHR928RUdFdDokXfzNz3TcTd9rUVQQ4S26TlPblmUmKeywjneH5VYJuWifbzB5/LheGBfb0IqPR1Hvutgn5YFrwmvMUEhw0TRbDXoeU/UEjz1WKsfx6scueRS4JSJxZQ0P1tse+6F1yWW/OJnP6SjcOyMV2/fbAZpxGhty8OugKu2IMXcW3gH0nY7SF+zywwEz1tbfduTUKi3+ZCBc0omCxupWJHxq1TUDS2nCxBPoq8c0VuKABVD4JT/xEdZxPSkzRMC/w5HSkLkT0pHZNJg==
857,谢伟泽,男,440111198004102534,S8tY8wL,A]8*c=F/,Gzwfrau32oAx833Xr+VL6B/gtHxHOzgcAowMOZ/ZPykOMhlnoE9HCIOEWZiyN5rghd7ukDy1XJNyjRKySnDKwH5Blsdtz04wtB2VEeLrfq6e4OCxno8KeM2bcp6ewS3n2/Ca7n5+8meSsAQ/BhFH0bfYbagykr3DOUoWwHzxdneuscxh6t4x9XNA/7zF65DP+RBAoggZ5A+PVAuHn2uVD/T3nbaq8Ik6NntmxOmZjRjVR18Tp8oEtODUlRzMNckmgXIaLdB5+5mHy3Qj/d9EH3BOvbVwGS6HL44lceupbwg34unVA05c4Na/HpIz697TPB/ex8rki/dbVzYt3uzyzw==
858,范咏,女,440111199108248743,eiFpE2,Smd(D\/x,Z+KShWTGEgj7abxxhY/NELBU8ytZAmO9vZ+VGZc1wENexl2XpXiUXJ3Ujxa2qVxQFHkAZ/4TE9odm6LwxkG05jApKEZ8IEtqO7ECOzk87jsAejwGOTkGZL3IZ6KachIMx7HmQmD0zpSfiImq/E4vspL8MvVs2A+PWqKFvueLj5Wu4BDsoj186Xp63IjfJVWb1TZe925omxAjGQb6NyGGC8e//7oVTJQ6s7hOtRfxsEvaqAMjZpyPYld2AAawkTABaWWnNVaq/MfAKNsxbwlAmHyHH/h3vZWWAKp1H3xlcR0QF8Jbfiyx2N3KTsmmSHeSFV18tsMpfvNENvNAUKimVA==
859,薛婷美,女,440111196604011864,5TFZRy28E4Oq9,@t:4(#*Z,hd5xB6hlKnnprWak9d9rvNAX1ai/8nwuo3ouSa1NqW3RrfyiwqoXcxMARPzknA0TPnPa5arsBJ7n6cGxVErfAmBTci8kB4RK4RxFgWfNXmPPaIOpfSituOVTsfu92nWNK2nkZVocizna/OZH4srwtYB2NzyT67bPHxVB98CP53G/yYWe0Ow2HG3TcONMxJOFF6KVFMYGRWIGsJTABSM3Vs6cAoR9hl5WY/P0L91AZvEQc099am8SohV9q/1wv4ETN4EXWqX5JagT9OFPZLqu/tLiBe7zWmaTwrFrKH6E6Bv29aG7OjenL/+TVTpCLEk2K3F7Sb0+OuJxmWJUmUeSgA==
860,徐嘉豪胜,男,440111199712143358,UCZ3QT5J,Z|D|G$j<O/:vH,DAZZh/1aAQ6MtPgiRnBo5fg3OOrwGnyN+qLj1nv0k8OODG8UFwgVKM3Z+FxmHTxrKIsaur8sslqoCB0raYVDmskuBVGfQHLltqLrxY+QzxoaCgRa4DXZH0xZu8chDnWeZw248nT6Uv9mE+jRxlfwTHQ+KUORDhsgsIMvq7l7lAOxXNbvkrBWckfv9pBqGbr7y01QWDNTpKoZVtDpjPm4FnwbqhYGOK2xrc+VnSkNGzzV23/snAaZDBBUOiNuU/o4Uk2C+94s65jtaF4XULaWaumT6hJvCN+/V9mPkS7gP1SmdhCsomGBcpqTSeUniTY/2mxEEe/BUPy577QPaFvuTg==
861,姚月婵苑,女,440111198311046640,ZtNgSppbX,jebw^q|jP;,VP39jm4QtBiROMQ9tL7IunCakvWV8bLcIMl5KuGG+cIzq0CEirF6v4p3qbmilUWnRpHLZV4Uih7Qtwcg3FurW4r/lcnVu6uz8wifTFPRVTCDkRpqJM7Yvxu9z+65m8frbR7dPL/+xxWzhQJ6reE7AKYlVmwbjDoU9stkw4SEZMbOLZATwV4y30HugQ5IBjdQm1TQl8oj/TVGfwAywulMh2IewDqxiqUbLmL7eshy5/CX9OEGLWzdZNcSh+SKvFid90AWpA3GgJI8LazKi+63FoUYj1HfhHV4GYHgXObgzoWdK8rSVxx+ojYOZgKtNxLI0ZRKVHxsDoaaA/TR3a+t/A==
862,潘星河振华,男,440111199003227073,DCvbY4,1@Rfg{c\\&se*UxV,d9kV4F2fDFCJIl8H0Wjff4zS4XaZ6+9e/0dF7MEfMzjkkXXTE8ZBwUU365KGPmPlMOQzUCct0LcYfTzL1qd/EJWZ9sueG5tGLJDprU0D8LKSNhtMiOLBE8P4rOa6RqtZpZc4qwHZz51s+fN3fo5N6fZ84deBwlum+f+SC25yNfLLokJ0mCEKMBX3MMUeGFTb/6rGiWYAmF0JI9ZqKKpJ+nTWpjzqcEYjHsuqjSwEgx/GoTOaxQoxkjpvKtPfQhy8bi6Er4TKkShe7BTXvL17SHqJbdoR2jdZCJldm1HeM9qyLsWXhaN4RBMiFFzRZiOsS/DleIt5mvTgsCO7jPHlow==
863,陈航文昊,男,440111197806057056,XyHRzg,N~iG_88?;t(HX{ur,s6zHvxxK7CpVxT/K0w4Pi++nT1uUhUNSfrAliP9zuheqYfS94uz508xYMcaTn5B/i9GvVZYqwek3BDvOhDJqv80Ed+U53HVa+ex9cN2xJcUWiq5qeVhdl+4gVtPoe/y5GgiD75Eq4/7wDdYJ29yy6f3dXyKaNUNVkxIzKFv9NJQmAJxP120RWbk124oTGfcY4bEiDZ0frpvXcTN/TJ9HbnncJmd92sgj8hAAr8RrDkpIVnNKiSNqdHbFLUI/i0jsvkJptLYsZ3KYUD74nvNz2EEEHHuO1sQSurBf8OjupmiMFgvh/0NR8eXe5BYWDQ9u8P2ce6AEJdGcKUE9dAWoHA==
864,欧梦苑,女,440111197507140167,p8WZprV,v?E6(j#>)aG81S%l,iwoEThOk9akThi6nwYRwNrYB+MRlxsIJvO5b7aoc6ZQMkTpnxORSUMZfNuCj0iG5p62ui6Sp/HZ60sIJfwzrADwNYO+qsPYUQLo2ZpSkwaC9VdyBE+mYro8sNn5U6VlhGDEJaRExJ5e+l3UQJvWvJk1Y/Y+o7+i266OkA69IklBGCkolYDqVrzSXW5tUH7NxOhPgNmdtugYlSsh7DKg9TLdg8101PxctT3TsZriVLbo9BRUBoggWQdBXUxmEnq1nKvQvgjPiEhEinqm6DX4jVq0O/BuEiRSVdiPcpz7PJVtWFGlqII3wljC2XmMbGo+B7JxuOVvKevXxwa2zcescZg==
865,左晓月,女,440111200410035146,n4MS9nW1A,a*dgVKkH#hv:,Snz+BOx6oQERhbbUlrXC6xVxtwfaEvRRY8a0TLGKqOZOqkBdkfPLXDQug9strM87y9OFclar/Qoodn70EzGciLrYXeWryvPwhoev9vH3M8fUzNbPsIMECjMby4nMLDAaO+yQ9T6e6lP66SqeSxh8Vqzf7/qFd0LAKpiHqrnCJH8OQT6tbPpXAFuvkpqQcWuuvTNSRyJ8l09krUtFwPQwyDO+jCXAB18uCS3JJw436a3CrcRv9SUzI9P/zbnHhIowNZLzh6z4KRzXN3WOKq71Ia363JNvAOEpJcF/WXdfEc8D6VKHmJrNPoVcWGN5NwvgWjrs5+Sqc8N0x/6f7m2cog==
866,解德华霖,男,440111197909063395,MWTOofdnx,?p&kZgr/>P^,kNfWCh98EE5oifsNz6Xr/HwWPFukXGpMXVY1SfPny+apkw04GM+cNhbbH8Yvtkn4aOIaBx9SunSpUnUcKk/yJHmRGc+S7hwGYTig6atD5hE1J2TYa1n37+6p7NvZGad/YNSYwm8O/NV+pnaMN0JhiaPWWQCytNBmMee5gTB8BiYP7dSird3BZy8nd0qa4hMZQzTLflWlTq+Y7stO2dFoPkikK/RqyygzYzaSFQCHg8F2HtHjtsy1e9nQFNJgVqOdDInJD+lSXCqOGy9L6ILqYs2f3b1O0RtqsaAxQgt29/5hpQRx/5QkjaCMZHC56Ehv0stBfTSSSTPGH1NtKr4Sjw==
867,蔡建国,男,440111198107031097,WgWQBToY5Uu,Pd!B;rNp%#u7D<o,TVGhd4QEFmLPQGEQNcyyLIr+J7Qa/K45q4S/Fetfo+TegFyMGaijdqb9T39YblmpQziWX2kVLeF2FWYr4bpULYUBDdUyLsCWb70Qqvokdh2QeSMY4aA9hA/Ml2CGhG68LL1AFcqEAIGn/YW+H9O4zfOtn+uI8VkXJIhi9ACOjFUSKAwlLHASYi5MszDxG9kx694ykAIlotYzdBM4G2UFS8WmzyCDDQ2J6aKBd5IvE7o2KYr/WUtMn9XoYVFzMZq3npfpavoXK1Ea4XVU182omghWgEvEfQtpNM2BJ8JV2b1o7VLPzknuiGtAHjsxzyvOM9dFeTesq3AnLr0Kup+uSw==
868,于元嘉松,男,440111197601306872,jwGXwOEP,L=kz<x+W~5/-u@z,s1owQifc+93sVNjDlGk6agxBvSQpg9BzvQN17VCJN92/Zzr5ESDHYKNSn0XRo9UcTCtGxKDerZ02vaIt6ojwmBNRQ8nR1RfnMjBwGlqcUkKvS3w5/f0vLDKDctLITMMOddmipeg/jvCnDj/1akd3nXqFi9bZs/g8h0nA+NCnGuYxNh3Vzq6EG/2VqQUnk3BXVt1EtpNGh9UCyhzD3zrm8sZOlVYkEgsHqMZkM1tC3NEl3kF9UtqQLMGhII/wfO/2ZYXkWalycf4ul9wCRMoAkqJk2vn6+bE5MZ8aIS0lPOLcUafevBtT4YpEtzHU45eh8+vaarLNERtwIp3o6Znn+g==
869,郑振华,男,440111197901130194,lNvL5bZU,A2_ni5Y@,TnZ+cf4UF2NsrQhmOvu38LZzVTUHtLUnKARFHokirAioRAJeMmHsdVCvhlxJmlEfdJOfd9GSNfshLuQ8ba2XveCFSQDFxlsTY/8BUWkHq4wE3Djzs3cZejeXHu+RVgGPO78u3C4VarBnDh5Is6Sz92p/kSH6jvrBiIBPST3mwsUpwh7KikKO30b1GbCWmhS0BXH4lQzrltVnkLbalRdw4cAXQRItL1BJkVO1ZVCncNtW8p6o66Xk3CTXF3pjHvfEfuh/mM1M1DB1W6DPG7J34g/LQkZkOeaiQVINUg7ytT67wXs9WRnffWO4hjdrc3b2eaT2nYPWLAtliUii2k0Zlw==
870,于文昊s,男,440111200312070212,XOCRc1MVcV,X1T0u#i;;2`$Nof2,ThQcX/iRtUeSmCv6xjXjo71Ub+ELPt4z6yCTx6Ntg2aOZ8qpp3ybCHEI/5aKVG6W/6Bprbqn2JTJawgB+9FX2dIihbpGeUmJEdC6Osn8ST9/+0te9qTQ6V/FIzR29l1qH+g7iGcP+8rpJy3bC99I8s3cwxc/9ULqoEOFUvaOgbXnrrk7qEG5RIpxLoiLSYAHZVoKr4pyDgL9K+LKDKfcw27/mlB24mxNq/ZWsB+zwHhOgbXzn359+7ulix7mAFgQ2y6jbcXT5NW68APTJFj58Iu6Q9cBMLIWovQsjzXVMqwfgkRopHuU+kwwP6EJ6euH+29vKTIMcW8OifpWtf4czg==
871,蔡康,男,440111199011174290,dcT5fmZ,}E6~WAoMLz,j+YlK59kaNaiqqCsVfja+7K/4PNleIEXqshZQLc4i7iiOG9dM/WhQwFHLe7afu51zKuLvow2+TkVz5WT+JRi5n6iswiWdMBL5Pj4O2LoGb1msLfzARj51tHvXCL6PWHdx1WiIMtQWrIBrMNQNK0EL+Xmsv69nOdH249RcaE4rg+68VifBRuMToiGH17AjDvDIQy+NyVjUwvDmvHw9foEzwhRSD/KwYKcQ8DqMYSIJje2VHY85Z20kc6M+MPOrNYRTOu8zK44VKAIujAXFDQHmGaNbh2RLrnU6KU0qZ1cWxn3dytDgF6gZ07cR1xrLuZByr77EC94ewjKtpEMmroc6w==
872,江卫国荣轩,男,440111197409013359,l2KNnl4uFlEo,XL.DcH:s\;t,a26dDQq7Kx1HJeU+4HF36KzzHzGAS5gpFKkRQ5WA70jI/eONpsccBYROCSoxXN3SFaz1uurR8gI4PraVdWHe/gyF7zTtA3V1rsXlLTJ1fLdsxa7CJopTGWClNg+6qCnUWlhcAwEufCnlkEUiJNivOe2NR1cSZq/IlQ1Gkk0iLJXLR6EZQXht3rMao+X4aR6cPSkfZtQWTOjRLXM+MGOrZ4yjhKKwo7Fwh1yLgrEYD3x+PXqMlxKiC9p4Cca88C5nhA7SJy4ofenOdNQCRr11dUX9A2t7W6PvVCN0z8MziuRR0B61vOleLDTsmPDyMAxYBZDPBL2JDpbNcMsTgqceXw==
873,汪伟强,男,440111196901130253,pFLmChzz,PfiM$e5]Kq5^,ckabFr48yOh0ltmmUa5HlFmQ2dw6J6dhTxmfG4n//jp3WDPaw4bk2/8kVrSsE5pj9QNNM9EHQT7FJYecalLOOxOA0UUAjUnibhhpfsKnMoC/SQbNE8TnlyQsuCpaMcBXZg9vp7NGAXYyN1KdfdkRysblIeWtYOJkRRM+j1AOJ05ZsT6gFmxHy7zAMgjgesKuoz3jgD+9+eeiqIPMYWlSiobVzn3nADVKTZxxL27HfuWUtOAhGqsKqqe6ueKnpubTOAyDT+w16vIo4thSAsMzWXAFsLsmbypeBnibA6AmRL4jiXOCWMcA8tg+vUahjNW9SvFfRcAFNPA+9db+zq8ZAA==
874,詹薇,女,440111199510250702,wsDNDZ4eJa,1R0B1.j1,oHa4ZLKzZMa9LMc1haU5nh4VOu2cveUdQTKC6iD9h0eetaPD1fJ+7yNUv/oF37PrK55dXAQhTKTZOFQuawQpqxvifQAx9u5hSO6jw/1zCghJkrirQ4xhqHkYDTH433uw512iEI/4vkhGhWmq79IoPuz8YWbRBdIe1Wpnzje72vao8kF7TzkPccqqQQ3r+Zmqil/M3fi+wmahFESgIeL5Z1HWdlJG8V4/d4TBWfAlLSiCr8rJXxAS6tynOe4uElHfBZCPWAfEYSu0IhmPJX8amfv/MacK6hMyOMuPBlYRQCjf/TvYMizI1FO0YaSudAp4t3R9eYbPZR0PqIvkTuo4Nw==
875,安升荣,男,440111197901175691,X04Lk6T5jKLX,mS1-F:{6vm^H,bNOdqTv2Z/M4dZiITQ0dLAx7PtesA4krD9PPdBbB0B6+TF73LwFWTSdIH1mvB73Gvtwbyc1piUIlPkqcg6HspN7A93++aInnoWO4KpoveJWOKgiZzxRUfnLgp7vR50f9//OtEe26OSfWbFD/yUZ5zMfwbeSco5ouT4kCqCjl1CDVrgHvendLlMUst0VxL+3wo9OotaE8J7Pmoh9I6e1AdX3yAbwQ/tUmDWQSMgXOyQ6BvzAIjJkP8FKU0p5Rf/Rd51eDFbezJPzX+9qO6yCit2XegcwGG7QD66jhRhkGmTxGyAtGd8aXzk5uBblzyEM572aAhFTg6A6iUdvpVNu8MQ==
876,陆融婷美,女,440111200610170406,Nei0r1PpXC,}7}~Dt#{J#a)m+,DkflaBJPrdM5A17tTolCqM/w3CqR2nrFCj2d5tKsPzEEYeVlilfxAjqce8Tni4pOs2NQX+X1P9TpjR4T82uWUMAqG8VhmaFmb0Y/6QAMnognez1d2cI5MkP9kPJ01m8KL1PW0jUL8YB8OXMxLzsx15uOH+MTPO2b0LGiM6S27V4QlDIHYr3XaOHylP//ya1VnBLyGNA3sOFALnlJmVsHHwib9ksWEXKa0k/KqQ4mHF/knR/z/TYdipDiq3ACWIQQZp51aljKT6/BunbExLvsY4cU1xvRJH7BjLIM+mMRDncl3ylfTVlp4VIDd5sEp20SaicqnXarDIunhffIB4jI/A==
877,乔星河楠,男,440111198306068693,Lc7YlXX,=g8OCxIaENC^iUcJ,VoGJitY7/oDrSUL8Rstiz7u3GKUnwZUPSprnlImtne9JZ1+x0CZ2q6IqKTzETqwJexyOr9q7RifnPKllUbTs6FU4Gv0PTN/W0a+VbQo/DkCBfup6XwF4BgNdUjhGsfXEbvwilyfI0xuPPJ1e15WJpSum87NAasED9YxAI95G9IdA+/ZOHVPHwOXPBt7dZmcBvhUnH9NdrDhAdzANW9cPRRB/knJNxhd9aFm9TLvl7AUJsUSFVf9gkT9UwqX3vQyuvHzf72StCOgIHpBUCRWbmv2U2K7mDQ9SvuS2Rx/JF18usKa+NdzPIRHUOiwO3M7FA03iB0wgQ5CwEUtT7XpTcQ==
878,龙若瑄雅洁,女,440111197207080780,e24XBYIFF,tX5\\0)I;6~MHH,aVoLngHU32ccOxTltmlOs7btZe2ClKA0/yI4yTnUGGgY7ByVakucX4RWiN7XUyae48BcYC3FF5WpMaDFWbgTOvJOt1DT4JBFti8+SqjwFvvn4e3mncL2GysZJgyr6lSUbMdvlrcGNvqJavgxyrKPFGznocDgC71rzpiLv1qbmOzVnxUs770y1ehN6Ctl2/+J3aP/Hi3dy9OYM7OVVvx795MPRJXl1fEGVDV+7qZyQx+Z12HmnZBV+jQQqIvVTGy4PO+dfERIIivb7JtceDkrHYgSpTlJDXifcOaGaw2u8H0WOyYucn4mD1XmmmJXZ/5bstJyrQtzcKacTLdg7wkUng==
879,陈江,男,440111197605308138,ybdhPMr3KZ,:ot!?`m!v~X.q,g6BOMa6PnCPLlpsfqN98kA2tPMy07Z9SYwia79ZRmd7T/PTtQ7Dr/PCJZJFl4JcJSMh98GFzYutGpDVZ33zn4AarDkIiwjQA2d59AxY9luQXm+CwgELUCfOToD43QcRQH0gtsGSY9XuE9GueykK5I3r0f8lv4QSZM8qGQ4Z56Er7X3lGyTDxVfFpr8eTM9i1ZrqxReRAaniO8R415uZvHYvgfbjgrn1ZO5VTgmsUhi0MwkLXjGTbxzgVOp6d4lSCtOPQJg/T8OvxA66w3a2bsQdmysf0ybePp1Z8RZwNVW4AOguteRsTXgb3zk7RzpLhB2z+VSeqZkTy9V47FuZbjA==
880,黎宇轩彭祖,男,440111197007106333,KJuH22wz,]jpt5\m$Fl,ZNkHt3JQxD34LiYPOBzDyuRHZqkYPM13RZQhWISoEuaybXLvXGiOQCkL25RFbgamOedw9vD9iwlqVHKDwa5fyATF+zxV1jChil3lu+39xtOMk/CYFimm62rlGKMQvPS7odhCMF546c+1+2tv05lUMPZu5GBgBm23I3FYdlqUWsQgZGOp/g/CTFkI6htQJM39f5evBfz/9qWrFh6VA/OojHxw0GR+PQqrs3CUrQEBmwWCoxwjXmegwRx9Ne62WYpkS7Z+rmg/cPNgj/CHUpQOd0na+6x7wblOVVU+2JpYk7iBmy16m6vqoA717OQgu2yn4pcW7vBOl2NXg9oE+bA2WQ==
881,宋舒畅,女,440111200702108706,0S3FuDICxQg,#F[f\DxXrD{hs,p9vJh7kj2x/p0Ic5zwxbbag6KIjFHhZawEwOOPzjWzDRcb04ed/huUwnz1jDmp/MWM6urOqXqVKzfVN02VpdzNrpvPd6zjHlsU8j+tb+IIRnbITMXNLaQnLPTr15Db00L0IGcoBK4+ax3so6qgCo//lWveeXcv3ABomkd9S2lnGhXPMyNcrYPhjfoEwZvhd2lVW6jPMNblB6ZjQDzVZSA6UrHvoFHZDZmLuvDuUV5TY9BR/W10Dsb+fJPfeQp2wfxznFOjDUe+LjEWiwjNW8xkA79hLquA5Kgq5nVCBv+V3MLzNWZcOSGNDruVdamow08AEXbpecTemvRpvm9kE8Zw==
882,任智宸和平,男,440111197406179150,jZ0WtxMyLB4,+;w6ife}Ef,AiGkX3D58jzU1v4bqQ1uwo2qCYrDxMQHu388PAY0x+NvOIQUDuRHAgtweufHkHFzUwbMaRK5ZZf0E5yGW5eCWOB9OFf2uuhBVZgViQu5eZLZfE5gFCaBB+yFI3ACoQr9OHqwVoY0PnSnaoAx6AsEqn/+/XNYkeACYMixIdrRTO3zQcQvJTVt+CTTdJ2I7HUQdtX/ReiaHOeWS6SYYo45nXgrmEWSoR5wVXwiAf9GXJAzH4BJPItoYDZVmkZ/DQWY1SlcQZ9HjgSNgVARCyeadWM1rOhVH9/UBu6NSjLnVRg8R44yaphhJm7izTQ8y/yc0n+6i/+Ra3u9yoIogOn+Mw==
883,温家辉,男,440111200609069650,FJsH3we7U,`GmQDG!f>^QhAWk[,I66ifqONWq6+9DwYNwjCmBgwMzPGzipxzmcVfe/3dgjKkUdnStjxe2sXK9K4ihurePrL+tjvlF56VJ8efPTNqGtKXzbUryRfL5T/ASjaexCknjevGwy6dfXJF+r3lxqBNvGNbXwDaMagr+i+blBRGXiZEGTMwo5kTcORCu91B2EKfC93S6nxxcNXwwdP+2IGcDKXq8b28Y21ugYQ+VqfeQahKyrAYixUNi/UXCwbvcoyxTY/tyM42jLsp3bpAF9eyBW7hmWPs3/ybK17ttUMxh5grNssgZweNMKWuvK7XMX1txAIFpQafWPsY5c4HjINn4FPmL2oJkLOJKD4kkgflw==
884,陶光辉,男,440111200211284174,dqQmNCSEnJ,j5KF{N0qGP^|6W,IdomgkPTewhrwlkhKeHdEX3BlkyK7fhM+xvCCmfS9BErBaOxLETLwXjQibvilgrBRLKQeTVxpySnaZXRtZiMl84UE7OM4twyLL7UL/kXuxJ4pi+X8s69gkzTKanzw3LrV4Rp4k/yUtm0r/KLJZ5Q84tFFFGwAwoYd1HSaK6KTqLhKZRwlmA3YSJ6CohHhr7yac8GWFtStSQeliPLGjf2ilR7CNQEMPE0+8z8qVjfabEdAia8dgaiorI8v/kjvThUhTOPGLYVkgcWmFEIYjGNm25P9rSUsiThtT1cW4DXqsrwR31rPdAqffs5CL+bjXG4wkHm50WqgD3swQrLjGyreA==
885,冯庆云,男,440111198909151058,yg7qZrjlKF,KXk{9zX%/c^/#r,JpjxzseD9EqDVyZluRBcEgspn2ViVRDVCGpRr3fbdzBsJ1hLtyCRXO5h/Y2U4MBYX/myPEEXTvThT94f/Gyb7sU/ICoBVXkn7mwFINPqzSUhLtdSbkIromNEEsSmeFlSPigg137/rcNz2/XgXHdf5sTBn2jC+NF1xM2a8KJ3knGRn770VI95UQ4gm2qu2wumor+rVpMs7dM46YyzeXmCFYOwBVvXjReEobdVBLzr/XBcTd7lS70dTZiLOCyR9NJBHClluU6uu5WF0KRsCa/xiJdtjcyibLVUY/jFahRnslpVTvMh/T5LnEMZLvYGcklKWO0kfGU9PVkW3H8nEHK59w==
886,付晨睿智,男,440111197201032016,mmtbfg,BFrO#N%ap,xNXbtFzYpuDnqE0bMtMTwPIybnBdc1eUJtMKt54VxBQynIXMREHaefX+9DXXh4p1vOC3AJX1dkf3QPlodR4x8B5d05VBzGgxhNXBXmzAfQXSVZkv3sN0UC7qcLEFkWEsnIiNIVyIyhBSEgBg0X/7AnVxlkkn87ucy2Z/HITlCWN8gqfNNBShCi7Ssvzf5VOvTShvDM9T4SaGxOtjJuJu2KaJm+sD+K0fhmWCQ/q0ukdTWxcYkI8B/RPK7QPz+7JGSWOdAzxThpXF85P7YF+83d72aVhjrl4SnCO4JUSPbb//PpIl9d9b0l/f1JDFGaEDgfOTLpAvBR2P4uPNV1w5Pg==
887,时鸿飞,男,440111198702234876,o0ybAil0wIlb,}>e+_f@d+,Q23KJDoqAjI+UW4bnCmjdOq0RAefZb6iQbajU9vSycthgetRmYhZK70T+FsNsRjMYBaMhCCJYPPWEvDZIOCp0V+yGkkrUUJ9LTRVCP9TbzYxKKJOWXSWNXY/Sm+h0S3wbX4l+/W/9RkPeHi+/iLeXmiI5yKe31atPt7TC2Ca/Mofhrnm4vXJmQPxyfOdOVmgVR0TAB1SzV+HrYIAR778HHTPtVoEnbbeQdmMhtG0InRi4Mdn8ULps3u2A6aZWRhv42zl8EjKy9g81i4tFAk83xjmbi0PF76j644G56XeSt92nuEvO/yj9EM0EsfT1nvgpLAgYMJt90e71wx3+Tkrww==
888,于雅美玲,女,440111196912209661,y7Za7QKT,xOyN[-+{+mrn,V0Gm4/YtcIjLiYaWr4lOIsW/8L1sBwucWVQSRKiL4uLtg3oHcqbn0AEmqvW2n4+Wjnxt6kRLsinrS1iCmYZ6hMw7gVaeLZYCWVyZZ2k1sRyHJ4gyNNHEm08hXRbLOvCVJntTtFZloEncddH7gVqY6lsQM2tYb5+KeRJSeZteVNxwlpiJWWv4ol8OfrgkCBPu0ZZZdPJqZmXWGfXX24AaUwU+SdQLJvAoP5xNg/7JBhBSCfb5vBE6XsHAyASmubxwGS9Z8WMIK/6i6us31+9oh0LksqUo27EPESPvppp13AcwZqJLC12a7jF8XiSFLH9j/e3yqenrfO99vHgY89cz1A==
889,闵庆云,男,440111197601025237,cOR1WtRvN2SK,C~sx7Pa2rBSB,cgsw9uR8gwTHmB5YiDGOS4fASOLU8eaWrZobOXhdc8WSn5uHFXpGGskL08yIhXV9h7azPgyZIL5YtnxjYnrc0GE17g1tW/pJOQXci8aUVlvCeWW8TyhFA5rqECL9Jqu/+seL4mYRFsiitkrU9JHcijMfK4nka37Nk65I6Op34B8NBVckyJYB5h3vCo3CM9+UNhVZUR7hB6665bWmEYtkGc9JIwiSn8K7R6b7MITRDsgdtBWlUoW7bma6gmyMMH+B2E3wuhDxnZhdanwQEyxa7gnHckRlPFZUkmqWQKPyr2lNsLbv3SUOCQRzbMqK3f081CWa9FaGDUQrYpKm8wZTjQ==
890,肖英杰,男,440111197907244619,l8vEnVmpsTV,4s95.1\d[W\,I++k6GurNF0/po/qPnF1CKzXe9oCcQqm7RXXP+e/5jcY1WYJcH0SEeP4oz9DyMsYt9gtO301XBSPjpxL9CjMAVR4d0rpluW+ovq4MAVIy9oKYv5QaNESUAKWtVpuN6oGblsi5Bp/B4H5/G5GWg915/pUxBsZfJe4ImewKnL9CnGCmLLMB+gUaP9YCcB56qvlj7/IQp/CTsF3qFAfdyHrOqBqICAIIZ4iUyKhA/Ivc4nowB570FLEk3IuWIb8MpSzrNtgIMt8lS7Uw8unapBNdK40t+v1gmEyAKSM7ckH5OWtU/v2llwvAoSyZ/gpbi8O8Vr2VGQh3vCHG3QgrcULAg==
891,常河,男,440111197508127319,OBJlIdhgMkJv,a<?@qtYUvnM87,EEPcsZaH2aJ+NFeywa9FFuso4n6/PYj1BRp8DWLjvX74BLQ+GbidDeqdmLyMMoeKenXI0FXQKCdq4VsFb5vv2+YhC70hvTb4YMFnqxJT5u3mvYA4vcMOi46MMW5wSuImiljRmBQ2Jbmb8JoBygqlHTcil2DbtRxGKMOKld0Vx7bG4NtJ3shbcxEDOs1sUgs7khlvz+NzsycSbpANM7G63+QvF2wAFkCIia/NbgUnzKAzTCRIp1vp4DoTrfUt20A5ovjNiWYGRtmscehvvbiHjjnU38RLJXcmvmV4ZohDaKEIbiRAJVZwH5tkdW9fY6A+B+0Sa/d4pKGRqeSAcRi9Yw==
892,钱阳,男,440111197411149271,rPBijsG0ui,![8\:snzU{B]b:,KNCIqwGTa758mtNB/eteWuIDAEIySi1uWmLZHFMbXYi379daZrR2k6zSDuLMJYjR6gAaU2dIBvxBcV3lRPqnXpTp4ZU/rewEP2753q5k/mshU1OksNReH/6O5C86LyQNe9bPbcvDkZ5Tiwwr2arc0KuY6QeBxLmtKpQIJlUnZT5zelQ8CtWLEw4elAUk5mEiOpwqt3OPv9+hNO3yGC87Q/Wl74fGHqBwfcF1WEcgcYR/4H0Ws6Y3/osIY1697R8e5ZD4IshEBPYMRfr/tmic+07dyKaCln5L2AYVRJND1hC/2N6SlYOLprOnOMw6ATnJe9nPYy123WzhagTD3gn3Ww==
893,牟姣芷若,女,440111199603208829,RJE0kLxj,&|la1M7Y,Sj7dVe+x2Jd0ZGGGN/NNpzBJsmRaOJE3LwQCeT3Mxu9NLFDl4gJXSWYJDVh0S1ZconLCu2TQJalTWSYQveH4T1afS8wk+UI8xYOzNy3b2B1IaYq4Lk66tu26fAqZEaETEnfyYROYgvrX87NUkJidhPUABA1/Hh1YGfk+A25vYpuZQ5HEiM0pKezZd8OkEDb68ecUNbozmb6Mzya+yY/fprQOlyzyXd9/ymYH4Y8DEBGvOzBHpl3nSvLaztUp6wTiO7faP9cOj3d/5Pt/c1q5Kv58ZYmbR7pqfp257LxqGNS/mZrtISeRQb0rzmFolOvzYd13MX07Dq1rChmvjOVWVA==
894,魏晨,男,440111197306233471,TPAEIQFs,K6D<\%ca,0XTTIHPWiD07+1d91M+GVaPqQtgtMcUfe9Ra0/egEt4o00lWStloM4f3BXiNoi6AB93v4m0HPxaq3wT/fn/0bGYLpyX67OcGqo/rIDCJ6MVPNuNgAIoC+kxh28ajFhgB2qlmKCRa1J7RpIiZbSE8kcs/dvRrDEngsqlT7jLUoAZKw+XPAVt6E6kU3N/h+cY9EcCystdNXQruWVef0lUn0Wc2ruQofOcybVKgVaxH0MT1mAw9QklUG1u2xwx4Dg92DB1NZinF+f6BjHzB2Z5HplnUWA6kpgxuB+AjJ2NG3mKQdSOImjvUNbRdFowWw3gMmolxR7XNVki81VYzd28pog==
895,乔建平,男,440111197905181255,GNsOP3EUa2,XBnw2\(PvQ3,Zc0cXok9n57/e639zIxIcjWEYNr8F7+2H7K0DPHm91VCHr9C1i7SJnf2SzGI/zFlpioeOtQdgf3KgxptTOGn+4Y+2DV+35k8xX1EJYBXBzdafe7jtmIWhNYIf6DFh+OvyzE38tnpLzZT8DSK9z2fORAwYMwFg99ZsMxBvWpbjQq8pJPeoBHmWtst0lPBWdslyiFXmdsFZ9cGpWClatfhnoD76WIsOJHz0iqyWbg1qeRkjCeJftDl5Tb2v1nM4ui9Bv6HXdXG6O62dc584GUB6+W1AUrxXqUNaULfY3onjosXq+aWIcvAutFVHBQSnuv5wd+4djI/UIjjbxWSRYtKug==
896,肖芸晓燕,女,440111198810316529,ZtAgrDEgww,7S^GgRv{kBD[e,TKvfBLYMjsgn8JtbMPrnI7gBJ0jQkxbl40ABfqRyPa4jgLIIWoXWDwsueZGUpkjICIHR+liCWTvQuxgy6AcA6ctR6kY0vQ7h1G20dYtasrDwgAL0E2jy43Xj/CKxRJbPzeMeBfhK2gRqZoIKtC4iDvfep+WXU+SD7r938g3xBw0rcsKU97tTBkyqLrzH0FXnXVcyouPTwR3KLSeV1u1KeLHdUDugggcL7sCkjSBjbWyIREEFPG0KLUL6fFFLLAgq66mdr+n2ZwSVtjFP76tB3VeGSkTxeyjd+qTVrYNQeG5EyUVB19IXh/fkeyuUIAksWuf3EmSYfE1uZCr52ZN/cA==
897,邢眉,女,440111196505134201,iLe1KLdgjtO,u2XzJEWYC~HM?,SIO/B2oKLdfIRY2RFYSiSItRDVxnit/oHSTTGB6SsWrBiX+0odECFrB2UCNt56xt9kxqUysNV0NARuMAoPPXKumoK38ovYRDkqSpfR+oNjcMlGkT9tiW2jHS2s3IBKT68Vnv+m/l6yA79+c5+R7ZGvCi7SDerPQjuC0tvXnsyZrq3FQudNKoW1/2r80AtYt61nKF7AHFIMJIq4SwDkL7lN0TSUJAR4T//rZqnyrN+L0ElZjZ6uIM4zUVubyXh6XfIhze4QwFAflo5/NaZWnTrmJelrOUlYxc88Fqqkxw+Mk4qTdrlGAyFleBSlTNOgYEMzzpN4Ej1/ZoR36cXGR2Jw==
898,霍晓彤爽,女,440111197901212747,iPNHvEN,B=]fzcKvT@h}k,KPqRSuEgvnmjkyndhVe30LQs+ZQwJ8sEF/4Or6fjAt4eWBiMuP7BUANzo9xoTKsIftc+oQTJbZ1k9mYMXATAemZSdW45MG/yw7qEugjBsRsPo7gNtutBXMWKk6HeXA20S3AgS64EAfYgRXPY5f/Uu08fJeH/rhn2kkXDbdI0vhsD5JPmiR2eHossEcLP5PcMvsCV0eH1njD4ztycYM+RjvhZk2457a9GXh+XrAPb9fGkSorDwPknWRxjdKDsmyKb+tuuR4xfaWYCnc6T8OF9yagfZup25mwIBpotONWYvp/3lerPYWDSH2e7YeEFfZLyh+oH4510ZlCmrLm2A7sg3A==
899,胡明轩泽宇,男,440111199310179155,arSOohTdXa5z,k7FRgX#P+^V]Ld,RY5IW3HviXjBtk9JbzfExq0Qm0fOOuBSmICfpLUSp0kDITg2vlj13NCzVjhG3dt/3zWKNvX809ZPlO8nMmBxlJxX6vuH6totjcmRFuDKsXClOs/temBMpjCjebbDSl4AeaNgNDr3YJIE82/TH4vuqYsjhGm45V8ToxRoSmVzOSMyeiSHMD/7ozXZ13WLhfoW/7tBAMooCVxG9wn5GkTxlGNX3HOWLS12YbzBL5iDuKWf4eUnLDzn2DghWwYD3XKHtEP7wKcXsu3Mk2fbVBwJh7uyc0qHu9tuN4aQPE6BUPPfTDrX2F2ANFCtDYM1F+CoUT7fFjCYlEm6bxHxPj4upw==
900,涂康立军,男,440111197204179793,gfNGa56Z,IgA%<Fe/96ty,ExCV6xxZAnKkWiHbbFtLiKu0HOle+7OT7bG0nsuAOeD5qIaPzdc2zLMGK9T/eqz3VR4AHpg+z2MtU7pjlT/UYIzerKI331K4uqG7WUujjGJtJbNkmZZiiSSA50DsUD/3+bg+6D4V/CwIuD8Lv1wkS21wWxDoFjF4et1JiUJs8COmc0TkeZgYogwLCbClrgS/5ted4emqUeZRDFtc4+cbZpa36EshSyhcQqI/iR8XcClO/XLVXr4I6npRJ3J6zpKBxqs0NdEqcuGRLSmWAuX+Dc/5WwfeQwXakeuPoKymL2s5R72uOVWz19J9cnn0i0DFO7+W5nWziRQfS1Bhr3+ZzQ==
901,欧思远德华,男,440111197704307595,dKlIbvatdo,SUQa<cZU,PnmtOqUg78N0TmBnLXLHmTytOS7yKSv93N6hGgxmuqFXIuVVmk07AoEdzQ1DyF+eI8uSGRi7ulmKBEsDB6RuX5EuL34pSx6O38wMTjzTXDc+CDoLUPx4/WywHVfXFoiPl/rslbWRyFmdycTZvm7B+lDe8RT6Pjkop2+zR+Cn8z/y+YkLo+L97k9GV+yAZ5L8dEX20CS8wWYprBm4aFWpaDur2fP5PLwNnODLb1RFaXE4WyGEM2D93/RlQm9+6afTpcfllay1L0D0h536FfwicTS0WYjycnBy68pZSHLMFGF0cJWp+IZzDNRcxxGpNBF5dx8lZ8kE8WahlWiF+o4hxg==
902,曾晓明峰,男,440111197411041893,DBzRu19ewCd9,R`IE_E.ebh~UJb,vZkxpT2znj3vYBwfl1ePijoHMf1hKG/C2fc+csM+aTSMj4x7ogEpvJqGPZlZ8u0zCdhZBLTMiezdmMa1DC6pc5CwNxG/Lf5wxDzsU+goMv0IK0UgItr7BxbPSHEuSeZatBKtiLsaqYlAwfYn1XKpFrLuWpRy7TbJXUW5UvkvjLWOBWsw5w8IEHTblip/TB773pnlcvYQn6US9Tw5mtBIe6tAYypQhGXV0/0oW2cMvTlrHJFFaPGv7QD7QbRtm5BNzPrFhDY7+1cMww7Ese446wWOvTd8fYh7th3kx4RK/20kqymK6EsPh6quvKiZAO38E5TtbkLNU4f0HK8IXTSO9w==
903,项庆云立军,男,440111199211267213,PnyUGMF,tUS;`J4>dBgEg9{z,Ya2xczv1BHz9KrpR+eJv+wJwHqvuozg9/yPrj+jp25to6oWP1yHMsmNV8SzAePqgpCO4hOJOqy3SNktmu7qffBd7xsbGcbmHvYdppBbfIpepYiAEANJrWUPewBsZJ2L8TU8WgstuQaCeDxaB1BX3CO5XVTdai0hSeooqBBVBawOKIvTTqXSFZUKynkhP7m4SBNzERg9NJ0mOdeBIWlkeiPh5CIWRP2PJImQsfz58Tcu7Flan3eAW+EobB820zvAfYWN9QHxxE9/BOQw92qh5lHg+3ZsHgElm+42F/evvUB5uH5OJ+YtHNc18M2xB6zvTo6spGSUD6cUGCNjQu6Lhsg==
904,屈龙俊峰,男,440111198407300578,vqvfJy,7|ANLnE{Y,h3HUZZmDr+Kuh0Ug96GqYUnE0oGRvuJ78mcp2s+QLQ9P2OBmePse2K9fnEViXIbY25Bmc+CuWHTg6JVTD7FwIDrHCXVA0z7V1qojpOmXuFRsPgy7k4Bx9V/Bv00j7gs468Izdb5NMBCXVvElCN7Zy4J6tm1CbxKTOAvil+4CwUiy+yk3d9MSHPLFx8xPfJ7Hhn7DXI9f4bhNVSoP+MeRhUAHGRqgCHWpgEQ9cXstKS3Tnz+WWLl6yBdBrETS725EFdkrBUwLbWyOh9+VSxG95jP1ZCThMO7iTyqH7r9oaZawWEIqlMoxGJhnFpnFVGWe+ptGMsOS/QFlK2xIbT3DHg==
905,韩建军帅,男,44011119931202435X,zNQcWdTMscTu,~2k55B.%yXZHK/,Y44d+455fLEzRzCdQnLaH2eJ4YF3U1Pc4BJjP7YLa8I4L65bLjR8cn3GdjHhe9HYVu0EKqU8pbi3asTviLCjUTbCq5KWN1c3A0/hvYewzjk1GU0S0jvVQ/tZQuvrEabec6yQsyt7vV9F9QylirsoIU5WtNH+hlrqs2E4H/u9qBmO3FvAaIAegZwgd1wJ+X6poFyhof4HEmRk+Pv6uBRzFtRf2LfSxgkgdJJWMhfRsxmKYHISiG7UeBCt5vtn8E+BntU8V5ikXqT/HtinkrwejsorvJgiyXrgx2YveqV+gcdelhregroaONBj8kbVpnEIY+fqFm9Xg/LTpbsHEhpNyA==
906,蒲洋,男,440111197808305615,S2UBAB7,B=c3i6B-li)dq1,pLAZdgq0FlIBlapGNW+w59N8zq+qJEJ4sGduaWjxFbAd+buoH6/t9o7bi/WdBya4nZMj7A0lBeOdh5+1KA7csKTnGuvy2Uv56Qu0hw1XeJzJDsgG3U0M41LkER2PVgamb3j8C7Qh9d5V5Ys/zgNTr1XYQc6dzGOUf8jxk7Mm3juOr3fLJL9fPUe/obUgASqx4S1t2k66D7YI/WwTEBDlEAQSXiFP6NSVr5qba9rpOjBhf/cedP87aMvS8QsnCmHswdoCqCXU5HXLo7dYN2jEthlF/NWbB3bTGNDlILQKV3N9Rlrgqfu89iREu3GFduEQsYKkg/wC+zEkWyXevacY/A==
907,张永昌康,男,440111199002112514,Z2ItdPUpo1g3,8PUwNth/-bYnr,OofJMwl7PkpgaL3KFSTQm+MsfE8PPK6kc+JfTYZVnH1dtdiCuzj4jbrCkAZLTsjHxr1nQo4pcbDkj+peTmM83PnkrVzztCQBEpbGoPmcO9DPVQNbjPZnQ/6tFJBhxmONz/JtIdx2kzlLeG831cLNTKOVZc38nGHsIvzmpK9HzA/u8Fg0H8xliJ/NVlwdbtnZ6qCKbC74Bk40Zd1pCoaoIKWjKxNACQX8LbdPqk6xL7QccHMEz/h5dk4z9plhWq08dPd+60LO0PG0A02cCjZO3lokpQ8BK1Rrh33J3kn/guujWmWGiDdvfjbMMlgMx+TeG/NxAdv4Dw/iwF8PS78MGw==
908,钱宁,男,440111200211189898,zue5lljP5,^Z;Ww37is8UvoH,HzvDbGwgW8P7FRFSD0Bdi7Fsa1hmR3ogqdxzlVzkw0TeHNHDqPSzm0iia9qX2m349P+mBzoOeQEbUy9nf4urwosMnbFxRPMTLMyHdnlLI9hhg3q6lWcqQRbbKWEPimsetw+Z18+y9JsJry8Gt4ZDhrT+5w2wvw1U9VIgj5wkbjDm7lx2YbuunrHQO3G+UKHBqbaGeSqII5b//apZ82+GyVlTgZncfMuHGWZwsZY2oufEYFDkK3g6gydMug1KGkRF3HviGwCMU4/o0czA8qUMf+LlT2YCiG9eehWnR9BVVth2YLONhjrm08EfIdHXWhhPGJUzLmkIWEu8dGidqSTycA==
909,邹博,男,440111197310160578,rrhELaN,+l!VJj*!Zt)G.,aGF76YqlaH5xURq3+LZfRBFQ1kRRn+T9k8VdWVmgFChNqqtOOMmEqy1V1j27i2efWTSq+evZSVA5vg+g4mePDyIMRNIlKBIH7Dcaoh8z7yA+HFiHYOAOU+r9x6+qcg+ZZLg7Yex9zD8UvylNMRu8eONtZFxZzpxh9hn7PuTF4dQwMZKAAq/uRi4ddlQCvQHFZ45083etvXF9i+HS6G6hflEpdB/g1LEhyXm+vlPuBBROU7ABE4v3aKPLulRvzd+YcWvUmhFkK9ZT0yLKOygNtcvHNUigiu6z1ihA9xesazAJr+MbgNj2+KUHWiB/E0EKSVkzFdDcxl8nX5uyI9ZHQQ==
910,闫霖泽宇4,男,440111196905231676,vp9A1T3Nwb,3;>L:z)vJv<<i+ae,M5lZd1rbO1cglKqx170eqz7F0PrlDzJmHiFzlBxR/lEJaVgQNvLGOf1RghQ90k/j7vYyZKI7kSlG81GWqw0q3kRwkFbOV0Ps5tycUeq/LqiA8CBb/V8RTsgfL9YviLUVaiqTxOElp6stKtVCxydHmIsS3syrmfYz9LBAOR+Ycu4tb6mkv7+iJENuFPFBFmuTTd5Rirl8t5TdDdRJWhCtqRkV3nVYLGkln/HgNKEE6oefv5RoGdiKZ+NS99XlehFPabSU/KpY+wRh/JUq02qwl0oc5omqi5IT2jv5c2tdue0lgS7jPrHkGx5+kZ9njDRsG5hThxdz1ck1x0Ev/tTGJw==
911,阮美娟欣怡,女,440111198704249123,NleDajnG,]sn]w1+M-ipn^j,RFAmM2LZyj6retv0SEwG08PNzhLNhdNYOZvtaIp2YAmaxCExZ6TK7E1xvpBoyK3+AK0kwwY8ikHHC/1hNWNKZN0Z6x+ukLCM8WhnwjkBRlMp2dG6+czAtXM+L3o0pmbTFwCmTN6c42GXvZC85l2oUiGKDTgxF4VN3O6Y1+6Hr9nUWSVt5aY0pgmFM04Sf7zbTqGu1jRaBlv7awJOdqDn2+Yts6m7bkP5aYT9a5BiARwQDTGYDKrXE/ier/hm2tUvjn9y7XydFVnMxOqoPo7zuwiQ/MNIx/OvIzSYnYv/w5vXQeRvKBdJydz7Y12Ydrrah3zuiChomDDLkGAHmzcenQ==
912,龙宇,男,440111196509303332,T5HDvOO,XMw7V)JL>kH+C&N4,kiCOyDj9ZY7RsaakkLoS8VDnYu/yIgLPEroY6MWdPVsTeSXopeyU+nMPNxe3itOcaVRIm9lqreB/Iw/WNG0u4a49vHrVsYNTlpJUyyWSi6BZBTzlwqdJFGnUVKiktnLvoz+o7ZAt4pbHhpRN4um8OGZNDeYl837aoysqRgncgmC2bidtIP1utaBfIajbSlIK7XwI7HCeVL3KfPEZYl/EJF0XtEqFJcSfkByAbi0hZ47De9MLZen03VtHaRyAMLy6MTIR0ebpAUe3FUgMf6UfNqj9Wy8/8U6uFLZswA7aw4nuNvzgz1e97gr+qk0fpTrlnMajY0GqpTZa0XxEUQRY9Q==
913,贺飞宇,男,440111200011204512,OTiF6NOx,sY}t/parG^#=`l,b9muczOBpywO4HpZwNeyPdlt1aFHSHdl5ItHA4DZfMM6jkJ9rp0AOPGH9PbXL/p/MELTsfFF2Oj89a9jnUGIdK7R9eYKMa0MMKssHgWb/5SrKiCiKMdkykzsCRqKXg6TX32tJR8kYoEAqf8JSiVH5W/dd8JGQkI7CnUMIBVmlM/vzAs1Z8x5wkIveuVDh2KZgvi0pe89GHJZD+Xe0+Jd9TIjuaHbO8ijQZtTEN8hv6qJfd2QjBd12dJk7JL1RHhedWbkJ+3lu6Ymka6LMcLhXqvboQaA9G5uld1PAdi4OSyusnEpx3E8KyFG/RciRif/IK3xY3g1XAw1wuVsOq3SJw==
914,鲁承志,男,440111198403063712,0PG0xeNdBKW,>l3WCo.9,QZFf2qt5WdxMd8Wc3ioLqaf6OLD8oyfRb1T2bM/s4sTcgTmB2ph71/8AqSDxqghVi7iuUd8nDjTVBisQyPK2V3NYyrrmHD8U+ZHOi7cJRF3Vg3quweCTRxvzI4ZQT10FPyPZmUAjxoGJARexo4e1w1VbdR+idCSITnBiNyRNmJpyeb24qFv9iYB2LQCbXKJGqqpPaz5+He4Bz6jLSEPxhpZ7mrQiMgxK7QziqtEApDiSat1BwKpY7hRUzjNNxmqhAkddOnCPky+MS+jrlc4HgJlBxkODVqXguSAdudw9DimjmO6bfaPC7fMPu5YJWwussqNHVPK6NwpTT2ekWv9T+A==
915,程瑞宇,男,440111197306240137,Dp9t22TIpuMO,[^LXo?Z2VxhVZL|,YQK7B389BtzE292qRNqMSX2Ciqs8/nJCwJr2Zp3DNpFmGfHx1UjD9iGlQQZ1KyZcR8VW8JBo71lsAjfKmmB7vr/fDRuBMoosQ9WV5VOz13+PiUC38eD7PDs5CJCKUH9O0nDnLi4OBgiIvtzJGMHXLDc6XLVQNobIoUnrvOGQeWzkvngI8705LSRXiKYHnDTnw4HOQG5Ln4Lue3v2qV8ljJ5l7ZeRc+Gq/hiS9hHITgy0c3ojUBLhf0vnbbIDOjE3LuN/FdhCdlIFKc0D9niA6T7fLN9mqUvIGa8GxHyDJGfARhq7p1RmVab7krXGSLLHlOrnUz+oOtoyS+1l8MeHDQ==
916,屈启明,男,440111197209115377,BMmOlRigfO8,\4<_g:[eb#SIG,RH9JGNY9sqU+nIF24+9dKo6R8+N142S3IDjvpdoG3D9+Qa9n29mvjo19+Q9RHHowzGI86iLC3rTKGlHwJB5XHQoTGqxQ5Lo7bFnR/o6h9ecRlMjArpkehESOGHW6Djb8g0JaoJIlxv+TP2I1FDaeqda+31+604p4g0AR9soFGSJ+lglLFEUbgOaK2B0b5sZim5wRX6oo8cxl7dj4vxsETLlJ/0+RagpM6tPMbmhi0QfxOQZujyaRM/9Od4RfOF85OdF4pOsarqK4Od/x9nD1SNifQMGKhh6O42LkFbxfy9CnY6KEBBP78wTOLNTwhXm0UO2LAOPNHiBwnuqktTOwag==
917,杜建华,男,440111196801042299,Kyo3j5tzd,.OW!MFcjs0R,OYjF16HF5fWw/Mz2NOtish8kUiYf9hZ5nnHagWCcwYnD66yJq8AwFauGAQz3jza2FfFXdkY5a8hS+rf3+9pF5m5cQOwwtg01+sWDcXKb+7mPQjwpHYGBTgkjnqPpSuigZ7kAIXn7MAkV3pZYMuyegxAAzSzJfiTRWrIE0uWkWJlBuvm5TDt3tIFJTjhljwTs1u7iV+AQwmjxR9GR3QM7YUnN/D9+yKMOToK7pwexXMQhu/7ZwKaiME+IFEaXqNAWn/taJyzYihnlgR0AI0Hn6lGEEifaqMXsdS1SnORlx/dhORLmHb5fnv8c40OQ/hDhj/+to/nrxsCkF6dyE3uOew==
918,樊乐山和平,男,440111198210037411,IUGYX4YPa,/*7WLOK@u,nLsDeoeUtIlkYTdmrP9Nn/J7LOMsTYTIUZb1HzZutv7vb62JaBhTwUK2ip9fmI1aa9vK1NFc5NwGo4CtU5xDNAyJ8B5xKpdfYmi8kw8QF7jwDgy6HIe1Gf4soC+NYReu9PxHmFPW3MVBZn0FD2G3H4scjvL9msEDRNTFPQz6JTh3eujCnY5jGcccDC5SP23KkiHBaY9HF9xgMIN1ZUpp+yKdiL1AOmepvjiTxkEOmLYuwfiDjKR5eIMaf6RNk5m3ktsekAYzgGJ9WR20+DRRgjDSsIYNNcDAtU42DzEojk96sbqP8tl7bBkxLClyJU36afqaOGtdvB4OwL4DzNJHxQ==
919,秦温茂,男,440111199702158871,ncYvY4a9C9,Smn(%5Zd%$**[FKu,GzNakuHGNsrDKiuVw0+P2hU3YhAtrEpR6uLIDoelF9aJH8eTrc0LkZfpIPnNtNcJ802tvBC8g4n9FRkS3rUfuwCs9zhJmS2k56RU6mre4jV1apsrjCw+AejdA/8zxJJFPgATp0P4rvtUsSCG87ezWuqyW2KQ6kGXOyXvMC9LrGJFNNatyPIwGNpegM/5c0KG2yjfDSPbcHFJFH9iZfK46+8IPEhEcCrc31AdVB4EXP9H3qt83WIb6tF2qlEHAtcErx6FRqlLZOPre+PVjM25hhQNponucTuQbUCacIuys4w3eRA+4ozXOPghvhZxhqKYcvY37cNMrtxs+6DsFqCbQw==
920,严武,男,440111198805177595,qPkNXSDzsb9Y,;<>:`(bR-\$zh06,y1ES+rWuVbOW95JB+QzYULxXIXE49cyZ0zkUeRmT9F2oqty77ISnICPj2lJumjNgUM4Xa/wBr69ZQEQpUi3jSwLv7BrclESFaAJDO/NGCTRcIO5i/DNfFRu2EylxJC4X0+22b3rfa0XVVZuIBMx1KJMOKm8eOW8Sdnn0K8UGo2wZFPC1KxhYTpzNoyfrgsMUKBAm+9EB82NtCuJV0KQC7JLx4XxeWibzeM3KHt2KLrq/d9/ilEI7dsw2t++Pc4AOVPk/g4nc3pW54N/eR8jhCMSflzkGwPlD6zWlBUYH1dY04zClaDmNm6FBgZuhEt6AihEVklplHAPU86WpYCwpcg==
921,龙子璇思涵,女,440111200203202001,XygiVJ,WsXx<.z!o_!^y)T,n4/97xruOaeElBRwblnPBa4jqKoY9g3PE8WGZbC43SP8bdZ8oeBEHUGq9UDPMo6Xz+skGGjmrd1tiLz93mcNOEo7S7AmuiQfC8EJUXa6TwYjHSaFQrwv9EHratqzPmym6Mo6hRw0goG9mDxR00KKOLHhR0Rbwe96NPyO9rLBPsS2wMrpQuRluzHN+tlY0cI3jMO6wpVrvnyfmH47g7Tbk5WXKM9dj4poo7sjBPKkMlUlcviv5dF+pybyXC1FQd/5W6ZZV853rpaKLNqLYVqpYgi3icKbNvJ0hxJEJUq5h2Y5F8F4K5BgIckaaU2yrtz0iLThshc4hSqCoM04K3yr7A==
922,时雅雯,女,440111198502264982,MAkzYi4,<>c&I;&M=m*N,yB6x/xzRr1Frb6ZA4x99AiUj2XpBqZqvxLVoeZPSCaBp8vL1RXAvIm5LaD/5ZxGq4eeBlfwKlXfv4DQrsjG3YU/3dKZzMpYul+/1Nhop9PJ6uIYYTI15ikRYZ5qyTrPfAFE57OtEzsLe9UF0p9oajLhp+YK5i2hI9GvAQl1jU+9ErPV4y8Fbai75/g7/8JkOHocJh5J4gsFFFR0Mg6QNh/fMhfK0ATy8P+D/whVu9jZgHpujyAjvBcDqsIRGjmk+sWgY5FatQ9kaA6p9wJfoOPrIFmxsp8Ou5mz+EAqV81oaXavR5wNYeznV+Oe18vYi1a9WrAx+p0MqUtvIYHCJNw==
923,莫睿星河,男,440111196711297490,n8nD43HHq,`;lK9qVT\;$@5Z{7,eam9yRSNugMmJO8JZfFeZRxjqV4FbOcNWwWs8nynHQkwXYd+mKELlTQWLDaROabMJ6O4aWydW2SFacmiyNPbALG+mL7gkNpavbOyaXt0vvSVqlTykMT8qIaKPz1IUGHW1EATnYx0eiYWvyTbwMRcgd2sqAmIb8VJegBLepj4mwKJvc+EPaLy1G4QT/XR4fRtHFAQK2j6We+9v3MTCNQ3N1XSVFlArUISadN0ZbP0NNmcEvBVW0oIhudF/heNPjuZAWzqEFsNq1lavjq3SptqTSD1X8AKEx/ff1Ctxe3pr+M4DhhxZjXMcTBNrznGsmUV7omg48ynzt5/kkAJybrhFA==
924,廖晨阳,男,440111197212144275,GhtZF1B2NhI,>TSL.wcc>(a%Z,Mw/fJeKoPdVAsS7vKHU4xp5MXSwW/6AWStOa4uTm/3JJxEIkHBTF0ROlG7txynK03Fdx+LxRngiZ2krsNGTYCQrXYsvbRxbrqdxWvKxOCvEc5RYtApaD/Dji5NCWNX0VasL2BwUUToX8Qy91J4vVNuPStd2u6BkIa8dtcLQrZ8k6Myfm66g2WvfxJ/IBppqE2lVMOyrlVyoaNQoBVzWkqI0Zbtqf/20oRzn6xyva73CjqWHdnRoMwxWscipzTV16y52gYZWncDpPrLA/DGPO4RFNbK4oqJ0R4HdtOKOZpLIxVS2ovTONVfU8VXOYnzbW+QPny/Vm3ebxaIqCpSk7Dg==
925,汪建军,男,440111200206136759,ZtEr2v0Obb,7`)uXT2~c^o,AzzKrDmGMHj2i1QN2ourdxyyCXFowisuLDkFzey2aOofBgs7kTPQdURsPQL7A0I6iI1naY4nFCiszzD3BB+NIwKjHxfy8bulpXaEbMQWi4CuXmhExdvl9OqfMBOfqlNB6Mb3lAnDy5cbufeZKMllvyM+Y37wRMicruKYKju5TkEN9YM0mGMzaSmPFUS31X+oDQM0f3nEMBf3sYofzsEMJ/NItoTGK0uXaMYPlsPZAxVdT2vivBOC2VcJEtUgJkoiXdYPXotdo9G+GVFEtfZKj3rRm5Uzs78mCUUUvKeERnEr7fB5SHC969phdVxp3m73GsqGcGmE9tvLPmuiw3emzA==
926,管嘉伦启明,男,440111197510017354,QhxNZRBjJ,4:u\0+mvP{EY_A,EmlC+Xwg7qt3vLxeUPPcJcnvquqOmLRraXGkHB9Sc7/4d23y9rJpwG8mMKlqSNLZMTqyHK04JOvqGL+gW3rz5DbQOmkyo7juqSHhSmQabFFx6241fKCHsO+5NrrF8whS6RNwrkAu6KU9kMcs0fLtgSemCP8fSyRPU7+7dQMrdX3d7bEwJUxz2tNKZF9GIGGRx5TUKzO/MxjbjPhxYYOpjDxwd3ZhBmdcDMn1uQrzOW9fWdW7Xuufnx+oEY9wfSeE+WD/ZhbSmeQYgP5vURaKm5jMcJ5Hm+oDsSEMMGx5iIjKeu6ZkCUs5ckPy1zqq9CGB6hVQlERf6FPa6EN+ykqwg==
927,卢芳晓月,女,440111196805257801,NZ7BHciVCe,U*=~z`-!h:[-SRL,Lvkko1flkq2lbWqOvvWZY9OC9h/BWsFp0die+tyLSIYmeeP/8EVPnO0qmqaN4ol2QKWsz89UAkxlk78oGoXqprY4JycN/ok6t2+mbRXzOligsPcWi/MqE/TPj5l6IzZvYtHLpWkgFBwlfAy1RO2tJoNfOv9+iILxeeKtY2REiu4zAxmndLhM3BVUZcyk5cccUwTnvWMS0vlZRGtFBWdhL+dE6p+PAz4YN73BwgQt5iBcJGVPcduX9QOmL5we3PaRGpv4a+vPYSYR4tjm6/skCkxp8uk8eWQMCg4IuhiThvkXEhGID7DW77iqhgquKlleyuCqepim308Y4+T68YDPwQ==
928,彭浩宇建平,男,440111198007296653,okg2Mb,~MB3!-5ir+f.?l,WH9wcxUqRHS0RwNs/gedgz523hiuk+s5b9IV+Vr2D9TBjkNZtkvd77rF9zECpt8dhHPkzHDlOSztf4hFcL5S681BJuRtKyWkV8ur2fFv5vvKSL3yBl4y6nv2cqidYSyOrPlvYHywApcZ4xJpUfm2JUuijdTP4koIIzFLiaQCKFDWyAcH7fTDBX2d6avpxsVIvGyFvJKkWZJFhhjy8E1AgGLQAmY7goNmK5LxIU7G7EGxtwqTKhglvjUlwrOeb5+hN5pdJhT6ghMiaKaUnxIObdOmVNez4fr029loHgNozujGHynlr2ajJLzCFy+9QXNUW0Zl4BeUgZ6uNm+lXaK7vw==
929,郑洋飞,男,440111198308313998,kbktY9D,#gX7#1qfq,Kz+I0suCYY+PC4+cisRbgYN9ka4OFYJ8H5HBaauyoqXlhmF6alQMnBCi994Q4bn9In2/rQyTTLXqHoH8FTOaVi0/REvSKHrO6lBSeMvKGUSx2HHWNKVn6SBD5KhuzjBJY4D8QnGtZMej0kwotQiGXjJ23Asg+MQ0hubx1crsosbAvHbLq0YqmlyWKJZPEktOMDKqo4geDCche7OQK2ITngFdlj+IZDQ/qnp7AxfTCA/JgtoviC6Hsyrpa2LMuot/iRe7MYrglougVhnBAB9OmQTO1KxV3MvNVg9f2tc9XwjrWQEppKKhEVJM486QYo19aVfOGv074zbkAUlo4980gQ==
930,冯红,女,440111197305231044,EFBlxEZfMao,gJ_Czh5<rQ,YR7KGlI5aTxLF5ERw53u4vApJGOf/vfBP9coT2LqbgXVzQoJIiXmQiai2VYbfKjOn0oU24YRZ9jn79cC63OuUJTBijBU0DmTYsuqByrlbGDFE9fDu1jTcpy7iOAzFwSkBpjDaSCPfRCl2Fop0gPUhVIu2fhNiBLsdDbB/GeRUUpkgr3UQcKWIYXhz8SP7uVtduERnWsAFTUK21IM0oc742wrmH1AVEnaoBJXOzOqrle13xy7QHFw9Zc5nZnFC9PDPPcEsRjO7iPdQkylHAymCcmzcoLTTfGASFkZV/scm9K87JwCTzbSmsmJy9jTn5hZF+K5jLVqNjhf+SxtpOP0xA==
931,邓光辉,男,440111199504264251,r0Fvu8qi,>d*Vd(7LK,mqxI6MgDb4elIV22Ldlr1GuFox4QCHEMTVmEd0cwkAsa5NY+iZLjVetjjtsH+hmZpKCZa7/v3e9gG76v8lSVyHzdY1mL28gNX2lglspSPS372BdCRLwjmDtMwVa9j3pu+WkT1+Jcke+qJVnLD/50uD8CkPFvlTsu5bbRWVl2Fc8ELZhzTn1l44imZQpLCiC1VeEGEMVLJ9qmpf+6xfiBSb5zN6S8PbtNlSb3XV94IGdsO0tr/qxL84KYVpZvH5cKQPi3F+oiaVvORRTz7rDynNSWxB2nwN5bzEdna+L5Oppk338aYwDhnn8WYpCOysQum7DuLev7J0GC8dRSDaBYXQ==
932,武巧云颖,女,440111196711098707,IOJTq0a,Sh_Z?+|Uhqw-bpOV,Hcobw9gMOk5x+V7skDI37LbJUmpRcGi5UOnlxxpNmH7A8D7f3mICfly7d6dfcqSe5q19MbDxpbGELk/ymmSX0FrBW1c+hDZNrUA79pS4kKOfUKPAIcmgXmYUvs0k+68TwLlPiJgKS8bPDix/DNa/2VpKac068yBnA64lFzgmB/GM5Ze6yG5P3/bEvU+V920BlFjgpAtKKITThg6X1lF47XS8nc1GOWLNq2MCQclUmM54mh01zI4qMK9dG1Fr6cF0dxzmoBRDmlmQU4GmFpMjF0it3eNzeijB8+bejhfkGYM3vRSopEbKmp6R+ZlWXO6TkfoSXhCzGZc1e4xNB7g+LQ==
933,易建军明,男,44011119651010965X,E6TFLT0o,~U!vS.3&dm%~TC>e,KdAuZeEhOr1kT8Z7VMjBh+d3UkCvSBzxREwacAlWixhxbk7dbn39oMxQCZBLtn+J+QtkZ5OXtKK/ajBi0J3uGy8RrfnJsNAu4aG2oPbRgvdpgmeEvGV+ah+lJITXJHjDX3t9NJNduPmF1w1vzXA89j5RRCIwiNIT//OzKr9UqE6vErmBCAe+ImMP8IQ21gnaiWoKXyLvbNFmeMIGl6V38coZnQ0ECDgEo2tpqJQAP7TM9HqQhsKNk2kjYHojXi1v1Srt6t3mUYOzGmM0BaR/fKav5ZnO7AOoPIoNakxjF/P81j2aLxetllqg7KSa8Jj2XcQRsGKMANxXLjkSn1xyWQ==
934,杜博,男,440111199406220757,L2qqpwPV,r90[b]ptD_/,J/ePGtTEzl3zQdowttqa+w7QuFH7xaPjPMEJZwlwCwEcsUTf7uCVLSLq2mjnI639V7khN8JexU5/6QxwT+FnKpYbBq0w4rrnINSpbUEnuer7qapeQc+/gCtQRnixhJ5akeVHJNGsMg0yxXCrLJBu0tSZCbIOCv8/lfxI5l9XFZ3fbFbs6x67+4/tNgj8qU7FG/DWECFIrvkEUwXKgs2cCQzMRHUzCcD0CrLexUaEUolha6Ulozd5VrWPcbp3+BWRWPgox+S9r5aHGH7Agb4uvoSxa3UfDJu/wHzxsCRybThmrjXVhm+AtjRO5s+58rMhb1+AqD37G1pOHFtoe/FIvw==
935,张宏伟文,男,440111197105277996,mgdgs55PCW,pg-`*^S1QWcd,cCZvaxqDAX3X+e+2SZaW1ruPWNH3kiEuTGdM1s+hXgSbIm+G6aKq4X6e4MssYRUdsW4KCg0QE9vcbGbM7iFr7UfHVi57dkay5I6ouR+DK8nXzyaKZt0sD4Q10rccl0CffKJkGYMFR3pIJlfnavgKwqq63PC5PamcAykc2ILMZgRHvkKBcMZJ8Wm7jNI22pCzK2SGoemjN6b9u/4LF2kwPuws1JQe/Tj5imErt4K3irwkK959m6cKMTD8vDMhII0mtOtSvhIrEuvgSxFqXI8SufxQt7tk22ogDGcSZ6tOjcaizzDCuv5rX5zr6sqe94l06Tx3xoop4/2E9iO63I44bQ==
936,宋婉瑶O,女,440111200408047447,MAdDbjkGr0Rg,o%Ha+1Oq}bFvY,HPcWMRHoR+5JjtgObZPx64MBy2vEK4kuSKU8cI4v5qTbtnsE/T2RxD1BmF43shAm0WUZRxv0XD7VMM+9DOsdwoLRga8DTa44Cgf2vt+Usm09RCsnpor5V2aMIIaTsxeOUg1c2YSkhElI8o2X/BjGeaXN7r+2zl1VvtTZpIcRjARbNIB9UFaeU38GgFhGXJFGeKuSG6fpZRkqDRykmCWKqmLDVtcYR0va3lQ16a34COage7RHydRicBseDiRRYn/qJpsJQYXY9UfddpugQgPY/hdFio1aSd1oNALiLuaSnnD3ZvGTBpyfMPXap8mHqKtvD2bEJPQCTtjmYLhQA25wzQ==
937,谢锐利,男,440111198103228431,JciG9Ks9,~Yn}.@12v{irElC,DztTeGltehJ9639Kk3saz7+sGRJzm42zgzYpwU1aeIv+GMk+ilvxzLQUHpfqsxA7AZnIVQ/7FpCZZ909j27xM5HXx/GQXs9JXxy2nRAnLvygAfoyj7XXbr6lspI2uvTGjh/s9XCUGHBhHGkU+td3GxkhFXMRIIpzG4Ir7KO/4gMuB7lujjUyTC8+cLBRZrhlp6xbwyO3KLx2rNEDXB5kVFAlO3VZaCCNbaXm3BcDgBuSqntkwFrQ6+nyF/cpJVQ7+aUweDM46Vty/LSZmLnUYib28wZ3irrwhdDFMdQdl8Olu1N9d6Xqumezr6V6W+9FteWDGjvlU2g9/mWCf6UxRw==
938,邹洋,男,440111199712264694,v4tRpK35tUe,{.*&$pKCvL]2-yZC,pBGb4EprFmYflmNuvcC3Plfn8ICV+W39Flb1FturkiwAUOEj4Pxx6/v5HQ7Ybp4KQZT26iLgBmSCqqmbon5VvUHvGZ/G0TwuHkgb/BfFMbwOu1Ho15aDjUQN+EvlatFGL1/TM3YWeNhpFhPL/QBKRK9hddw6xLEz0Ozu7aIZGCN2YpRsCbZJ5oDKioCft+jQ2Q2VsAxfsRuIJUfsw4uSw6R0mwgZKtgaiyleEAd3BDRJdns06H4fBCQN0vY+XQySxrqL24wcrBuvP7w0FlE16mZRoFnB/2idqmGV0nBHRDC1OwFHasQT9Yh8c/miDZUG4PxzfIxmNFrI1a/kUbbpnQ==
939,康苑,女,440111199311231701,KKWWZG,5f|[J$Ro@xV18Ig,I2Gr1wCtt3ZiNrU1RfVOnsA3H1IPxKwJcDCJCsCG1J2pisTFdaFhIGKg8mKQ2tk8y8L7ZS3gvtQt6QtCMhxMZblVed8QHHj6x0am82bNy40VuSG7BGNI9+iUUaQrW6/PaGc+wj/nIiAA0VtmfUX/jX+Nlnyy87r+2hoJoKsuZ1jYboT3OpKR1E36X/0/nfEhaw4DnBfqwn9PKTmcXKGM8+4QO0gzIicVR9kelnPs2VuFI3NkfBi6wNLxsVSyIWbK47Cwm0plYDTkdi4aZP7w+55E70Ny0adsW97Rz0T9lQUhsbiobYW+1lLpiBnd5gGBItCHlK6qLYeLE7QbSFvL2Q==
940,周伟泽和平,男,440111196604111152,HyankXQusa1,=L?T.NahT%kD,VDMcMa99fL2DVBOQNo0YOlmWJtxyngtjlNvj/wLHMo2A1jqu6Fjpr9cc79Iy5G00veca+WhB0uwQAbTaldW1AGxn/Aem2KUOhkcA1doQVIZFPBpfAE2lkEozIq/paP94nVYsZS4wm75bIebpsfMAT7neKa8MeR9tDV61x8GjjDAI95TMaWAiK9U+SlRLZgCi5XLwdJ0Gbh2lKKduQX2n3LXNUNiG611dOLIp54QZu8+07qVE39pOR5bXSAzVsR4pYQvPr4IUMLkgHuV0yiB3af6M+IVt0iE79dzcSL2k4U5oDSo/NOXkuL//y0r0LplXrXGzIq6ZO/MbJ05FaZJ/2Q==
941,潘静香,女,440111196605318649,nJU1PKlR5,k~@3u.Qg_Y)/D,TLpLAsQDcwFyDSRP4a9+4erX1iyaYLYv13cgZFELugHArhy2ypDGpgFFUQ+ISwkLtEU/233MVSO7OIPIV2voDv9XDvv0WoV33SCWUsU0RzEbrNIxSfLkLHQkkRW/gaEUYqHp3aRB4cDzOdBl4o0d4hrRCr9lkYNg+5pkHTmMEghcu78kwACzmYXhhZieAXXZ3ODLaHM8EjIzmtF8fwKzpD2GOdvLoJJ99yLRxTIS55L6ADLBcN83tc1gc9daTSR2CkE+wNnBjmbaA4/AoeH/K8vfaSFBqzTwxaGOKh+zKekz/MEdzp1HJjCncnR2PMASpxObkJVtRhkqKr81CKzYBw==
942,闵苑卿,女,440111198301281786,K2a5P1jHvDR,zg>[66pUsx>@SX,ZjPuDUcFQDydpuMa7NXo6cDVamQV/i6CbZWaSeBy3ZneXzwyn6soJ8G0C1gI4RQOK8csfrSi0yobg1WL5UVW5yUIyjkk51kAWdvx0wClNBtIesttAtUP9vj3yzvMMK16X6boEba/0GhygEK+jbfzra1ynP1k6vOGQciRD0ZfdywOe7cqvB8pyvRmF4ZGlslr90UVL7cOQfOWyQy7SVr0t4IUauNMg+jRIsa+0I437zKOZv9/QdgdTsxk7eNlRQBvsAq0XMdYVNhJvCuy5maFanOo4ltgaW60EPkMMJvjiRGY96oq8XMagGDP4jlo9Vusi/5rGUO00tcjg4qBUxBFjA==
943,蒲思涵露,女,44011120030305718X,lc7w25e,4A6tS8\+lLn\Q,lsctgPi5rbQnj0HvZkej0dNsjo9aAeni+++BLlEADB/qapvWX7XGJSsKfA4+GXv6YRH5VQcMLku7CMhFLKOzDNZEHZJUnEuz9Rk3KMP+8UiaCxmUlS8UxF41h3X984JthVMCQfUuZOj6qv7L5Tl02frdCwUdzRI83+VdsrgWn0p04yZ8WWLJOWdoX0Umm2+rwMt5fc+QxZPz07HYorn0jYQUc3L6yK+SXGtpbv44r3h0VETJWWWOB8buunVeXYY2lgGsk/bR9Fxq7xDopnikdzHbxqE/HZb4M9YEeNdtC1w/iZN2Wkp5Qp3YSHBEpK0yOy5rRn9VurX0ULl2VOu89w==
944,杨文涛睿智,男,440111197104216139,MPHMe3QWBo,8(^yBc0*,EDTrb/zEZ0r778mycCGTtqrK9LhUVsyFY2a62yGQEJvWocnR7J6oeJI0ueN6PO5ItB+b4SL1EyqPWXhwlVuW+CJV3MDtyVsYCutu8PQPPEX68JUu29I4ua5a7DAefS//ZKi4OabuTTImPGDIafw9VOcs9lidDNP5VW4yuT3IpTSjo1fN2VbBNDnLowGW0M8KuXuYveapsI/P3V2deDOl06viQ73+4X94PhAGZVrdOWEJwM23mNQnRwiB/CCX+nhSXciVQMfXqo6l8y/o2ebjkQiJbT4R+Uiul58A80A++qCL26z4KKcKGSJD+ADT2d1TjGN8/NU+7arrrv5ueVsfWQ==
945,柯博文,男,440111199706207810,JK4azqnwlBQ,R+|\=;o1v,INcv18xL8CPHqw6VMTA218F7N8N1VTIRX/B0vXxH9CTBScoprAedmgNfd1Lv1PvnAsZJO59J/L8XOmsCNnNh87dBr86zTAe/6E1xf8R6/cRaug+o44522ESl9Q+7NwlnSINoixdUot2jTi7Wa8II3B/Q5U3X4w5AaMA2xiDrMjqthV0LN99HpJIV22bu0vq35P5ESyZwOOtijrzlZ4KgyRWgwKqTHnO8MKX9KZYNTKXm+iBGCS8pBgQkp01Ri0RtWa/SITaR2nyci8elrhqJTRGNaZyoNUlt22T5rRRcUECjfS8NxMl8gpT1S0G1SbItpExN91I8LDDYaN0gbhNeTQ==
946,李珊珊慧,女,440111197807045401,gSP0f11,7b5[rji4t=t:/e,46qEZUBL1kU7eRmOOS09z/AyOmahHbh6UKo6mUcEyS1fh8+CNg0PIrkoQjFKbnGf5atlfaIjP7VOPWvggRumvDl/53cNKLd27rqWprMMQO5NzheelZjFLWXvSU9Yl23Avbyp0SmfCx4X6zuyHX30sfNhXsVmuwnBI1Va9hY+ONCDs0nFiA1D32AOVWwzrixHS43WLX6u71B9LQOBgM9cF9lTWMBUar4TKeTqLMzxrRAbRNMa/NkYaqQ1fnCsdoseY2YKdEmliALyfd/K1ClSynMDpr8ASFB8xT7bDPyz0f9mw+E2ZpJ0RcjVrVhE6day6yT8aT3TDpNbIqmWmGV/TA==
947,司山,男,440111197209282271,CBilFd,#70KdMedI*>C)UF/,P0ZjThaf+SlDGSyL9p52EIIj87d8DAB2bHUaVs116oweYh/VTKpxCfsMDz+MmwKpMaJjBmElSP8H1Tx2L6Y7dM5/PNqghxow9Vx9ZFyKJNu0pDsJlQk/ZtqWQ9dL6qe3OjscQCzyfniOFWG5Suw0mr8TmkxigjSa4GXDdD+l1jXjVa0N39o6nPHesLNOLT8XHea0NCBIMsO9pQNLqwNJP/oLbyQ4x3E97HtKedpI2k2/M/PFx/BpYcULXnwxyxIxwrXRCPGMrciEXH8gXrNmAcrd+WpCljP0a/wljW8j7alcwXsBf0xnhcGnMPi/HPvIQ8h2RZbWhStVmlwTGgm2Sg==
948,闫晓峰,男,440111199408142115,GFHAiJoh,\d+/8fB{n1;`k,ir/rTQTuCGPAcK2yFkfIex4ge2vR7d0hAVRNQHzJW1LhJ7/KDEY6m5zPjjQx44aUHnz9aMpQ4E2raF+mXNa8z9BvZfv/O+XrEtxjkrwryo0sWEa1dkPlpCf6/mmaNnR6LQRfa51AAakfU60s7hq4PiS1g1k10xd+Fva3VmgphEcT0Adh4wSeY2C4Vlv71gm/d1OOp9TDczONS2bMk/Ae3bUZREw4/McVw/PVESQ8oV/BzBou/lLokPB/kuJz67x4CB0KiZPMk4U+vmz4gS9DYXCatljQxqHM10/JjelSam8KH64YKGyDTNprbRQxgN4IAdoCnLxv4tNQWhGW7IyCgQ==
949,柯勇,男,440111196707219430,CpP2qMBibR,/PAP3p9.r<KN,TUxTD7n4QKXDOvWEp/lPS7jNY7sWCNFSoCHchWoF/pjMksDqP+aRIv7DSIwYkYtoXPbD8xXR9KDxPlcRCqWs5ckb3JZwWpQ4v7nJ3qhuQPjR/Vbp6Avtlf+ncxLth+L+DJEjm5XKtTdb1tLLxXLvLQUhWk2TB2FkVjItNffuFbPc0LX2YoKs8OzW+dnoc6PZghQ7Pjm9A212CZjc6+wfbq4AUKpShW3IHdkATc4AqfkOz0Ispjyl1lY+1fxHwj5e8lGmv/n+cPwYPyVe+60zllJiF/lDoc8z3/zl7Y7qKXT66GEY0ioaiyttBkgPobPVGSJF/ys7le9lTDRgKRHPvA==
950,蔡刚,男,440111200703078596,L27E0li8sz3,E~WwR*k8|f#0PQ+e,IfL3NjHr9yIu2CCKJspDcERKrPbX5EKf1TZ09OCuJL+jcsuWAH0qBxnLmqPSXPh3wNP0GY3wchxbSZXV1AKhrVTBkJWYJRcDt5cXKhSwjPXjksIDoc2oCKixpfUOfSVvF3Bux8ivbY8e4/wLYHpsbxIoCNJRYluSyDxysnAKjFs9BZKwpihbqr1on3Dh+huRIa8e3wWyUuLYP6PNm7viZDnvdAHpnLpl4z1Lz+uW0dY4E0hESxje2cz3a7EraQsN1sDkeSV2BHbjYBQ6hmcGPZ7KeJdSZbD+sYtWVSKQ7ODZm5cAtCd/EEmQmQ41mwmPxcvz/oi4mcIpCPA8rofR/A==
951,江雪瑶,女,440111197001155441,FP78veohI,7?X{[/B#@,anDIEbFJRoKt+isQMhD5CDj2z6422Zq8zc6hoWYnQpCgbQvmI5Wo3Gc2dpVADIHFSvoSV6qmOvdZTMvZVPjoAz6vrz498xKmKRkWVqA0O6dK4kF18cHv/2/GfmgLLp4sq9RtgK9heV825d0FQTo9508ktSxRYg/+fQ6HiW+doIl/+0GmktWiballtRhsdeiYKy5FHfBKtnAb2uh74Bt+UOvdYiRwOOD3LORUpDXDdhfcUFS3abTKGWpH2jdnd0oSADuDJrzjtP+xaV/Uj9NF0kRatkNs3kGjIxeempBCbKqUBkRlzmaRxCUvA/tMuUQAQNWNldXE3GK72OXcGYkFjg==
952,夏轩锐利,男,440111198304207178,eR67Ola,76xnvGBOMY9\wE,k/CmFp6MTviVzydAaesfdIAs7pr0VJCKjB3Z6sjNjuhsBryuFFgETYz/lJbg3eq0vcQK2uJCWF7Cpb8Rjg3u9/qGSN9LSiKwagykbyxpO+VtxGuBseNCdhK6HLltrUGCxYppTEVGGd6Lii/F4ufst3jSMIpVTFXG1AZ+fJY15R2ICwqcEth4HNCJUEj6qZt2D0AuvojxXXEoQK8s47ykdlQIJN2G4mEeLlqToeTKaFbuj3MnozOZMJCTKmwHh/L/CrbhFMe+wCMYWQARqsHMjqdmtFJdrZ0K4SF9bNxg3bpE7Tk5s9mGdz7VCjcvbaOYTddy99eSRZdqPIJqlojobA==
953,侯乐山温茂,男,440111197811296457,lcRRs2A,pSoi]TBXV@;@No_g,hOSANsSDRfqk6jTS2PEcRhbz2cHD6WZLK4U+QpG+I0Qfr5CXzz6kH9k1VodUs957FhhXdFQ0OKba4sQPB5dkPo8nAzqlhCEhOszSRtnDGpo/Zfh7e68GKCZa0o1Fk/Nx6uD/N9cKXwlDU5jGv/uotQJ8iX6AEy2DNInVZEdB+Wn3ZmvVoWyO17MwEjHjiDISjZj42FP+41t/y5vq3Z20NZaK+3Ok7ZVjcdEk43vBQoIhmA++PLetaz6R+/I+YyQ9qcwEfd413wTcA0OfTOamYUPL0eDwFjozPCT5X1HmcyXZgULzBWXzkNrYtum/LgWqBLiHxRXSDSYnE9348OQybA==
954,贾书瑶咏,女,440111196912257209,X86XpcHgnL58,z1<]dn61,PSfVFDMW5hqjYCyTM15BqLk39pGhjCIW7SyJzzIutQTiSWAvDFwHYLbfrYDpxDgUN3vBShuufEa0bbteiGoVIXCENugMe+0NwA0edZb/8kd6nIeD/4CG4ykvKGPDOO6ILt4foQNAqnWFrv6JRgnSuC7/SKN81FtpOPIXMekpQ/Upo4YV8+tLiUuwKeDbt9TBiuMOxtDIttmfsv513Nor+lKQhg4+Do3TGY1mjIJugcWYjIEwQdXhJn+ZJdplmG1rl4rBJC+t/KQb08Eq4juVnWETeRs8qzG6f5E+x9GqJ5UDc/Abqu16Y4zV2UztC1SN7y1VCsRoN/MsLYcdOaRD2Q==
955,尹薇,女,440111199908010709,DobSHqTA5,lDF;bO)U3j2/q,QwVR6ftlAzs3+GLsK8sjq6kHi8cZupkYk6GS8AmmqMi1U2Qz+KEOEr6SYYk0gPiLXyNfdsKL0Pt6JPGu+Xe3sPEI6dxW8/RVMyLsf5oZTIWiw2qQEW21YVEaWqpbfMV84CGU2UOuK2yFJo99aGGFzSNDkT8M+062t4zFkkQmLYyvG8mpH9vs7UoMODTJOSZ4nrUIkdSk92jFtIgLQC5eZct1pDMwjnBDDvtHPWdvOqkOg1Xq+yQxE5vOwdhwhP7k2NR92yjexmtDe2EJWMYMID7AltkzTAFz2WTK2AySw6hRtYrMC8xzwJUhInPsVbUMiDjkiY+v99Hr/54tKY6+3w==
956,叶银,男,440111198001136691,FDV0eALy,~e.lh&.3L,hGMuZJE+X6vd7i4VKRA5/rVhXUsF/bnqvDQ/HS6g/tLMbHf4fCoPosKrA7h13slmgSsAazg1QF55UYtPRbXAfYHoQOn5iFYCcMN30R7kWqMAMkvhXlg30rn0yfVdvIPDlaEoPsNvqUfxSK3uVPYVTEEYdYAmAYIIvIeYw9M273LK4Y8xRrbRvBSrKDHeixMEIzhXyECIMc4qLrY2INlWuJyOrTP63Wem4/hFDr7Ed7W3nsKP9yt/oYl0BZLyI0TQfjpHxousLdTChOxRL3dKKfUAFhqYp6mhUYh75g4m0xdvNTuyWlaNq7x3C+iHnJVQyx4Ounxjd4f6QqoW24HoOA==
957,秦建平,男,440111198408211497,u2O7N26,R@7<0?rHK9K2,w8sxuNe4FnLcNyRL5wKVlRQP/+Qr8NJiBdNckVmROcrPlzOjQvu0BRbIgvyYOtG8q0QFtvVcSqgwQGo+EfGlJzGJq12Gy0avJ1EInCg0Uy5Sqv18s4aE0jozTsMmHOWdqSTtKntuUfB0ASp2w+ftnwz0iUBUMLZS8/bPlE96hSwD9Nu3qOXSr+A2mtqwQGxu84D5BkFF1TrVOxZip2zqY65iwTS3xyVeuyIGkGBGlnb+g1NdKr6muXagdI2VGHJmEKQ2CMoDqzzMgBf9m7Utl3zapNg5iUkftsimSBQoEe6dWbQHo5H7KDUFHzLphGmbhH6f5sJXBytLLiycR9WuFw==
958,熊秀英慧,女,440111199404055209,I267tzn,Sb.0|co^gxAF*Rc=,z+OC2NEgosurpwDiVDh6dJZiqgk6+1bg04wmo1NC8NaeMb+PhFDXgCKP/Lc+thRzwcsj8tkPWztHy6oeLXI0mjP9iC9GR1TG+ub9M+u6ho3d5F1+YWmGu2QZcc85mdi6UlUcxW30cVJc09pmimUWPJJWPTj+RWMKD+k8Fj8XqIyyQP9zB7npRRPtury61ejsM/9fJA0NK1Y+5BCIMkMmjKLclc2mMUXUxHZInogehCRH+MqBFUtQjnqKIRTJ01GQNNM4RY8EV2sD0+b3cRtkVSR/g+ovf6rIHJEJTR7Edh28uUtK61WwqJXRw3Nv5xFr4LCvtica7sIeljOBu3U+mg==
959,庞文,男,440111198303138094,LYJdTkNH,7C)&+WY0CPs5Lf:,BwpeOsfXUmQSmKCUDDSBpZ3dDbIGRLgy9xCAjVpL+yqynsIi0p00wwrus0rlYewcrJm3lDD8UyDscbfIoSEXR1mXFP4uWqveY15m+SeEWu32VRT82/rfeOfUFPDv5rg5WIpnRyHLb+1As3zM9GozcfvIqXVyFpB1fz1OIdaoH92BX9LnwfHb68E6uWnq75+/zYequjCs/7CJBzxbijx9U98ipi+dfaly2F+IxZQciHZHicd66NCpjlF3vMAkhZKMggw+w35yTvX0uxlA5MmEILKDeMK30s7kTOgUfXRv8/cKw2vbApqHta9d51RlsPGgw1CgHOp3RNAc5C9YOoa9uw==
960,余琳,女,440111199502249162,AJZyYejig8I,Wm:Woi@/,VvoK0Xa2YQYlk319TjDrcCNEQYc9l8YaDTHNJ/wyXGwl67qjnkPGqwuyuhjUGfGH8ITXY2VUXgQW+h28s8Wj6hA8y9efGHo8EXLHpSmDzyelBN2Fn+gKnxO30VFyIBWbdmZQ/yW2J+sdCr/Ppt/RMdxA8qCVzpZ++8ysqQaOfRQC1Ik7Y3g76UFLiX9kIe6bOphiUAZ1pp2Kmo103nZX4yd7diAnE7nu5CRJ7sJlH47G4cev0M/wMiuOuUHdz4Xc4Ep2G1uJU7nWeBQoXQVukLWVS73ugrAYZ+PmyxTDHQp001yAhxwFp8lFdqAIiCMK+nYu4dWSZ3IahODJxOALIw==
961,孙秀,女,440111198402199802,swxyN301,V(]DV6#6Y,SA+Mrxzfheh1cvLUJqLQmDIGwkG2uIJfwbfs1Q+4zxu4jgFAK4s7UMW5Krfu9mHQy8uW1qYLQ6lhVI9wZ8BGd3naAXS7o+VqDVc7oor/CgE9u+m0M1guHDdmqOCr+XvmV+CmzVt7lkT2g+BD4frj47Z05SKr991SJV7xquaGOWifI4yF+2a88t0uswGvkJuwYCT5sR2vO938yNhkMnTMLj3louUeuWoUN8aanoyD2SJ+pXYY+txk97scHjkUHiI/B+J6hvnw8WqEzFQ4P/cEa++rd7YtfM2r0MsUP4YItqYgjC7xufh/VU5q6WgCSaM+5DKPDALJbONjq8sfkpOXNw==
962,戴婵,女,44011120040701976X,MyGQIea&QIea,f`qpEkvwuP;/}L},5FZs7WA1D5FRfQKnUlGEW1+ggaRImTSFhzzx11Pew3a/oLrZnjsV3R/bbJXRriePtZyZcnrpqxy6ThGIIavQAl2oJ1SK2Ot5USN8kKgygGhyefBIPoE/i0zL19hmvLSkaokTGT/iYaw7uEFignbUquKWc7vDiTwWflGYyBqnvQ5cx6eMy88H/8BTPPbYMkg0PtcG1SLT8imwpq08asQARi9WM7fSJDBIQ8fZFtd2t4PB91jmzDeDDl23xfuetdDdNqeHvM3u3a3p5m/CzdMM39Qz9SVsjsmhX4Amo6iKiDeGV89YvrMGYqtviEs2eAmQsn8Pitsn2OMoP34wdoZS6w==
963,樊子璇,女,440111199406059107,YVRgVtYEfAX,4f%AK}^b#@/,NMaZsWyVNvfkZso3DvMblDxDbxaLTzNJGQRKpafWsvG/3+ZMI5s3Ayq8cbfPNODCtOMhZ9z8FPtWBOs9J9QcSIxin/i4fAt1qY1nfIdweF6Bcwj8JRxwoPzqx0QIFCNLJQMMR3IYoC/z+iqO79cwTdi2kU/xP0zjWRKlr4kZWCNqqJy/6dTVmpYomzcv+/cOKyH/qT+3fE8DeBuS01XllKZHksemDck6qRtQHkjsmqqjr8KI/KSqMfSrj+1Vg8R9iTv0BgUE8dMk/zHzygvEY61i9St6MYTDm/lyrrXVo3DNhkakYdCCL+rQx6i2skHH90D/3SUsKB/EXsTCVaRvrQ==
964,文昆鹏,男,440111199806281452,BVVNuh,oUJ85oVOg>Yj,lQGgXR1owrnaVqQX7pxhrlbijrSU1cd4WPrzDReOcoxPuMcLwQSDDJoevfQABajHggA/sQRVZ6FoIwGYzZlrSxdCmUvQGAOV2KHEAIuDldgaMp5leRjyFMIPefWEzbk1PGHvRZNGEOgc9SA4cuKdWMgyi+ew77EBw54/qOsvqhSD8RFa8dPwK6fEz481XzTk2El8lzLwmRUjkKXwB/CM1hY33cqnDujhkccit7XbgkNuTHy49ZRDSvV+/PQmWIAq2IE4AqxL4xElSKyBxn7pAAKL6vlBoFrWx4b9L663Hm2dwc26W0f1j8C8G8RzZv8cUO+b1Zn7UAioesODFEldWA==
965,项婉婷,女,440111198202089609,tqoEr5,%QwY;]j=*K,AsqdMuvsEmQFU/4x6QQkXT6aE3tsEQ817fpWg1eLgsfzrnqJCisuXalVYNdr8MIgvqEUVcAPf5sXuBNJyaa+vEPS16WXktGdJnJXMk+NUCOZ+x9Y4RwJRLT7d7Yd8CGj3qwRZt66VcAid0k0SdvMOVhimOZxm7qq8X8YVToirbituGOdZk14gYr5zM7LO6klXFyLSFtVBIHuM757mUgt/F64lzINy3tOfpsNf3JTp3hUkxFVcwXcEHV6WQ2jyhjPmiL/qt3Meb5ca6Z33yWo0tZt91qxL2U04siy6xZnsA8gd4wPqox7OPjHAL6v949aGm/h6qx4hD/EeM2vahwWVw==
966,杜娟丹,女,440111199609162227,aU6joI,wtw#KrWUAOUIo,rFgnZ9QZbTcxBVoflBmVayb/oFjRBql4XP95zHJJHArhlC4LwhszeuT6TomHEBkcu7UImGG9Y/xzCzw+5ZAPOZuKZMt9PYlp/2ip5ERLsXqKj7mKB025MCnggVvw4RYLkVWyMcAN+1/ihDjQlYbahMGT2cAFg7yEsePR0NFjKM7xEKnTQ9SYnKMYNCKEY3h9P4wiqHr9pZHiWbGBL/NYxNUoFu68liiNo5wrJooj27bi5JDAfGb/ErUDzr5GfATIJWFJljcrFt0CbmgHQX7FCy9EFEDFiKLBJ3+KmEG48Fxw23e+/aC4uhf83iqg5WvXzMvGbQ0llPLE0x8wmMHhAg==
967,牛欣怡,女,440111198407169266,xri9i0To5,NxfxouwN,Fnp0H1tfjPXFPL5o3SKBkfCSr2Rp7qWP8OCvb+t9yoyqRjAnrQh0GPwS7pS/pd1eWkAEQSzIE1qA4ID9Sy3aHgEhYP9gc8jwSKWg18ff5xCK2LC9JUwV9UlmMG1coRux8Yofj32R4uK+mCMbzuQ4tpSzXDg2RnU2SjfRtZZeUbHWW/i80UYOTQLluXD0lUG4NMF1IpvbzDsV+FB+I+R3WHQFKhcJW+rtAaOl2S9QC5keyG32nyeoUuUGgodPazDmZUE/wMl9Si1zUKrkvsWMZw/uzxjfGWvQ0R6/7x8jH6E14mVRZimXMfX+ZD3vbfODHcZygOEwk30RXEfVA5dtyw==
968,蒋嘉豪林,男,44011119960411973X,RIVirhgTmu1l,CkY`[`iJcA;3}/v,IiOepfTbyd7e3xCJkyVHnqGXJspNq8HoVEJhVtIKlg/Rplvpge0ZcmE94LLvxWzKjLLSM4YnQRfZqk8+C8uH/lmGSUoFPOHtknOUFkWNx4ZV3mT+EYez9ODF1PT3uHywmpBO1GGtPQLTX4PN1H1swV2KImE16aZ89BR+xMDmc/73NpFKi5+5zGbpccNzQpVCNxj0aQ7+ANzeo3q63irZt+QAxEHD/0SG9co0QEn51vtfRAXHRUX5b6I5eZnZNnUhBHxfCNyyaOIM2rKPiZHzCcKr+pCfuapRzv8e8lNEG6YwkWeMyZN2NJgActHK3DpjW/4b2aiaj8HKO++FIdR7GQ==
969,汤昌盛帅,男,440111199705316812,MlzEKwogs7K,t0hKXCMj!p+F~7X,ifYxET0gevyGpg2XO48RySGXWsI2jI4Mp4KmJZQb+AU6CCJtlLnLCelbtQEQq3X9hi5CblMVldMQxMfUfmlXfoelqCWovK3X3/6E7m5vimkvfQ6BMZmE0WAs57NAYDev0WIRHIFHMJ2jlhGToba237P03ikydodvlzO/Q6UlBr5+eBpBSPSGZSjYA6GV4rZ60WwWEV8h+UBIpk+RbgpvvJXjkJ+kVjsU7fop6ySPloOTz0shEeQ4W8DFKSsS0ozZ2F4HURcSLzjtklz2eEqX70rswEbIrB4Y7adeDvvH9lpJ7VKdlQOJe8WjdU5DJt9Vzn2BwxytfjkvUhdDzGWIwg==
970,屈嘉豪霖,男,440111199608096459,pEeWlVtQ,21#/b.uB2Vq09,jtr8OHktQF0Ngd7nrkXlXjx5HGwMg523R7m4ucAWEyu/YqTWK1xmHp+s6pqYswrpwcf+dHn39aZ4PWM5qY8cpZoFr43i2Vjrv3eX1A5pohos+vQUFSlJIhETORt07YbeqjefeLHt6YaU1olyJVaqadqyXbVy4c4DaI+tPeCz9JAfAjfLxXVt8o8BgFZTp3tChkoXh4VlUIZRHQOIvxyz0C0JFlpwmQAO3P5uJBsLqi5cLeDwSCcqhy1btYUTHTuu9NMXMGS7S1B6B40mF5FiUuCKL0Oimd1pYEHPf3y4Lww9f243yYX+hIvExZ+Jj2IqV0JKz6Q2j+PCOyBcQCtWvg==
971,胡安琪,女,440111198010173224,A5IAjjaxiY5,J-=EdifHlko9J,GLczM078QGYj+mNCRBmWws+7wiY7/nF18OBpEEmAl+Avrdqy7iju8KiweRDRW61GOKaqf/3Vvr2E8nE3EP7nOq7WF2Dtz49ho8mNqiezHfXHdat+VTWtubBHqH+zrbQn1h4HJHuqqrj7mWiY7UF9zTmIyQT0cic6gXTmFbwa1dgJKPKFMh7D4119z9SCsHHZrrtlm2lCKNO9aQDo+PsoX6peCyHG7v4PX9gPPXqM8P9/mKAwkDhsySfWY5dmmRImum6SJ+Ax49pFNfcveoqfiKTWwlnt6rU45IFWcZ9bXpc+7eNgWX0SKiUOjUSZpEoxAJY8RuKBUyv+L5n+pPtdWQ==
972,孟佳慧,女,44011119721125734X,OB4xFin4HO,/lAY5RiBN(w\w<,XgG9cqS4CM+gLOGQc2gZw6oZv5hYAPA0ccrYPorJnur4lvoA/i8rSBRVU1LUqxSSByh0N6owlN6gwv0gGEHTWjESg0IE2Y4MM0aQqrI0egAUXBIs5yfm1NugQcpWi+i4ft8wLP/thbcqTPEpUvSVPv7+FkAFXNjNyCGj+BCrevFYDIqSHyc3548ME9MwYicBxv1o2B7r+uJqOOqqoF7QLRxPDvcytPCqLXLGVl7Kd5sy9pgVAbq9YERwshSZwZ1rorwA2xg4QlZYGpEEXysts8nQlBhZgw1hnWXNhkS+UbkDqkLBdRmaCZkmjX4CBC5jugJYtrpxnEz3SEeo4TSxRw==
973,覃启明书豪,男,440111196509293656,oOeFO2oab,u|^m\TmZngbD3Lk?,EgsN2q4FdThMrlUEMWMvvq90Sp+js1eiRqlw+WJ1ujjAzCV92Wwx8cmzQQ8JwXA31mxhh03cOBwnyhaTo6hLMuWBNUvwFfRUGVNGSU02eCY8voUcL4IbWqiU20h6LUYmjeXIM9ZRc5oMHeg+tmKtWJecFzEb+CQiRno5f1IDfMFO1Y6+yB6Qk+AKqn9XyxS95FrTKVqbV5Pauhwfi6qIOur+7mzX0VXzw704spHYro8gp+aiDxEDh+gvkYB/+xnlwzexRWaIglw2GFssvgk3o5LOJMAm9lH+ZL8S2GoP7yCtyZTxQ8m+qECnf+ubBDdvVlw4dq7erzBuUbaubvbglg==
974,章俊峰,男,440111197907310735,tawuxopr,iTgUv5\nF,DAnQCk8raOcDqv5t2icTwzuyfrBIEq287OBds0BcNQqNugP/j1F8ZJzAiiebomx88rZuyPBfTSkiuW2YwproyyyblXG27MN5EEQeY3PFdRjgOtuL2MiJ6Va1jTr2r1v1ILYwRHWAazSFUU6C50rfo83GVQhG3MR1TEznRbM3UFgJ+xgYBOJ47GosEtWulzOLS6CmLGooNt2nnQZ0dzGHRqWip5pTlG0VyEvQNRd8tWWkGDrkO7WqrVGTsGBc0/nnkD8IK4qw/xG7yJZlU2Hix2lF1Nqx0O60FAvJl2Uq4OOfFN7VL4j97N8LAjSfzAPMoksPsqpgN02Dqkhy4YUEoA==
975,严松,男,440111198010027817,keE08TCbdZ,=hEyearf,B7rz13uiAeGJ/O/zMZXqt8e7uP0KO91vc7Br+/ivxgpdoPnjX1Rgc+iUaS2Zbpky5RQFI2H+hPtWXvxj5mIq1jSWMhRTpQ7UCLTYAfcT4R6nSzFY0OkdcfE/dYygV0I1Bh09RRjv1P45sV41J27k+X3GoWLQxejK4mxkQ5ROaoHPsdZN5maK75rX9FXUDhq+Dd0NQrr0l5C6UG2qG9XDWa9JyDf9CZnvTXoDxBFDnQUBO0QGTFMXOfgr9cZuxQPHHBLF5Gv++Td65Ab1BY0W6Nt2fkzLOyr0/+0AM1MXJO3Ud60rX6E66NE9MVXAXkhuWlWGGBaw+nIqQkhR9IfEnA==
976,姚浩,男,44011120060120167X,WDM5AiJVoNuA,}^ovng:Tv~Kn,ZOOwjiNF072SVzK8iZ2sBUPW1lDm+FNQ4sY4A+404Dwu3Sd9DOX1mJT1lntGR0454OajOACZr/HLf9ocL2Flyt89g5fbD6Hvpl61iYzFCNTYtox47KIoJjZNm15IQXd0k+jFp2S19zr9LG9AYAIQBghA4zozmlDEakClr/RuYBbgbz+utgcO9C0XP4gbQThVHI7FDisUgUJ2tDI+K9KRJi+0IzmTvhRF04eZiGIglb+xc7URnghfXlTKk9bnlpO76keQjCHAT/Rh3oID1GQT0h0e+5uUuNiopooXuYSeVDHK9FiL7eL8oLWVZfrcKSPipIls+X9+uurgwvXD8+ZJRQ==
977,甘小丽婵,女,440111196906230763,it9CuU,G*y0IL$9|!C;OH,tVRsjVsWaA8CfeLO1MMUBIMAFKUmi83bPN5o8XkvPQdD3ZvMIPKs7ZXfnyn+ZxpAtsnV6ffTnsaTbLYC6Ued3K7DKP7Fwt4C9xAWPQI1sLTI+7fAUCY+PS/gIXaOACNA3KXcTaH/YKSY1QY77/ctPevK4tq5rqZECcy/SztguFFStJuEU71boVAx67a896AxdJaQZ00uq923ibUFnmUYaSSWAOVhji/CRYn0prT0ST1CIsFEjMyjfj43NZFVo/S0MIMabkek4tv3w/DzqLI4Idu+/mVYrH2+iSxe5hhlJJRBK+V7VGShdaEgZ/9dZ8R0aWogkHVDr3CC89h0UQnuJA==
978,鲁海燕,女,440111198106181907,j67ouSMHU,j~b(bfJ{3s,Hkbvtw+MpTH27EocOmp+Wlz2vzJUmEbOIjAhMiLsStfEtAlEW1nZZqGqA0GHDj+rBOY9NQS9lg/4qOCYE0g5n2IQvBfK5C/2beg0mF1+f6JkbgmGLYiVwEDp4bqAo33UDtk+uvdhHCH/ylzpD+cEYR1eOgC/LpE5jmwurTXPgVCHxK8zgdbU6wNarhLd8aYc2HmJGZXo9bWvkvPUngTFoV+jtSr/DTvUpI7F+3/aEIcukgZasDcooFh/jqKVu+hwGPl0sQrp7NC9jLZQD8tpYq/oyd/647SD05dmJAWVT6Q/bc1pnF1gvq7E7jE3AzXOFZ11UlmNP9YrRzNgFSM/UQ==
979,鲁雨欣,女,440111199312069064,oM7KOXx,lgp4n.>hr_?k,PFnZheKJG+nSaFd1OfosyGdcLZ36gHlmlfcjaZOX7sRV1BF6CtmJyANTBIgxQuDI2G2AaZdKxUOMbJmFdGunzWh/zqu7YQGs8EEUn4BwTQHcnsW5BJI85uAOW5QwVlcE4131r711oqVuYL9E4AfRKIbz3h8ThnO5mVATAa7ZOnic5Fq7MVtO46cjwe8/QoJSRTt8TM4X1NUKycYvNc4RWcNClNi/fUw0c5fNe5UBqDwzQu5jCUyz6ojOuUEe/bNS2AIIiGrdzhcDH7EluxLDhXAtaHpeeRqoahnoP1PfTLUwqZ7X7MyLHuEIU+Hi8SQhc7LLXfwuGmn0F7rX+xyy1w==
980,冯锐7,男,440111199806235536,yvBmC9Uu2UQf,r){]=]xls}d,mmnUYx2j/Vbdid8OKAbXQa+SUtrIbpvNvYMCfW95t77ogo5DJdtDhgYcLWJso6ao5mKEgAPdSDtqvLFau/z1khaBf2YdjxpT0u+ERkHcjN04KKgizuDxPJ+5MRWEmP/kw/wS9INHHiRZpUUNli5EPybpP0z+5usRwY04D5pRYbvLt/3ePJmpko/inq6mI0LHomEi4YGTdoytR5r32JRKKmEHTcun5ZwYUUOUmtOV5xHl3c1Dxvcqv0dPwVUEXYgVg4ZA7WnStqAXDiMRoIHGnsZlk41acw3US7BQqBWYGAM191ECO27lrygZve9AEozV0oRM+HHrJOsF+/gCcsuGvQ==
981,孟婵芬,女,440111200206238501,VqZHBmzrL,p;\whGCYTQ-,aeu7qodcSZc8DdWMpvIaSdSngoRhWOEFmD8cm1ihMpa2u3EXrf0dK2cX6dm7FGQqtWJI18v3ysqKBPtxMYYXmXBd4cPXHKzZ3NsZaNzrim9dhBrPUI2KDULXoXuP4AvoYewFCB3wHuVWkW+omgRQ5C+cy1w8AeGkdgX9WfNrnA2TPpcZc0Sb2sinoTeN7g6ra/K+ZLjtMzmWEW2x5MZj37MtY9JK7d3vUIJ9YrsLddEazv31Y9E0FpFmcln0fj5FTg9/xmMiYwExK3kdWjiPOBiviYo6BhhstGRKtEfQO4Oj7O9a9IfoYmMkOQLxX2RTHOqtg/0a4YXnYRYHOmYAaw==
982,任婉仪如意,女,44011119960817228X,EPgdLW,~pUPfgP1?RK9KiW(,LPvN11BAGLvAwswFD+WD2T8+FC1stMCpZO/7ihnZu4v0D0bIrXXLtiODYAI6iuiqeD7ZEiH0B4wHnv/Xp13kYVqameQuKEa9tC+z/0kksgVseKjbPe3yY6v0XJetAYTswCn0htoWPvu5HCR5zQ1ZIcrgESvYdLCUfz938IBR3qH8KQPa5w+T8W2RNUXhqrcfPNBVJREeJfG+pREmO0JcBzF04coFzQ0JuKvxcmcCFG0MXCQafob/ldcY99X/SmYKSdcx8WrYXhaoGuZK3fMOwt+/4aeKjJivfU1q/70j9y9lGgr27UqbofpZVL0neE8E4ZDAw5uzhgKlnKYHw5nUFQ==
983,项巧云,女,440111200411017345,oLMMlGUHVPg,O\Vp194KD,Lv93X6HxDT0VzCVDpZtbnAuI9jqbZv1rV8/4awfvNp8S1TXyy0poFQ95mGzWe/dqjnnRBNMLizSe0m/TYeIZfxsiQFIIkI2DWTjzOq/gw/vVugZR/ME+0pvX3+wzToeK9pYXc85MqSm9YhOqcNmyH6dPwgpS4oMt5XHfH6qmAXAydlrpYzgWuHHV+6r5bRmmcH/a4kYADZRjYcmhmYkVdhUL2XRyVu8CGbidEm+DCVZjt9/n47sFmyYlovUMMyB0e+VTw3jYEtMLGC2H+POTZGwBGSEqFLCTkXgIAFVO3yrvABu2ignDKyExCsLAqWBxofpmGdQpj9cbArJs4PuRug==
984,冯雅静梦,女,441111199412029502,jyBUmjFL,a2k`c>S.shm,0ch/b7B88T+sTzJXQX06uiaFJgj5mXFeL/vFAGWXaxO/qks7SX8gBme46V+v6aIUu0Skpuoid9JU7b5NuySZfJI15mmkhydSmEy46l/Yb8ZVM6NIjuTAlpPytMeeow1lbvgag+HjZd+/HnmRxwuU5RXZe+lGtAEGLhwPmamrKI02+qPfXWKAORlq0VZgK4L/kSaKV5b7fsjfieeHLVvISOkxgbi1l2IMnBdCZjJHeONUrDO6nZPL/lVF0XwX6Vz5GkmPqXNL0S5rBvrflV4miSXGD7dLs97zYG4HKQDCT1XjnRA5vgfy+HyAfgfkJ96AMx++gZ52+WbJzFFXfddaCw==
985,罗哲泰和,男,44011119861219257X,T3fE2QKjA,TiuG)`#:;f,muC8UoRYoKs+dYHdRmoeNOzS9AbU5IimXqb/b+qo9m6LZh2Yy6wjSZP8atsjwFbnncJoD3hXEQBR+o4WuiLVL9VpWB6Elq128d47AnKHsNba7BNkDHrQwvUDS3Qaex/PSPTcWo66jqohf9ob+mhqkeUhnaRWQVSMJi6/lK2xr1eVwWXNTVdc4euaP95MLn0xMf6JenFkTqmB441mBYebF9WiNCF3kMfpG1HxWD+JMrwF0jZZ5iiA0IHPI6vT301wtkhBPB8nny2UshcmwaK27m8lgO5m14vHlpaMV/aXVS5T4DD/ysJyiSbVto1nQdiE7/1JXvLha+3v8gjEUovOBA==
986,汪磊锐,男,44011119740127559X,PhEjTa58iDY,WY+:]N)x)Gs,BG7rR9lnq1FfeCdBzF0SUk/Cx2TbGISp/TdWA2/Fa7O5lb5tkcqG6YUBG8y3QIKlDhPOZlH4UJGVBgIucv6airAQwGTFgi6SGW6BezgEVBYj21V9vvuJEkeCusZeQuY3iSlt8Zu3QM5ueeA9EDyLJrRV3fYyr74MXQSMJHo4A2oECR+kfn8jdVV9hh5x9N57WClxHxguXxwO0cG8jkSs7oBF/glyL28VaufzlE3WRD4h9wrSPrHI59WwrMCCIEkFAf5EZTBzfCZ0Fpwt3bWw/iuhfLVAXtdLiggdkBMRkAskbigmiFLN7MuC9FGW9/itzaPdv63STn512c8/Xc8Q9w==
987,涂嘉伦,男,440111199801140511,JxRyPUUi,V8LQwRnQ(m),inTbPz+yLAtHrYyRYD2MQjN9qyi/y3UCluzi+G1g+7FUcxQgX9dFsssFYyzR2iuTySdCet4jAIQRgggaNSoBoDcC0vR5KnfOFUY4yyOdeqE8shTv4lEjGpvZ4XmkE5Ll3DIoHJJwujpHJHUKl4Wvj3704nwryUmpPcWp/reL04kTi52mJePKvGVc+0mjvIiidTxV1OWwzK9MXXed7lKEYp1ONZlwR33is7/OgyG8E97Lufoc5nit2iF7KvkaIp4PIpIC48CbVR9VlK1vB+tuM2NYEypYkv0sEyPSsjLpSEM915ufNpqPdp6XFrnVoaHRO6NU5WTEqPIe6aPjhLLPuQ==
988,倪梦丹,女,440121199402218326,xRNpciE6NE0c,2`sO2IHp@))dA,u4XUcrQ3F+jC92tUVGz+/TdRwvyrdQARBlNgv7GtCsUt0dNoHLqqDtPIlcVOGr+23wkYvwWCLrGVoXu9Zhk6qx2xMmtron2jHyWkTmMN4NfTQuJMA5di9QVqhmkZqCAtyqE/Y0KN00wLJ4ePorJgVmZ8+VQTQtj4n0BY+S3c/sjIO4k41ZuuSnQ08pe7mPjUanmAentM8Ch5Nkg/b0rj7JpURgb8YsJXNy7ZGkqgZL57g9+eMf2spAF5Zm0IZlEF3jPFnTSqwRQrBA3ak/q2UP8syBYHrMCbMcFBc680hHLLipGb2/HANj+qwP0epzlAjIKPx28ayc0v3IeCAGqv2g==
989,刘静香雅静,女,44011119910919672X,ydszNJjvu,nXQ9JD-w,dkZ0oQbvh1ILXm2TX6favwCgXD7AqVwxu3b24OiFD8Y9EGyXJ2zfjrjkw5PKCPM7mmDzQw5qyQIC2EBydmC7+VxYf3apdH1Y5w6/lOrRFV3HCSfGDQkUDWDVmOjfR+djUsCk4vHCZp48JAnd7O1ehM7xTk4GTDRX4gGJVrRBVIbAUBdNk2phHT9JHrNbDKiLjohLPIB9y4puQvcYiV/Or/BByEI6k6IPK0lG7OxgVhnZeEbiibOBreRti2TOlJMcWxMRCyvKvZRkOcwyQgUfyuVbNdjFUhRa0r0ZaIdm1+68rfwHvM4iSrC61IyzOcrS2vE3ISIfdPLVJkiYO4NCVg==
990,莫德华,男,440111200409080433,Z0zU3g,p*f{1w})#Bu,PCzOq2ZAfeWIhtpjqVHMo6OCMlPH6tZnM/3tpa8I+msis7GcF4puF03HoHgOJz+SezmvBreLMxaYwWg69CzrOG7tzdNm+74WZVOyBj7qyg3LfLbRgt5pu8tjPyCT3/sTWn+6XYW3iS/yh9zNXEmObYoRDcPY6MFAtNwNi8dUP3JUhQVEHv8bkQeMzk/EHXXV9GTe/ap1gawqUEghQpcaUnjz+k2nqqWer94Tvy41c4G4hGY+uYv4iqF7w5QMH03MbxwMNZ68q0RYgFsQHWgK64nAQDqG1gJkBJ1jb/ZistN4QwMViBSeUrOviMz1IK+6kVG8NQb8z9lPeoKX7vRYBw==
991,戴依娜,女,440111199907308888,kZhZwzz,w\tFl]K;-)9[9SQ,Ko+FmTzJuKu7NsxSkjtE11hP8vpNz4we+f6JwLMBS9m6FZrFSoJTjd+RVHzlvdWGsAYF+kMmC3ZQ/OG8Wj+CqJk2nE7GE4rgvsZv7hZEXSAD9WeNw5aNdh84R8HQEAiajiBPTqXasoX8/feSFmSRipfJhASJrpsjPpoMcNwR/dE4lLnCoipKU5hpDAjgQcZ0zG/unD5vTwfkzW5qFuoT9Jc5wEw6rRo3B28OlrG2B2lBrfjG1/OwsJE1F9+kxqfd0psEG9En9OJHPn8sQ2+QqmtRqk4nvHM2OhNy7pUJRyxYOFA6DU1h9V7yD5t81CIDpLbIGrdZHQNbk1txGGNupQ==
992,章平,男,440111199401181330,CO3sOhS08kHG,uIb-9t=RG*$X,XqUq42aq8Lm/n9M0pWaMtktNrJv81U8GlxraDW22IINh+uaXpI4ofI9IWSuOQg+YJ9SiYvXzTaXmhYgerfYMiI7Z6XjeojjvAyUxD0bgG4s1BmLHNo2kzeFdgEWVJwuGWwLiF/cVRwSWdtYayJ6r/ZbK6VmoPqC5grp56V6ORBSXfESk2RHpGesCzTHx3Mtnj1qDb0EVwbmHKxHzikMUYZ+JC+ScrDxq9oRusl1KotsgLLUXUBofT49N3En/wUVeTiEjWNkDcJUYhobQDIRnJNBHI3wZqsjK+2iDpCAZ478opRjmy4DVUC/UChW0Jsl9dQR/AyJ2LUtMMrywfPzRog==
993,严茜雪,女,440111199803029040,tQ8yFy,s|nK+=q!jJ,AcnisqWb6SqudMIBysXx/Nbjr0ijMr8M4qHzGVThv6dkefgdDWiiFJtSjX+o20PUgjWwH0VcSQQL+PuR5HIiVLt+Er9c+G7+29i2ItMsQn2S/Oo+as/qS/9JTj2E3WWpmnMBxcLcFn+S7NJ5Wo+Qjj+rVKfrEZ3+gRam6qwtoJAdOA/x9ZKc+TjC0TIbMOc0wxIMsZp80+Qh7yK2/qJ89//lzmZddY6WsGTLRquPI1avPWthuBTUtILN7hkngbgW8KWyKi5UMKKWKyJUYxg44sXUpPSJ5uwO6QCOeizTboKyw41Hrp+tFJ+Wi3/GGWugWOK7uau1opAtYLQiiYOWAg==
994,鲍茜,女,440111196809029726,UaUvEWkL,E.>7>Okk5a-g[A,SLReA6iJqVuY0LKz1inA1MpEOkstVK7sUT6aYZw5YNiRPM55LOuIsJ4lHAaJUkU6ajcoIjthe4yguNXDkXzQ2ZkIdY0GsxZsWsutcjASlBqBZ7uEuSPgyymPaKU7uUKLLRS1VaQdtUU9WaCAmu5UMBchwA2v643Lg7szeNUOvaThHrt6VeFBVVOkKckzFQ3nRdsgprdOx3ppNmXjOUeZBlpOpbayIs6J3uujy8Cqk+nuOT7FZ4SkzgPMb9Mhx1h4fYJ6NwOKoQmxZWC5uns5HIh6NLkKpVbOOi1ugnQMKxcffzHHzl4mAWs1n4UYQSlr/77A0/8r5tieqYZj3kCiLg==
995,施彭祖博涛,男,440111198201067993,qfBDKa,{q%mug1OwKv,X8iWXMMB+sHD3oWToEzUto9PNhRx4PgK1NmWzFEmzSF7kutgyW6fZacz3kn2rd6Oq4RMhzUowOyvRzKIkhe+ijtcPzAb42XKlNbvDEXxMZr230O3R6Z/oCkEw9Tk+b/LDDgfo0M7rZrx0rz0OGpnsQozQjgaCm6alIUWeA2AfTjJ/dIZjJ0fBXvbu9hFeXW49PrmLXrkAODKz48EvcAtpjIiW44aYMhdyWm+oB7rAkKoRz6JiIdGynVbsDt+4uJ1qr8BHx37qJp9/T0zPpnIhZKkJfpl19QqVuRkvuNbm5vu5y9pVtn31O+4KhOQYFqNoeeXe6qzpG09psOFvKaM2A==
996,童露姣,女,440111200502102967,c2OYPA1PtK,UnUypys.O4G,WE4o4B9hflabOP9z59hxyTHyGqWDfhTXrcjjT8ax4W5H5QwhjZovmKzfqLcIPg8+C25M/iTHvhm/a6gALoAhBGtc2Ex+OZv1Swcxm5I3MumMYpnaSyKYoTE4YEesjJxOxjhyotTjm6ZzC1QIysgRN5jWEIUP8Mg/BA/5rUG5SDYj9BAIHChEtGnl1b9cvwlfh6Jjs/Xf8YwwGHrIrzYyY6P1PDZXu8slNuL3eaYdBvifGU1II72GZq2tZTOWG+yWqSkdtQ4Z3uro1zARcQrrk8wm/0VSip3USN99u+HtBvyQgKWgPISTX2/+eLOYqh6DMVLERqmErfh3ZBj/wcINnQ==
997,邓依娜,女,440111197312132765,hGbU1E,Kxg-HM7v,qMljd663ihojaGgsyZH9xvzlxmSXf6ZMPYRl3J0vcEMPIlNbMu28ytuzWG5ycfeuW4to+tjyZqXNw7yxHbshMzw+OOWptBmS5s69PFvfQ5B4gw4ZMaSfZUZCYBiikX5CH5usOcD5uTIkrV/8wLBsOjOELrjA0oPJ+hpc9TDT3AaLcgo9yUIK4UUyPo5BS+IhZWd+OwBCk6SS2mJjyV0p2thA03Vt+A89LJOy7SZIdte8HOIleoMnhxZdlVrq9boGa4mK9GJ/K74vQcNC9u0yxngEfyL+DmAlBusyJjfemwlbsKtoVPtIGQ1HQwWHGmedM2El4XgDkDSpbno98MfDeA==
998,钱小丽佳慧,女,440111196605172627,ynsMgP,;rl^J_Gd^)WAW<,HVaz3bBMmQSV4rgjvn+7yLnbhqMdOxu6LG5yPokDBjrGttVBAQWtQ/ZuQ6j7KB51TShnVxRcoN5imZn6Z2ktAai2KTUCvV9OaB4DGilX50TQs268PLJOPAj5r36Dp3niv1tnutvpdp4Wo1z1Lii8M8WqNldqL6xeT73ZlIKHyG7+aznZjBIArOWfygjVuKxYDdca6ZY7lnMsPyd9CjXyWQDShgxe8Qw51TdWE0pk1+vRH6IQYE7rsTReK47ASR5l2Wd5CTLUCoTL02UkrQNUtOtcAhXUQ4wapUtN2QFRboFhg5Q+ZS0/hHNMjHol9EV586ZtCw75zBpu00mZD3zMIg==
999,邓君琪,女,440111200211180703,IOz0VP2dE6kO,!kNi+{[)C>N}Qm,hCsIlC6/TwmRjX4gPt8FOqxTgL2l8oAWN0nz07p/gwCkAuJjsL0OgqBxBEWLqwEzmMcu8RpvFMi/crEj58s9ArVO2298M3I32VvqOYWCrfuURFwh758D350b1Sj6kav+fnZa2fdo3EkNv/3326Qbk5mEyHRXcnl0fPlKGJd8ZZNrzPbRvrMzhcx0iYHBmBtebEinABdxCkh6cPl8ykxlPBK0r/tadxLcuy4uJCVi6CJHg858LRkeCudNysAMNfZL6N+fPNRLhZEZYdw8sl/2SuYGqTfXt1IYELLD6f9Z5albcP0dAumCwQMaTcpBXc+YnUg9/23ELgZ81bRU2cq4Ag==
1000,高媛慧敏,女,440111200105219141,UyjKXVh1yV,5$`z?uvU,dhrfqhz2OKNoS0xAp5wwNCepmuRO1KXQCwUA4SaUbu4hjzmBwTlE/PK42QSQlioiB0d4pdCQJDQNyaHiK4kyBQXD247Snx7qGk7WWcSZCbgtkaiFLE5hv6ObaHms73zaZUiKJzrPXkilWLOviS3wZ0jKAb3NSwGQXYlvJIuprP3AG11cctFuiILOmlAIJxwd2rizASq42tST9kDa+1dKFuanMs8dGRW0AwP2ouvJnFJRPDafys4gb/p3/JaYw3CFrKNQLN+Gm5CQo9U1SE7gtwUYFbW5qx0a0VfjJAXfBfX1cRpppa9kagOKSla1PbdRH20IkQlx1tYsOqID7Ph0iw==
1001,熊德华展鹏,男,440111196505266554,kzmyoXYwz,=A|U~G3D,ARk0sekuSnhgcB+cYFMVRTI/+ZSzrv/XtcZVQcSfi90bItSUpdovmxgxujHl0hf8+5933nkE0rmOml6T3CknYMgQw0AFe5XrK2rzoeADnN9t6+XYHQQvQ3j08NSA6TSWXULqVdBFXk98Av3UUN3ljhgyZSKxeqOifqu31MhQqQch9n6iUHEjPk0UnxboWbWpbnEj3Mj0dJvg5170PEr+mPh4XlaNcXlOAsJSmfgW0Ovb4JfVOHfUy6HRhuSCNRnwgCtA6lVtVQNxdNtS4738YEU4ZBNg5Q10HdF8FDqSak35VAYqWDI48klu3BrgeyDDCYqn5P0uzVBzrE1IzqEFHA==
1002,施夏兰,女,440111199911046446,GJ2zTe,AA7(S3~c^sjTDXL!,Lo02pjmcB4r6nsSDL3uOQK4v/qhxb3711P7t2Ut5l0QfnYD1njPMz4+3QOGTdgqFZAfCT2Dulti+DuB+LBAEVCODP5xFHme7O/8iT7o80RY3cGbd/uBNe06Biw4Kgb3DTRu6+bN7QzNXrB9O6MRRpd4uOuyvc53nsgfRM2p4XHE662avQfQ4xSQh4KlgqgnV/5T934az7PXpYav2wxJrFsVVgorPX5efr34f94aI1h9meAqTqdQuUIXURjCeu8ZKm3TG3iJwvtHP0zcut2WjDknCY0BmE8Mjdp6bp770jSXgL2GrN8ENzKmEtylygFRAkXBJ05juybAutC6ver0NbA==
1003,薛婉丹D,女,440111197803182206,XeUWKs,~kq#mI}\,Yt7mlvU4ZlHqgTz+wDycqIjTTxlM19b4Ux2Ajx7wnbAHkmO4pPDhxMYq2CKxGww8RFxzZKyhNFA3am9Fx4P6pG/FYQ1IVz/aQHxzIiw291qgcVWoqF2iSpsRk5/KmWwVt6U73itgHhx1Ieyf/Oz9Xcz7HmnMNRZK+PRikpJbL8AqEJ1IbDiV6KPtSTE8K2LT611mp9adHhh4/2aTvWSWu6q/vGUdannFTT6PY1zn747IjseXpuYui6fvpLWaU0LEvFuRqc+JxMC0uGuLwfc4PeyK8W2OPsSNh9QKXE9116TqsNer2WRuPTqieLKsKyqxUEonrWqtCpaHmQiA0ZRCdw==
1004,胡馨如意,女,44011119920507102X,EHt2em9B2duT,6();EKLG.E+qLfJ,BwwLP7w8S1jb+XmoNdJqSDvQv3/y0cEeWancws7TukhjgqFuEp7FBtMYKeabkOonohrKvZvxeD1PMNjxBH74Ds4GjgmnL4w5YtlphRu1Lwox6YcSiH+EdrcYDKJalq/hyMAsD07v/l6lvXtiI8vgvUgg/alAIs1HFp0DyUUG7UOgJw5U1bfiK7cQfK47KNf9zSUBLB9xwWRcE5WavkwIZiM+HYO8D15NxoZ1Upwix5L63RiN/BtYCpb1oD8kgzNtURIytuuHCYL5+CKxVcIng8dSsM7h46bCJLFSdB1dwJuDistLHm4btVw8C2UVq3n3k3ALibo2oFpWGk2sDLuC3Q==
1005,祝荷婵,女,440111197709082903,dRGNDX9RCWs,yq:Nny#S^^a;,osDeh5KRCHo4KaSMSj3rMevN8m1S8tVXILdAl/EafrHNI6Q+jIjvdv3Wpiz0BXj3jFRko3zpgSWWbhl470SUTFdL2oZtOtceolDTAaNQEag3kMGXlcfQ55T1k/c0sxaCaAB6xXiosxJLsmioxAjq3A1X3yei5J7w2ti5/gdxnfaSeY7Q3GWvQ+H+SPEfElTch+vdcmPwwLCx31TzxHaqVvAGJinhaUK6UhwwCiw+Rjczh8zs3n6C72YPWLeL1kN1XbzUx2a2ccMypTrWr9gIiMWg7+xVCq3h3yT5GhkBBIPTBdgPb/9roIM42vBEN2jocpkDW7pqTZCqvbhwmeMgRQ==
1006,倪振华,男,440111200309228955,wToRB6m1LY3,)?G=b1`Oncz,OiqbJkZ6bHIhMxCUl65hKf2V0/NMCgWtEl3dn36l6JCvefwn46c0yjX+yunNl1ARpKChWg/mQWI4vEErh7Rw+eaNbXASAozOX5gC6e79+MWA/4ff9hBMBGNHWf4kafa8p623K+teFhCTGMV7TTNg4TypgkL10a/Vpem4p/egjVyX7RjHYRRqL/XxUU4L/5x7IAnqOJRQkCNji7ZU8+FDGyYCnNAlzugArz5IJDYTnVwtopKtHlPl4O/+SvPMzo4dYrSYz9Yey6CHlo9u6tMYYIcMbf7OtgpkhEHWddrKGSEf1OFXKLu1/BFkq6RH7JVOBPrvm6lTksz2QhlucGsjpg==
1007,祝芷涵琳,女,440111200512130662,Gp5a3UW7,=VWsI~c/uq,b/p96vViN/Qv84uIpacrspCv/D2/KeBNU3KJ1N4EPVxxsRe2qQ2rB1lZvdtWxS77j+cWWHtj3GSoOZRPiiQNB7twFs/cQHCcoTrfjxEUuYmUANqkjji4rgVYN/rpuK9XpFMrnh/rnsOPd64z9qITwbKwS6L7Kgyl/d2TL2VADQ6gQfs1euJ3NDLZnOD6piK7U/MA6mMWrFDkwCPrYHm+OCdxvhBfBvxlqhTPRwWt2LE/7h3FH3AYotIYdskjTwtKR/0WjuEN2Xc6Sp+OjonSAg5EHnNiBtAfapnCNWw177HAjcEMGcxdYTH9o/8901on8D9N1/+HV5gMXCsnkGReRw==
1008,罗雅静静,女,440111199310292203,nJXj5D0aLy,7Ee%?oG_0|,1jjT1EJFAbtBATwSdCq5mJdWUSQehLK2Xk+FyWNi9oyp710T7PN6mJZ4UY7ThJ5zr8ozNVQFWrc4XoDjPcldSIQMxNEhF+8TvQJUg01ZzPz4J101YKkF9aW6wCpvoZHJXV0OFFUjtadO+nLQ8aR9QEISsaJpEyL6VZGvvFe1SYD5aiiDWuHG7kEBps7QwLCu841E1LO/YPi7JNXbi9IPpMr8AFRhzQwrEviPIEDo3/Q4aL5YRHr3uPhndmEQXguXLvJuiY/B+wqmU7Q0EsNErrwV/TfsLuY7Mtl9Fs516W0UnxRpEgUNrf3isWtwxe0Z/+cY3E31n5ZxxP2NF2fppQ==
1009,金敏纨,女,440111199909178124,RsVWQIe2,?ypt5l/j,TB+ErNR2wCLM02wJ42eIanJFQTaw04m4A9YP6VNCcmWsb9zyzQonFUBb7bjyDri7JbMbbssXsCbiTcU2M2sDG+sLfud5DXqUyfSty86vxltpQvhUDnL+bKpP3SD1IiGGoBCbaBXYQb59x5DBYMoBeMaZY4ufLEzG7L9rOz3wIKepZNUQpNinuhq+aXS27XbKc8dk/2Z5Lt89spj4VInMlsebXhFZLBNyuLQPkmjLLU1dMTtF7VEhMbrHNqfigl4NjLUOPamhZsWpDggBjCgLcrGM1VvdRBTgPJWjA+FJaTh5pyPNYRqPOAdfR7gnGvPcBng6V24pGVFP/1JBBccvDQ==
1010,贺彩云,女,440111200109180686,m5typIMAVn,ihF8dHzZQ,PeWq3m0N5oL9NXZmraodcmp/4DzYGaFB9H2FDHcZ2IlGmS/FBmnEjZlqwLn6Znv3XMJ9OC6KNj/BTlBB8zmDvOQUM3OCfSdyjt3AMpgr6UMu1PkxxQeGPXRwGgrb0PI0Pj0sA4PmJ2siQBmTnpKq391kmDwjNe1e6cFKIwhG6uJcvwDGl1rfNoRAHvmSdBgA0C5JlC2//SDYmo/H8VqrPZ5WJ5+es/Z4Q60apnafM+U3orsZdQyXx+mE1xsPWZfA92sPnzmPlJEWE9ddNFaJHPsrzp2zg0dZKHN6su/XpxlOpwTaJIX2909ZH5/4bOOTYwueCM1afyDrJLfFGveqpQ==
1011,吴慧敏瑾,女,440111199611091202,z1rowQXuiVBz,[t$g=&s~^sPDOXj,EmiP9rmY3CVFfnfIzkbUC/dggCVn8QIMTNSrS3FWVcaASScMI5rbCVGL0z4/89lw+Ci87jmDzWhi3raHoOZSWSMbLrkCp7gh3uOG1xsd9ehYwe7recXdGBmGKNWOYWQcCMcUnW3CdihTAHkeM5zwzqWF0MXvhseqKW42pmq0xcBoBzLpvIMEF4JL1J52SBLpIEOFU+VKlYC55Jyf3eMKT/xkDrvMMNJZO0zIpxQmts043Eo0aVZXAS+krYfG5IlLW9rXQ3y9fOFB8uqFtpG/xoDpizciPA9ifbSsK/vN4Q7u2k9HNkoFPlS1WHC8Gn4qDycowyuPq9KHR35+4I4i/Q==
1012,袁星河,男,440111198104064432,fmWPju5uq0W,;REP08NI|kEzF0,N62GKasGKBD0rluF8zxC/6XlG/Q2zY8BxikmmaPaCreQzdBMSYg2KDLlinPXHuxQ9oLuYZjIBDS14GfMJxYLJQAEfbWjapChGZF19wH6rO/v4f5D2vUMdRArqCsLH1BcgvQj61+rnm6+dkGOZtBSeTmA0Fbq2mcH+Z4VNxe1OYcwkwZVjBMN8gIuekzCKP5jof6fu3tVjYa9yBzsPAx4CNMoA9+KkMwrphskik3lomdu79wrmv4Jf9EfR2G0hfegeXo/UwEN4c3zxLY0fImOi0ovDJIrO+kUiZhbhabRZgd1uBGSVc2KOLsiy3D7iEiu810sOeVR450hHbiEjm//tg==
1013,段诗琪,女,440111196710303326,WOyQkglkw,9;l/CWRdW|+}-]?5,Q1LelU6WspTY45TmicOsG3BHg9agskSm+0w0nGxjYx83Sc4FPJeYCJpdJmWLGuME/L/V0ygAcZjUx30XqrD+b0BCV+lH8UaOxELC3rwiRGA4DQCHAyROsH9+J+Et5y5/gbZBoPnpLx4MKOrybbGF3/7iHssVD0E1Nf06AbniY7TqmiVT5MLW9mBwcbUYfuSd9i2QgoteuLhAKv9P0utSNnblnc3viouKiJQO84XcyOEk5Jys1Pcf3hLvCINxnVPRLGGPq8BZ9SBR4yshtJ+SdQb++2QXb4IlmXR23ELUMuibZfGVcDF+5sMl+MS9+aVmCOmS+K5t5qf5MVvi2Y2ANQ==
1014,司敏,女,440111199003082046,YydiWbGK,jq!1:r_FD,MeTKOjTMAhppkeN97eWc4MTcohhbSSRHIy+3e5avAt+IupXD496CvV6qNZ8NjL/wcV7zw+DICJtczmxJHuSYsCgtl/CLNBcNOrQuktJISx/d/xF2MCtHWfmyNbwjbl/QyVuQBRGzo754Q/sKDq7ixBuOLQyy2s1N7ibkgpT9aEpa6r9be2fTmzh3v2lOpAmbiQPVfFM8u+7uliA5HObnVBiRhuG0wwG+ro/HNChZ0ktW3i8G48jVM2v51MU/zhzixMPlva5kueqybbpzajRPWIgVP/3jJXlDJjjzKaaPELd+ffNxzNaFtz2nRSQgyekEB0rXwvAMDAZrFUBwwNquhg==
1015,康惠兰,女,44011119730916490X,kgZLiSWk,TXxlNf3<QJ<,aQXM8BpPMXycodt0iQNj/1q7l9BwHWFE6M5Q65Dr42btckAE78iTqTH4kgXbSTKe4ytzuDoZLcbdb/eA0uTLFviboSZOOoTBcNbl8p8OEOjtisjb4xZeBIqrCzBNw5u53Q5qGnc7y2njr69B3bUAI1WruM20KuWAjL6bQSKnI/y12uINY/xoilC0VkDTzHA4YQHRTrLwqgS90kmYGMOs8fEgiOlgfge+Gb9JVRirmmaFFiJzdjgUGyZIHp2WShhG1A4OzwqYtZcAvGNb2mBWs72fsUyVF2srxN551VEuUjpgTf3lcKF3Aqy/uTwPUfcURzQ49ViD0sXexaQ90nlm5A==
1016,肖思成星河,男,440111198310242412,vAsHBp,:){+j>4GI<+n+.,ew/11MaOnL7ScFYc9cqlSXrhtGDqx773AOVLjrnCljnBZWSFPpIB459N4q/udYt5KUIoYVL71zPgabTBlavz1+YCrZU36yCq5M29U8MlDEGJWWqHY/VIEna5OtRnwB/oNeYLpwEXVZKTOKKbnz0Wc/yv5Mg3hNB43YXZQiK/Epg/6LBHmrY56hyjMxjisJ9AJtlg6EIkhPPO9NLSJ5lfxQtuYoFHUGry5eDXu7rcTQ/wkTm4KV280iOhzPxP9Pnfjv6HQ2qmjTUjr7BY0U4QvjTyU6EUQThamy+tnWjkeDpOBrHB/Pzqd3Vmizamc23lVIXp6FmngBhxxhJt/B36aQ==
1017,蒋琪,女,440111200403209267,zHuJbX,)jWdq~8-X%7StTW,kQ4q1p+E1BL4jOVthZDgqDOBh2sn8yuJ+GzgsAWwxP044hBhg9T5FUs5IzG3iB19haj8Spf8+O+VuXnhlBHOxx5x7aUBwyZ0M3ZH/BEin7qEE3hEXEJhfsHfemu3iYV4gxhvo1SCscJBfitVlFn+LUTk3Hy2VmOum5k0CxdeRiID0UUN6mCfDL+ysbRakekrJnlHSisyCTzRdqmMm8BxuEyERKQm3ZLQigzIkqpSn1ZEyqsgnUSW+tjk9aGNtZhfJwo55eOw6aI3M4iDLYU7skNk9w3GEuNk3x7TIOxdtg6z/wv4P5lVztsEgTzIxmcJUp27To/ts2lgNwNTT3Gefg==
1018,金琴,女,440111197802141269,rjSqkHAopA9,?/P<oS~&,aI08XNECtcCziEJ8Sqiew9MORb0evnQxREoyki5mS9QBqFh5ta+IunRR1VSMT2J+39ZSN6F3o42niXwvdXySX07caDpfE7pxFiUGTCihBqMtsKu1EVRMSB/5jzIpPax7lwFsI9FiOjaQz2MRWN0niUeukwCdWctPeqs7IM1UO0Ggyi7PjYR47z42bNJfwn/TWX0DQ1soyK4b9cF7k8LL+HWnaktC5fbjdVf5uMzM8jmr9IEM8RiKj9wRMuX/PWv27zq87gjmArr3yYfc/zVHIUffO2SYR2pAv2H9IqDzpOPOGj8nGwtRNVF49A1A9YwarV8IQ50SSLUOaaSR9oi49g==
1019,房俊,男,440111198411289594,ulYYvY8,|;bI4;--FMn,knk9fl5jD9fG7gNvNM19tmuFyDsj8qBDB2DPsbspRTcaxgxSofAub8y9a2fZ6bzeJaUeSTo457TfQ6pmzcmSpnpdK4UGyXioW/y/yWbvWu7MmtGB/3MHyTuGYe9iw3lDGZuUaZjVx9EY+YABnqjV7mptuI8LwpD6Tsq8WKMQHFLciEWZfzFVNGetBx2WCD4/X3AvjCdBU0hTizsIR9WmiVzNjxlLH/lgLB7okyN5g0+X+asLsklhuV9UWoE9jNUHsZF4fUih+hDHcLRDApdB6ua5bNs9yKCr19lMnUaxDI/qorL1hyhOTLAoG99QHzcJfIPUNF3D4jRtptklYVzBiQ==
1020,武嘉豪永强,男,440111197804020890,OPzdLVFl7yy,zN2^&;}=isK,IBVMQ00FY1mtAUZbJDMpr4/Ep/vVpnSR9QxDiQlTphc3SIWd79UfsR/zu1IK05iLHq46TYlFQs08gsGWowgYSlEAf57MxJdBi+BKE1dVO13UDGO3JJOjX9PWiyFscVbLQu3kGhHiw4hgwSPxTt0Mnzg01inTGEyaX8i1Pktblxt4OxdMZapoWtpIwTpoFk79TSOZZnBExCdzB5zOWe6kzV5gcJzJ4KUDRnnf2wi2T/5c4p8cJ1YZ5PuQSZPQHepSw/dired4IbLNLXChwlr35B9sSuGHiBGHZ9CFB+KtPuMPqyirj7iVGee7bHYuybMkoVr6fMeOihQ1mmnAkdb3ZA==
1021,林安娜,女,440111198512099706,Wt9GCmX,SPwjwp1o)>+A5>,MgppRxTht1O5JicxFvmJhzkct6gfDT1fEoYLOGwx2LOA85uJUfaQwN5tC4TePysSpmeiIJD+0LPWKgMSEhY4oi6olUWs/cQvX4D35WLqCxQk8oGuDsv5FwmiLo+ebj3Mxp5/t/V4IWZGEz6RSnqRLCU0FtIjtDdO+BKPjdZRuB/isbCP9vwWiKBuN/xIsSDIOTfEmLzwvN1jcujIMRME2/73RiVm0ft4eD17SF5U9+eXqxOl8uNdWftoSvmHOjvu3Fv7Gdyy9mezgElFZOzwfcE1lc/rMe9dSOEIQakdJiuU5cv7quDdu6brVJ0kNb2u1/VRjR952LRwr3Lm+kmCDw==
1022,贾峰鹏飞,男,440111198002192652,eJk3eN2pp,5*&S]y_%cUjZ,Spp9mcqWOP3F7wgBxGqd0IejSTEP+eJMG33BAffuAq8vc5Ki0ARPPl/DPaQ4R91WuRcahNlyWNlbE58vmTGGZBwR8nTSEbSb3PvQ8RRIUvQei+Onam2vrYGlp0+abD+OtIzqbk/DKskd2qvmGsTaexPbpI8jpydScf58sBHHKbfmO28NfoEA5upOTk5bVmDD0CtE91ktg8u4n88LEgcl2+Er6k8kL3V3AiHP03y/1tkbGw5vzqoBkU6elHTizwgLJqCb+tmxiFlD5jb+CEl8CHgEu2SzV5KbMN8XJ8PFMYFssFuvoov1XBD17TDH132gsJm3uLPJV1dvtOU7ViL9tw==
1023,苏紫萱琳,女,440111196905254624,fiPpR6rJl,=WS<(!QxjTq/S,KUfPaM8CW4wdbXB69Vu/6AfV7x2EVTrNvYa1N9gxxPty5HBlMJw193qsjDFlf6lKJE+WRqCIBIGMrlPxkZAJPUyI9uZUiiaBPslYZkWU+b/JkJPVVBxa8J8tGs8NPWLiGAARr3I2z/MHxhq4FDDGVQJj3uxFRqfmWi9rTf8NnP0N5hLPlUbzoBFNxSOeepe0jkB6kHQYRG1Dbd6wjPFMn4F28teK0JEdXoxsG8I7vnLMiynggVcqOBTyTK5Scbe2EMPHOc7bhn5VFoFwHNPpityOQcNqmYzPhh/suiLCG7rZIGl5TTnkNpk5oVHz9icpCdsloD6fjTVNC/EGvaBPEQ==
1024,毛安琪,女,440111200309253069,WtLwQ360QK,KKwi{1L(y<?Vsm.,RkdtTyQULxlqznjnrgM1jkmYI9v8t+tfOdRFhic8FBM6uo5niuahBvC1J2xnqTJSRRoMYfS0hdXUPo+KWbSK5gmBW2T4S5O47hKrAXFXBJVN4enr8OWOCoyRqmA7PK6jCZ1iUiYAv3OtJYtpdLBeVSPhCLzP+7Ed15kgdieuDRy6uiHSgxSv/jG/KraV1A8Ei860q3smhAGNxK5gp+psIykc2AilxD6G714O3mRpRCkxpquBygk9W2esQ1Wac4OT9UU5ZgZGJp6e4xr5FrUnK+2Y9nhaRZJ84Q7d1HQGjX5qUyGTtpP7IzfnFz0OtYgV5SSHT0Dt7hheIn6AUvoOew==
1025,蒲舒雅,女,440111197204142587,otbcHw2EVmap,1`F~$Mck3rQ7,PTRJEDR5fidvN1s9foFU+gSUBYVJyzOm/bwtlAmak+i5/v80h4JAa9WGvH+/z0Pb7FXes24hIidoo38JF1FyXqRtgyRY+HJnKuJwL6+bM72LL4U/zIa3RDsLKSV+2DGuRfR7jzY8JElqw622/Q+5bz6QG6EBbh8xduT6qbgOTavfl7I2W1GVyHnOU5ZpfxFq7nlfHTN3Ku2kDQkomfUTcuKWnk+4CeOVualZKYiAV8XHy9H7wv3NvUuXSOnrdWcyzR+cMUJtRlSeDnXI4fYv9yuSBKx9GjC0zPOlHSwYG1Y7xgxyBLFvHaQhQDvkMgFizvCIU0K+kV45Li5SvN/r7g==
1026,甘江,男,44011119941129059X,PUBrYGcaP,O\yHnT{GF|fs,yPCwFIrliSTOt9g72yCRtboXrFffbMNbX8fpHD4fIPruQZ2yq50+SBReF/ItMWV3GupeYZNK6q8NjHEp9ewBs9v5p5phwNBG0f2xh9CYFMrr/0naC6TptEU6Yh6rsRk0CuOadqwl0T8P5P1bnzD8LClo+X+eBCalYqRwjPiWTYlHrAsMfudq/QlhKaazaUCS5OzVN8BdLoGMEF7r1KmLqX+PEpX21eK2aKchHIYItj/PzE4A+3XJGReaFn7vD++zrTXRnQr+lr277j21YPfPiHPKp+vI4cXIgpwCBg52Lb5vI3hps2D40DwBB/4yLm9F1rZhHSW0DvmwkjsFNxeAmg==
1027,梁乐山,男,440111197806075617,MmLRKj,U8:v&aH0zAQ&-,L+TdXK+7EsI0XUaZ6AzOF90E3vbXGLflyupXuTjMvu8hJ3Z8Bs188GRQ4BLkUDxcXQcZ1wvfPy7Wdzx3tTRX0OuZU0o3horSBcAT+/oNZ6NT+u8o9z4sNwABAvEWVHlXtjTOAFuEqUOvnT+ChReV0e4rVR39/sU6qw5puXouWQz1AONIPT4+IpLSvT07De1OeOCwEVkqWT3G3F0AQWIrOPOOtaokjEHBTT5jIGQAMWa8p0tTv9SwVloXo6DQnYGdlBZM77bmHKXp3XFc/zX14Kg5hG9Nk7MKUZiyWyNX5upKtkAWjrMo521z8vW+a+jho9s/iGfcQXyv/kt6QtOlqA==
1028,童子涵天宇,男,440111198808050231,KZWQiJ8,3acmEc!NMX,JksU90F31wvDkYoMzpasT2SrQMmESP8NX16ayTNWRWhDW8sw9Zp8fyZrFS+6Lr+OQSl3basjgsS5nnd9PjFZuos3UFLHaSjHlAvgQVYIq48CbZ15zzVFQBAfBJXQPq4F6S2gF9st4XPL/tm4qmDTsvdkth8y8il3bRC600geHSgad0D0D+vOPHuO7lnP/S3CukyqUwvxF/aYXdpoC3iK4lv56qM+PQ2nkCluIrcjTy4imOlpsdmsmszPJOCmnaIYByFLCE9Qne9YdKu4ggySr3P4dzePHOi+4LRuJpFLYmeKEHyV1VK8eM62OpqiA7garsELKhetR4HerW3oC3H53Q==
1029,肖帅展鹏,男,440111197505142396,ggQz7Y,wx>>af#(0-sNm^,VV5NoZbpmfMLFtj3xx2+2jHbFCYpOpDhHVLkrt3ZeHMoswv3RmtAQiCVTujXROd+yNNuGQxHndvqGE2eibnM7tD3bdEQGt5TcotvVKKGbp2rQ5LSHAiUi7oJ7glN2t+jGny4lVKXlKWKEgag8euAr1fpdozkc/j80wHu5PBEnmd9Kdd4LDNH46QpYBS0AzhKkvNao2x487BrRuB9wUQSa93Dv7nj5Ed7Fv1/XHbuIirkbl64rVs+pkgc/eQcs//cny3ijqx0lSeJ34pMGNG6796pwnGvqvVdnFsxdJuJ1oDhlgAPnSdNFl/KqWcsOSm3AyESmo1jYVezbOhBurhYKg==
1030,向山展鹏,男,440111196505223212,t5PLTNgsiq,9{Z|Q1G%#;,cuAFL2gZ8FXbaD8Y5eMVe0YaX6EGOlCs+cek2pEAZdZLnwCV1NcRlRea0XP/x7MUPM/vV4snoOQMysB1eMVRA8dBTbsbGKhFD8m2OZU2KGwaRaPlbqDvFnfqALVcYJgcY28nEAywtgs/LrcrHE+UboRC9bBxg9+GL8srKwtsbQkbdBYl893QtUEEraCHSBgtP5uKu/xcsraCDtRE/ydHllQEdGweitB5H7mfMufyIolZghIJKSydVaIOLS5adHI6ZaN080584/TmMktACINf8n+B3PZhmJHkwJu+udJGWhYl0qTzlaFGJb12JmC6JjsKmDp4aKFffPkffoHkvsDaPA==
1031,于和平高远,男,440111197204252137,CaggK0SliTF9,QesTM+1O;a,Pr9iudGcry0xHecqfc/tyQZyO99IjVodGMlBID9WDig2yVdIyhq+W8CZZFhFSVkyJ7Nm/MnPHKQo4KTW9wAvkQ65ZmfmHZ7/14ZXaiHViTr7pr4/ePJTv5A6qfn56ohY1A0ssfAH7qYp2pLBPkt9PsXEA9OwBDeROXiNHMRgQNfXodfqookBqnfHYjWoDZN+HrpzUmpHy3fpxqOBS8yTZVGf5niUXUp0p1xBlYZgOSEvf/sIVbz+HTGLhf3WjSwf4rJyqG7lY+rgYsD9g3LnkFP1+hJXOQZoBS6vrNchzls1iq+tR6N8OnMc7ZGew68K2Z3zT+FnnR0z4uzEizn2/A==
1032,聂飞宇,男,440111200005279737,GpQIQjELGrc,|HB-QV!M[AT_o{C,fKKWSl3zzsJ/c0b+k2uUT/j+37Urvz9AjggvwPaXwBlO8IH3tUsmyBRrvROmpVTohS99aEuLdWf5AU4dz4E8wROWeCQIdUm6LSkHLLRalpcYiJCeW6v7HLPL68dGWN8SY9Kz4c+ibHE3U2qOkCJMYpkHiZSHf3gIS+0mduEuqrXxPDplbEzcZq/2SukImJpUuhA33CIT8/I4rF6Mvx3bo7moyrtJ+IK7z4z2BgLeIE22L3R1davV8Dha+wUPAQkxrPmFtDwLHey/X1tebynFljobBlkt4O1kx70JqbOiBGDwPj0Vf9trGlAegr/0XrtXiG6Nbf+uiCJXg5xOVHtvbw==
1033,赵婉婷,女,440111200311020600,D7tO7ke,}2pgX02:py,U+sr2p5P32ozQ0sCuIcFnXITlyJ1FHpVZVxf4chuxUL/7SKiamxFysOvrNJQN4TAnhCWeYlVwpLRWR1NgzMnG7fg2eW1FXIt91ZE9TlMHHXRObprm9xDeF8yVW2jQllJITa9OoqAyfRvD9u11xyFMIltsER6W4scxeMEJYx5dX+ZSp90m8SXZ5YvJvYFbmuS6CQfmubCxgvURzsMsYdtVyaTnFMAe/E1C+Crm+1MGz2klt6dP3V+iNjk03DBuhMrneDi3rm6dDoaYa2tsDs0cCqn0ELuJ2mmjKi+YMQjD95UBhpjGoIA9+oJFX23Uke3uxwTroDTqCwOqga+KCY5HA==
1034,涂兰韵,女,440111197903301807,aun7PU,lZqN6#wbi+O%fRo,F9zxgzUJPvS/iF+L2YqWE8wu0q7IDoQ42VNRDwyioy8fEmHk6YcyLuRhCzJXB+2qjiY+Ua0HuiGMIbatba96qrIDKazmlmn7GKVOEbGCXfd9H5gcop15LkSG91cxov/KX61/im7XAVke7p/Doscg0jDV47faUx35h3iz3+d0SkxoTm0hhPPMB9kYR2+2eFkiffppKoxPwArVHpus1x2zQbGNKnp4i5LU6wz7PjNQ6lh0wpOb8jdXeB3vfITcJDefX0oeeB6GSvNTVn7nVQNmfdT5WFaHgaVR4L0VIBNnNruBXJiFMCKzp6Tz0LtOHz0lGBFDT2M7AXqFr6R1pB2Oqg==
1035,袁海伦慧玲,女,440111199711272940,dYWtIBVv9tu,l\)/mpD$qX58>$?,muyI1yjbK52Wec69fiqRuz1sl2tU4WX3H1d9kBLJS0ScpDeSZOqsLNCsJoh6GRm5trm74WjGlmEyR7ooJm7nvtJYn+M1/3UbonT4KvfWj+hI/qfTVUC29upivdbfPx1hRQbSDiaXkaXx0avIsCO1InlYik8KFVqEK4mEKcN8ZCTynOZGk0zEPJZhOmyiKiqLAIKshQKKgviVgi6c7pXk65HJrD49LSWBJ2LegP5r15XS7zggFn3jfIrxXYIxhs72BGjhrasVqNr8Cbl/Jn4Nger2zRhVzb32cFCTnRe1dI+Ik35Nk/P+3D2iWAFfy7O0KLSQqEqJdVigKDS1kJAQcQ==
1036,翟芬,女,440111200005197846,UIT7fkqWYzyg,M7U/h3}^pmm(,H69QFktAhX+6sF4b61UaKvM0PQhRxvf1xV7Ts2WbYc5DjwmCEynO/El/o4s2GgwkqIbporhIPZz7ZlnONYWJETxbqYvQzuUXvn4v5R8majFqVSYVDnez45GVwVxLWJPQsmsl0wRYYtzv/pcuoSZPqpxjJwq//p4cf7po/CI8F47kbNfRg6v98SdoRCq+JGpqDEhxsh5pChI/kBQ44eHHZ+cjUSGe0jVjzrMBIeTfe/ynkHvVvaZ6TfCz34W1SEFKrNQyvzi/+/gG9CeR6DYL/0/m1bw+nygD6X+s4B4asNByBmKnZ4KfpLYVNrJy2FW1igfPWyHTWDd0UgKPgMJnNQ==
1037,涂鑫磊,男,440111196911305897,gtWqGlp1,e%:gzJ^@i{.,GQf6SWI0CSawbOcPsbymlQa9Fh9IcXH7JEgaBN0phEKvgmxqR+mXVZzgplPsyuRkRlQ78gsq4av/u8LevmK8oP03pn0a0mh/41qysR40CCDKSFI7QRE/VZu85fjBZNDtUWorqN82scdo/6Z6u3R0yEtSit1AyHp3ZGL68fnA3ZxjrfyEjdV+Oo+P0eezl3G/H1+RF7sIthbs/CQJaP+4WIhKa1tMPPsALQm84E9KHZqqwdSZwArz5lmNNnqilciVaqXKxeg7ZYMqldyfB/Ts+Jus9UMoABvnUNNrzXghdg4lhyCnMlzumwNVxcfOwAXsF3AHVn/sHXGsFqHwA9h70Q==
1038,钟乐山俊杰,男,440111199210237696,n9OB9rE5tte9,Jq9|c$)-,pJyNl9XKzDBRIp5RdDECBsvofi1rXvW3MlCjaQntWF59qraRdfNTAcFL+zucqxyCGcsUhp0vWAmbKCKArdMgum1DnjMiT35yTsbECdiqadfKVt2G3GhRQrBBJIVfZS3YoLr/RWbXLBun7py+q3j4pjbsy+8bNNajoHHRwGdTqwB4yZVBY18UBjj1aREomAwt3LOvcQcLxe7q9NgAzn9A9Kv/GkrJbAnek+S4KpxP4Clrtzx1lY5M02Dl2JkpvGhP9ZD4YsTetwEpDBiD60LiS8P9mUdsAYHJ1nP/1ZPS7tmNUrNYMCNssEBrwYJCYEPWD7OJbKjU5VI835fEccicAg==
1039,齐德明嘉俊,男,440111199909062578,Dt68xwCeYfee,5vj~XS#5bZMyLEWJ,SLpmCDnVGH1BLqJlA+oksk3nPYF49xTZTWjqz9RvgZk/HBwf6DeT7kTJFIYpmQXiPeY6Hj0zve5wNdxLFcjDTIQnvBNU6kjtCYZcFIwP6BdSesJAPHf9u5FJJbKhMGTNLy9z05dkPZ632IzZ3/e+wc8ilz6ZP5mn2Q75aX5ZNoa9mtU+D/KxHvgwrWGKkAYDL5Snm5jp+/B8DS1H+drAeSLolSRI2e0ZfyPoP6XvZg8F0R44uQM0J8jWwP8BWS2An3NXrDf6dIb9hhIeaYTx+YNf44yZEUlUot1Zpj1yG7YKMAv4FZFVYdVJFTSPAycJxBCFHfOemJjKYBJynJn/8g==
1040,颜星河浩,男,440111197104204111,dGy4ssEZ,P>-`!j$+[a1],Icc1TjG3ZB/ERx5GFf/GHWMzSAuYoWlfxZeiOlU0OE9yL+p2MI1Bnd0K95hMxwrL4PiKz/S2iUGpAkpKbdhtRu/DNJM7YEKAlHtSzfssUNuvWoEEPx84g/u0lEKQ/W6T7JIZUiPxwj6q1vGseqxtZ9uY8YUZw1S18OVPE8ATY+l75mYlHnnsLQvxlygVYtrJIdtsROuqQfAzR2TSD36zYbg7i6CD+nzB24NHNxEeyhbOP5odvxkts4xKYh/AYdBQsCI2ztwojSxRS4xFgrrXBQj2VkzB1avG4smLVUPh4KC/h+hKXELUEtKrksIDb+1mnLJT4zigYkeWZ5axbcLtug==
1041,祝英杰,男,440111200001318612,xoqWj0Rde,WPQI4|YRCsd4/%lw,jTRWmyhzyjuddtB8MuTLz4pOY/CZNMe5Snre6jCBrvAFg96vIzroKSk6kKp9KFCEbU1nxpwnhKQtkAN0c5eoyDsHJ7HC+/QGzleAXh+zKfZL+R/tY55Aj/r6WhqL6WeGeenP7vQuLFvZq17Ix/olbGtuLpzdfsHCVfClwCb70BTBtrSxnlnU7p6pamFlDnKlGPU/ukLkhkjZD5JNDdHc1DbiHTlaQEDgNIhN5Qk6vDkHp6FRp/NBiPMQ7quv30TjhyLUU5QyGChkO/6tKbhehBgbcMVeEIiq1ZtKQTQ+ceqJYvpaTgy+07M7Qc5HhWSgHNv/G+OBEdnAnG2gRXnazg==
1042,康雁,女,440111196601032301,rvKDfrZ8x,ON`6XEEWv,RyMO4QDYO0I832LGOzIbOUbZPhxTQB+M5NVjp+BlRCs9NVGsfMc2i1saH6jw+LlRvdiMoP7Urh5IZuK8UC5UGNNP7fDecae7Q8lF4TW6eGDWlzlPD4NP42sOeCZjMEkdUnJkUXtbU4AX+F8fcYwHoKIY17lmzJbo0CyuIhx/23IgjuC1xGVLc0nEQIpdW6UgSDyYa87vifhKasHL1ON8unzx1MLqV+eIyhYaI8wt+oF6QEbIdZR6Zk0+Bpm7YqufD/ylEMLWe3ys8YpaaSWU51w/oqs2X4aG+1R87dU05a51yuEKKsDyPzSYmM/OXXgS2dS6+PAJREnJu5T88zk6pA==
1043,覃和平泽宇,男,440111200004145630,cSwuiNVIB,FU-I>RiqLMgX,VRrRgn447uJ0Fxmi3ntRBtyzV+STG160sCqr6a5KL8JDT76xJ7MAy8kpEx6h3HV48ANn1SdbZSrw+/AVI20FdVDrZSZXU2V7gt7aFUahtJ43U8H4KApAnt3BrJiQESONcTr16GRVWz1wZxImpwKepqI3c0cjumxpiZvBZN83t+FjFmlIWmEkHrVgj1ARwugPsNMD6T4GJAwD8zmq/Rul5+mu7EV5kAqV9Rno3CfKihlhHefcq3VRnx5FWvY0tbEoGGALl9JYs0RGCf46oVTEdxDXLp+cJ6o/vnMnFLZI1vbBfawsNCTKiuKvbTze02j26+CJDBwxc6zHRZfptt7YYg==
1044,郭婵念慈,女,440111200601066404,xv2HKuPUwz,#NSK#REc#,c1nsyOlfJo1IwFa5geKBQhGYTrIx5NPqdlVgD/JKMqLNbzRjs43/xj0ApVC4+wVukEJVOXdjGvvlnCPEASDdSBn/p+lZyolb1wFZjuv6qmk4Za9OW3wgKcne6k4wE2f1ve54z17mo2W0jFReMm2DGtPyy4svHuop+ui6XLI/q3AeBaMPYBPv38mq3BXkAFauaN+P0YhIKHmvUiAazmpnmLJocud2QkTT40R2X5afvUUpZoyxpw+sWOolis9XcMGK8NU9n5vRhVnd6/723idCvRQYQY9TAVymFmTDuvYkz0rt17q3MXPzSDEXMarPmffx2FkuE8Y5yvsu34mGvz8TwA==
1045,万永强德明,男,440111198407212594,ahpJ6UzDhd,SIfFlnBa]Lm/$KFB,kdNBxJKb5rtCqNbGv0XODQhd9BD3pbaQql4y6uG1iH8dxgIJkDrhR84DPvlCd17/vytDG2ZgjJPHbf/eUGDKMDp2zAdklcUOKQMdr+zOOnPyp8mtTaMZsPrhN2A++8D7S58Kjj2jVWXIzMY0B94M8Eyc57OEnEtmKqKE4IuE+c3KcjaAM3Y9YiZtNZCmTn+g53nPwUwQ+cX7ZNShzs2KsPgKgTjU4RrsF8rUrZOUNZA93d9JlxA9pFplEopf1RZ2FhLqyCQtYN8EGz5TfN0gGF83mWt+MoxkkTWpDOUCKvr1XUCDFNZd2GywCznoz9cixgiHjdvhrTxJECpQBtDe2w==
1046,孟龙建平,男,440111198304028794,oCMOj6CIikq,AS*yR6GezwS@Pd0!,GPByitRR1VnSheSFoPvK/KSNzSnoaZMt/oPlEX8IKaITFx4Ajo5LTYhawL2NaNVgw0N6HrL6MFW3x/eXdlhyP8L7SKWglsfr3mQ5J+CX0mEQbGSJmm/GJWrbfrJFaXwOnOA5yjOObLK+qNtMcl7XnieF0EqolfSn/LgJjhVzNXRjeh8ad4yj4IPXa4It7SSMfecDS+9kcMkAzOyIXe0E+zCGvQeq4BtdKHW94LPfrQSWNDxefHTCxmplGSNua92WrMc7nMfmmC8sXtvPw1FX3omJk694lK70SAYD6squ80FZsiae3zm/afyKzf+FuXEZu9oZt7ezlyrw0sjyAq5UBw==
1047,姚晓明建国,男,440111197207030150,Ta84skzJw94,K*0{o~}j,cA4CzoQjgdum4gbw8KFXjYSj75dMmG35QLVuqQL2yAwtZRI9rVnyQYddY77nLLeHiv1fMjrCFv1oWNvKplkGRVpo0ojk3PwpDqyEPmGjfzEQ7uU5tChce92z0+plVEC96zDtRGIdE5b0XPJbOTOoAtPjw4zmPlZGBJvVJsek66eTX2ufqhQhsew8gAATO3Ao/qCuSGLl2oDYTLpmOEjV3n0od/ITWT5H8GtRFuMGfNHfjdhrr/eQtyeLH1EHxCpPIEboTnuo9rvBLJTpNLCskSfthaACiYppk/QSxWKTDlP7anvQh4TMv+y8qTUUpr9UkOdpgYLi4jFZqFNTg/ijww==
1048,温眉,女,440111198703147627,a0nemi,#A(R0e;0w,PZGziwHFC0OIPjTl+9LavOORsBLZhEiW/nEPPUIJ3vh1ZwH2gD+GMC8hFe6T78g33Td1Di3BTDHeB6mwLgo4CE1mL1x/ZgWUJ9W3AmCgP/ftXb5s5yAxPjvKlZRLIO8Y++ShZTlT6OwRjaVKX5Ah3Gbpc/yHhrX12p67+/+DbRSVz7xkw0C853FJ6sd/+PpzXoAKvIdZbv1MsmgE/PrJrQ9KyWJ9nMg0yYJqKHYzKsMUkeN5N3d+sc2ktOox3zorVL21/ZdzbxCA5nlXdA+AMxQGUbbAi32f3eV4KZsBfUn3NWgrEbL+bpUu/OugFL8l3EIWybCoHAB2jWTwYetQGA==
1049,范锐楠,男,440111200608136452,iITvEgU,`v%9B2EE4d6l{,ejnSDLhyYycVM6ruWuokMNAxQL7F60oKqLEiRI3jgm0gsBz8ElsDA3fbL60EUN6LAr/ssw5kXDhM311FHcGi1jfs0mCrOS9xGKl8WP14wVavwHF++1wc8JXW9aYe0FYurgdk9FNhdGFFsFDUwrbwG4obtbCAc/g+/7FPiGBOiau6lpEFKxHRlOglVile5fgORG21EJm2RzlMfJXwqx0tq32Knr+UovePwgE4y1oim6NAW2G9M0LuIITWAcfR7swPiECIJDDRPdQ9gD5qAf2uK34obRp/BYmLkDb3VXVbWqeqmBpTZRkG3Cs9Nrm7nl1NgLK7D6BPXVOL6+tMNAud/g==
1050,郭如意,女,440111199207082144,vvfZP99,H0dN)LLyL97T,aK83gOjaKjiHmiLtU07suyRQ0q0uGuC9FjNvQSKKeUa14pQI4jD34XwtI9Yey/P9qOJ03/XLKwQNN032lQTZBjW7nSKq6MPs2iTKG2SttPVUaq12tNcR/D125nzHj0hflNC8OsJQqZvbM61rgdYE0aDXHI24rdCdPzfvCvbeHZO7eLJmbMXJhC24XmXkEkHvXp+PILBeR3AhWwKj/U62w8P+1WaRsVMV5PZwJzM8W7yrkWNNZ2pGF6saIhFLfbmIyx6XV1m6YI43dvkazAYe6KBzoc8Y0JHnXEXOsgf6vMsi/DCu+P23iDVgupA/gWkGHhw9iKJMlkSPA/JaJZPaWg==
1051,刘玉兰霞,女,440111197912011289,yePwmq,!4m[a8p%13FEHZ[,D2r2RIxvEdb5bCxoBOxnnjb94TiaAcp1pD4ly+IZa8DLtl3mtEYSlMW/+g8JWta+bW+mZTWL6rB9+bq7D832ZBBCXNW4+HgtkGOr0rpcKUxtPCMXaWTIsYPDldnSwK9BRS/XoeHi4B9b95R5kd0ftpb7RNp5jAAA2SNQ1fy5F0CjztdvkMgYMn38OOnwmabp6KS8t4WV4p+NFGBE3WUw8LWw5DylxyzR0ssEoBY9UmdAF/gFFazVsvOmSXYyWBr96pvWlhhupx5T9G74SYbaBiVvIe5k0NLtKXPAPY/UyN4lMqcmp38/bfqp2HIqigh4nLqN3sXHpGPI+ZjWu1T/Fw==
1052,柯银正阳,男,440111198307071771,tYfmkxL,(G.1lEI3^9HsrT3#,lU8FkCYLcrlMjMWZVwU29vLG3lMw8jc/HKkCsTH6uKgj3ENTegsobcHGon2n5oZwRKFcavonCp0YXbLOM/buEYLIU4FL1KGHRJXhMWw5E5ianJ5jlrxCFwq4VJmcZaPVh2ghziJx7TMXNk+wJQLvF44Ihy5dLU7lz9UJy72tp9VQbfwtQLaBweNsO8Ye5KVix6NGMq6B7bTHJwbDRTexIrlaMNrmdVJqulB94hkRxq8E5ISUyQJ5pqZw1oiFG07mpw9ssbdbs2fbUyLgU+LJqWqB88O+L0IhE7bork6P3AC2pVGPXBbOIghaaeIO7jnzo9Co41C4hVJ6cJTq2JTiOg==
1053,翟琳丹,女,440111199112234627,mVnqfOM4BX,a>`v6A)T5HqN,av0oGGJaesm2YP9GB9u3oLC6DW+V29DMktDsZZD9APfnk/yC2Jz/ngTM9BFRo3ucWNHmF63ta6wmfSSPyWJNYO4IpVVxqWJWgIhMNrJgYLou8eRrjBTKnqD2ewIbI9auUeGA6OC56SHwtMZN5kZPxYxgPL2Qq/KaomctKrXl48t5Q1QB6Io3iOw9IMrGGhFKhAtVoWmsxvte9rjIvajmyYLHkthRgcdtAyp/Sie32as0baLxWG9Cg92AKXR69Dzaub3/RL/5dpsi9gOoaivD5vkIEb5ppJmALxT7KevIiplhs7Qko5Vp2OY7U4gr/0wY8LocDG6+UCqKYARbJyI3eg==
1054,庄刚江,男,440111199311045730,l3bxJ7uPq7D,>syrQQ>OKV?p@zLA,OEt636JKfvYJ9ZUInOmegfTPJxY6KYAvdLpe8+hVJr8mNVoF6poPgehRNNJxZvy/1IXFfL1pobTEfa394Fz+e8r+Ez5sZK4zbyHJCJy8CRU+h0yuLrJ+ftdaRu0A1SkLd48/tpbB6Oludv0IQFpynhbDQTUkDQgS72xPU48jvSicJ0JzLNbimOjT9DCE9fsM68CsxqnoFc9mhS0qS09L7Wbasag0iBLVAYekDnRmG/A9g498uISXrKtJkvFRkROhsKAO1eWaWs2Esqecl3wbZd9sqeL8JzOTDtRdL0YouJxD91mWJh1WtISBqiELH5Ye/KXogBoOxkXLg/3KB9+3UQ==
1055,付爽晓梅,女,440111197108316807,NfgSQ0mjSelN,s4w3B>\}8xH,MiM68jl7VYLBVRskV4IqIRyBJ6M76j2N1C4v4EXQkRwTwFiuaaF7fJ1w5oXuCdKbZaZlT6nWvyiDYSlFmDt/LquEyK0KeVzGqpeUEK2ucHJTqcN3Gr2fhpCfJkwMlDO40qDkul8keB/4VtToorfGdkoMfAGq2p0LZrGeeEx8piud8G0uunvcM9YJYR1zIKLVgyArmcEGKv9DuFEM2wO1bT7Gwkev2iVAbwbw2nfBQwTFv3Bgq/uunqv8lXidoML+8CWAVizD6SRQ7gxdLk2LJZJJRR+9Z/Z3WyMvsHH3rXNn0KZdhaMNRgFzlQXyTIEDogm65SZJzHnB9dQcEhmKHA==
1056,乔霞,女,440111198701152588,mk3iBArV,`>Mhh=Qdq,DMkiy46gmJTr101f6BkpO8QkA12rc0z8nqQsH4uXC55y47+/R+7bIWzQpV+nsjcmYdymrQLwxt8RDrjuOe30fdcLSDzWc2ZGh2Oq52jIuz+xEhffLDYMZSyxwgDXRlRfW2n23WcXGjvi4BYzzF68dUcz8hLKVdRhz9iSWvsralFiUDwCYaCZJ7EDwnLq9nG+rNNNXYWvu+CACMiYkivLzQNOzylbxl+utWNkwXaL2TNEuk46eXah0ZBMOvM9Dy191qf3Ykdg+xVgLm42FXCbjRHKVru9HqoEV8rAl3fzN4yIOY7qNDP3Lp4kL5qCTgEOQQ2A+gS4dugDbnEvpwyVig==
1057,戴昌盛,男,440111197208093751,RmoIxZ,@+61MKl0:~,qherPlMmqN7jXPW3qn5Uh0+FXb22jyt2uEVBIe3INBz7JQTc/SxN6NdtgxUbgRtDgt0wjOIfms4xL4QZHFuiKGc+d8oJDlO9QdNd5GEt/V4LMdh+j6f5gIeEDaCBpsI/AFYq1wH7BGIRtfX7XGGpZ8fuhxa9YRQzQ31Xttuj6c3X8KUT0rO2bqiARfGHwONtiM0gp40hm/JL9R4AB44lxZ6CXGWUY2AAm3fMNh7pPxKXFjLiHD2bwLweYUTC/hux/D98TX5WYCvjXxPk1IJZ5AAnAoygVCuFpN7ikiWDNpv+vOHZsbKWV9aANxAjxoFlc6gjyzHtuGlP91ABP2LA5w==
1058,徐建军,男,440111197906201510,soMH9pY32180,?db*[D(wO,N0EMfHVM0+9URFD/qlRMyM2Ydzg+8vel9CFMRlkWmbb8DqMw3XyfW5ji0mkGmqdhbDGHDoozkWBWlikOv80f+AJDGoUuSieL5uYLHBl3KCQkRQA9+fVgVPw42/esHeEzN1OmJihOgUASmCYDxuWPE5RCsfq2G0JRIwXJ/iYbAIcwvN9gf+a34Z+khMQKoTJ/TZidiUgSnl9czyilKKXYuy0DhLJF0u4pbqCtbosWkMLWjHRV8MKgs/YOepdGPrY/a4GSOM5i6NTAwOaJa7uWW4kcYnDREswa1un2QFlIVv0F/Zu8ZlevvN1K4EetVmlvVN5F6c8ZWdX9d2RgrQVOXQ==
1059,柯菁,女,440111200610295188,BZMdFnBT6G,NbBM|shrt,jybu74rEaWLqhfnEXb8ONBEaA8xAjaq6Qc+WyAJEBWTShCWpXEDTKa08WrOuR0P6kIvnLg1HJZhDK0M63b1w0WOZOqFOvYmBy0l/9pHwNJUlYck+jP0cRFe3mjRGOtd4AMzokyfkes4BI3amu6vIrPlXwfU2A311G45WqbnaHSy/adhDI7JIHH6vUmonr3yQ436+zuqFRPdzIhtGv/N0hbqQ5n3tkUxJBAt34tM3mdXlkkqHWq0HzvDaQrQvnFlp8jpRsAgaFGSWZOthOPsZ1XbKWJunCbvVQG2qMAgyOgb/59Pgf99+IA/BfdEv5qjUwvnipM+avtTIs3ByoCQkAA==
1060,许月婵,女,440111197001047467,aa8uXsMnr,q7X!<mjTH@PW7|#,H6d12xwGmaMxUWcvktkJnOAPugQLc+UvfbFMeo8n2UPhWM+JrMFWGACagWKR/Daw/nIwzAdixAWHaSCAmU1IQls2GEl6ek3DfbAwUPajNkFgOW1Kwo0B2fQuTUsc+4rYuJt1s8+rluX0DC8YHUr0zdPiRygzpiTzeMfQ/kg9Ix3XZSg51/Q7QDA+3ZkvN0w10ObSRPLmlKq+HEM5Wa8nrcoHXGApEmrQ8gkRHG4p4+4Q78VGdpo7IgGihrY3AcHJzrY2vxewhX5yaXvUh8uLuvQ4HI7C1xI4QPlLDZQ/wGo8wHm3zfz9HzQqs1b4h6mb69E6aNqbV712fhz7sEQNvw==
1061,邱思涵,女,440111199912126288,mysm0enQ1,x>ZnYrSF68A,zCMk97rgaQ24Pyx5WooS3ekf3B/QgHHnPSighAHNryKrl5v+ISsZX4wEW3h87nUQBYW8s18cTIKjm9BYw4Akc8rbe+9MNzKVMOGlApBZQpDAYCg1MPO3x/aP50w4vLtf99duAFSoQyCgO9oorwR54/kTF/iS0D3VN/G+dezi0lXyUuwNG4YbT2rngQRkKsfNc2G/IaYsmsUaavDzreG6sPDgaD8Du0MwwpdDbopKV9ttN4YSOL0xvyvUTzEDcko41W8y39mCAgxTmBHqpcwosKOC5zv+HyrtvpnAFQOs1Mo0073N58P82+j1c01pa3inULdLlcIZsgRIrRdyW+9Egg==
1062,苏颖,女,440111198511191180,baSHlXKvp,:qo-N#u4[r,O2r311dBF5OqvI89z2ns3B77zbwpvd8WM0/Jwe2X+yLEghe5493qU0VSjXB+hCNal93rXtkLgEDEuf57JPD0+NNltGw06hrLSX+KmSU9bIT1mogyJyUe+HhNMCiymyxxA5NmawpE/xkFGDDq3YnbzfYgxN4hF7zfdusBicV+H3dJVugca7aa+0oHMv/mVHwHQQqUpUuctr+CMnQ0aA0Wrtw4pnfcV0H61exKMO7mKuLE4arUILkMS2ia99LA5LlpVgj7JD2TmoHjNTfEhdXoTxUPmLd2sHtqoQ/aGTjj7YZHCD38tFz2exqkF7f1BfoYdlYAXcGzR3a7pM27vgYjNg==
1063,孙若曦艺,女,440111197210220086,iKZqoL04FLM,r%/\_CuFlR6D16,nUScaRejG0FULtPZNgP024WRlEaXJZHPNymLTFK8bt4ztO93uewEKG1YhMUjGjY039eTWvyKh5fzk15a/wqwr1RsookEKS1JWLDItGdHiogpHQjn8ESLi8UcSyvcegL7JKG10yzJh80CjcPF6hyee8pYY20WrwZSp/B0Yd90HHWrzdzEzr9eS8Rjyt/MzUuX5MrLqA9weUE2m9DKnomfDfqWLGXYT2kFfHxfyURjcXlTbl2zakl2agMlzHmvoPA+GDu+4m8KzYh8BmhY36cy1ONN6AFHz/LvxXi2KGIaV413TpgQUwFUBLBS1e5BfSLGB557fg2waXQDfbzyXSz+cA==
1064,章瑞永昌,男,440111200202073914,Gu7Hk7D6byB,qGIs~w-0nB,UjPZD1tvPurCUikcVsFYkTiemb1NaE3OCXgiJmLYHbG1q++o9/aoELhfKh7UOrBosJkTut93kL33QEJEHYaa6wKbGITFoPgBGAq925oJkvo+RtuP+gYusbijevnOO0SuoCPgAEm8bzxjUtvaj3XLrVIlwggXNDhJ8CTgSOXQqLD5qQvtzYFEvlsqPxKXRMRBblZi+8n7WqzesbDxhn009NsiyYJ0APArQ89i0oNAwS50G9BLd2F588yRqnajXsChqtHTb6FXf7bhRIexAt+P8ZwN6zMf5CzKIyR6knmdqTHakcKAWz2iZbZXrpWsPevrQdav/Z0dm7XRwPjrLnP8Fw==
1065,甘颖心妍,女,440111200603297302,aWmLGLYRPxv,#0l2OOey,BBzALt4ZgXS2ZoJMb6Tsx+1b4A2c43GL+fF/w1iIKv8f7Oj99JwW2ANfkSLwiOYq1OsbUd3ieheeV2NR/iIIo0eiMfkadODE9ms+9rpWHUyqj6IPFpmoevc5cyiGRCysaNHjxdpHukp+ouYkPK6qWpqNLif4YfMX9oX1Wbb+OOFzroGuj0pKFyOgE84GuUFFZoQyl8qesriqr9F5Ig1BvwxJwo9nYkQ0bZSvGc1rxKlVuwtTmBx53Ha+Rtliullh5HdpGRUyoLbbaKB28HTsvdToJXaks7YdmQToIPJIHnyvrOOqLLCkNTpga25PRFdUckY2wb7Bhcos8Cxu6//3TA==
1066,乔聪,女,440111199609061100,vUJkbaTg,)3hwf{<[,X4x4S600V7ajH4/RhMqQ9Xr0YCc6CN5lPq8qAZMYScz2GrKP0LhjBgC0IaSMh5zqMPbXoQTTpjLoUX7sZoO3qxCCiVyGwLJCJP68KFge3Osh8sjZgX+RnHEyXZXv4z6oXos+dlKHora2vAtZWJJEyMjF+j5tP0FRH/F3GX/4Wm3CRufjXX6UaC3FAyps/JvSwGb8yiPvjcwoDT15YIfloieJug6JQHyz+kZ6tF13oGNLI34mMZRCU6E2GFtAKeWU7OfO4cn4FoQ6ug31gE6rRFI/iUz3Fb/E9CRw1TgGPrTPrGUDZbckiPQtpXJUEzNjpfOzX6cUhJtQGbjgafmNmQ==
1067,吴飞宇银,男,440111196707044431,gy68PfPZ,5C`kSp3*(8teK~g,LNaPutgP4vcpuEs326LrjkhU4Cu3ZCi1B1h5rjR3IQA9C+YLHHfn8pO8Bc1HvQrpXEiHLd47ILc8dVU4XLbCn519/ifsYO3nnTdhoQ7AIqYVBg4c7ldMCL3Ymk7Iq0C4w9dZo7Qfhgc4ocCg9PQqkebH6T/fYBi1Mrd88kN+qZTBr1ylTPctZ+1seaUsSyhCHZdoaQK/BN2rrnt8fcDwLA1u8z0QXtSTkWW2RCU86ajjsRMS/jybqpATcZvVkeiUHksdEPZLOtIuATUNsKPEFme3M3oukF6lUY9zz/kG+1xQPCGcRPc2zHp1sabZ+qIqO5XhS6Tt0WbZOmokB3nxZA==
1068,石涵,男,440111197306252517,K83sQeRzNv,f3YoG1S@,AC+nABccvHVlod4BRrxw8iuX5OaRsM0ufSzfTOsjQCgKf42qwF+/+8HcH7LQ0Zd+8WYZc9XnkjVN3MpAumV8JpwBaucGsMuEmsz/lLG1rdBWRk1fE7hblGAApgKM8MucC7nxmEFhYq5363OqlEvDVz9b2Meew6ZKNib1bQrgLqq/Li6sPMcTcBhGjwFqi2ruJgTeN3NTkgqLNJPdzpOlNUJObI3maerhlwDeUFCBUes5QwYDu0rYlu2DLld73kaF0r5306IvHB+f4Tn5oOa7Hibrqs3eGEPcU3M/joRnG9JVYnZdZpb7y5zPMOFRrK/IZFMBxahPNNy5MiprsMhb2Q==
1069,郭辉涛,男,440111199102076428,FR5qYufN,|X^met}<^sw!@=,eJ25KVhyAMTNdVeLTwzaR6+5KmNIm/1neOq1phji8qjbFa0a08SgcGVbEzxPu1UaR9zN+X3AIqIibJ7nT47UeA5QI63iunn2JPVpSnQt6EBdR5ohPFkd3JhJyI9H9KNYBxZp0xBSdpJpJr3a/QUyVmu2xjtDr8XScRwmHyJ0NgJZl8jfZXkv7ADHQ1n0FMTjXCwCxvvvPvynV8jW6nYjJZTk4vtrbAFSRS/aZmXOAQGpuZuS7WnaAZvUli9bNJ4M90F7yl2hLUgU4RCtmZFhT4ZDEr+OjijnoqDh0iTOLyatmxlvBBcVqioIcRymzdwcFiIfBwgrUzhVJ8tka1QDFg==
1070,时睿,男,440111199010152313,IixJpL438O,UoA?ZjD\,mnl86LVpiTxlKAdbb7kir4xrpt++xBVhUw6d2kuAFJ3haNvK+fbIH/LYF6qTf6TzmiYbtQCbbtfl1I9z8M5eZznKzISfnVlYNRTPHMVxKa2YH2NZfZ2+SfqmbNE63Usnr41yJ0ca/XzohnbCWLhWZseZDh3QsLtVlaD9B9Yf3NxZCDeRlvWGOoJuZvIjZ1lNKbu3mwjBJfC+uupDl10I0sCgV7891QR5ozuyTeBIwpoT2+Vnsy89eJjV1j1JQrz7BRdFBp/ZWDQh1NPqkY1pP/6HAXy4auklUjZPFMfYgaR1mQP6EdcQFj691BA4r8TC40VFV9KL7faFPAiZK4xh/g==
1071,石曼丽语桐,女,440111199305205523,mCUmOEOUw,XjMo%K|:6chN,B0hTMEsIAzPKm3x1BpiSz7c/AexP2hYszyoNWXGBHSuUAnVy/uQXW1CTL1UGQqPDuBKj+1buia1Ga8qRVQ9AdlZ4G47x2qxK2VapRssgAcDLPr5pxmafJt1vCRD8NMqAuG58dPsv1JRKBvX/xOIV734INqeRnl+DNUDg2AmjRJ/kvwaKiCxBA1QX8CX6mK0eVpwAzwP3CCTt9V+Emywk1dRTgKLooZaZbhsuNOqetYyLRDbdzURemhOVhJEkBL+RaUvxisvV7K5Hm1E3jCtIQ43hVwx8LsjEypWDYUauxXAOBDez1DxF3GguJKSC5+SdmhBh8U7Fy+8Nli4+YHvpvQ==
1072,田慧玲欣怡,女,440111197209140580,ObAd6s1d2O,;IJyF*~AM,SVEp5i3tpIwisADWITI1hcq/f+Js0g+6oLo2z52od6XYtVEvu305DOnkXsj60dlgPqzAlBrJaYtNnH+LkH+ovGxbGqTKCDu2L4w3p3mD4nDBuO3m02HcWr4crvF5grIbXg9DCNH8ExnSp6FO/eeOep7fDHX2PVgg0wFIKqXGdjc1FAwENDSQvXfFbH2/jQu4Y6dt95Ux8KcR1VOYEdkL0MzLSj5xpKUw/ui6UPq1qRixmk6qpTX0SGNVsGMRRPpul3IOjK+8lmQE8WeXC4JcKNfqRPezJZ8TxTXnSjuNNyCvDv6MkHtLY+XLmmvOEGIOrv+ZCQWHhFxRoxCNkjMdaA==
1073,周舒雅,女,440111197406204205,H6V8Iu7U,rfZeT%.EN:oA{{,Fra9KQ0W6DDFpSpr74bJY1sj2GZJQ3ZRCoBvumhcFkU42zw8UmwStcIvZxsUEwOPJjJ3/dSN5e1FIJF8UzIUhTzKNOzJFCmOrEKp7BAEgrsdfh3DEcipghmsBSRP8Qq9Hq2FY7Rby570cIHqGq4oIKh9dAwvLhmRKVADG2H/r8v3d0qqYOM7TWCwUcjNnJ4PlXvrBoY+0+MlsUpo3fZTATGGk4rkiNBRXBYG7PFD/+HkpwVGlE74/XUf6pLhFRmY3h44BWKkppLDVC2wG+oXDwrPATMoLIqF3VjDpEqRS3L8SOziJgTGfAYn0Hsy4IX4THRDT+Xs3l+EIUkud56YWg==
1074,潘晓月秋菊,女,440111200702205725,kgREi3WplN8,euHfJn4D.k7[~I,SN45/E4scHu/l4HtDyARh36YBC6U+pPpLXkOyxuC9xmsY7+ia/xdQlCWoiVN/AGihfOr+SjntBZZQZgq5Owm2XCYCrM5rUHOX+MQtbl170cn+W2B1QSvMH1NvoKRlbifd2Yint0r9vZbsrCq0PaBnBp1OowNpK5eLQ+Fp5QyPozex5yrWCtKE2FjT4V4GPBn2yGmFti/5M2x76Z33b0OsapQGRNzKHkknNCEzncjj2kkAOzKYZxiuW9sfoqPHdyHD8KCNiR9jNNAXWgFo4gK+VGsUubgqBcvvQGd3LuwUe44J+F2TDWabCyfeq9f1Aw6kZ1NipnnI4KHAilvZiju+Q==
1075,鲁辰森,男,440111199406211519,HVaiGlNF,O$MFNLyMQ9),Faj61Fe5TGb6i9XyVQW0pHP/aEiil0a2v0Sxm62JQnqd2rZRGH1+HZdeTNt0Chd2X58NX5bElSdcgWBAzytp7NZaMdZO1KyTLcWy38inPQ29Do0crxk0dluQxmkvkm1W3sGlCj90kJSOxmNjxek/dL1tbsBzP0WbXT4MDug+FeihGVY50wb9n2FOgZgCpUaImKarOWijsBp/76my33DAoNEA/dQn7PKQFnHeCPMF7i6AeI0u/itgPw9Fukd3vhUQgOzHumPnQ2Mf+49aTv6ASgK7tWTNXjePUSvhVyAutYIpUEiutXatbugCMIXHUQ44kSPdZMuJsQ7553BEZzTqhw==
1076,胡栋,男,440111200403012499,NOk7iio,{PVV95wQF,nrOx/AGWpiUYjzpIx8S4jZgUSp65wSBG5S0VK+5B9KwoifIyEEmkl/6ELZMIflb7Iw6VvGHICAqrr02d8ZUqvQ17EmPb1uz6zcK0jXvNK/nweRoBkHYGqs8HvnXq/YufJHiZLweZK7SeAsHL4NRIrwKFyoNLekb3vDNcUJxBnGFySdPpswI9RXPBGSvZmystx3s3KrtEAOHYujmpJIS3NvRDS71S5Y4Ln7A9kfY9bnbMJOuYem/30P0/qgjyTyoT6oI2KzjP7WiMkHrKxz3HjjZSRCLqAzNTAz+ez6dCgz5EK6X47Q8dK/aChWno+tzBgrdfqQHv/zQaaYQySry6NQ==
1077,梅菲,女,440111196909230144,0ct3rEC9,27_}KqumI[-T,aDI7Ub+rzBqDcKy4SDhyR1qIq/X2QDzDeuQh0NO3T3Gp9FYvIBMd2pMEWuie9IILAIUki0y1ni3Ge64VEZ81uCdEIRL6sO28AnB9cVpXVeWQ1qsTFrlGHx7S97GthdXoNnBmk8GuO6wFC3WGp2ZMMyStLKpCdTBbuMrQNNMxibQslh4BAjm2NiYigVXxFVyqAFYcM7qoiVtaIaNPecKpRNbVVz+EkdO3JNz2u4OLw3rTiZf33JkG/Q73pVk7mn37WzN40aRznVhRS+LSE+wbPxOBcC2pGaz2TbELg+4hGV5IYg/+l81AV9keWDZOYwn5el+/dBJhERFh/X9r/kK31w==
1078,温锋思成,男,440111196803300693,vwxRCewQ7J44,rGXV}hx;g=v!,Y0KxcHOoxsgBb/Urr0cE1OT2+7EEbDuYCvSg7JZlI/kp4WodnsHIZf5MQI87gVphjIm4qq2pFpGnrTNRnn90gtbE/XO0oM9MQR2JkI2Ly0T7ii55r8ZfEKO0C74sWbfT6wvRBB/hOcRx8TZn2VbhMX9bFgKKxMn3fVokgDMHup3RFT0tnsfLmhZRbnShwSO9Z7KVu60hU9De8XTYBL+vdxw5nANSwCBSDywrBQEjW4Wi30NvbH4Swh6K4K6iRz8zyaDQvEINnPkALGGuG1b7k4y6VG6U3z+DM8rCEUYIAIkRKW+08uXV9r07Ab4IDyBq//OK/83TndrSBGF6r0/4Nw==
1079,谢颖娴,女,440111200001032980,oBoiDl8,%/F4(rwI@<^.C-,qWjKqi+7DVTbRpKZz5BbypCdJaMiYrRaezItoqXj6NowrpUJlxoeGej90tJPoAZrvP3bWvogbJY78I1K1nIvoRfxuxe9yuhBP5u1/xatr67Lngf3w4nkgPHro5aHNKoAEb1ryJ4HfxofOclaZT0Hwod1UHsLF892ah7YvN5JG8tF/8W0AkUMA0fQeYZf4q1VI0sMyGIS6p5XrM58vrQYQbZTndsIZuNcTE8lpF7APqxo5u2vmgyhm7yMswy1SJwz2B5kPIjTPzfPG4flQSaH5Ly2wLY5E/UwOi5Yy3rU4F3ZtIGGwJ8jzoahZsc0M6V+f1LMOrgz/U1LVQ+FHJuaGg==
1080,房贝儿瑶,女,440111198410159608,X5oZXAK,kam(5:){32(2tN{,t4EEbS+ib2q/QwbTy0tVWKx7+kkQ0+IiIj2k0FcIpB3/Q0zT67spPBD8XBr5BfEf25QVX6pS6uufXe+RhC2R2Gdi4CQveQ3S4DNH2dPh7zL5Uj6VAgXee2CqMhweSI6+uAEC63qWnHlUDdeueKRpQmuUprKzomlJ1XKdEjshQXAhvzB8neI75AdrP9CGNXQMCYgvma1TmQLeuPEkfQS1nqBj7d4Ji2Q8IuF9tyQb9qpv7lV4NZ2s129DDrfjCriZt2AEzLuGZnB47v1nVwszEalsVE+73ib2I8xbDz/h0Zbfa7YxHOFDYO62l7SfaWidYq50gZkKIsRVplLkEF/5MQ==
1081,江宇轩,男,440111198911115718,pwSMsYgy,RL#84$(YvWR,K+2UNRGPNAYP9nDWmXzIrGwQOe8bCa9aE4uPbZnS4EZ74qy1Tc8La8K9p0tEWD5hzZrjNEL3Y1t1KiINv/oS2SVH9TLV+RZ/3ANELIERA5UQoL1S+vdbCANWDl/1aS0OxFHDjWsRr2wMmowonfyDu3tuw6YqaqU4YnHMJ1lbXcOA8ZdGARALvkPKlJ5xMHiRGRPJEMzmIr9TeBIQ94TaYXOoSXvBl9YdqqGqCZAzATYy45xBuJjrtVSqeeF7BhaTSijewfHaZQYDJjBkIJl9Yl0Z/f2zPZu43eg9WmDiWdc74hd1IPiymDSiHoUBI3U5EXDUucGu0kQIsVWZ75RhDg==
1082,彭旭磊,男,440111200401252157,WHpWTFAEA2,XO+pRgZaN{*,jbcQgoXRrOgo4AwR0zUEZDvCjbO/0RuSImMAotzy8j9eMbBfNN3aduzMW0Sq1EBFVDSKwqJMItNM8f9iyLveWxBuBSzHsVS5nxv1BSUzHXs0sLdmhi8xVpLJ0AMO6q5vpQ32TSgDt5wXmi8mQIUFnt+1zeUBHJAgXflHEGg31ZtximBiWmSy0XBrhrVaVBNEYBGvK3GC3Y1YBmsyr4slYJJu9+hU42t5o1nkRGkDWMQl4wz2YxlzGBwALyQN70O/DIN2a+Kyc8tKr08C+43XkAXXX8JVVmgMJ6PBMYJZ6PCmilk/wkqTE3UBKJzmJy4lTYbJx82SkGoNwx/9M2DmVg==
1083,欧淑芬瑞芬,女,440111199807160468,iCbVM0qteu7g,8^I8=>%[IcF,qx6HoiAxKq66eFsrCuIWlhQoBnTgsMb5iIPiSG3bnpBwhnXLF2wz+ZCdxjfLdSg36qP38DPtiiguiMM1stqDD4OTuL/3WEBUDGaPVZy/iuB+qMTeEdZJqjtYbjeb86fHuTydPBUdT9N6mZTg8RPyAVbvlxL6BV7GFAITfB6V3bUwChZ4mlZF2zR5Af5lss2FhKoMIs8KwH/5uUBNglaQytsftIuryo5UoL46niUge5uORPbxqr9AyShDgrF7Ncmf0qDONacF1WnwhL66DxRWIWuDRZzVFfg0Mqi2vnQM9UNJo8Jpd1Zat+ow5dApIZWyVcsejtcLl+QQrOUz9RdxBw==
1084,邹宁静,男,440111198205099052,F9z3IyyRJ,q#`A1?4o%JxJ-E,oUSvJZZ8UWtp+yFpWoPiF5gwM3jiD4VE5h10VcHaITzGkMKsBKN0AmmMJQgUElQXg8HY5o3VM6Uo7ZeleQjw8gsIlu8DA3J4q3FzYNJNaXg9MoSReasu9rLaqASJUlG0CZSh0qA/Y1os5T7OrosK48f99egsHOO6C03sp1rFMObLp+cKP/R5XZeqHryPlushQTg/C2MZmfeN6nMog6zthjzNdoXHtvzIVmyZSnGCURYahNC/ie36xZwhfnAJmZPngT/NsMtauUGOXIgMApAMvxrh5tM/syVRKwjENtpag8/U9rkOq42NVaLiWGMPQCynAljMV9sp175HFVqG0Kqh/g==
1085,胡建国,男,440111199503025312,f6oX3A,_=5?bE3nb`~Nb,Ez2nqHVEk4otKBqSWQaNCbslMViR/NTjIyTpE8f+kOP+nxbLrnQzOyIJqfQB/kV30PCD/AofiD5ENo7Tu7tVydOULvuidq+QaT1gCYMki0wtvYxmvQQ3rd5g/SVILg8S5A+f46fjn825IbJ84D6s0Du0lyJMLhRx0yaTRuP+q/8LjdUGs/nkwv4M0FQkcCUq4R0JGtZLxFXHy2mMdr7sTra8hV4MbkBlGwJcdQjqWGyw2pEGY9osBWWjxPKSnSKMQwXQArHLiIdswIhc3t48UcoISkSkEtoDCxECcwkEOfG5JuFrfKrshrahjUvn4MaPxqCJsqVm2+ttBn+NbH6mJQ==
1086,马静香,女,440111197509273588,L7yBrhJWjedo,AFzHZgC=;VvoIUu,S0SQ6U0IKGo39J1mS1uZpgyN2ZFeb5bdAsqvjRfBYrNJg3qUNTfORhxSXxqTniAdldN4cDSbUUfA+lErHjkY6HgwDDU2VnJvQzcxOu3f6Ra7nzutLYpYtTkegSFtSU8ZY1uO7OfGqDF0B6CJ2MBy+1NsszjyGfc7p7u5/zR8rihHc4jwI9TTK5yrwlBWcQ3AVKP39GwTDtZEFNHgPBRGx73lXMuTtmV6PiOlfCmTi0nI8E5fh52BCKRdfxTrR1Uba06egOWgtL9DTQAE8JJzy8DMFdJaDbEo8YeQKOM9XoZ8/hvuJZF055Vw/a5xwEc3D7ec50ZzzKEoP+HyclOZWw==
1087,邵刚,男,440111199110247192,KV7wCkSI3,j504sy7g~.Im~,ZmZOL2J3bewjMhoQ5GNL/6gBbRLUqK/lDBXXHG35hlQ4INuui181XLdaNyC1wj9eXAWty2wOOMOkTRqIiM9kJgcVoOQuLMIFI7DDG8f/3iwV9r/YFPMuVzlZACQ56mJ7yTpff9/m/pPYBJI1gkfPvwDV5QdOWJ/gWL2acEnXLqWwT8Ha51KC5dD9I0kYR3hor711oBPc2aP3M4IpL8WILf5zQHP3wC7zZ/x64TcCehxY6Y379Q3SgO97DD+TOkKgBcjv4PXVfPH3BCzDDnV5keDQI20X+eLYNTVlgiazODi4ES7OoFzCRSIxVz2OxPQJtlCCG++q+JPg8m7a2lBRvA==
1088,贺嘉祥,男,440111198406022270,DBkVrLXBl2Wj,d]/|7BwZwr2{L6`Y,QQMbfAgiNoKGFdaQhy6BQNWtT8G/wL5ZyKET5V7T/Z2RugZOSJQpO4xizlSeZihsRye6v4EW51P6bw2fDk/ZWvJm6e63rgs0vfD1677sGCORp4Nuj2Mh4ch36ZzXRlLFnVgukP2cEnAaSmefcA3X71cKPO5GNF5RXRu/b1tgyXoGkkTaXGrli15WHWKjMtD93Cu7bCr5iW2x3RlhZsngu2gl2o480AsnaaoryPMxl4kPjg95eUVli1lfFsH4DVUcPGaDJLZB0sWSioZZISFV7Q0C4Ts2tjDhghif6JLKc0f1P/cGzL5b2RJvdm2j9dEA79sIVdWdg9zseQHD0WAGKA==
1089,丁志强瑞霖,男,440111197211029232,zXcw4O35X5Ox,iWcmS}JPUf%yJ,YYvcC7SQO85FGIl7K9dDbF27tXV0BxNUHGIpVtHuZk7vlzpeuj9Q4ijjls9jnN/+GDQNtLc/ZXorvhEpOCGZdbfDhh5BpiJOJ4ZYC6RzUXf6rgw0/xihTaJLqrvkPtyn2v5zYsCEHQiVgFbhGh51xfv2WDZ7fNDuvvgNOpcUg+ZGbCysTkHHjLGY2YKLLhZOqVvFq/cLcFDpEoMyOUG9mceCQmQN4qVBrOpgQT8nnnEGXn/iUoC4rlo80ULV02Tn1wTjKRiavFA87AVsaKAGJ9e2s+Oh1/SmwJ660OzA22Q+lboCMgVHl6MoUsZyFeHRrdgrMS9jW4Ffbbja0gLftQ==
1090,朱旭宇轩,男,440111199311240552,hONci8og,[ifZFtUu2C^,laH3tWz86dKP29jKluTOtDFmD3dCrEhm9wnF0D9CI+xi6SdUm5V8h27kr2eNVXzOvi0aCIPKNPOl3UvGQIK5eYoXyjm58Ve7xCKVLXwnKo7E9mzpZgeK+GXB2iwzRYjQZIO2ZsZoAKo3od0kRvHdq2XD2aaAfs0IB5TI6si/iPEM5aP23FtowJHnz1ILgyfrGiiH1OjHGxqZCUy/BayqbuNwnuJVlwsRQ2Ly3racaMPkhteY0D3FjR/1cCO/jUhwSXWa1O5/BDRXf6oZSzlHFOkjjUhfaRSgPnvGWvMQdHN6Qayt8+8rIyFjLZqmm7k2vYb5lHbkecQYeiVgWkemRA==
1091,霍亮,男,440111201509021297,P36mkYmLKuH,00g}ZQwmwK:V_,HFw4Ad2+MHhLrayQIqfJvRnhGgdJ1hTZeBmRhhN21t7FFcyt5naQl8Bp7C6pRRz2PUbAeB7KUqIWyUXeE8CtfMcuQxOKJLatXJ12Z6fPXZ73GIBFcmhDyTL04dIdAP2LClfq3Z2zajvpEFI3vZN9OOYkRhj8+6h4FMpQ2dym43GDFMXwuX63gNOiA3KRllDfIMg72WrbUWumb2Ei5GEDoHp8kFHOrInvw6gg9NN5/+KiSSnHGQTnS/tNBr03L8Fi1yKrRCQxJYiPggZgW4RZWXWKQCpTcuNtM6PYAQXri8dLlruz/rrl1Vrt6SLGR765nSLOj0xBd4PsDU00qgTZig==
1092,沈建华,男,440111198408076432,lFqMtmWAN,CAVK9|Hlrli,iwIkW9iIWHKEZCqCnRLthOfZUjvqOfDf2k6RvA7VQ+wNhsPWREDQi6xP1U5R2Z3uM7V+PW2Ge6LFCpP1SyYSvHsFCWAT5D5vNLoE8A0XkjCcDrhGxiWMcCW5oX5G8msk6hKeIDuDw9ROCjKHWdTGeoKHq2M2dOx+i3vAw1aCjKDUnY6v0msGAIdXy7qCCMgR4Xo6p4nvwITueE/oD0pI/AUeLNNz7Strw4kAFctUnezG6XGNDpUP9jRiCyM1Bh44XFd6hYF68sRyBA+sogQW/H3ASryUQfm9iWrMQwotKOSVCXaS449ahATjNRoptUqTr6Y4xEJ4U0oaCZSCi65fpQ==
1093,徐芸菁,女,440111199508254608,Maw8HRgO9tdP,!iLpc[lc]lPdO,L/N7s7ZrmgyDqg1CjGmYOKXXvMUnPNGxtUDlAnDwV9r4z4mbaxFIb4YUAAh0jhSL/ISI/PEQ7WNzv61od1glQUMyLcm/yG74Q6AKV/inO25KH91oZ0aKfbvCgzdTaYhRCqc1mm71pNyGu7wHqGyml44aiP+YImzEjPdeOUlrC4tXVvx34zx2YebJ27klBQrPPsVMqEQMAvIqjnX8iHCPyFM1tKP0bpcEzNb/GPizRyaWfletwV0cOeZ4up0r4SDG5dtf2nANXg6bgbILVzn7y429VRHHDVDTxz/JWRVD/oUxliq8IcAAkekICqdXPJ/kKd7HawtBhhkgwo8Dn0GM2Q==
1094,覃紫萱,女,44011119830720356X,anMtwd85u,=ohNgRq9^P+m}%,C8vpUF1AlDqwzH9SPx6ROEMGIuwh7SrP8GOJrWEV0DPWUWrvxITmZbpdp9BbSWw7LsEfgydwDL/sv93lTlhQeYRBp34DYj2yxOslX5qyozbAdZbWluLFfKK56YoSEY8ppEppiu3bcfcEht9C0H2E9YwE/uDgQnGC6MQZdr0eACgh6knovgg++6mJQFuTnsZaQtl4hHlimCi+IhC3fSTRAFrSlDTqh6kGlmlgX/QTSW/8MtXOMsh71BGMKv/KuwZvQ5AhdFSeuVUvnMrmWIQvIKjC4wlJ+dziMuoOPi3hILc+ZkaI+c83z3AQOUgMw6LlgeUdbiSg20HAi6dmBerYEw==
1095,郝泽宇升荣,男,440111199401029697,pVQtwNaiCBq,f%-50nleP,iqLp5t+e5EYFbGqQmR/Fl85T9fFfgF5rVFDazc5wDVrC1yMOIyFhbiV2KzNTFno/aJOKF4k1FZKBcFrnHY/AFEZTPsR8VXJI7qqz7PA9rezObybOONTOXJKnSp4fppF64OWbpJj1SU/ZVR1GODhpJRwQDp152gy0hKLgPMrl1IkkeS1Ais+2P+pqbBVWVZpSuW0zYuZTJQ6Vz6Wn5R+kT+VonNouIdU/1+tARfYfqLVxOH2w89GSLbKab4LIwj+PFySpaAqiW9b+zv2OIvqPK2tOrPG3BiajpStGW39dS3nF6yL0EzJaLwJwGvwXwNKC1ktKIAohyuChITLPbtt8yg==
1096,廖浩凯旋,男,440111196803266093,a4wcI6jnD8,K6&5c)$~VQ{d19&=,DW4vGM9tjEIKsq3UTxPHFZUbMUtHSAbTogRt7CMagbDMcbDKwsrhIwUGvTTV3tQFZl2M8mzan0iWAM3zNTxYRgXcsiP4bj2/nfgl2hHxQSyYWacUKUzKl6cIxwmY0TaM3gsbMOAvjg0VY36CgKp329w5dKlcn3h1RIzRmDYyIgmIH/+9v3gSR8qSlrxiXv32AmINR4DXYSOEoFDPhE+Ya9mugi23FJcOTmvK+W72jAydlvFkocO3hTO7KXpFIjs/f/lWMWThFbndFBWyHyhjbCdvCPSpFCLtIh24xlioqydx5S7wE6ONC9Zw22jM4jbVBDqrnBn3/sSwW0v6qB8Oyg==
1097,秦安娜君,女,440111200404010049,JLgDKJrUGP,:|a!AgvFpTq|,PP7BVcDBygtDbIkvrndWOWZ0GRD8BFJR2SCgwvoy2BnMO/PnRp+YgRi7mGLsGQUO3EAsXUgCLNCzYy30VZcVlQ7uYPrN13wggRd6nyh9LXCwtNEHFcfQMXhADrwwoO5pnfp5qJMj7M3rAZSHHaNISnk3YqiOcOkFdW/DgX6fERdyQFPvUCCq2Mb8W3aOnxJ9kup4gITAH6KSvwhHHS9tzi/OOgPheYU4PbEqibCtwmRNNXLI9yOdL0zICjSJXokDNA4NZaJ5HwLYvv216jlJ6dZ+F1SfIX861Tj0x6XX5zs/nTdDR1YDFx545sFaIwziHjTJj1llMjYqcX86BdSMhg==
1098,肖涵,女,44011119660118556X,b8jrl7x8M,8hxI}Aot%x`),E8PCXwqwOFoI1yEYlwUg9nRNgKhxfB0nlDCVOhZaMNo3tFLhMH65BkGshmdCPW+XV/N0We1HzcqUv+WExpZp6Fh9OSTvexwwxHRJTvcNdAw8MhRwctAuAsG1Bipfp0GBaWn3InNjSnHNViSu1xsf2Llw8+GTh1JXj9nGbuX/53fUOG2LFDYj42Wa4jIQXOd2kCsS0pbRHM07+SPwM1SDeen6YdYs2woMKXuGjnpfm2RYnF/2KUsOlvVndHbh0A9ZRA2tXlOF4mDyIeO1NiOHFfhQvaeWOhzA7AeCZewHX41udAwH0GDjYGkJMhoexL+hZHI8AKMHM8dO7KqHJ2oI8g==
1099,袁子涵信鸿,男,440111196908096051,M4qTNCkPv,PV0`ssn8n5,ewDoJflVcXuJjJg1u+t0NCrpfBAOAXiUh6KJcZTAQY/rHjYnrqJMpgJmVn+Pk68jg8UmxyHl2rxb0CMO+eC79S/hiGlUIIliVZMMwGIj74cD4xPX7q+wb3jBBMN5+VS8gpfIAVBxo7UucH6MLr2sRyfWGpBoP6l3PEkVpRmfgX2y9/6i+c/Bmws3yA3e3SFphz0GBpCk6zbRMX0nlJIPaeCV0PWIjgRouH8Fyb98gBEkYdKEH9NPLeFAUcwtonabB6WFJ63L+EYYn2KaiAu9AZqzuSJ/RrCoxwObjgo9uLyow2tjkYID6Ua5aLyr2NT1VnbemGl9Paq7ezkW7m1MLQ==
1100,钱念慈,女,440111200205157945,TxcK9CdJ,;+B!wnde9Qi,hp3KKAOyPzQZH/FWLPDFwZckk9h1uVyEZLCnQKnyFhrX1GyzZ/2gmVvy55W+A9Nb/ej+E0UEcFCSuXJ/GEWto/2LoP/2NP3IPctCw7SY1b9GIrMxFrZsTVvoz2oSvPHeuYBSJkbW+k7r9lmSZX7JtddqbEn53EIewfKJzg2rBAsSWBm2D6LlzX3cYXEmsw0hRF/WEt2SbvUyDe8kFDUsptOD+9NZXVvr+jgF02ZKgqLGFuQglmMMI+OGaOsgSFLlbhCCRCHJtQosxkaFjjnS2EwwBFThWQ2MjkN8S+3Xe2dPO7K9rC1PTonj2Glo2dwqgQrY4wuS9YWIMrHv0NiXHw==
1101,施泽博,男,440111199411301236,LGH9EKQ3LxRO,D!]gK]0&,o/EM7mstBCeB8934w240bdkQZdE0cw22JcmTyQ64E2GXCIuJCJ1M7lq89wRJ1ZKyHEYoOLw7pRc+p8MzT5ZhDq7yhjl3uVkC1kcvXosvgzP+i7xW4tGF3Gqz8Nf/1WUV47QwWzUP1hyezCc3Kjjd5eGGS9f3aMhWUlLukimnlnVyhZyFFwrhwP7D8DLA1f5ZuR37vNkcJlHg2mseiHilcMywi/7FEC5O4YmeGM6X4CX7T05k/8s9HeCUikAvErYNBjjEiUK/lDPbyhJmRdllXP9XlUBDq2qC0X1fQwVBIR/ibsBoFmk0BDcG2MyGl9eK0FTdDYvv8OkYGOWm2+weIQ==
1102,岳平,男,440111200504298094,qs3zY0Afw,xf3_C_@+9da9,qPPRQm6F+VYc5hN62ccdpGYV87bpyW+l//wH5Oi5bRGpWDCJCGDRSjvYLGjm+jCf8CUlX8XTAPoJatmtR97Wi3He9NPL7LUlBMGZTKNzTTBIXEvc/YLmngJBhF28qALMHNTc53IhBFNu3XBqL05cpMH2AmLqFunK9WtOG+o3plTmjUVSUQ5OERJn5gPc/8bxTAjXXw0+tliPTqm73d5OR2PwLZBRGPB/KzGlrCieAXmLGDpojzCFcQV8ncPYKMpRFhbXp/dsnE8uZdM7sm3SKYvGN2p1efGfa+G9paWgtAts5QLlZE1GMkqmkc7J84SVEgIzp5tRRpUu8wN8R3xXdA==
1103,邱立军伟泽,男,440111197702169950,wg2kPNsINlZ,O9_}]3v`,hS4GridenqjVW0utauiesQB+XKBHef8kQUvbsGD5zsxsFVZcisPrzdMLkq0gPlU4i77tQNnuu5vXzUJyTsNxMHE+1qy7z5SOTZcuue1MmVmih+QbfG5VfOTYVRjL3l3iFR2+N3cXTGTCRdKdP1DxwVOfwqQkqAL3VVvuu+L4n64aLKh1wa/ckn9YSONZTW3KoSRlf12UcS6xMCyMiyryG0OUxpClffMhtB4N2uEP5lHiXZzHquMYQWxIN1Qe93qRiWo9moVe5ZOY4fwdJdhNKSupZFOggqheUMW3yVwZ9eJ+zkH/AgtSbBFK32ezEPeJIjd6DrE/J3LJjWAbmBgt0g==
1104,范雅静婉如,女,440111199601104962,X9PqNZL,iuNfBOW#{[n45X,IzrBNjtcpVcef4QJaTZmdo4cpJW6trvCCatzZfq4hVuGJMhW9RbsAzw3J1Z36HZwp0iE5zaptxFwWhh9bxDUI5bdtPyyQEBzUuUjgtg5xXXRaipVoI1ufSUqkYI5OyHLPHu8a2/fyMTIgzC+A6uPjGq1BwferZ09AM2tw/e7LQuyLTkWuftTZggVrfik5DwI0bPmX+0zDxyrElkyH0eQnSffIdu5nV+HSt8EpGE8NnQRZJCLE+iKN+1LbH0bMpfqwVQOARVOBc7slKGEJbxfF6P/ZkOl5yoHiYu+Fju7kAZViX7Flgh/5jiMBZqcLOnGgInApLxIEQC7ojgL9qv1eQ==
1105,魏森峰,男,440111199111156559,xDpFkL6ms,KvY2g&*L@h91Fr,C5BqwivRWgYMqEcC5Eqd8BQB0qaiszZGfCzqVbiROI4Fcs6Clr2+mcmb5MaRMXTT9ezH0eJe2EOC3x7aosSvs/oUj66DbBMoZoJ6v9v20Hz0pG9c+c6N3eWJ8lW1bC17EUcLwtIUVMzaoJYED5YFpSBmnkC2XrrJ2aeZFiCV7Bj6PYiNyI9B7fRTEZgTSve4hAcJZ8k0UoF7KSLTEwlK5aeq59Rsq63yTnLSgbb/qHMlWqtJsYW+ieFmQzkwjYO3IMi9BaV9SbR5aPoMI+YabAN6zbkiW/tor0almATLr2kW+I09RRmiIRXqHj5XnXbb31Z4Fy5FEtLvzdyzb+4Dxg==
1106,胡丽莉,女,44011119810107888X,hnV7QLh06Xu,^<lO6F[fbCG)\k),Ee6hS91lWWpsMD4TB2f0xtH59kwokYUHHVe4A/5IZlcn7kXO74cV3ddguBmpnipfSUJRTIR9ZtPhsuxTOJafmGcMC3pZYE1R3Mdu3JX0YrWfxqv1L4Mq6zg1x3lFqkte8qhKFlnjKgm+taRPcz/CTzwM3aTi6sOUAmsj6+t/Np0xdy54xHZWAY4vXldX4awz4XZPLZGY6cWVO69WANLvlJ7iLdI2xxagZVyElYyQHiZPzyTyqcCLpMHFSyR5kl/AsbXfaQZmjVZfkM+iPYze6oAfdEXIdGsSECSe7w+G5UHW1pVtzqTWV0p6WOPj2xzO4cDcVLUElMoqAt1Vo3mXCQ==
1107,洪欣妍颖,女,440111200003205320,XhZs8WDCpoT,$J%6R+AW[*p,TzW2FAOHSEa31+cYB1gwu9aN1dhgnGwKV1mT3x5tTE2rCmR9WWei3ndEb6Hse1IKZLwFeSObE82oBmTZAhLi2LNOpMTQOz2+8uCEhqjSeIxWtqYJCDQWuseuPq8FA6QyqwsPNrTDtQh0PxOgBKptITOqEB5ThO7nZNy5JCXKZ//XrnWSuc3uUQmj2RzDRGE2MznJDo/ZzxORbvYwguG1Sfk1LoBKE7FMpxteb+D/pAJ10SEWICgOQ4kJqiLoak68o18mLLAiOjvzvUmOPwSftFbt5y2RAYx66hm2PgVn32YSVpcJ5vSalVPqKNHARQeyyr0OfchNe+7tHEANiBxQ4A==
1108,詹颖苑,女,440111197910212423,GJ0DG5,4t@hn?k3Pv=.,hZq5pe+LA9zjjGk5+X1L2eX1lBejg9YphvZ1KOS0jk4VV2RUTgH4nG/77JvHNBAAAcra5XFredKXl68pPWCAPsYjlpz6Ls993AEYet07Lw5rhBk/TSW2Z+/dboODGv1iAsYgNjefa3B2U7ll9PC/T4rNGuXU8q/deAdhzbUpozWLzXewli2buJnQo6vRujbGV7JvN3/BUXiJb311o/vDkTRggZOcwoOZgtMSDdyq87JmKj3ZjtLR3Y7k4pICdNbP+J4FeuXxcbhch/+Bx14kCArhY+LNLPqBa+4Yk2jdaSFQd18hsKrvOM3kGKaLUTXlHwBTAlTuXc0G21a07NltyA==
1109,严芷涵莎,女,440121197808194724,uwJ5vU,EY;GYsgyG%-93L,eav2BO0xtrV4FLb3PFlAloYj1YEzGn0lLg66HHjheWvsvZAaVkRpPQIl52AoyGWFdxywgwpSEu95/JYZIdQAn8rVfdM2XkR3D+v4ylRiXOQKHytRI6O0FhpvujpEBaHYnFnn0vYSztUK5rJPNy65Gjms68d7o0xJc65fb9xmgtHgDKaqLuCTco6Lm4Awz2w3v22VmPDr7kMF9qrvtJD70FzMF/S66BHnWgFlweI1Yfdla3CYCR5tTg7y0aLVmxL/o5bD5E+X7xTbzFsAkewEzIxa3O575gz7nGpub0zSDMSCeugSOfsdSnn47YQWdXRzpTZCq986KOQkKp4w5vHKsA==
1110,陶依诺,女,440111197309305426,wx3aa1exx21a,6[}jSV[:2]-Z^],W+rGRLrVgqjmYD57NUj7IjCzvdFMx1hr8+XMGVAAXCiyAuBN3u9wErbO1Za61q/yVrS1H2YGulsCAB37s3BB0tI7szLAGl4tI2gXRZYTKwlq6hAtlkgp9234Xdj0CsnhFvxh8RJjshFRKox6Mu6relIAQGHOH6cY5tENhJ4R2nHlRCwjK0SFCTSQXZXMMv/4OqDfp+FXXre9kIAXDcNCnOWZcybrnwPOdWeZRndCiQ1Q0f00IYpaG7RP4+g0cD6DJ7hxlpt2aaWIkdRyzg/e6cxh7Z4oaQvrQqiDXv6J3/FAlNZkZ/wgn+X6Kx15dINrnQZZ1e4N9P3oOeiI5k3etw==
1111,柯婉婷,女,440111199207289305,bu6fYN,0;n_tn:^<dsUH,UuCgUAKokvYRdCJ7xfHmFYuAu/F/YQSccbmkvVjTmMC/iANtjT3buqK1p437GHio0s02XMUE9f40FisG7mXPw4o5rg6ClHMTJ2pc1j0qzunKxQmZt8iB3riGdshAiw7O+b8YqU1XwjgAZbTH3k2EdDmjPXL9e1onEB1kaOYDB/VJYs/hOcp0i7+zAgAnO+I8IzzJGxNYxG8aA58rECA3EUZed/9n3DyI9IfEmFE8Yb7Bsph3xG9Y0IFnxR8J43rQ8tLl2H3ZgLxuTuvzDdcB89bBzEO47bzvfal9qM4sBOm8YQ58vouaA2fmWqYj0YfOQ7pcT7hniAOOOjDhqsO2og==
1112,顾紫薇,女,440111197212144646,0mJnsa763Hid,UD<%E&Y#iRe4Gm~~,rDKBhx2dNhsznoWw1Ft2B0W+PA33YkTFZjrPNUM3/Y4Er7lLz4jh+9sEUFVtN9Eut1fcToMR7iv12/e9vYCZBviKB7Kx2gb0c6XQigxx5/7uZF1ASOZ+iRY10TvCl+J4gMPYCZbpUvKin4C3uwwMT/1Z5WZvLS6uRAQD2bXy6mm0xXLWQ/Xa/254zM35at3a/9J29zGrhmGiOsr9Q+nyPnYBdDxt/GQMQCCIy/YPAVOc88hc8CaoWxaMDWJ6wCtZ4i85gtE/r3Q/Y43FKaxZH3gsgzrb9jyWELYy8imHRKbLtu9C/KSo5YFvpAnutPhO1bxCsPYtaz4PW9VGyx/syg==
1113,梅睿,男,440111197405106814,L8c4CoS,N&7)B;7UiJ#kU5,MzbDGuy/SX/o9Tdu1yDZmuS20xz0b/woJdTkSqAPQnaQgcR3lpzHwTYgoAUPXHME7EhMYEuortCxpaxnmEMuiv88lBdVB4CcCNmlIfw6mN2yn/+idCZiuxEfgSHiZAg3++QfQX3vk1/IupVMCkBGBqlQd8zw+8mxdfrCMYDzQDuUdI9Z/q7/ezT9/amPnLGTYYHn577zD/l4VSY9ROLnZqOMSAthimPz1xKIWuxVV46sX6qw/PldgXN/mN6ZIKbwjOoSQOekITFcVEy0JGJ5JHCTgD9kWMA2Q6LamTWh931gW7XvzDtUF2fcLgQptZyvsxIMuRExPqp0GEZUcjubcA==
1114,石美玲,女,440111198703149569,TmUgHgLr,8E|t(geI0mGub,Ytty96MJxTdStVBpkjFnkfJxJ9zKjqDWAa6KHA5GIEy2GRG0Sf3okhEjHwJ6VpND+9S4eLk52GGvNMauotzYrtQ0b4CF8ciMh8aDGgilF/e6V+/BUHAnW+jqW52u0/uZz6UJ8dJCP+pqgcaajDkUcPhkvUFaivpMonPmaTp7TwE0zDwK+HLxP7a6jCEpcslA0KcFBtfys1uNEQUSd86BfiT1KMrGzXobZiqNPPIlacedtrJC6GILFC3nGx8VM/2hhw2E4T5Xfn1YEm1NZlHIS9DJgDIOcvlZJt9ujShTgttJDgNnbP1tnURUQZnW++DSo/IeAZEZRUSV3s5JLZLedA==
1115,邢嘉伦德明,男,440111198602232339,tWtFMM%,YaD5X=7gLCE$F[)|,Z3So4FT3SqhzvhopGrZ6eXFTHvXY99qILh48npGuVvkg9xG8uadr0gptGZmS3V0cbKnC7cW/7qFTxeqOUym9MAleQAIbOmIUoSZNjymjZSbFLYQIxlsYNCfLEFJbHkefFkYkQAqsn7p1OwG55AWSJUk7Afifu7D+IV9tOTnQHeHnyWg2PYr8u42BcSeWgU0dLsI4BaZQoxaRiwTEGOayki5LYPO7OhGPDllQhfC38TuM3OT+9aVd0QP7F1nDbfjCto38HZpUjjcEJi4lrDIvgA0OPcj95lfAQbRINE52MDw5aeVTnDciy35VEAf89AGtzLlKzSjYayIe5Y8WJKr4ag==
1116,杨琼,女,440111198103309848,wZ74oM,M07>:Yp^T!yRvjf,eny/bvu0WzKM6VjvSvHzB68NACcc59xjV0OJPx3JT+Kkem9GpWb0JgNUwV1W0W7SSrnF1mOSu6yVSAGMLvWnXAn869h0nExOHnJmMsbKreWc0Oppjykhc5LNuhx+wa8C/7dA2s44EgkoMuI2WJtJlVnQ996TB9lPJp0JMRvpAAXeLEsygkkNz1IgYipzSNGj+K0rmsiz6Atc20V/taxyrVEVcDjBLjVksARw0OUplMiKLRlvPtoUl2d1+KhuNu3RlSiDvKmN5IF3vN1sb6X2g0US260DqzXyC2PipgY6r9jn9c2a+iXob9GxLOyankUZ5S3yzmzxvnDiY63dhhXEww==
1117,侯鹏飞宇,男,44011119790303629X,U1mxrU0iI,_~R;</I0x%*]jrTA,Ip5j3WukG7y5nPvK6zJZ6Uyig6j19RHllo1Ai+OHvu0MKISpKh6kCV4PQlJI1vYYmr3vSYsqgKvC4F+hzBBzTbDX509Be83orr8Z5MVUdSZSC//ErupmjkrVARkSNMOeuXIycLREYevC4x5ABqpCPn0+gDB2d3CXhXR/AW0rxnsI8+ssuW/62ramdqJPwa1MHr3j9vEXHMcz3YOt01to2b1DIcqTw/N0/iYvl+tjmpWgPz+o+q8iWkwKdkkl02axydmkTR6JQ0YGpl3RzSwldO68rZ6i3dBZ8mEb92FeQdxY1VG5roGq8oU9yakgqMB1VI0aZ9xAiCseAveim0OlCw==
1118,孟英杰,男,440111199104055995,Am4oN2,R7e.-CcF!j(_n$W,gfSY5uEtvDv4KCW/53kdCt62RNCZUpByykQ/UCPyAVZBkuUZbWj7eCjvYGkivU61qNAsyHjNLBJL+ELiF4bdMf45rkoEbVgLFFPko6M8yBKfL59lpWT1PISnnUBqpag3lP6agJwKr9DE6EeOLPaZ+QYVhpOAK+avwUHhqOMEDFw421rQZiwJw4TCfNHfIVoOzgTI7/+9rjTbM3VYLorqllOahHgZATNrtponWc9lLjhE7P8lj0KYZ1D0NEFCl6eM1HgOZgzva8yjQvpbeMSt4+A2QucaTMYlm4svvVf29kCMMH/0dyAeQKYgpt76UhSVQXjsA7glwQDIXX0UUe/Arg==
1119,王涛天宇,男,440111199905202174,d5P2gSnqYu1i,lBxuX{l|,I0AM1SlMm4hdO8AtsXL7Hnlm/SV9IOcim1TpKYbZhkJwzL5v2/okaUcikmMM52Om2c87za/euZ1mONzctIG+PEB+ylD/dWMuoup9/QF/elOmBaLrPW8QbEkqBimwzJeabt1jTgV9oMSAdZupQ9FDCr5LpenWlUhiD79UemrwHcxjQ4L3AK3z/TT2NL6LEiF2p0R1Yed5vxjL080iOEBKt71zKvU26vC6ZHY/e6FYWt2smQrHL9Y2vtj6QBHtbuIp9KwsOeAJziSw7kvrxHP6JWjO/L6bopM6zQbjePn3DEb9xF0tJCIoUQW7EYQ8WDS9WuP6/a7n40aRzHvguL4IjQ==
1120,白莎蕊,女,440111199001208848,kmrHEV5i9j,%->;3r|Wyn,Klf5nbSZSmI/l/BaKwNA05IwgMAV59UULq1HaUmG+2ZFgmQ5AwER9/ZSQ+ZPAHdKZbc2BaT8tyuGnSeOdD/Ti9ELd1WmxkQMev1a0ux/1Pg8yrdLRCk/+W3PJEe7+DoKeeDqJsJ9A8o47PUnir0UA4cORZjHJTKm0Xrqz7NjsXkm1DH+OIPHwwWz9cCwTTdN8cki3BkHY53mXu7uMxqwkALSSfbswzaApcyZ7kGouzxnHN7lKgXmNnatOGPki8zrLlD/y8/0qnHHA8kzz8KI63ZxpyJFn1rXaGWsaEQBrLpDuiE0yHawVM+C3xrlFjHznZK76Hbf0w6i81LSYO7m8Q==
1121,曾浩宇,男,440111199204075272,i7bOBcLH,m-~<uC2V:,eGLPW8bVIEFf5ACTkKYKwDu+SKset7iLYpdc2mYA8ntzlEnwdUuW/0GXXlnLiF6pskCsxXyCZwXZSD+EB2CDm3WSe7NVgSQUV5g3eoG/SOIjGziU/O+0xfGJkOR6zzYpAkx016MisbQiC5CsOeAbRxaiNSlDqs3UxU5WjRn58J7FXLrX3eZFlQvzL1/T/efmomegHaLnZCZzTWpFBpDq/92kmRvJ+zWyKJISS5hGU2cZVBF16kciNUQ0D/Oc99mmbf/h9jJpTHnH3MJcgnlBUxL8E/3ejnYizi6F/YQHgR03mmW+qQXihxCQtrWb+qLGUITbmgqnbW5T0qTRXzzYvw==
1122,王向阳,男,440111199111154174,sSIBpP,@YB&%=4S,GSScbnFaYH107bkO9wle31hK5f+EOUrFDF7rE2UZ8vtTTJDAGyhjMwPmh9G6FqyxoXH9v8/el9cpKm9Ie9vKQ8a1Ti84K3153F0pJ+Nmq8DcBvWcbZYrIIUNBO/N6Oeg0Rm6VWe1++iX5e93PT7/P7RoUNeG+v4COUo3SEIKc78M9VAqfkbFJ9lafHWo6XK+5i4OHL6JWNS/qvQmu8PK50nz8r7/AZaOgxRFmTxWuaay8Wbs2fyoAPI9ab0VwYinoEvbGM4z1zLvaENfmw2V7yZcZvklG3ZthElJdjb5+LImMfony9viNf8H8rkgHERJi4sS8r1ssCDXK5lap2jx1A==
1123,金河嘉豪,男,440111200007085717,ZFHfZXnyyZhC,f&c&S{k`!!!X}>,c5OHkMtMwLV1mvQcrYLDCkfrRFkoMoFrU3v6aGQ/NxqDJgN/T8AL3kcBv2PIOlsg15IVsM1U6hw0i6CMcLcVz0jWFmI2aW9OdbU3Ji7FVh53yQpjkBEP0FvJs0+t0u6bVTvuJpg5HEiq2Dxfr/aKb67Vafc2gAyZ+x0N15AX7mnkfI9Osi+dlfPAYebBkalEwl5kJc5kCyKFm+PcAbzbDO1OfVHG9nN3L0dKg8KPjmGNFl4ffo4orEU5JvxstTIbJwjai+v5WO4pT8rNYHtaz4JxAAkHaFjdsBRCoXqE2A1mTEnr4nZPZayVo2n292ow0L+e+wR7Fq4qX5+nNQqQwQ==
1124,郑建平,男,44011120061030921X,Og38At,/5@})q-<!W:,AjkSLk1JTHlDfCkGle7RPwjpS53hH5a0ew+Xis2BqClZh8XpbV7MLdlEjXAW2X5Gh2veO9PUZzez0kA4ntzEkE1LqMqBLHrNwJMosSBpM9UlMcYRZrkkPhWD2xxrt5Efu32rdz2E2/ex6MER1bNIdYh9LiTLkeQu45XCi5ignXuwbDsqR9mbEhUq0csOgGgjbeFlPdcQBHhTvjZOIuDJLjh7PecW9lR2BBGhYUg2MlKi6cJflCdUpXEbVN9ub0QGY1UNUmoAYbr3IH3UyNI951nihe7culOBV1ig/of+sz8bWKO/VBII0IKzFZato3AFdr27lp3mqT1PmAZbZolr7A==
1125,时茜雅雯,女,440111199312306664,mF8yqt8,\@Zc)=&8c,jwkc8OSOZhRKjRAEY0BTCORX+5ogc6BpRB//bjukgpLF5oAHHa+qBaph/zLd/DQ7l2efmHrm63jraGc/ORnX3JbsS6p4aKtwrYVgQtQ2Hla2BbM+1efsWnY2MPi4VjU0VMFyGKzx1kT8qzRoVly4QhL5R1SYcfw62O0gD/RFxrxMYT6qvzlSKMD/9zPuZdNk3YwDfc/muDq7KZ/PznauNYEdK4YWZ+a2WqPr/PwcJOvl359CdbaVbpHEksnftUHHt7rpwMcj2BuL6/0BTN1FMxpyOq9a3yyc0wSY7ZbDtIhk6d6kjCEM4PoSWtP4BUcrqma+7mDR2UktHFyDWPpNbA==
1126,秦德明,男,440111197805269137,DIPOC0,Qvz#~@LEC*A,gMIs5xazPtySkIr4B7JTijYGEaRJGv661BOgLJGtNQbtp/b8tKOQ0flHBlBOPJXJb1jPgogOMEuhBC6Ph41Q+EIs8opf1OrmdnnDYtbAVDdjC2NF+6wO7jH7JgSAbTqCqUOFmhwKl9bkAWfeAJqgf602wjIKZRxbpSIPNrjWVAUAbxEVOJv9+88eaN1isn+N8VQnd39+hM68NlkeMXIr3ik4FnCbjQ4taYtmYxwoREjNVFr1k7xEyBP5hTWyRh2CG4JwdEV6XIji272+uwqcMzid14M3cVmxOFLaCy4RW3Y1mc5jYRLoZGwv6d/7V2cdf71E4r54KW9FMmr/fmSaTQ==
1127,贺诗语芸萱,女,440111200610266547,uPzcrCpnF0,]fqZi6BRv_8=Hp,PS+/a4HHZw1nDgpIjTvxHlNO9TFoZN38eVGeV+vJNwmrvRxbkX5r7WMlp89BhxZBMbeikdht1NYG2GVS7CQOTY+HfAVinDQm6gQ+MTTqF7Kloqa0M3BKZVvx8hMlo794yrfGK6Ud955j1m2daUQs1sQnNMK2TXeT/8Q2+z8A2i/mslWLeTxR9tSCE1JK56BFfPylqLuaCooMo7QyAKaoSl9szGXuy4dNM+Xnky3Fo9TtTxCBqkrIZmNM+Ky0phlxIh7f5ZCfrF3gi8iZb6WjWs4MGcfyhnCnmmmD0GkCxdmW0z424RVRTpJFYwHt9r2IrAm2m+UGYf72S7x1JqVW4w==
1128,金梦洁梦,女,440111196908216180,xOCqz43XL0,8qxE3&tvthPd,bSQvR8nGjageEji5BlCWqDagtgj47LFn2+ngLMKR4sZWpjpjYlNpdr5YjzQeyXSNytQDzv+yT0W718nrxRW6GYJUgpeNX/utcGeOHrTTuIZyol79fCcH3vwsWR5MUJwejBPsj+Rw7gq6BniMAL9Qew2uUlu5XnNk2JTFoStTw8ALr2yXUBe0WhdxOUxbqd7CTrpBBND1AeDcoeoeotgNRiJaKsmWYA/i+I2cLbQ/9tDWyR7Xk4yPNhLQsmMy7mixVWtdmoQoPrqU5YsVNbkn4jxJH+jfLaCptEz6WLoWVCZ16vb4I72dJkkYdkxyFtXCeQS8+Ff1SYkGKQAr+dmmJA==
1129,严珊珊,女,440111196606118622,B2xNpwhu,B*j/[bnZBp&,NIxTsMxgPqwWllgsd1ywM0mxl62nOjxOO5oMTbraks9+p/l5Ok34RehHEb6FaK37BrUv9Wsyns09QP4w9Eo4z5rS3JIxhKT8QILBQhsN/Sfp0JUixEluJ1EdsOk8NqfWtw4kZicfZhTaVj6/DURKoamf2KcLOv1ZuhLA+kSMHHYywSuSlj9I7riAyG24rH95oFXXKqjsA1/msfXmJ2bbtmHNUezYSnnMCog7sSUnQTRcpUNX3pyvFhG4RmAfTiL/py6XvqlcdXeE+dxqDp7xF8tJ5Hz7qfk6xlv1JwaUP7Oe+yzrN283Qwyak2Jj12HHsWXcGP6AFsVp85YCVn0HTA==
1130,聂静,女,440111197906219489,TuW9xfaWcjg1,B;E9;Od$5S=s,OYyruGq9voN9lMh+drx29kPUwJWkzDrxn85cip4s3ozwc8kI6tO1rH9JzYuMZLPF2QXeUoEMnGNaXAJrDFcTDS4lPrC6d6L9DgepZsYAIpFP3k/9/xNlXP+Qg39Q9ga3HKQg4MpO5ltlC6IQ+PbPX/aboILyf6k8wdbLXNTs1y+94jbZ8NMchL9/3q3M5Y161UPZSB1NSTScNs0s+KNhBrvIhkgp42N/xqHRrb1mOWK0Cb9Zc44H9Wl5Fw9V+fuQylLoQIr35xOPrgbgV5j/mA2qXZfZechDrT/93FXGwLrJ2ayvpjt6lGcndtNki98Ss4M5Wsu34qOCdU39rZiOCQ==
1131,魏舒畅兰馨,女,44011119891126924X,qfiJFM,bX7&@q$nw4%QF,wifeN36gSUEjltH2oIMm1LZdbzmNf+BNYmoX4kCMUKNksnhhMizhlpG+UYnMZ4nwGNrUHpKAzSv1LQtkPv+nken8sKnIxOGdWSJ6Lc18gRJzE+G5cFFwWGrW2elVUOLNGLA9hHx1wbNUhIA7Z6pZpcKad8l+zXnIVJ4bC3xW8upNwu4pvXZJXlgUvt25DRJv2dvLAN6vLM/2OnP9aPTSqxA2wOumrzXUKJtJyT2rR6sOrQh+nVuwAMsfRSZYvo62GHOw99mplZgMHkOsUeRYuRj2WdAxClKuQuTogLKUGUvRpBA5IgRPPa9fFOk7xxuCxDDSkVn6WupDrpzPzsZcCw==
1132,姜雨欣曼妮,女,440111197908108360,rtwAh7,n7L9v\ziD=,ZH58Wg7KfTvh5eIaF4cc2C+NBR7p8yzF8wuM7x+OUzK6dC3eJR29jQNOMah5rmp9f1R7ZvOhc7XhakYGxLBaLyYesNN1AWuNxuS0I6bXcKCV2rvXX3UArS/cWbQscNeA0JhFF8A1YSz1wPBGI6yfV+RHO9rwT+fc3W0jAcFtXfCUoQBkqzHviqN5lqhwyO56H65fpvCO/3ebTc8KTa5mAgX5vLqSIIKll2Mb6pv77qTuIi7viUow26mZZ35neAR3Y+V15QbkmgxVC5+RYAifSMBNRw1APl65qqdpjyQ4i/z51d5mXU69aHY+IblHgNmJoaWLDmydWTnbj/oTFxQQ1Q==
1133,欧芳露,女,440111199011096165,sz9whGPWjzup,F]zO6PU+t%RYaUO,SGXUbSSNvjWYG6FeJuB4Qli+bbHYMJthYB33/vq39/CvvbN/ljR48RhBxHyZMNPGuBQJCwyA85aGhQA7QoSonwHXLeNc4I3NbbWAN/KecXTEA+tVC95+Y2B/iIgofCdZmxeqsbwQznAZzg8MKyOQq7vJUtFan+CRjeUBdEnppGoyBiemnocsy62GxOCHSFTUUsj1BUemkXFXuZAvHwcMTDM2vlfyQFmWfXrEl7EmnmYOh4gNoOEgQeZPpHCDPjsVnIjt/3iqt8yMlnC9v66uI1+1AzsgTBJPeuQZZwKmwLHZaGYQRkV6I/jdvJ3v5DdfUKb+/rV/gaANwwn7W14HTg==
1134,金强升荣,男,440111199003235639,brkMEd,sLSi[<}_&9fz,o8DDHjLiKeZDqAza+AUktBQgS28Y94iaOuHoQeTtRHdLqFHE6WZLiogE5MiHPcMGgvycOfSWvsZ/VLKAw5IdWNnWz0sKDhzkm8DkU2CbQPCjfoQhL/TaQMyDbMIxAJ2riSa3gLmh6Npa6PmuJp+8scfOBDeq9Zap0fytpb0VYZ2IseWr38G9k2jiDQJ3eJlX4wJsBXIHQwJuxRb+jREZAMreorIyg0N3bSv5Yx7xvGmknb3P7Sd/azCZ7YXR0F5A2kA8Gq2rht1vwc9zy1aqMEAoArSZTy8dn+A+3MSzwXM0821jEIOY8DLnXB1VK3Hd8A8GA7MqnTlVl2cMwjAETA==
1135,葛刚毅,男,440111196607200513,aoIfpLMfI,{<bl(K0p}Tp=]jK6,gjxzW3kBWA6hrL6VhrhPj0j/eKO9ticm4FV0Nqr0Ke/ciZ1zWOz/wakGrlsiELqY+nlz0ipn/JPf28NEnqJQ3834mdJXJi+3Ve4YPlszo1uKF3FrkDJh6ZugpoZ4b3HMSiUjNKRZeJ282NYgyhj/juTmNjNG1quELC9/d9AsWEb7gQzzlNz1JjqdbC4dRznhphrHK2f80/p+GgXS0E1vIS745cUW9Ne0Hcz/c0HD+5W6mSXvEW3aP1BVBepVkZEfgDTy7iYb4Z/GOvasYLmn4QSR2ex1x5w62jGSpB5ypi/8TsTEk2vb82O3GsuT4ZmQdJwdfbGLlDFA9dW8CwCHBQ==
1136,时昌盛泽,男,440111199505017156,znqOPhR,GC$y]uO`cC1,SSu8mCynoi2/6acUxIm28LAtOA/wooIco5I2pjTSAMvjNeLHgQdV1zHun/Et43YzG5a3rGURxozcPF4GCrK+nfA3HcdoVU0cUJwpm9EythKx4bTAiZ/HwQBnpBQ1BnUCp5Xvc8fBYkLCktXOGx9QlqnJjc2t0e9JUv4243DpIn0cCRnejrRWGS7URpZ9UXXQqnAVrimRaF4NYOTCdv7VkOtBrPWoDu3dhIxl5u+oYNW6oEb1ED8uPmfng7RiKYl8+NBVpAATjvP5HNbNV2dmGOrn/YnJ43tl8YTu+fpSQsi5VPjnPXTZPA8Q28VAuFuZ84xRjpXJcf+RYt/JOg4Dew==
1137,徐晨宁静,男,440111197606015417,ilBKqXFAgJA6,p]0RmbWKTl/,Fn7x1PzEKLT1Rt8ABcaJ9TZ13dM1JfHzwrx+VZDKYcuXedKWpvVOrQLRIF81VZBVCrKFxvm9LTFBdfphrxRJwZTJHimCE/D47cMNesVP6cdR8GrJwtO1gUZjC32ZFfJ86+j8uizc0cNR6uIxXvIPiRSBrRdafI3MqO9X8mp4duPCzyCTlk62Lik6z9wmojLf+JQ3cUkNb4mT2eXH5+hDfjBv/dHZOtsp5ML/w1uH/rL/o6CIpvg5Bj1Ubx4VcpPgsjsQa1VcMYKntZHbhyyhC0l0SLbdMisfJz7eU9hOKa4XE1xJ+6g74RbbZeNBzS/rNeBxXss3w6vID2Zv3veIdQ==
1138,韦森晓峰,男,440111197507013811,qBvcxdL42,Yb^8^txYrRv,xIKleGHUHvShAu+z7jE5i9tXU50apjzJ/pmiGmBHqDWaNYYZMwSAIxK2CursFz9sJ3t7+O7tnbivTxamGGcl+I7sXArUXvv+ZO2mMnDpmBcCwarcPkC1FtVk6lZr34YrZyVn0kAbXdrqdIfKsPO+HDSW97T0stjt088q9l70W3M2JF7ct1olJvFf2VFOAUkIbSToG2P5wJnNh4dWZ+sh2vgnalHUqCUtY6wFA+iAosfKx40LtNeMaBb5YmTVowghTM0VXDeh8EowWQk5qRkktlkospx8besQcV/hNbET9I3HO4w6rSHT7i0LyaidRFLUD6Pv2uxnxvQzlv8cPVycSA==
1139,陈同和,男,440111196608205316,qQx5Cgdp3Y,r0d|f=3nlY,UDWEE48/7y79kXVggbVm1K9LElrWOfrJ/doxTF3S3GOoBgdJ9zcF+T1YaAzIRBOc9KYzLhWoCviULLo3QV6o0b8RGAJD4nPXD5J22Qq3cAvzwtqNDIiarMm8YTxAnQnk6HNvI4f8qEb+me2oIP66WsNeOukmIPjJbCSIBwX/L2CyM2qVc2EB5+kWVTZE619F/YIpROUXAWUobC8zvNrLY05EKNN40XVPSgA6FOdSzqYxcWxTMBDedr0yQzSDbETSx9HfgWrPRqReWRpf2sWm1Yi/3Qfb9Dy51fTPsgKsVqqAwme7cFKKU6BdoyBkA71HFgbYLeQat9UNB3G+yjfQBg==
1140,高秀,女,440111199411241069,qRmDBu5HR99,hWSB|LLp,aUp1Vb90JpiFAqiKuvcOVG8ZAFU8uJQa0/9onZawfV11SPUpWlo4VuA4rhBh6TuRg+pigUVb3QNwPWs3Ikto7AI0h5XHbPFU6nZ8FtODlTcaasFM98S9YDu0tfqOeSXdN0bxoxEt61Ha85M4mil3GCPwPRaVP4o/KpA7qnzwsVIJ7OlA7mSoLc2ccu/OD3ra2ttKgqIsPTJAxxLb0UMhjdEJnmfq17u8JQtkRL1/3rGndHzkB6P2yFBtrO8eRUEmEqQPH6ghJCtWiu2+cBZSlXJy3rHSBwAnfb8ObRYIngT+b+UROSQLlPFq4pulqYpy4RNhiq07fWxtXREF0dEvGQ==
1141,邓馨,女,440111199203192362,BNoXF0,xWu9l?AU>-0INA,eeg202BD4tXFaY9OkcPy6dAcFO5p3yAhfvzyu6s0EupzmVegUrjOSU4gB8mAMhaZpUesCyMP7KiZF+WAP3kzUUp0Sj3QT/VadYPXLYdgx+WAUyy6fAx8BtSQVaeZB2prIoWcAvktyo6W9LlUyQ6KXI4XoxOT9cjwqcZW/HfHQRvzeHboZ7/xrlsRbF+sJ7dWsRgjISzpeOFdcCAByDA+46CmqfC5BJfDNzB7mJZc6vYN3gC1qgfr4+ILbqP1uGzmItjN9lrgf9dyQQI4wI6jkg7wZ+GfUNC3a+7gRvSFA5ixmJ9u31o1PR8RWiG7CA3w0ITjOR6ZaqQLzH6ZzlEpAw==
1142,崔元嘉,男,44011119880412829X,acjmZ2kyCos,|>Vybkj^\>lH<Uql,YZ2RdZRP1NpaooNWldAuMMk+4v4ome3lRjszkghJJaNMFvcUyte8aJ7Vhtze2uTdtpnMUnncPK/fQxtPB5qkLoiHXSWHqGcaWCCwEFe61NrospjhlB9cuSJpIpaFVr6AR8uQLIDOQNhE9Lzr442ANJ7sP9HH5TMhPeb50BSNE2uiVoVGXj+c+DfqWbyAfdGy9jSM5H2KDMpfzOPJ6K5GFm6I0wsUyauQqhXIMiXZKiy+YWAae5P64KNFoIbMrXbcMrc6qttsvkEZY6e1bdZumxtjLQDRLws7bRpgf4deqH7MnMZF0L3dFYpNow+p7+ABFoRlK61mfuTQ/4Pjh5oruw==
1143,李明哲,男,440111198101283314,znXC2bU3,`6Z@A_h2;7)Qy|P,mrQ77qhdlu/bVRv7y1h/oeq9AgisSIUgQDpV9zOO4CZCdY9begAD43ONZYfkDD5M7tjTUmjQnfhaVu+68VShg9IUA0snkWev3asnsAikvyHNUduJGB30BbC/pLn8J4f95Wm3DdvZaunBiXzvYKApttZb24lrP0abis7xuqPl3F0O7vFQ+1woQgInLvg20oQ1n4xXTtBByaA2T+he8ldWPDVdL/Y5U1nak5ghfZe90k6l5kze0KXTKXkwlWM+mYYLP5hqP5KiCBEjSzicAvtsycd2XvVwXIHz4NRbhn5Kh9/JyBWoe5jKwt5GOmfWe9q2OgAvQ+5xuM9ZylEQmD/ytw==
1144,郑金,男,440111198202096833,IxnFes,5.<ynEo4Z,YZDfkplIpL0qKH6gZMQuVR+BKqGhirc5fM33dVeXe7af4nkIQg8b9jmpYpjwTlWDKWs6bU9lBw2itY8kTLSblFXWV0FctVW3wRoGUlsm6cr7Etroi8uGRxnmV22mQPxWyeNp0lZYn97lmbZIvmuyce4Mnu94S54OS8glSXXYifJfZKnEFyoFwjNX6iYNrnxM94uCZeI53gOykHV4bxDYYHdN8HjcPCbCj6bMUbWcSHBk2rWq8JBAFHRYuLpvdeFfw6l0QlpgB2uh8qpDYXwDil10ZW50MOCxxWoR53eVib+DDCaqyXks8nwJUVyN4n5DPTvl0ZYDLIul4GYzr19baw==
1145,樊梦,女,440111198705145705,fd13Zpcg,[G0k:DwL0WabVN,LqwbBpBlM0C14pQw+hICNG2NbbyRzBMQdFjG32MgwX/rBrDrrpNKKUvJw4u2qWkW823FFPINQmfORgsLySjDxSEn5asR1feSWFfxM6h0w+Ugn2MmPChgArAFrKJ6b2Yq2eLF1dvW2HMbw+rqlmm5MYZ5mEMSOwo+8LrCwLKhjCmmvxQ6OoEr+4qhAU92gi0+R5GzMxL0259dApvyyfmsTV7WYVo93TagsM4nY5O1WZmjAlTyh1b9x3GYq1qf80JnKTmIF1fgismgDQp+XKxt+fEs8NK4XzmFzsGDUS2GMYZaLqvye+HjG9E1Mn8v394GAbXYs7WYK15v8IbQwm5KIg==
1146,屈向阳,男,440111196703040038,UOxCOxqxC5x,U\Eg6W.Zr^)1V,GClkf1mtYBg2q76EgIOiAbnX9zz3ffBHJMUfFkIOPH7aH0fmOR8u7sFBXsrCgOcaGs7iiMqMs5upzG66wt1w4l7AJjW1vGh342d39E20Kl+pgoeoSJxndpAbwUCpIDTdccfpt4uc8OvwfG2Y4gB3I47fN1D12bmvRSfRClybYB0En6J4h2RTeHT03Nl/csy3Xpx70nHxJbMbY3EMlkWZ9niwd5tHSJ7xkLAUG7zDwkwF7wKrkJHa46DJBSqVHvO/zSac3qbBfNKvvfTdk5lZMQ8wNdeeAaXb4heDirXDvm7k48gAnQGmY055biJ0I6GIVpDKj7K2o+yavdV+U6I5mA==
1147,肖依诺,女,440111197511146561,bveBwSs,S;Ol~qGAqp+@E,f/52E40R4JBneR0GtRRLVtke+BVjQ5NFkxxlL9iyzS3bhBun1fpjiZXd6G/of6TiN/YbQqV0M1dBKmcVrqKltnJ2ZU+dvLDCykkfhYW5A5koc8PtXRJhKXrjnMv6nV1kQNm78Gq0hj+UopMMFNd3815gzHQ65TxOJONpxQDDQW2ziFe8E7/TAbYvHjRW5E/xglBJcjDiuJenUVpTvz0Pz/+7L5KxZJZBSCffavv0+nTP2xth8wCEpcovEZMaAZ5qjLJVu7Qz3GJwAabVYW+1DvISS3CgIfoPTdG5dKA+pLC+jQv/t/9HloHUBZZ5XzJrbCbMF126Pzsaumf1L+jicg==
1148,屈彩云雨涵,女,440111200505117267,hiADqhhgx,z/#AN=N%$,FJJtDWx5wTSVoX2156CiaIH9UXrhezjK0512QQ2SFUFJ/260kLS6zDVpK1MhV/YcHEXhVufrv+xxN73CfF3grFfS0wcmh5YlkXvc4e+UAL7UtH3DxTkZpGXMkPFqwwtQI0PMe6WFbrIJdg1gexBR4IMod9GTCMNTDTPq82YmHTAKFTFj8UJbS8q/pdKgGSueksHTqEkDO7M6lXBMJc7fIDaOIx4wKDIIR6E9eczmokXAcdpk8WZnPft4N1F9bRTVnkMROzKvm2/Yd1NcgvdgMjwmcpSlEOh1qnxYZ7Hhwm1fpWn43LUpnuo+WjeiDwxZQOJA1RofVvAvOMO7jJPdfA==
1149,车瑞雪,女,44011120010725088X,X5yBVzuCx,MQDZH>u;,dbMd3GYakkOgwcUApIHYmGbnWwWWFOfX1xsGmCIDpymqYyEbkc59sY4YSs2GGvQx5AETuVuLr3pLDfjjSk1eD/iqyUO3M9uY+ZE10H4RMBqtYV6rybvHfNeFHV4HJrhtp7sXcQ3SWY3rEwMsoxxT4v1QLhEt3Ba94cz/jjMTnQOKymy3i4opxo9FF6Jrf37kOjNOW3TpyaQMwgndv1C0cvwVcFaWXqQnF4c6okaPUiB4LQfdYX0JojRWkhf2HwE9bmDkj0lJK0cFyNx3jhoOKKWBOzejASHHo9cZFPD+Ha/bYYpdX+WukvbvZfSAXV8nr01Pb8s8J7/qnLhXa4v0qg==
1150,赵融,女,440111196706242380,eMkDE7nA,BGMItc9*3>L}fKs],cA25Uwn7pVh3BEQ1i907CLThAzfk5urqLDio218dxIcYpVp/WbQaGfq4FT22yzLBUcEnQF0sRJeAuufZEE+NA4fvoXCU9s9Ot7vXpmhze9n1L/95ioTg0y/Hwl2dAm9hQX+/OUJ1EatKOP2/hOdv3qi8dYbDfc3RLzQMiLyjsITp+cwUS8vlvx/vNH3JxEKygwUNqDjdogIs+zT0rfpw0DrzZB5NRsDhWv6AizkF7EWFPbEHjjcQgfwQVT+OikqFseie+cZfGdaxexR7dgXA/+hOe+LqAO/39PkmD5FnWyM1GR9jGRc/TbJuGaD3fYdQgQWjUKMOXAcsRHcC1ceO3w==
1151,姚欣,女,440111199006262042,M8ksyylx72g1,(B@%8oiogU?3?:,Cp4HyzcVExceAdpLKM6owMEy6Jxchks6fhYnZh9PhPTgHlFowdF1U1C18/UMKsO8pmx8ILR8LLmchYkQ6Q/fvQhR6kyLhgKY6tsxO/0tIHVVhrjOB8WdYW5sz6NNeIlmkj/drMfv+DiNtzgWOVihBAsHCBEshCmoHuT30Va9v9FPUzNWQpy0PxlHGi8zEtwYcR3nwriVL+JoeZa4YdlOKqdeT7ArurbX93SqMT58awkbHUHHDeuM+uVhqcz3ZNbKOj7g3hhVBtVw3/+cxrZVtMy3YWGDYf3+bfK5/6nLubOkbeeL1navQdTUAqDLX2cmgUmt/AF0qGbvbaGkE87E8w==
1152,杜航,男,44011119890523637X,LEpjwoMss1p0,T6Yj5.v)t<WC{rv,YMmHwl0y0cL0QboI4ktd6wJxlmwl+cMFfh8V2DArRLPLjhyjuY9ThxQ8AyX5zNyOSivDWSEry5N+7QFBpTisTohQVnNZePPuP5p+JjkrQuHMNccHTz9u9/Q93coaSa5YpZZgwH9Cjh+v/wb2gOvIg8R8v31RT1W70uH6vzjKJhZPJfuLChh9o9aVYwZzRHQIhfbxlfxe4uYni13ZgldnGAwApP78isiIt/5hm5myb4NWI7VUXAtC+LjDQP3mSiVREcWuKdEAgq5o8hKhuRkMFwe+iGutdeDIN7EoD8ZjKu+zOdThA+In7ptvZpPc4gN1RbPS2o6QfDQxCol0qPyKoQ==
1153,陆蓓,女,440111198005027986,XEnjUd,}{MhH==r!<,XjUYS9n58WwuxBs5PEwb0TV+46AV+huNEXq6wwuN1xQqtytKPK3JZzHjD1hUIZYE3WGV4K4W8TFVrl/cgEt2MaL/4QueEiWIK8bWd1jhVaDJ2zCoCcIrqsawnivOVeGYy6mJbsXCyBbO/Efpyy9BHOmtlQ5o30/Dkci6XqFzCrI3LqUhEq9HIJaxzFLNSmU10w/+2eolm8XuHqjJ7q8+hYw0Z5MuXClJv/DndMfieNzYmdiCatH+XulRYe7hbmajAk8KrP6BfqgGcSwAXhqj8tmSffNXx0SApv1uAwVzLWkqFniYyv0fDRBsp4Hdk+10enN8Gt+EzCgbsU/zrK/3qA==
1154,秦舒畅梦洁,女,44011120041214774X,qtxyZCV,{{$o4>Nkml?m]9,EqsSvW6VbfEN4/8ZEVKT76vTTO85oea2YcV+OXSotFUEWXAxTEXPYBNFiLHZa/r1WQ+Ub3HuzQmTt7KwDGULLUbPrM0IPnCV4Lb1cH6eZbifS4Dc0hye4klWS+2hBOWE3FmCp2+w7JiMSgK+YFSCsqQwmDVZxDBig2IR5g39vTHx3FdM6xsEY/BQYFel57ltPAmN/wvhyxjO43PInD/mBhBbLMv793WOD5HazkFsWDubGDRRLJeRk3AWZ9rN0gz7Wpbj0qJCTzZ9G+ezSO4J0+24JNmpmwZASKi7f5P2AnS+RLkua+l+r39f4D355UCiA/+L1Ch3+7QNW7Np2m+7ig==
1155,屈锐辰,男,440111197510106031,bSshPRuB,0x/Fu\o>\Wrom,FGbrCpS8y2mMCTJfIdmG+h7T7ZeSee4GQmB4kh4XEmtLKZ3hvrlo3nhPZCZlAV9LjK9i1Mg9juVXi335/7hdbEOKAQ3EArVonws1l4EF/Hy0Dj2UPO/xvOFojkSDKV9kxfxMT+IT/DwOZKmQcgIFSA3CW6zNIEBnNwZP18ACk24KdZaNxY+x2Idk3GsQIMfaLxIWXE0TPxvi6SWwBKRpgLBxFfstqRBdy/jDQif90XXitDPnQDqBzXPGgu+vB8nIcPMqNFycgokUHVSvKhMvf0wuL5g8K4tbHHlh6RRkQwys4c2k9rK70ENJFinb6W6e6pu4NB1F8b7AttYueyt7fg==
1156,莫嘉俊磊,男,440111198406054475,CiDvzEb2tcUv,dfo|AKp2:((,mDFrjo4+l+i9DCn/9zaE//BjSNCsoFlfoEvK5fcfxJnAj2vEUWwJyBz2q14/PVPS1XSiENWbaMmTaOTXVzO26j1CLHH2SrddTC4bHewSisLiEqSygr29GJvYBKFgplr6yquecmvzqAV/VbT6uWYIOSuDwS/UkoFyus1qKlqywI5FyzNjAD60N/WdaG1tIKe9MHnarKAZnqOyDHSdvEQlDwkD256tbA+hL60PBIAzvXtcda+u02mOG34+Lqq3IRIRfCEXaAeSUvNxXBv3dJL2RZLsplnwS5QyN9YpalvTrEWTR8xGuZiIRnwGJBFLPRVqoNc/S0dOVYiZPNzM3pQtYw==
1157,赵森亮,男,440111199008318214,Xic8BvSiud,D{O62hFW,h2Xu7FD2dOnS2e42zog3V/I+WRLxwudS6KTwsfFWFup3ITSm7eHAzqm5nWtggEjrDsH9Gl8r79lz7G9W4sT+rXB6rz2BoJC6+49Y4TvN/e/e+EYNjMd6hCy72JxZW2XZg4b3jA4ucOwidy2FjiziwoXbo+DpUZH7Xj+9Ghzhm6dqW9aPxA4K69/7p7yexhom+ZW1SVErfdIg+10ANZyHeBPfJPi3o3TJNj7ix5xW1b2amKep61ZDpsLaRt67T9Q2Jnl95sHb6VD7idLpXAyY5iyyo23qmC2mKyrzslZRobMbIMEtQzxsINGEdmTc9AyFF9AgpAm8L7EALrwEOAd5og==
1158,宋宇航,男,440111198104250577,MPY61yXCRaSW,$60@GO8.ZZ,WGCBRvNjuOEtdAnlzP6eB/CQ6PFXqzV1WUC2+AmYxGK4SFx9ELQXKx8s6DYXaTTUguvZ0HvkvgblBZKDAj3ADxG3NT+dUMjNrYqvurQctGgjjxL6BgLOUvAdQRtsUk/VLte4gKbNKJXP80uWAUOPI1lDjRTVkUZIBFCPMkIYPZF76oeLD7NjdXqXo8ZQxeF1rtyctHfGJRtK0FOBWU1dKI5R47iqTunr628RLCB7cLONmOxBetlxaxzj6QsPl/4cSJkoXUyEoBd7cIE9vF9v3Dk74jtBeyRrYH6+MKXVjPsN7ro2WhqV1CTdVREOje1Yq8w8qS1l4PXLbEnf/fivdg==
1159,房晓燕,女,440111197306047441,e9KSWnBDJ,%Amkj)R>GieI=ckk,lNwl4YFDuCbfUnxRNqDVhgdh3VRhTWPzAISBpI5z4+vUHCTV4OujWF2VCbxTKwBWF42/Ku/HEsHJez1oL4SSD7k41LGXc4BQhz3U/WJwiiqiaEuZa+XevkXU/KPGV8Afs4MDMUqIEnP3S5t6b4b8B1ucwI/ESI7fOJjEteVi4K205l2LxgRRc6/Z/rFWotQc/63eci5yPZ9CVuLQohmTHOh+XOyekDpmarOoJqrzaA0t/I1J1EqrSIrFHaMtbffiBAx/ZX+QAuXKc45S7TQh4hBKC7qrjppBc7CP7gj1wVQzMU5NjEVH1OKNt4TtBSnsI5AOQSpYd6egtgJgcaX+eg==
1160,谢雨薇薇,女,440111197102250747,TFzdnVknWlPT,l0evqV~|@RS/s:v,afR+jwbko2S7ovfpICeJxYoQjpQ0ZalZfmhC6d3R/D3LKv13b8xKzGITLvBYq8W6+H/iPWIC8eQmv9f8EFdvVauWmO+rfoquLzsTC69DeYSquU5j6qIWhyvewsdmzkUMgKY74gP3Xk0bLvOSyq5Qe2cKwCgVEuHr7hQOr6iQVewCDx1CCEugjuK8Jz1bf00rqUI+ScKMBNsESiy8hcyAlWH5BRlfp0lSFdebNeNrxBFTakRN2pbjTFIITRg6T1KEXeIjrrycRkHeDYe3vDGrmLFH3B19TFvIJMlgNNS5Zrg7Vs4XzzN9ce3aivt+FGlHa4aiNRYFMsyWN71gtAs4gw==
1161,罗曼妮莉,女,44011119980313828X,p6vN1wZQW,)EZl.j//\h&,HF8yMg5liIMrEjfaPc0XfyIlXj+sfXWNOOtchSusF62Ssk25U/TNd+LulYGtyx78VFTfMMcWPhaeh5p2ByU9fs1yJ0i9C3HvgqKX1MjxhQK6wlIuEzoZ+4J/OouaJ8I3Vs5IW4hdX17e9sz4YjIWHKuyxLIMos6ZrBYmuPLxTrdAIe21xyiPW3kNWye/k2sLuBZc03Fx7jVwNBp2jgiU7Jp9PWwNYuT6di0kNYdOeQtTXynyR0NCUNJEC4GT1Z4eEoDFJSDveYbupTU3Oe5uY8ujE6t/d4Vd1ETmmwsWrcZMvASEa7UVoH5lUQiobWsDAAYK7kK1QCtTYw6c+1SYgQ==
1162,向胜明哲,男,440111196707161291,bz0mG2SF,<70_:>-Neg9VX$T,qF6ngMLlOsV0ncL32B3mY2mtR5W/tcL27IXMwFM+tdOZadkYkuKlLRDLbCePlkk+hosabjj/yW6642BspPRU7P7uo3DlFP+BDFdK9/h1a7bPd1CqiDDUBBjq1vPLxG5bXcRSqbxVHqCnyAcBPgEDqw+0x77BHmPGFVbTBYR1neZUdLvujd3qgjE2/rpNAFAgU2pFOlaidnyTicy6fHKJ6FYl833kdW0jgnZfqZbtkUk/oNzSZhPJ2exnbNDbW2Yz6YmkVpqNtmtRhsbKX2oTJMOcKpMjgrTnSRe+/+NGT17vLMK9sIQHH+jyRSh47T0tkH7ANNzdnXHpJrPLHlYrqg==
1163,葛天宇,男,440111197909123634,PCIH6udT,id*=])Rl0^K%k+qc,Vnl+2foi8SdUs74Ddlhq1X80v24zckRtYwstFIbfHqLeBCP75BbfGm2QiTFXbcE3R2KUtN2i4a5PaWVKS9b8Vhrew2HTXcRlZwPbdE9qoIW7AXOtOeEatntjEcWpAeugaRR6I4s8ccsKI6sjUiS8a+eWM93c42ZDuLfM7Rn9+Se90h+7Ic+2euHCV+hghVD+MyaWyCWHDtYTVAgPF3+krD7DLQmtayXj5PkaJLjDUv8sWt4yRZEAYHH2WbMoAevgBH1PXRfbFL/GbvG1lUTR1OG3x7ZxBT9XUmQJpyLqK89uE7HAHQsLwoVeoJ8XmGqN07oEDH1Ec2+xxdosorOR2g==
1164,陶薇,女,440111198508140569,lHSYOBH,>~JWY0fbjo,YBAg5vysf4RoUnN+SDwYRO1ScDTiHybR7pa79STsY6cGEOklZyO1FxEgrMpJrTM5GGuukbmk6qwjFpxdQKx7E9ekwtwAWKVIyaHb20LSazDKbBAgHXbhRVswJhrG/OxKsQ/ilGmVCAYL+JAYekO7YgahXZFt1cIL1Dh2q0DaRWwWcuFJdWZPHz+6gCKr9+KIcih1eNmH86zC6GBI2O4AZiJh8j7zLPwrw5UqKjaVtOueKueDT9DkrK6jvEXKT9CBeJ+sjESsC6yMO5wGzl5GWS5qaS0dT+ooi/lX3wSmq2DeApe3ANP4i9ExRFZ9Usz3bbguhKBgwWxMMboZ+R/XtA==
1165,莫军,男,440111199104034019,JPcN9K,6]H[t)}KB,jFrazfLDjSuRlZP/QeHwBBlwBWtGlqO/YZNvg1VbjsJqbS17tk/B5/GI8eDwF7TAe5ALXqNI1z05tb5xPWpQexbuDcZ4WbXQ+lNkp0/CY4S8XL+c/o0h5smgFQeyamtBPzd4ArF5UPL09nbOHN6ZU8OMxATKERzVfb3vAxEHjD4f5SwBMuMif7zRfAfBzt4W1XrLu4dqEFslldUg3aUetPDUm56A/9+Ik4QNiLttWRnrxPfojIjV/nQd5gbA2xHFsh4DCF3x2wlsT+W/++FOT2kBbrUILgUDjipe/PY4OHOA2aYCh73cYTJ82TfPLjks3B9cgWTNpRTVyxQoK45Bfg==
1166,倪巧云,女,440111198212023486,fVc5wWT,bMpl:mQ%Fg[XLL8,I/kSCXhMyrDpEWw1ETp6RadAbvcQ4IAj8BVmJVOLb+21b9X6b/L3zxbsWNGpL9Df3GKFNj4G8zA5ulgNaJ7hM7YuvmEeUMz5YK8oreqt7f9M31LQ0qAQPA37EKpbQAZjfwXW19zz4/3R5Hcdu9CJtAgTwbBRVaJoaxtWUKVxWf8adfIDGdesoPpYCK/fxRwMxriPcuae4/+xcDEh45ZwaYfvDcCGm7gmbCAnsGY2f01KfbEDBVzuy29lXbt6HFe7QVhBSW7O0n4+9Q1D70ynALmUtHJ6ptRbxhkpE6gHz5LSIDNTeXIEW758WfTyt8zXrNSohXG0FME0Q/lItRn0GQ==
1167,雷建国,男,440111196911260131,R2Heeu,gBPgDZV~0t0Bqg,F/BqD7qWOVEgDDFsXe5HuW+hf2TunVJz1MDtDLdAvpoU3IYTeVLl2MXJTXvAbgReGxXVfVGa996JwIyDcHQmgThAPv3RHf4sraMMVWFe92c+s1rN7vWOcBUnTmkkeSClxZVfvZx5fOFkqM5uW3oxNbmdqg2VcIZ1Zd/y+Zjqv8SFuP/LpKIPRPI2zdzaunmP5FZn0ZJ7Jda7rlIYkYDwijSew6nD/a45GwZBN/CdKE3Y0E3MXyiAFEc3SIoZgPE3QSRfXC3Ffd3+pBF/uaBvcAl4gUGwthO3CS7yVJKJMNh6IO2fuJoYxn+M/4g0A8xynuiU/3ynXrI9YAkZjuoJvw==
1168,马伟强,男,440111200207189318,PGOOieC,}{]qh#)h/%,AIfQc1Mk0mRrfADfsma7IX2aWNjOttAlHnpTdxAlxJj/dW+ZEdoR91Cm2Llfbtu0lYJh1jxuEgv3YWaEPN2IyotSHyqHycwPZQMcnxJ2yU1m67oTr0sawIxyz74x28KnpfoHwYt1Ix0DIwQyiOX5b2F+ennQl8g7pjbDhNZOE4ZIN6c2cinPnlWptrlniZB/3ZHAtpoCMulbydawiMPgEm7HET6VUQxWg8cETWsj9cfiN6EHpQhSEB03YyAfUEyBXblVg25t4H9csbYhOwYrBHxdy84hj6VmWkxTN8zQGycsQ9Pewd4BP0nqWJZ2++r0Xg9DN+nhOgXTVGiakwwzdQ==
1169,喻薇倩,女,440111200011232820,iExUnH7ZnfZ3,1:1dR`_Y0o_oi0i,B7ec+AUunpRG0fI1EfKDtuoC7WynVg+geWLUWBfVIqSP+lkcXl9TcGIouOhSkca/V13ieuAJYv4co0X4TE8yhmf+81JXIJvoL0cuLyxLx9zF2Ozi1Pig8P5cYsWQ2QWM76lGeNbeEyncFNhAhgDTuHdIzH/pn/IiDPU+KvvlGqnzeANMrOjgmgyNsT7VzQn8paG7kSghlrVk4GnO1W0Ytz3dIdwa+0jSUf0ZwPVhETlUMfLM5yj1inWs0yKVhEDNfo0I6QbpHoS4ypY2l5er9RXvSwXDcJirAK9m2d5lAwZVesqSHO8dkSkWmI8mP3Gt4gKDy2ngvjlgEbh1hhtXcA==
1170,沈彭祖,男,44011119890609967X,V3qsEzec,asC9~30$>zc71k,AhzKkLse2dkUoJOH8Z0b11UqlWvZ1OiHHjW8FwGGswL2Rq8a4+pjwjcLtGEtBrJjuEixFofVZx5otDbqTbNuChn74cPxMzgyMyy95GMvnva2F4RicNGypTVEa8vD4qlzIE3t/44eNO1Pdh/DnJcA2vRjfjjjVWOpFTDaxCqNooe7b6HXWi4uSPQMXNdGm0ax3LfOT8NXQwJMly4O194Dfxt/EQZPLvZaJWCJopa6Ui+pRRYDZBR69DmA4V7PlG67MqiR4pdHVRt/1bzodbxcZplPUQq3qiFelo+wYz3AZJOTmtD3EKWNsllSagKDHj3vMFmOgLpbDlkJuMpDix/k3Q==
1171,马睿智睿,男,440111200102023637,pyVxkb4l,sC4?9.HbAAR{S9Q,bTpwTnns0bRoWT3q1YD42e7y2pQcLOx1uaHDqPBE8+yoNpDEXbIGWolDdp9MNqOZTb+Frfobi8tKudOsNxZD1xHGRtE8eR1NAyKAraAUM/0A6VRnKJOb43iu3zOQqrm7JV7Rbq65OT2kVDUa6H548xcAoHlJFltrRkhL5GVLpFdYwiRWaC/gCS6F4te9ew7/VblAnb98Zws7f18pG7Kc/qV8KAMKtwvmgc6YuRwTv7OIHvxXnWn0ctRUhCur2Zd9qIoyjoe3FHuNF/N4tZD74MtfLnSQHqRaXwa9zwHuVhpZzPPzas2rgVZRr22bhnWCiWa17TvZfvVZB8AW+nfyDg==
1172,梅博文思远,男,440111198304212356,vOzoyWgHCCky,Z&@t.WuCV,uf0QwgfI9+BTrj2tXFJw0vMoWpLMxiIC22fV7XNDRFWV66MGDiZSwSTtIxJdZVpLGCb5l8QYSlMmLWxdnBG0u2hUqSpxu6F0dO5Afjn9iYhBSy/cZVSIUwlVXboLhN7eEo7un7cIhx7UwLWqoGDAo2ZTb3LkzROR90eKTZ2SsiJPtR4OTf3L4gZyBcGko8zBslXYYz5rm4rNnyfKX+Z1rBmvmJvhx23Qe90zDt5fdO3/FXqj/2FFlYtzy+aT8HI+2QfS125q430GH4ffRXfawy9dNmk/V5oAV4Kh+NFrrrak4ZGC8o6GT4PEbqBiQyYjesQm21Zsj2T4SIB5geYkTQ==
1173,谭柏德华,男,440111199110054315,F6WqToJO,PL5nMa9Nlezx,OFNLkKZtIlZASBQFaV+tQMqYGP6kNDEnqXSJ9S6atRTeEhC9/OGdG7GGuFcjyOHZDd3Y4ERNC5l1AG8hLADaGUUp5UMe3aByXgcfzsyEnM3xPmSlOS6gxGskzaeFWKu39FIHDYIO8+EY++R6fv3/QOXV6L2Ia9VnaE+TlpRPAZLn437nAP26G3B+GdhdDQGK0gE31XwMo134mwdU5mK39pdpmnNAMKA+72drzq+YbUMPActr11dchAswoWFQDzh1ou38EDX1CjRdUkaezjUBP1uzTreq5YeNQbR/gYOIBlmWMRx/ylsDSlDOE/TsuvIf02H/u6R2kpTcUUA+SkChSQ==
1174,唐睿,男,440111200405201330,hdx1vjm,>NUuek35wKjfD,pWI3EihyFRB6Fn8pc8Uqfh53z2N2KPdgeQqtoMSKl0NEbi7l3DUawj8RWjzUEKwGczi1wz5FgAX60LMj+daHJd1Oir6TDjLKq4AVF2CFGykI/QzfW33Yt6LYc4N5Zdp5rRXR5tVRi2c0h8sDSmP/O+HV3IN9AjvgG6iVZISrxB4rAaELieDQmrsodchIfakfMzHVwttEuOop4gfcpPH7YiaqY86lEFEDI7x7OD+L+Kj3SeTQMEm7bknviwrqnM9cjlRJNaEyvY81x2ZJG/OxPtZNskMsKDOgkIuaRLZ8adR9sQhKmUGWHnGYu8lopZqs5IWWnS7oIXrNpIClgoK8kg==
1175,许建军建军,男,440111196508109538,QoYIy4yAR,!#AG@P]1W%7,C0EyFhwLlYOQS6Wq0b+jUpFy2qqPCCqYSeL01/0yal3EQRc8MCHQaECtO6UTHpED4QzQluBMq/D48MzFcmPzrs4ER/nmyQGJ0D9xYwGtpynIjO6Za+n9juL1yqzT2wY+6eQjpOKiUzxyi1Zdu8ba/eh7NP+5x/4ZyEAxxM1yFvGc7JgPQBkSbgvHzr0WOPtWvYx1lNJXAkJAo3DSAblR8xnSmtcWLl6nswbF+9GW4PxTDaV8G7LXV+mZEYNLOm1/HERiySDNs0kuYpMR4Xan2KYrI8vUCJ31Hyg2dppp3jICIl2rOHuyXpQnL9a7AJ+wgTAdSEVAHZKSmxYBUJ+zbg==
1176,曾卫国,男,440111199303170953,tq4Qko8R,//!(X8($_/N+x*,1zjex/v4GmOh1yhnWmx6QSc2DO8hZZSfviW5xBB7gjkU83BM7yzo/SrWNTjSjwvZ4oSC5qkuJzFvSwrkhMpmHkQbWqdiHWHaVpl6ZcN7mSM0GGzW0b4aQ+jIM1vr1nDtn1OY64vx+X3+2vLAyj03SYRs+ny2tBBKN38MCmYFF7HXjMVeu7fB5GuDSbqUXNMFOQQzYvduZFif9k6apIuD0fcQB+MFXCT2pagO+ovgd0QAtmsjtgp9rN2jLwVpXivMyCoXRF2Uvl3ILgLrctR9FHg8dPqvd14Nlm/nOAiNq4vuDxUuhzznl0tKjPfHTMT/+UDs8gMOpqyN0XiJ5WTFPg==
1177,龚佳怡艳,女,440111200107301245,v17HBauTT3E,Tv<-i$-FM7%x~f,BO28sFG0AWyVlsjSQiOEBGftuA9lv1sA8dyvpe9tdTDsYEt0SjNH3Is0neWJ4C+KNQMaW8P6GLgPow/02/SL3t63FMbA8f4eq0RpwdORJojeu4VHcxBQ9xF8doKI1UuUZ+JpeKd9VwQBVLPgB3ZUQ5tjP+V2ha3aLUeLqf6qGYP95ge/7hPwOx5PETDV/y5Z0ETxABD0+Yvbv2VoonB/sJBgGwRRtPF/kt+cva8OYoDfHfOxd4KBB2g2iywbp9M6Y6EEe8kCDX1juBfd/Z7OBxUoycjlhkkga2rfgaGDblh+ue8kgh7fYFWRkf+Nto0SmQbJRoaqzuEOI0xgk7Q7QQ==
1178,钟明轩德华,男,440111196510258479,shu0iC7I9WFc,]A_Br(wuy,VZObO3ps7D11jyNUVYu/n2LpcTRjrzZj7D/17LHVhIv0vTFrOVjSljCMq4A7whgEmIXr3Teb24oQVxyPUJT6buiimBFG5jJxs8ldJ2we8pAzoYoIju1REHxwkrQGe3qH4wkzA6zYW8w0NaXO7xjIgVsLN7KpDtI8JyDLN6oPtOVVX5t9nf68nG5TzCeUJ3Z8lVcDKcxkYgn0oiWzJYtBZp1Q3DBntnzGKMCfdViNCHrO5tqEHnPKl8cCDU5+paltzFUpVsOv3PkCdQ7rj/1OUo2H32qx1OSQLINk7s5D+Mk1HIic+ZI4Z2LIm3zwQcZ9kLAZdNRYN6KDKUZPov0NOw==
1179,郭楠洋,男,44011119760715737X,s2lRXOlC,?Pd5lC^q-T-OCYy,XyUDs+IiKQKP+HfAEL7ak6kTzoVq633Rs7iSWnwOaFYfI2jYXufgV8SxcIYphLpGjnQa8l2aJQhyQDsvd/YDMTHCDJdSREYZDBEwPRvi8enPDRhHrZXxAJpj4FW5GbUoWqdzLFIMDYqJlKJFwTi5aivDnLxMvJa/HpQFKS2DJLAHJtWEKMKaHkf1HaZVBIhoGlN49U13pndeuriFqwOppBEeMQAG8252ckUdwZ2Q2l0gyPd6OsFBYJGHn0Fx8yQOVtOIZXLPjmcTkh+51zKswtDRPVG+zZqOzYvYC7Z8kXdsdQIRNPS4M/DC9w2OM85Ga4w1LmmEQQGDt0ZdiWx32w==
1180,杨蕊颖,女,440111197706229746,drzAdEC2NWk,kR@z1pits&CX(,ZvcQPQboiaNfgArd+RFa9DCUwog5J1VPFEkBAGV88XfNKVmaae0g/kkWy+zyF+RhhJOZROF/E+9E/TYXczAMjkgbzi/qxaxqZ0ggp5Sjk6xAKH84Ca23OfVauYeWVQY+X+ipCMPsstRQO3e98n/stgtgEWTsiDWan4uyoG66U40KB0Ffu4NAPUAW2RyC1APDJAfBHIDsecxOzB5InNWyMlj/gDXilv8j5Ko/Ds0LH3vNl77DnQoj0bR4DQUxyFUKFa6uCuNXInRvw9wFmJvNSzfyVrpHb8A1veFgN7X0llwbtZMEieZBp25vLT6EW4XX5TDv0D0H5bS2JVRHZqr48w==
1181,庞蓉书瑶,女,440111199902189840,pUllUg,D3KybL8Fb0SN~x,IJ/+B67jZe/MFvok0YxAIYYuSOeayPwZjRo0SIhnEJG88tsVEvTjzVWhLZGKiP+6LED2VdFLLYZbuSwPWHzR1YlPTFaem1OkzqY+PSLcuRkTDlBbenzQchL+tr3y6yUu4toesfIy9ToUd6bovfieeRgw/ZWy6nWJVV/7Q6Y54Rf2ew3mBrinfBcmZsVIAF9WiJiYx/Y1Bm5Ya9MrqnMoEAxexFL+CJa4qA43t6dqmGA0+/y1xB11afiyb3WVE4nYGTUvdkmZDKRSZQ0qZWkArz3a0RsIwhoQqwbacZeqX5pLyyGqKXwJ/rI0AkWc0emH1ogPnfndC4L4ugx2Vlhb7g==
1182,童柏,男,440111200603147910,O2OK4IjP3,vtp`?J[ak:f$Q5,TIqwZoknwcNE2cLUZewPuaJyiOiiHGDQyhPzLRGJljnNE4YEHcQw58dhgz+N5Dqw72wYloUc3sqVA9mUmsVVaGY9wn1oxrj+MgC+e6MG89YiekzjbvoWXukF1xlNJGuCAvxcatW1jxMzor8a0XODW8POKkHUgUEwXWYlLKRpMhOquSxiuF0i2JysQqpjZB8nDX/4s4uVr+92IQl/kuLv92T+vzRllLQ2F0SCj/PzGy+trK/Cn7HsZWSAZ8fsNcqoIKI6N2AnH9NZuVNOeq8Lgq1+2x3Ijkd0oXziLd+4sW3GehU5o4UNskWjhcFeN4Ak8tfSHZ4gcygPCTztLI2zOA==
1183,郭荣轩,男,440111197312223990,CWbZAj,EbYs`yW*8o,hFyZ1BXzPVzBHadI4+mFCd9EsLgpbNY1AqkTw7pb4AW/UNaquS9ul6KX8MtYij9b0PwTQyo3KDiMUjc1bnUvrOi0MaQJsksEyoxrOb1jdSmh1/ESnQ0FoTdhPw3+WQhn99TWVOchUUCN9A9M8d8aVwhMKpsuw61ZCgO82A5K1tG/QEb67Fo24LJI6kJa7X/O3ue2vJejK2yNYjHuG2vOHpe0er9MLzsUPyibUUszA2fb+zppq6IBrkKiP70IVqjiENETtCdXLY6Ddd8i7Q843yaA9mWq34JcN0DVK9WWzT5kukKbF+uKDjjWcZyL+A7ydMHVR2KUlg/x4Hj5rcS8/g==
1184,鲍英杰振华,男,440111197705268890,i3DGkjn,X3$5)P(Ub{1,i9lmeDToXVZC9Tp6R87d/2BCQOdQdPmJ+uKIixk3I9U66q0s5kK/MEcuDbJ6W8UQ5TKu+/G6qFSjqFWu6TS8XnYs3U0oUjjUjVcmIgET+YqiR3DCVHrI1R4ceFiSYwrcvtpB4/rSlbj3FL1GOHoIVgt1THqSOi9LFPgkgU48zUFG+gluYo4Duw20raudXF9dpJKfGw+5hxyQmP2HxYhX7623leuR6J/sRYY/JnKKqe5Yo87tJVmLqj6hITITqWgQzKC+ZMijxH1oGESu22klAL1zdr+pJLbxaKYzcL++SHfcy8308jz9BhezmftHIjwBCV4LlxKipuc28m7FOuBEcg==
1185,周伟强波,男,440111198209270179,ufQpvYm,(.VxR/g8,Iz9UMFjkCPi/KMtrjU/D8YjG+27PIWF+hcKz1PqWvCi9wJt/A9E68Z4j0VR1A0JF9Jk9H/1I9jksnErO9sJdM+ow9y0EpKnhw0xDXRZ3NdEdYwOOky2N7MSuYXkL+t1RcTgKGBMP92f7FV7tAYcxhkmhP/sKiNNexT1aueDkOCAzFkiU+FU48Ojkan5wR0ATNn7bTAPvjb18GJZ92Cw6Jia2rVExaL9Kov6YJjdi1+q0bKSl00/UGSaV5RvObmORFala+NF83lVV39kdkJ5+GV6B4ruHXYIJS+bt7rjYqGTYRQp2HZSoBe37kLfT45Bxw4lXBVjtl3FYwUXCepGMAw==
1186,覃银良平,男,440111200201105793,G4kiT6e8aMNm,l7bx^20@XRGW$-o,F7MgDcf/T+DTq8jkv7CzWUqiXP5oEUy3EfvCXMNV6lf4nG1mBt77aij6PvCLe5Ts4pRTPZ6/OOj/LhfPv008AHBg7w1IQmweyqd2B2GHxzt1Y5ebYm1tlyflGKDqKFPMgP4kpZq/RqTa3Sm5vdtzn7DbFb05/CHoKnU2GwmUybOrygmOj6NGryOL7LREgQOasThH/vIxc1NwV262mjVF88zUxnOAj8dSB76u8F5PyhiGHW2eqY6bm/ZWC6/LqL1roa9CmeP6ErH67fJsD9bFUMBQcBfi2Zb85uHY/R1DGEJqxSySjEmdL0mgzsCJlJK2Jz2aQq2cP11Y2BlFcDSIAA==
1187,甘雅雯,女,440111199301026501,lIG9GSJDeSTJ,n|xxbn*zxE($xA,jv8uTLA7AQ6Z22mIyP3OlWYKBg0zb0JYOlTOeh5ZUzh7NnpGNGkB65gCZzRP3ShOqggKxeNBrPbE1rkYq5c91kKxXEn8/GyiMeFGIrAetNSP+iFI2E3qGb5WREk25OXJltgp6BDe0GLEDPjV8YMlSZezT83AHFx61ezhtIIkMJcFbks8o1/l4d/cmIjv+RM+aKtuMCLTO09ezbx/drFNacBppXTI7lx0aDY3RBc9N/CdW7tM3WaMrw/uFfeDsBETdOr6wMq0s8dTs/4wEgS1Na7IlKhMlS1Y0cJWKNZ3zmkYyTY+HL2u4pHCP/GLjPWNlTF88PzFIHE4GxT4Pq5Jhw==
1188,宋英杰帆,男,440111197101161654,u1Wbn3u,J*8p4V8t,JOp+WfZFCgILZUVbKw7Nzo1dDu1lTThNs8pbJwXZs+5SL1rlQU59rfnBqwcn/Vi11n6sF5zjXHrDV0DcLm8AZd+4/l1U7LKjE8Y/ZzUtacNj+Pj7L+fj1jXO9EWEjLZpBrLX0wkqCiCs5EKUrMeYLUTuOrsVXu4PZ4uZ+uXtyuGfN8drvs8svcR1Jvo1RzT4+WTx5fHGakaZlB9ATia53n62v6H4XKq/Djuh8olyfnSQAJquOi7B0ijbjN0JS50xdNnuQ1yxHTmwQ0CCKa/PE3d32BH8HCZQqPakRgxc7w6Q4p+s90cwXQvuY0KqnZilr7jHQDREhrAeDW2M0537UA==
1189,梅旭涛K,男,440111200204292416,T7gCTFX,NWZ7zl[%Y<E-,MfGstGipnwRMQPcIObycALt2coYNj58mpvBixNlQdb5V90OJGJKL+Wp1Dhjyu78fT258WHCaf0jhNGPdNo8bzO/4+KntWlcTHeAAzZhmCelhWuK0k2VVydNjO16NhWpGz0VQEuSNw6Al8NLzLyCIcnLYbugDhdnqk3QUJxFBedIZpG65z0scO867ozMbifTt19ALb5DHiPZmDaRezOfsyvQD3GAA3WP7ewgiVYmBoLOpKp1KjpbNe0kSIWogex381ouK9G+oQtyd1ZIHrjWBaMKcTrzZrzbtiiM2eM/pHR+/6zgyuG8XlWIDL5WrOTv0ZGm76+o2l5SoN7ApoGRuug==
1190,马安浩然,男,440111197509163952,OVnlWat,%|8EYu^AfuUDnCb,XL6Ymu7Fq2lmJe7qbXPkgkiGL+wiueSJm16nLakXvWX9B4ng0GEwtpvO0kNHKd34tZ2fR8Zd15fNcnFyuEblC9Up3V/tRW+WqerJc3HEPHEvPTmrCl+uz7jGjOnIk4BKy/dplUfpLNjd6bHAvlmUtZ9ysmIcn3dspFaHW/HNxCZ3cVRxBej+aeYuIG5dg/9zElToCVH2oqec4Amka5HtSim9m0T9jwupOx3sB76y6Y+ZDUP1C3sNpIXbtbl+0RCb9Yk/HHffHVwMGCkdPbKu5MOwUdVxqwA79YEYD3KNP6axTZ194ql2IN0z/AjTFEQvQijJwiQkh1xt7EZKTddDjg==
1191,曹美玲静香,女,440111199312027585,tfkKsvK,wN1b2M=0*_Bh|G,ARbYXv2KY9RpVGt1ovCILVjAmbCPfhx5PADkWiSvuUkLrcag7SIFMu1M9QB76Gab9Hyu4PB+PHrFXn2YB/G/H6/ewcwdr93edaXdwhXchMJYQL+iY1qRuxXqv1+VTy5mUWhNgNy+FPjVKU7bzYwl0NSL8QjNlgMq5acWyV6QqY41+lgKCudeDX2kRT6LD6Q83sLdef8mSBPUpY+tuGWYgH3zWUf7HCZmvdLy+g+RXZ9O4D2PQUDk/vwCZYDv1bvHxyByT9RCy4xlkDFCyxHKHmFMgbtoUlz2brrXkZsklqLVYgpSXijPTfWlEwPYw0uq0tIrscMNIXEyR8+dHXQHKQ==
1192,葛婉茜,女,440111199101251464,lsxrNazh,K\Sa~vph!M0,RlhkJizUToNq79Hq7N5LtRUxzB83Urud23odSR8xF6q+az2NT0BShK+653XSS2/dcbpGUJoSIxGIZ5AtlAlefyMrRs8obDecI8IMb9EimbDa/agcR9FPjV3pVNnXYk/ahffy2cFRLQ7cIGl9iYeXRSY1d0LzAP7YMkpFDN6qjVj++ZiSQryi2p82DHtsWQ/MDx3RZDuhrZcRWKUzKeMiJlagtqUBQmv1gcSZ3porIcrFfAut+1KJpEXxfizVHUPSNkNSNmZbGUhQY5vJEzV2JgdaSAHL55LFQp3LRvLzsf62bfcQAY4r9o0HR1k1xQjyYSzCxTySbG2bahkXCifjsw==
1193,甘胜,男,440111197705083351,qq9MAOEfJ84,:K`bW-*BTVb!k4,qS22nRfT7MD3v8U+uFsvd+rSvGyX3mAF1OtJ4he+Lp1F9BIXZgf+L1k7qLb7NJ1rt5A2QFc74PzHZOTqztD6eQIJcK7uRjeLnBG8ETWbAjDnKXz5KfZyXGaIC6ieyExs5/HPNEApkWr7lpzy4V5tRvW2Qd2ACm8WIOlJ6Ld82cJEN41uB4myIqgcJ0zE0idPWKYN+gGhrDSMuJ9e1GUmT+VsZdxH6h5LGlXkLOe7TOUFgMzENwf/p1U64IUSZBgZ6XMIbcQkLlElzkpb7v7cWM+Z3Exi33ChVlGu3LK1sZBjC5e1tckRxorhcxc3wwRR1KZp5MVBUVN+f5Cf1kP+8w==
1194,蒲楠银,男,440111197507240950,Ci0oMPYU,==mjduiF,NVoQj1pJ0Hg7ZlAVa3MUss3IPlwF6GKQzHlv3YwAZO8uK6al5W00VwIvkTXeqAXRQRkDVYZrVGJ2q11Y+aMp1zBP2savUXSk5kjsRNegwqltpO7zVTaqfzZ8Qqgj/r5AoeXfky4DPiR7oUvX4YHpvUCoJQ+pRP9DclpPRaKD/Od6B03tIe2RxcLPXpHDWEBRkwleNOauJaFj1p31QN8smR0cGZD88Fv7VGweH1kFhWDMcxQVl2xi3LLFJL5wNyx3vU0H1VjAs7WiUovW6z/3K0yMoe1CJAhz94uXD6RGPyfF6Ub1KM98WFunAM1lG4GznCYTrVRuEYBKzwRxARXEWA==
1195,文建平,男,44011120020920119X,qLpZGnIp8Ba,OqF+lR-f6%%.S0@,oPCNCEi6q+I1JOvc1GlrN8ybBnYZ+mf5SvlxhaXQBhuA0c5ucR5QdYmKD+byArcdDuqlCIjQVjiWfoMVrJlTwa9L4AUejjwFKL65m1hcsyCez+7y2aoQd+Gf1TcyLzG0kjADHtqKy49MHs6sZnjPzIujepp6UGDbwRECxyV9YVnFkIDiUw/8qZ0/918uo7ASZFDg+wCU9GRdmRKNhq0c7lGbpU4WrMUmT3NDUoGqxgImQqlXzlxhdt7Fqt75gcev5guKmov0YnXX8OsB9+ojaqZgv13BhUTC4YCOI3JbBxCdRlWbjskj2hcjR6id40LzGcC7ex1/rGs2Hy+L+q9jOA==
1196,姜晨阳敏学,男,440111199307092817,kdtt44tjZn93,g]{&|9Wnci,AH3veViTVpg8A2vE1AAAIHv54d9cZnw5JlJrmMc6V0zbGAKi9MUtPRiWyk6QG3alfBRhAfRqylAesQL1xqi3hKvqkMDSJlBkNWG0LR3gRYsRB1DrgrVIuAyuCjrPPoEYjsnqU1I6X4tHLYfDPoCkAulzQgzFHO7NP2nfQlL4925SnSUD6DiFrieIV8p0XEeMPCKjhBc9ow4BNlORwra80kA9QAoc/zPBR9qczGRVMLDMM0Ik8SE5gWOlzzX9pfkpIUFi6oofg639tsoUNV/wZ+H+3mPvjOsHZhXeo9Qj9dWxVPeoFIq17cqIE3ph8/VWMNBN8EfEOC8PiHmdsOYMmg==
1197,杜小丽,女,440111200511144544,kktGndDTEHL,Ng=T3gr7cD,CyuY9MeazvYhPvojMNg/bc4+cmg42yb4qBu4XzJBz7r06WQNkymDBh8gBe1iBLOx9g9uc2RY2bLhhh09E/N/raYCpRp7I6ZyRg6b/iMvkBgd7OUNIAlIqgg6ULMxRKwcNGIqCSLroWlJipYk/zykPXrp4nGM5JiPrppooPH8+DNo454FxdFLs8a4zxRYWwIWj8j+sNMWIQo0MMn2YHaNvAJapjJ17rEjpgnop2NdAj3r1B+gOPP55Kd9vNgKCQ1/XGvLMvpvhr0LcQZVvHASmiW4bEr8SDhEOIcTCIYDqKkTK8YzE2jLQTOUFewT73qaeIoP/iT4zr5AL0ljpYVgFg==
1198,谭鸿飞宇航,男,440111199106172394,G8I2Ik9,!R4[T9qn,J9UBMbKocpRWuEVVnYLHsMZSum2KmFnzFs8mADRYO59FVZcxoRdPPihTPXEGXECni9d8/B+MVSFevevYAyXd4bTFJhZ3Hvc+386vR8+7jDVDaoxyuCLCj2JRXhA/cM8L5DSser1fYfY7TbW2mn1Bo0gze/YGCt5Ykj1k7ilk+bwaCEGJ79yCHGle871Ho1ztr40IOvq2mn3cnd6kGzmwZSkE2bD4X0F3frHGCULhhBaiwfBGjcS1gQ7mBCFVqzkqPMqBHqUEO+/szt4AK8/sPt+0Vk0Ol8BKEOdz36/rzgB+EghO5Ot7xHtH/5grHjNS/5sLos3xet9n44CzyliIgw==
1199,杜瑞霖文,男,440111199609185373,JvD9lpP,t(S/Xm/xqm&G(4,UpMrWN0ASo7pLITW29/bMymZz0j1231WacLoODa25/C/rx6kAgiHAr7xDuvJiOOluMCKhdsMyHR474mBTlwETyUidZWbN3p6mzcCZYgSqK8/E76ibFllbuSE3Vls5aF0Vaq6Fi9QQlGxw0EjlQ0a6QpgD0a/ihCGa8mAK8XIVgRVJMV1mTd+7VQlomIAZwiaI7R3V2EXnHCEU92QWcEGdyjkVfDxZRLTwv4ZPaKBGAG5KFAxkARhsVKVKdzfu+R2DytDvJPi3O9zEklMVGYGJuvO1lmO6TWleOzdUY6ZSyAr6A+g0gaUuthdtFyWNb7/1AAb7MbebOe6s0fIfQoK1w==
1200,夏薇,女,440111197312194608,rNIYlnHSVK,_DI&F\$z&lr:}^,ppTbYjXDvta8cLf/sX+KzdDafT5dJpK8h5EyK+KnUQI9TpQuHoDi0NDJDkLDl1aULjFfa99qVT0JMVqtpfdw7TAkyoYCFQrKOzD4568n/kSB3NPhXDk1Luw96LW9ffcA1/LtIC8rbhVbyUj4zVWkCZUECNmXRRsb9tcW/nz1gr7BW2FunsVbFxUFcXDGvgRf9uVrGv+rPT+So52X3hmx9QqvXxF7qgdE0okAQYcZoCIUGltYX6BivFW//9tw5zaENlTq3YetDRygXY+Fg2GTa5Xb/OVdqfcW1fG+8fkyk0AldaFamXflAgjkuCm2xvFGtwxWaitnAcTxbO8/JDSk4Q==
1201,牟若瑄诗涵,女,440111200106036080,h5ueAR,46B=r-{o.Yp,tb8gpmxN+uS5wby4ct8aU7vptFHSHlNqKeI2SW8GE63Q8UNOv0exWlntLtSzYC3kanbjVj+FJnzoGywNIOoRJQrqd0BR4pB8We6ZPuEjKd57Y0N+pYrHilvEzJzJceqMFDFXb654FjtKLZ6b6C/lH4JaGvw5WScwQgIYov228QfmnJpjAKNEqIKa5NcsYZ8qCfbLGb8s3j2UKitKWu6ePdJDQg4uLlYO06HFSMUELQaBJViRlVrAYY2BXgqmWjp65Xr7QQSxZFzPkjFA3dnGcRL32eMOYFGSW/vMVFmN+IM7lgkXN9CLyBiusheEP6801KA740wOlMhZkR5cn2SNqg==
1202,杨海,男,440111200704248999,YgdjKM59VB,LhYe1NGUM!_,vGUbeIuk2+TNJ7g65xV/hiweGax3JtHjWKda/IHP8MnWCO7OVezMzF+bn8zl3KXLn4WkGnJBjK/96gll/Tu3eiLt6oQ+O631EPlHPMO972dAWJVErFh4RYKoyhnI69TLPl+Tkw5onU4h3b1frN40b96dcZa3zr1CdQv76XdWDpn79jYPb2B2DNW/8/S4M79dE6b0qhNTZIiCJWPEeU5X3WKx3jP17SauR/a9SIVNvE7b5Et7ER+PGafbcLoT8vHgVe6zJic5LYD1Sl8pLBUaMMxC3b86x/xfcIsxuAQLbhi2zbwIIe0mxOWLzA3Z9IhpY/+9iydnLV4jD9CSZiuWTg==
1203,殷娴,女,440111199706281164,JcTQjF,lrhXzZqEX2>yC,KinHAdVo7RQJsXoNfrltla9/ba9DAbNtg2byJKdkQoZNMfX1PFIhJ6fRZRO2QMcRH9oq6U1cN6Qidtaq79sNIglnYN3IRs5YvWdXueUObB0FO+BPudpoCtkuiLNbMeuTG+XXIC7dsS0fEI5NDJOIIyB3wniEL6CmF8pxUIdnG1IPulETv+61NxodjWJcZKy8+rMAJ/Y/0+8ilpV1lnu6/KEOM5+7kDMJ/WagFSKYKrvC0beYXMny5rWJArxCqQbulachNIf/x2kckOZup0OdHpo5WO6PJAxKsSvVQULKVR78Iifq/Vvu9WQ3QkOrMLsmcmEPpkY73uQQ+cTihih92g==
1204,梅承志明,男,440111196510053932,Zyqc4DZLlw,fnwB>0T8oi$c,jrdgd7puSKlauxoAuNYvqXty1bgZBLfu9vLl07++4Vm3nzxPgmpLmBE0yWhUR3q5hndDoQv/aKf+w9VX0qKoHUTbKXoAoyoW1lQtl7r2i0esLj5aBXl0mZwbd9y/os4DYtvlArZH97LzQW1UzcnIKVQtfadbbvrg0ZMgMgIJchkM0GXjsAWcoolyqrZwtTGJsgruaf4gygABhyTrKsDnNOil850DaDYnt2CqYceP8woyLGbgwIb8AslBsHTSNW6tHSDmq4t1JD4H9Nex2cFtWPIN28EC1mFHsQMwczDEwHWW+CbKd622mIFr5dH+vDOerhXIWs5kWM+171ZeZxSe+w==
1205,冯瑾萱,女,440111197204074908,JmJcjM0m8ri,{G4p$tQc`/Zrg{,GtXD9xsOJTu9YImP5U4QI/N7jnQipoTvtAg/Jpgfmstu5g4bDDOkDze3j8v58P33yWgtd7Jl2OwbPYBrHRzjph7IRSvRqnNwLha60t85H1foZpeIhF5etov55SGSpNIreyQLDQb0PsnKZK3I0Jgtvdi1GaDXY+gCmTCUwhuGf4VeRH50SDtH+HPsrcod+LSAakBv16Yj8cOrSXsw3FpwYl4n5q3Wlk4SY4PPenZ2LwisD7Z8LCS4kHV/gibPa1x7DfM9SvBM88DE7lSX1ZPaazV0ZzWCwD/TsCBNzXFYmTanfimVsp1hTFpO6gid9WCnh1mUWeYtAJdeh8BBkfBwfw==
1206,覃美玲,女,440111196605130144,VsWieduoxE7l,><<BpI?S}2}}v2,FgP6lVQoyCcOL0jZ+dCJSGkOZpMvR9nptEk1kaDrFnx1KeHQyOY6PCdbhUxT6A7KsAsUdPo+cktduqvEQbMkE5z6ILH/ZPRALl2wUyEL3h2e11lcXoOAGTOpTpki3qfzMChxUyWu8T4U5CCQcUQrxfnoAIc6xgI6ZLhVJUlD+uJYV+RNU7v/v+G1AZbJDFKaYmUQUyXZH+QLcQTqR0MF4m98vT1+hZWLPog1BwAuMIMdHhCW0HstTy8HF3EYu3t9lCAmlKLU0E2j929GDpht4pIAhhkKMaSjxK3Nw9Lp4ax4MOzNO9WgcwPE3jH6eNoS861peimkj2knQLagDgTM5A==
1207,严晓燕玲,女,440111198106023888,VyIYT9hC8Gti,D\9)6F1;dk/B,hGvqkyg58DodjUnQye3axi5DreoW167uAUO/xlIOrm4p59nflOhjof6vyOr+dqD9V7fv8tM6qSSirO6+l6BZJ9SSFDNfReSpK61Up1tvc936oSqoaV4MdGVX64GkbTTJgabgaWSzZbaJMV4cwrCsvy5RwGua+qwFAzMd6/7JTKUnjAaAzFpZ1k3ciovFNagrUrCjYxEOOBJpvGqby/dXoOc4F/q/y3G5QzMienaU4axwJrZAy064Ugxg6KA5YM/k2qUWWovCPQW9pVTHnECx24bnM9VJTzUvWo/ZCdE9LVQ1Aw/Sk5X3LJtACyQL9wKDtlo58iDm2Dp4gMh5FO5Plg==
1208,葛瑶咏,女,440111199501250487,Noxh25egHkzy,/Iw8?|e4f,JyCwFeMF2lwS1kAn+2/AQGoXXw3Aivsl7orcSPGIly1mdzi66Ls9XGurfIaWJF8JP2DOoR4nEl6kdMB75HPxNcjMvLmAJTfvBtFxDLeoEOWlpgLhwhz05ae0vK94GorDMgOAOUpE6FqSKMwb/RxJVgUfYLEiFKWEcCdiabe2bHaiTCOnEBls3irdX14MQOcbaDyNcwzFmiSrq9Ht9AbPE2GcFifuJWgrH2ngSqfqVW378SZK1QYazEQKpBK93cihhWSmAxd5FP+nqUevOWiBKyoY/gadOTqVjt4qNJZ1ymrPV+NKrzx2fKcvqnZyI3x/0NfD15DXPlCfgibWNNlDKg==
1209,陶凯旋高远,男,440111198208213658,Q0DsVYSG,N}t47vSsD/,n7MUyclpGWSq1IyAMpvdyilHZ6RcCyzZvMml6yoq0IqFZfyLIg1HoyMV0KcfBKEZA77vCRpZYxlIvWqzLIbyGyIp/2kTkzfx0t+Dkdyh+Ug2RFH3AWinymdgwbFQ95dfzzHCKrxLIPzAEamDH2L1GW3Lharobr8FOlChIKqhJqNgPMWZ/ByURI756pMM/Sh5SKn1IzVh2cd/dYlwm17GjNS2MU5/z5lJhhUcTkWy6QDcPWd3CVH5KxAuNBh6Kgd1llRkImwVTzFN9E5iCL1m9iCp2zmT+iyYo+Wt430QYSK71iEcCaDnND6dKfyx3S3rUogFJ4fvMM45qynzAAwSkA==
1210,殷栋,男,440111200107085458,zYkiqtSk6VjY,lAUD&OX79C;K6,Bt5EVhX40tMM83tqBYoxUoL9Np1equSSzUP1996Hk/mY0bOnza8kUDnfuE+TgopjmAX0ntlCgqIsF9K1OqhYquXNmMBSSqmPCJRafvDDYw4PXCddx3cGzViNyuXxzAj7Gwy0KYsl5yvXgzbnkqVnZqkg7hT2O8kyczTNg0cMGM5cpDRvMbW0HlDnLBptldLye6svXs3MSvERRmM3O5XgbcXcCRDeWveLbFgMXb3E0bnLjEHX/hlO/uUk/r1Yq40oxGCMAzfB++5ALorNzVhcWQUnqbAhiTo+g9TQDy1JiBJd/wX5V4RfhKRM1VzR/5CzkT+ipWMCit2PkAfn9zZVAg==
1211,彭洋毅,男,44011119690117351X,rM2rZxcxeS5,f`#U2[fJ+mvSVp#b,gZtuK/CGVLavcKVFjcHbZy5n0WsmLklwSChBs3AgDaO3eb4zLILaKOGAJARpFtVcc7HGzBa6Bu21YJdU/5oxNFrWgRzYG8Y7mG26ft2plYHPeAN/fg/MXbTmbrW8KOtTZtSAxbUQ1RjPDKdjw3hZ8ApEdp1QGkIxlGA/nkPc3OrIcRvtoQv5ugeSB5gSwDK60OX+0ywICtvnY1krFwf+2kSvUPjyFarB5iBd/FlJ5zlBLf1Tnv6yQ4G2xt+7uhsIEtlqJWnpxaIVEqDQSU1GbjJt/mxLQhHaKlXH1TXWo7T8Z3tAo64hGmLWxzOz7arLr7g6L3RKVIiS+jZmAqAyVQ==
1212,马佳慧,女,440111199803021604,jRHyFjoU,)F3!;{^*,GNoqudZHq6YGjnOEUsLd8H+A8riO/NWaTKA6HNvmrH35M76xYOTH09pjtzs7TzhOGNJhFRMmtBu2WWQSBgU/7wGrSFFLLwkt+Yy/yjUQDHQXj8+1VjM1tYeW/anhg1yURuWorL8lIB+8KW6Nspi6llL9qBiXuDKISJoahkKx45ANCrIjosVCRUMVSUi5S6Aa7Vj/Km/Tr17G7JicJEdDEniZs/NaYp/iLEcTGYF49Av+pmDVFQC6iITsodZ2L6Owyt33qNAlnEyipdcbtpFnC4T957LrMTIrAwDvQ8VVaIDnqjrizB+4nVeTtbpKrripxzUwBuxyoTPrgST3NFmgxg==
1213,翟爽聪,女,440111198302278108,wrnqus,MPh*/v5*hb,bgGcEzT8fyB7AwYHLvevkTt3jYNWjRhuPGRQpGa40iezrDeizI47g7LzIqfd/Byddi3jeSWNpbNTnEisICWLB1/iSxAIgMu4dQOY836WOL67AISnAU86yUpxT9sVsPdL/LvLhhNFoNVMKuN+Ltm+ZPtNVjVWkHTyPE6qWp9Y+7aoTyh6pAV78ceQdRPS7CxsQG1yCFQ8Suhlm5fefZ6kv1jOogLlp5u6uROGYcmECPPpnMhRThSdZ9ajZ8ghwZlz4QgcNahS3Qaenr4gNMf8/qUW+DKVMJctuPWbheZWdsCT9YoInuO72K0L1QJe7PNWlKYL8z0wFCTbMZeeMFYcEw==
1214,郝雪琴,女,440111198210167005,wqGmLIsEa,.j%?EVFb,OR+odNL8A+s6JBMOmTqlrwR7P5V3K807Yt7eEKiUYx1M4QkKXQJwCi78KsajO8ZkJXwDsHfO4YsocEQDqb7bDWF3i8PiYxjkOSu6Pf1RddDYv9QvXcLuvjRAhGIPe1ii9+mZ0+tZDjZ7rC00KzRY50mrrkokOGLDLZ6XnHVMAd6OEhpTTF/ZqaGTeJsQTihiFnqfJuVDo2p/5jewWZ6TApuG60WOBbDX6r+VhU1RR4jfOQLU+kd6n8vwJ4SmVPOBfx9X0xmy4WmYFy946x4EWjUecmzj+XV6JAZxPwfasvwro+QvGa1s3IvBC7OURnB6m0QGfyc0v4NBci+m2qG3SA==
1215,蔡萍若瑄,女,440111196808199862,pMCbWRaf,>i!w36D@A,pck/1oQl5QLh0tpI2puPfx6hfGqj122rtzPjWE5vqLtCN2noVx+EwjdjsGl2sG/uguJcYc1qwAHv5Iykt3QVCikpA2FUeLcmAaZXhYyazRHGuszrhZ9/jH+L/+AM/bhXDOszeBXc/cl5b67vTLNfmRFfSfTDGZRx5WYxAUGaHWvK0Yg86OrxZ1wsTZtI6xq0U52WPfLK6XdrPfvHXs8J9+qqwbJye3eGgMalifhJAYbYk/VjCegM0D594E2Ue59XUeOGl9f7x5WTlXHVMyHOvw8Y7mHtPiK463TjpsdjSlOrm6zU0khMNSWOAPEO1viUfAFFrxcOdAa/JRPo6OKjSA==
1216,鲁鸿飞,男,440111199001030373,l6sluO0G,]>wA)qzv},CuYiDfmBPPugWaWHQuE71zrBz+BKsWMid57LVhwWnUK+qNbVy3nILCQj0IobOfRUGe2qtKnC0xJUUXSDnMF2PJVJGgGc/CfvLLUtY2ELnDLoQT16mSn2r7XZgBofg+jgkM31tJ9loh/tPd/ctzuE9PzP7YFsOtUKx4MTqmFlVErksarQYPKra3wkegrwgGlYvxoBkTXz+0SuSMBPX8PjBnhOj7FjqGU0VbGeQLuZ2oM5DyEvFbP3A4VXSoh/lKrPOvK6RxeSHq9SFlReeY08+xY4KFtMewL2FI/9kS0TJ9+23rX2jTZUv8Ey/bUZcH5YZ8Q2PDcIhqKP41OO5jqPDQ==
1217,谭雅雯,女,440111200511292723,V3Cc2X,<*1D$0V2D%,XnmmhiUuAwC/lWDB2n2+MHxgOIntHbMhaM4ptyzUB3Qrpz0rXrszCr4OHHaJBchMq4rZ2y4D3iX2sCSMtPV0Xhiih4GxPOG/csJz1a8SXl0MbJF3ECNRAjGTq3+9bPns3B2VJYe203kDVlqKiH/fcLjLV/FrhUqVgIORxzy67X+qkLhANiV3LB9AP+IeSaNGU1/DzoxkG5+36eGBPK2BsABLypSEJ+cBNzaWty1FNtscALt50+LpWhV+4VYKOgBU+XfkYxD5Uj4m6zibNRhsLYoxvDyWSnZLGhylsJ7++oYcquN1+7KS+97c17QayyziXQpQcIIlnmem5VpBXMrvhA==
1218,樊同和,男,440111200305098532,GMgBmn,MNa16l>M;iv{,kp5PQHfeqTEUxN1E2IBR3jqRTjOo0csTUjlFTxnmjk6Ur3pwpoFtsR0Am6ZJHKk2rSNKjvKzGBp1RMuTKL8IurlbpfCIiyVWMwU2I7ReeMCMRTdZ1zbVx9H0dtk7CwQ5LeeQ7LFjrFEYyuyOeU/28AVhXEhH/xB7EyAFm+ru+RcVCoU3V6S9sm1Z2wWCpKNLjvFtWa46LzIzOnWZrxo6Lq81gxwYXmhmmb5beImDr6Jqgnd6E6BOP2C6w6toBZbPWbhfK8ITmGE2UPBpkEB+zST6UBgTpkPS9H/IWajSMeFe145exh3GMKaANTVqH7qAsjglIKUCOuaHhqBShiEvFw==
1219,贾浩然,男,440111199607167091,DworAcgJEI,4.EGBPVNA04Np\/L,DZDr47oeqDFZlttyhc0PHl3zWnDOzlSfV3cEp/nyk/x6sHm8k8fwLCkBPQ71AQheyAgWdCMhQI8EX4yRdgplqWlWTthhDiC+1fwD84QYxqL3M0fxqabwR3AvRKtfqkzu2FQ+hnif8bw6qvGtroLoa6k+6XriCdEisG14TZR/8oVQ1AdxX2GpT40Jl4+N+xPiw+3cZYI3Lq8FnNhF8C/eRICpOz4PweXDro7RQz7ZZEYj/O6q/mtXumU8P5bMagoreDO9Jo7KpBaWwl488OGD5wib61621hX2uRRJBoiXET4ZhfgXkPjAXnmpmEzVJxSx1UFnjc6w2LeqNLxVAoDoJA==
1220,唐杰,男,440111196505049736,JdUdUvLxaA,U\K6DI7Cp]TtT,DcIeLGP8nl/AWMwAxBtBe9M2dgdEJy/wt6ihxS++eNc08I51GnyJePCaAZdmpesBqO67MJZXkJ4cDsniPQiVEhXyIhXrWA7+Gc5oEdGV87jWNUT4GhkrWQMj/818sQqnjhW1tnyr+6bb5b1e0r5+zpX3euDAd7+/r11aYcUGR2+KP5+4hzG/jl6rVIn0rFzuZCdOlHtJPkfC7OYis0Kv474zJRDGJth88q0OPqwtvaF1SORl1hkvsmOBuQOU84MXLKlEuhBTT+0NRhASNLeRoNb9weInQUmJvywUkqhlZVwCIMdQ1F2KPrRtD4bj6hyv38UO5zwwbq1Xtv1gCqv/tw==
1221,张嘉欣,女,440111200310061005,BMByPfv,<-:8x7Am.},hOU8uTyAt2UoFiPTDJrIxPRSAjhdtFuTCwRYJbELHckfF+mqWn55qK7ejcXlOISRlP6sE0bW9iDlp7Jp63KOJ2baVAExe3XWGRVL3zqe3DmhnBEquSOGth4GYxnL+Aq2+EVwS3yeibPUgkPPPkQ3Zz+DDVOpkOlKKaUZFvaM9VFb8HEyyeASXpsmteiSpkr9O5j5nazaPbZBjuOyrb1oMx5IHMp5UEM/cpv0ohCIAUgjz8xqoMC4QDVyOLpIGYWG0lt3JzB87Tsw8Ko6esi6JazJ6vO86v8t9wZFDa+7QLsa+Yjp8WpTVRJKCnWCoalHSwbFputj8TCDK7c1Fyl2uw==
1222,段慧敏,女,440111199510122049,RwNXMnkEgwxE,S??x1UtoFrI,Ii8fqaECXPHg/RnpNgJd1Q/QK3l2eqOQAvQ0WMGUWUyOMtmPC3BiMcrqt1OqJJLSGm9JpSQWDIwgJKkhzLust9GHsfsPUZpkxSEdSf1pYTq16mLVy6+4VhJXPZkF4ZQ9J4rQBHE1P2OmVIlfiGNKuWAPzf4VE0K9+33OuFQzqH4AsVtS7omC9nqm2e2nVjRV+P1MwmXNWx2FJC36I9Xq5iCeYBYXSk+bhehA6dt5D7Xz9M5gwYYR4QoDyGf7W2x7XTtRMW3psr5Be74roGs/luaAl1/ENt9fNIno1eoE7l1k94QE6a8Yt4+1FXgDQG7Fn5NJkM1rCqD9F1BxmB8+yQ==
1223,聂天宇霖,男,440111199810264057,SxreXO48bXR,1ECp>cn)@IhL81k2,rlKbQMkU/7KLzF5b4QTauMU2BDq2OY3aMGrQzcx3DTk79kxgwIc/fUsyLtRYiOe28Q/Pkfeo2oRR+zonRzmiTWJ15AxoKQiMWp6hOeXfqgQn++xjtV7Fv0XwoLZKJ7LyQ4dBXdziEVrclgdUTnsJ6yHZ+RSOu8K3hNBUcNc/BcxMjo6iyGgOkawtxEz+kEercK8APVwX8uUce+DHh3JbKVKq/9A+30FlbzmU/Gv4h4KBJBORmQa6wn+gpfCU1plj5JHd4KUPCNW3wCtZhcHN0drrxjU5ddrvuG/vJ8dBbgtM+4WamXJMbiYsbLOBHkY4p8dvx5lbzkRuiicmpUr47Q==
1224,洪玲,女,44011119830522632X,blSq71j5d,bz&~p!Iuw+Y:vi],jw5EW73RxTxNKdIqc6lvhmRB4X3Lhn55ugybE1qC0cqRCcHrwFivDhrXKxGf0FFmYv0tkoGaBkD6IqTgtTA+di9TYHebOg/wz+07lfxyzSwslsj+HEzBkCz80OzWNfgG3jFPgIJfUcsycYvEmp46SJ6CJJYeIwFBKtPFDySuyvfSEzl9T4LWBqBkTHeQjgmasWKUZ5xzUNwKo7OmFaUMPKzhciVe7nDpHquxRYbLGNWvn8zMbFFwRSI/7QDTydqiUbW7Nmjh2F/XeZYZEQbRP03mmEJgYL8lWjzKX2T1pxUMwr/wdnr3O4dNZdvfbmHHr7mdDKVbO342suSi9OEEYA==
1225,钟昆鹏建军,男,440111197703285478,A2xxyQYfuWtH,AfUuH%er7y1qY,ltpDcUU4NqdG+2ijgsGCHLNmR8gu5HkED+1Q5tBCJ7JOABNhA3U73JQrU0hqCCfnBByWiH9DQeMVRz0eakz3iPIMCzio+KJx75apipCXJi4xKlKKdv2DwcWkkznPHZ/4yMqrlzIifTldmJn7nvMUKN6Uy+vsQJ7wPE1+WZOo4gL6MJFetT2QmUBZyQE26Caz47qL2jq6NKl0/rjbVARWMZhkd5wpSBBcN2WEVXJ7MuNbmDVJ0eCXaJdafZyQpESyxi2CAihnxI9+23RMEDpR1QO2m2XPPbTOjxv7CHu2v2HPg0ceRYZpF3lnFkCDkAAKGdyBRWXWDW2TKDXcRtj/VQ==
1226,闵瑶欣,女,440111197502093728,oYT5c8U0,fjn9lCiHqXj2Bt,EjoBglxl+KRtVRQ+eES+TDrJQKb4VoovydG4t83cgo6+RhRHJh8fdvhxUz7xXdL1Yw8d3iAsnx5h7exWEqrrQLQlgNrPBxJ+WR+ZqdvNS+0GKhn1GTc9mpIe2oTrySSgaRV21iDuPX7Tf6Amm2marnQqhevs5HzfPHGdGrL8Bh9+EmbDCPR6+yrGCqMVOvqrc0F1A2EW3pb8rIK9FfCK2n9MYfCxzUladzSz7huIyj10i8U/qKBRhNZIB9SBWI2jhIuQISfY0mdJO09vcw1DuzRsdJdpzs/8WyTIBo08Wos5llJg7RBQWgdoP2vF0WdM58LZ76V9XX8ZYzDQfCeG3Q==
1227,阮森超,男,440111198012223176,N3lMBJKoYmBV,n6xc<~w9U,JQB0VkYQ6Aw8IqTZwe3fZbNt8x2Q91Z+ZPk0J8pSFTFhvSITeozwuS9W5fq3npHd6hgs8Vgtnb19GGo3wsnFWKf5TaarisG2EJqEBdn4VynDtgdjCDN0TkJkSAn/1hVqY3aO+aYA+mpS/ukE7cclG5CeH0rLhYR7n/DIwsdgqNCL0IRHTKQCJgYbPDDCnmKxFFockmYZtYJbEdpNj57CxM46WrUWsnRZrMglLItkNhP/p+NZeGzBI8HSe5/V7R8z9VPKaL5c6hoj+lB2bedoacIXs2XGSmyzOqJ2Ku05bleH952v5wNhGIW03hDcq62dTN7VF+NpKKFDMPOO8d0mDw==
1228,颜晨向阳,男,440111200209046214,mA03BE5182M3,?Z2NV/ZNJ1[{^i,Am6wZUvrurJOK2qLoM/06280NFhWDVKpHntiaO/hA5FF+/VS+JBHpqvkPXbwgPoKa/ez02Krkv+3HXznaXrLzgw+glv9ev04U6bPT4EUsA1lLgVEQ/KZ95v0uPxlucyIyq5Bf0QPR4u37u4gg6Y2bA7aPyG5q8DPL4Gd6xgjKY4p2veIkH+YBnhWb6dfrQ+u72Wp9P+7MU1NOPjuEpYMZ2liLcZ3qfN2Z4atZdXLa2o7ma/UrT4z0pAz4XUCenI0x9Opu01v5Gjfi8QZKgZnxPRXG2KnuLuWkrCZ2UVHg3C/0ImkQ0cPIUV1bJOIpcxtyUMMIvnQcP+n3ggW6Oxjsw==
1229,汤颖,女,440111200506066764,rlc9wR2Oo,nK;1#fvk2N;Hxa,KWHZkWTbiL9xapC2kH3uBdYE79ZgrHP8ZuW5S/HF9ggBdSuJEebnlOkKXvnJTGNPKf69MUyAKWpkl6J4ReyrQ5KUMqjTXnZh2au30RUPcvdkoO5bMeAacBrBN1z5Yrh/AhWSWtaAeLj9A0g34EXYY5S3FdBqTruaJxugg2KL20rJHbGe9rTlkM3eTuRamJAqAROXsqYSTRF3MtnW64RHEFpNRCMfyvykvZKTMATCFMw2/wSqSHOYwBkDkq5wB5IvUFxQ1LmXpPg7G9WvEago+NY1OjBg3AYpjkz84v/BHpF2XjPDA8j5RfnBVnXp4htQExrkx3BVKC4Jalad/xZYyQ==
1230,章良平,男,440111200602248699,r2m4qxfZjzE,!BWa5`:k}a*,CXOM8XakKN7KKlQ9/WwlvwD18DVaXzwKPVct7lJ4NKJCyc8embB3eqhrRwHPBvjsEfx/rLKDBPWbFMKvED3acH3yq3DmUAyR8oZP4jCO3JzqvTiGvQjP+lvjExh4mN10n6Vv1gwgH14Mp7v7VMvzSRry7EXpTcrxsZI/kDJHXkC5sWnexFWBroiAKHxNNoHpmEUVD702KexAVRFQ2DuYv47lmbXdEVg82djwpV/NoWZn2nRvWoFSFvXF4HOv5T+rRVx2yv8JEt1GYhRu8Sr8g0uMKd2VfcZsRlX0MibTKwPTjFT+5eW1TcaMn9q1frwvWyvk3/C3iT/8buv9CvrB1g==
1231,侯博,男,440111199109186476,zvJHVJADem23,VYfDsXyX,rxs/mD28GG9GWtT+65ufkHpVhsHYJpiZuQvZqib+4Pt0FUVQkXeCeGE/cqU5abqosP7DV2S1bh9AotVA4ywKpKB4YtS3tBLfObFLJKieT3avBXYXesoKTpFEo4yD5fx/as3P3vOMrRR1HCetLqmsBAhRVfmhGb1PQ+KFMxByT1adW+VjU3tj+xbEx+UVPnwkw/c6F9aouQaDVCVBB8NqM13zBlC2BYBn7Uii6fSUSF8juJGkPBqkmqP5lcI4ce1DlGeg8rjwTbMZSNF4mBzsVOmbDPFCl0xTn1+OdQ+R/6yjnntfAKUymXXQGoVWZu2XULSA4qAnTXgGOYxy3Jt7hQ==
1232,钱旭文,男,440111199106273777,S2PKW4,Zd<aL?bS,qnTuvP9ueX12F/T3xwIZHErG6JMy/ciJXZGv+hOINklPR5RKdHPQR8m6rFflgfJhzaI/PWV+//FAZJtU32q+pUwzGqAvz5vo2h1+Bbn/Llgu0De/ZXmGMRLZYQeEPDGAdB0UmhcY5z48aptzmHAfnSC2lo2/EEamandqwK7+cvUla5amJtPpBs0YoednScGHFFe+lJV4MxZQt98GcqyrSENA6vJxSmAI6otFWnmYyWAUmuHk8Mz2f53rt8Cf0Cibv2MsJ2wMHOCk2zbEpH4XQZ0RC1JsQT1C/rjDysjib+8O1ZLh/7av5lsk+5hO5wNcOt+EtjA1FDLZ7QPqcPKvfw==
1233,陶松,男,440111197411094477,LXfFB3XK0D,J(TH7A<P}s]U(],FT+m27mbrhYdBFXm0Rf2jILAkHT35dudXYJ742v63997yHE1IWidXQ1SRJBLyRIZ577CtDzvg2xb+DfJ47wSp/3KUumcV9f1rguB5RDv0bComQFciDsVMlUCXHC2nWGjYNMb4z1j1oVza0aKOq/rXMnCU9JMjqnAUFbzhAuVCpL13tKgqKKdDdm64Y7kgcXUmZrzC2VTWcVGI/AFMYPLXc/VL7YtRpwoiC8sLN5D0nAycUTxXiq2cjnckGichrO9x1v8WsbVKZOZKed/7yAGznkAimkzo5re8kd3tLMBrHrslAdIkzz0F0rCyJhKRQDLz6mD8Wb6U3kduWNmTXP2wA==
1234,柯娟,女,44011120001130568X,kL3vYh,~GcJk+hlpHSO,fg8fsxHZxUy9/uBbgOLXdLAh9AIjmzn0X3UctW0hHJAFDCyFyRuYr5l9ib8E/vvucUR6vW8jhDmZU31bKL+1S76YKa26UrrW71I08yy7Wli+b8/I9Lye97MwlGZR6qLw5pStV9azrjZqA8UXBuwFC/mjt2wc8JBDfb37vGUrxMYY5BKc0/Gk9870YhCMNM5eD9tfb9DtR4V04ZTJUgHLQzKw2p4oXdCNtdvyCGcn2twr3xkb/fgbdxVzBm8EPIuTSHxBesjtiGA2PCVbW4mDNzT8SPa4Olt0iUtW8IgRBiS3hUdjzDsxULa/U7QV66MfCx6QZP7cobyvx3/VnQZq3g==
1235,陈诗琪,女,44011120020821540X,rGRXgNHaO1,8QP~[{v~X%U_b@B!,pWuvSYTiBZmexARcRAI1HsnnuZ65I7J+J50ADZuayOCWn5Qklr+7dFanOkAnRStrHOt1k1+u1TvtnYZrnupiF9Kd4LT748OWpP3pLqCKOCEJM7hC5ErRIjepJ2R2gg8dp7KG0UHAuteMX5n+yxOJf7twfPYZmbs+2pvETOCQpf4suBtC5/MNUHCwQ2bF+VvvbeVy82Fl3ZHuSR6Mub+dhXB12hEbZb8sH5HU9c4rsDpJIa/oHmUGEZZwE1RA+mW3mNjOAQFT9mWPgVH1iWRaYlUqV6opaLpCt5oRNk7zUoHKlQ9+jlqLfMdrOkLd8A1X1gIP+YTuxZCMb+PKucpcQQ==
1236,白峰,男,440111197211061953,xNFCJaOC,v&&c[{9<VVXfI,EHyDr76kwMdysaN7aNV/s18kA2Jx6QBkkykSnGhoLdrujjn8GX+I8PbLBaLwPdzuoSKBvx5d9pgqmEipvYZxYgjZVcZ4lnkq7h/bjhrubFV1ZSk19Mgigd7AaE55i2rKyiIIrT1CBlUmu6JYH+vvZ6TFnWDUY/pSBsQznwWHZ4Ppen0tXDT1CfM3JYs8wEDX3MI2l33oyA8g2dLmPq6orhLA0ramCaS3KcH3umbG4iINnaGmuLnwWDVEOf3Dp1VaQKQ93bZP1Rkj8KgpfOibRn4sMJu+Dkpn2xEFCEkIGFAAE80zE/FX8C0WECYnGj44mEV5mxLJ2LoPBbn/sbcjnQ==
1237,万磊,男,440111198006255833,LWqYkR64M,z=ENWqe_fse?1iE,N7NVCEm1vvvYi0ZyAAsSGwQpZ9tSsJtZtCpYMj5dC5j+xOHZszUBxbtJSsLU+KPNt2lQIHs/ZFOLWdI86SMT4ywHZ1N0AL14m03Pkv9ASt/tUkxYxt6T9PQW25dcWSYd7yaJBB0JAOfJhs9vbHcFyurwbXhfnyV3bWBCzbW/SBI+ru+3tEE7QYSOND3EvUwLD/Hm3op1zEbSqBmWgWIoCgtRL6MWT8mNsAtmGO+g20PTlGf7Or7XejG4cf683UwalPMrYkRE+bF60bx0QTx5wPROSYfN5hSVVqeOFhgAZLCtQYNWGBFy2coJhFSvJfV0y2YE99Wp7AxCa3aCvgbQvw==
1238,曾文涛,男,44011119880511173X,gARKAnsrrw,SW9/Dl5!O,b5BogaB0eBcae9+Ffv4GnuzG2TkTWDyCvvEI5GOFxMdDWZDnxEGjb3x5j6f9yqX5y81qR1RbQUUwHgBvwW6svZ+bVZBvAEhy/Wsc5oBYw3ElfYkBmlK190tG4W0DhGZN0X0rrSloDU0hsak/k4nzhdA+rhyX1qavA7hSukk7+BVVENwmcvewMr08el6LAojXXd+zHCYSuXN7RcDsa/i0cfB4vEO+e4lKwL2yG3F1SnkmqOoKalR65WWduNjasMDs+RxULYsIBuiiCR+vnK9S4tB3BUWs0LKfiuHHhWr/jPEgGb1wSiMcfEg213gzzbcJAO6dahQ+G9Bjp1J11O5CIA==
1239,高诗语婕,女,44011119710628504X,HSFHyz6uXD,E_3?U`:dQ#\,hs8IerHY8pWGLcUcb5zr3OMdqaFs9rMIGw+PxM3PNASdviDdFGwiH8OrGohNFvipwZFcw4YSVW1N6XlN4vIJ4jYBQdgl+Lf8WZpCUbQVqIc7Ep6YP9TnL5FLpP4PeqnXudyY+EZw29ZrSckYVVNIzg7U5sg2vmHeI7B3GTBUYhHGS44CnbzbvzhqOPu+BhWeeHHRGrpnWI/E1vnlhafQRAcnz4YCXqnNRa8g0ubv71wT8Ig/7lNHLR3CmwL0i3hwFrPjmfpFVNQnyvRAxKR9yV/y52B5i5OugSpIA60JuIUyRzqEZpZ4VHwPhkmHkUzUUrPvseNYvDLVex6iZrkQkw==
1240,施菊韵,女,440111198302276903,S516jBb,E?MBi(;A&,cupkeTOOLFIeuKwdGlIytxBoRewg9CPw0l0UOOlHqzXptTLLYqHsCF0+zoFtMrwlRCRg6WjuOAX/BH3PzzYx7BBLRpPrkKIvBDknOgowYYpSJaEZwwCPozmW3m/nPPRvO0dROc5/S6uBhIpZCjfTRUNY5YY86Y094DgO9451ngR9ZlV+bQaRM7mYvTaB+DcDNLdyWyBSKNuVq5+JEgRNQGPeMT3r4DFp0ZOxSGdNumsHJFJgAtrPcJHoOI20gv7zQfNOsCL8HhGbEuIftRkEHyzk3vPe/n+Osvj52SR/MbG9F6op2JXr/gqqZ6VqebdaMvKXDD6UNtkgp3bJTRHsug==
1241,温园若瑄,女,440111199405035488,jRzSF3,{>JzP4Dukf3%,h4TDuebG51ZZaV0r2WjTzn9ynDiJw4oICR6fSWJCogp8uJXbzNcXOHyScoeWGBSG/1033pWqCUog+H9W8TCJAMftqKfvMiWp0f3Vt0nFJ5zYuHNtaiwCBwMFUMsvMDlVweYkQak/DJmS+JAavyYKCzPL8ecCQlh0UG/PwYntqxEOY+pyaAItNp0lfN/X0M2Xr4h6Xvh/O486gQSsh5n6A3RmEmGhVZleKwcJo/x9ZBBL8Ug9TJQuI4ekU8qzQXsCDcdWEdwmTp/X5fxAdFmRELBmf68Xl8j5BSX1ZK9AFNZYfntMIWMEkAN2OnDlR0XMj03DACquBv402Y7GV0QRxg==
1242,侯纨,女,440111197108207862,om2Ey7H1Al,}`qY036C}@F,e7RXHmympGKgiwMlv9hgSwubVkessQpOSC7CGE2zsLPBJv2bt3LwbN5PtCQlJaYIJ93qKxBu5g/9gwpSKpcM8J1R0+7f2V+9f2RIxLaNqGv+MvwdRUdC41u6Bf9SY6k74nh8oGGapN9uxXIgS0BwCgraDe0fsfXpMyfeot3rnVT3fLyctUiz0Hy6npZCFSqj+PDF13UnwusAbfvHV1z3rVpn58MpnU4Rby9sP7w6HubJN0/Q5kPnjrn84QrsD4odz2aS1ZYeNAQTT7HJy5l1T30iOjC+JPD0RRu7CVVOzzv6KngNOe3ZidcCVhXq+i4/2AqvWmGnNZsdUiArXzVGFA==
1243,车哲,男,440111197511012897,qcA5ULf5p,5c1]kG9nCPfQp},JOHx9jTVVNGOwsr4siyg9e4LZ3PUTcF55OWoN7yOY1BLWUpULjvRvdKsXmjKyHMutWnc/8ghGjFkHMvVmdZ7miol0fOaPUCPI6HTuYdE0sJAEPQYTmrG8GGPNL14+9Jfe/LwYNqERanE4PtW1HF2in6DBHA802krnS8erXLctRnzGxgFen802TH9j0fg+8SeeVIpIK0YRxd7/rfo2sSehElW6gkTpKitTWjUDzPc2GmhMM64zi5l2/n4DqKB2JEZF1f1cWO25w5j5KknHGgwv+QvRm1nTQzZNm2ZR0mpIPY6GE7O7GHXkFnn3+wBU2XkEc20dDq2hm5u11H8GvtUGw==
1244,孔思涵,女,440111198808037563,t8wXE3MDWf,]sO:;%19,HJro9I/Hnc/5Yb6zmNz/kJVk9Vgi0zPWCsIkov9JTPEYJvv+MpyZF6X3tATQDSkYYm9Bsf3vXJAycoeKRt3Kppofsi1r8A1Yw24xE9koUHDOVl6l+WL4Sojbg1Fuo5jgGMAKabs5Pt3oXMV01SoFDt8YbB4ghFu64m1z0wVhs/+VfZakpjYIBlZE58gzdeDxxwNB/l6feO8pLGksgFjKoBPuSmXgJGa/6LAjHmal0vU6gL5ZnVxQuJAu9Ie2FQH3G+1PZOZ/WEguXM4+bebvbD/VoGWGkqpPNrgMzQpOUHDL/3ok8sXkysL09PI9MX/h561oHkt9YmiBHyJABJ/fxQ==
1245,孔启明,男,440111199611015752,iBSOL5Hv5Bk,}k=2RYM#+,Lig2TZK7iMDblvBKVLRep1zGiDrhJ/KaOzsPjwHQX8tg+qBLF8Lpk/0O5/HnjqfAy1KWJbjKpBWStat2YJbJx2mtMpUbaO5fFFb5OHZKguAj67r6zITCh+WzojMK4d/PjrgHkEPtyZw2xLmopI4MgfPt164dsR/FU3lpRh+c1GiwFNol8W6wQz4jt6XjYOkaFNUAPth4h5TwavzBR5a43Io3d6lGUPp2jPaCZ2bZ2MprronY0hjjEVd4TUTDbgs+UfYblsI3kOcdADY32ciyay1RDq0hbg30WZLY4hso9qdvjMxAle03szYJdvQY/7Ic5J6ifAjKK20GUsZhUN+q0g==
1246,汪丹妮丹妮,女,440111200207103609,pEBO19Ne,:1aChNM$|w!D,WCU8VhRcr4trn76wGb5tR+Ke6Igk5RvQRhTpVfMxWy8Huy1XPA35tRjq1yeoyNRoiCmajrCfe8Hp4q+7YBbtUD/beY2OvkI5OUwhEKVAhW0pKeGMJjhLnFRbzzWIoFQ3auyvJ299cEkpgSImN5XN/UC8bGgBDEV6Qh9SJuNyGcVUxsZtozLeqAvzU1+QUv/aKuj8kKwuD2OIid34M+LBjv9+Cwja+FA5uqFzYHtMaxWiG7IZm38J9yaYG5RxrxtxrfZ4S6HMLyFfgw2XKmyQo+em11yDudpR/IxGEkFmtPQ5HC8z/udzWqYHpX9BXDI+ROy+8halBGsIp2P1ctsKcA==
1247,樊蓉梦,女,440111198904157426,3QQRN8y,2giXmHyzS,RTw5hkwHuYWyEUuQbto4Eu4lGtBtLSrem8dg+4aRJ0ceDZq/JDgva3d2m7aUaIWSyA2uHChSN/DIniagSlNO8uowWWG76X0iplchdkjQrObnf+n4j0LdF7FFQVN3qBiq0Z3JhZMXMo0ohFozXxWlOaD08pT/8F4AiUjctB2cLVgkqwZerjTBeKXo6rI46YkEur7IWQzW+n5bGPMdrUKUp2H+54Fq3DDSg59M1raqml1TDZ1BcwbwtU+FWYoaAr4b9BiYSRB3oBSFnF62JpVi8KuaPdj9nGGz2fjyOdV56KTy1Cza/EhiixJqn54pOS+Sj68WHC2kt488BS7tTPZBrg==
1248,蒋柏,男,440111196707197219,NUmQXy,p]a#L9`0-JH[,ID/Uoyh5E3KZI+MjZBU0Bq+INxyfEXr9wT++xYeBUjd7+YirFXlvhzxsWgHZMv5uaY3eRvtJ8HrOqCq2YivVY+noTXUW8uStViDxEGLuG1/lwGreboPAXLBKWHTn6HZo9iUEhf8elTb+41KUqa3MrK9yuJwNxbdRpF+VhVJM9JJGkMMUOzU1qTPxz/le1vw/nEwiK+CD4Ljdn+bSwey12o5xq0voL+V6KhebDXJzhVH7MyJ4qMBsbnKl5yPbW8O8rX45ElabXviPcUuu5kdSKiaOgNQ+fWRqTADUdBke7gFfGl+BjrUEhIwzOB2nB1YNIx0JoDEjkGSSxG7T+yXfKg==
1249,于慧晓梅,女,440111200010264820,E1DNPk6,o~$hh6yloYX4$uaE,eU2Zq1LsVLg9ekKI+maPPIR/TNKHWvS9kY+Pp95kKNPgIYu7/oNrWwdDS4v09KnjrIgSwd1MfmOV3JcsfFM/mLrvO1nOkmKsDVc7gwZZTmEVD41UREbuvq7CTIJTYddmzIyEFlt9zkhIX+HRgDPDS4hu3zXzUNrvzVoEBmU/fSJzjBIWj1CCEvpPFIQeWzAxe5D/xt3BK8UU66b0NaAOBrUtOCWYftDZi+JsBX9UT25csbjRvkwsbpNE2Nx56oZ6g5GZyBCTiedzyYMDi+iuzXsOZu8Ns8vOk71mzPCcuMlNR1pfgA0CL5nl8nWwxL0Q8G7xHNSsWzYs6Rctz5XqZA==
1250,钱颖巧云,女,440111199004292686,w1nl1g,F+ou-<D[kvlr6c0,SLalFLtvi2jLKBl7QaMXEOEtBXPc5t29SEjASp8nR6YW06FOxX8XYmSnNRW67WD3/j9bHNKDy0QaLDHv5f0PhKxzVVbYCeC2eY6icmwbDdDO41ClrSXRChf47asSIZ9mCHlKf4F5+olluoyYvvb8sZU/umVYU++YwbyC9yvPoCkCqh9sFKRe2FhJ6xTCUURTRt0LPmIQIpb4b2lDeOi+K+enFGxq+9G1wx2NVqazBI8FnD0U1Y77BodLCC3qx5qqQgD0F81DQIM5vzmX+Y0gsI8c70XMlCp97Gsgy9zCcP1Nm6qfdfgWo/zfO9Izx4AGLTG74uS6o5cwfTG3goiI+Q==
1251,管瑗,女,440111197907175705,dTDnzzWg,MGTg26%&IJ>P\S,S5LjJx3IIYwr4BMAbTWwChaQTDR+xkvupJsbBoRTfBRTd2ZaFz7VvImbIPgaigEVoIMg7S9gm9ME9w7hNc2jmepAsdhq3clYPpaFpT1/PFXMQ/XAuUqebkdTHq7d4QA5C7fQb3C/7uyb3zMLXGTv57CfJYf2aO4st/Hr5qsPLkPyYNdVw1TeDmMxvgTUIaAJfCC3jqlgcJfV8bE3LGNce/ZRj9VEtFYMlbqjslArwF8c5vS6phIhpqXssftLbh+ZyE5pD6uxJQZpAhZ1jAQzzKNYgU/Yug0CA22lc2m4Oi7nB3sapCYxWxY7FmXK7sGgXonK6C2bjmcLc4EopGFLLg==
1252,秦荣轩,男,440111198311161913,Bppbu3NoWkdX,(g>.j[jiHDW&XJ91,Pgh6EC+ICVlzHVf9pnsBEeEYijZXjMSlk4SkmWkQAhG687ppbqKX+MJRgPMFrserBsEWEHEre9mMmtW58CnRKJ2jLwD6fNLAKJT6K9BpoKUXrP+uCnA3GLOgtp50yOAaCkOOP6+27ObdWeWhJV6hi2Evf4DJ3QJxNx7U4berZEXqPOcyFy2KeTwmWh6XYsXTMJCi4M3C/6V5sNg0dSphAsU++k5RRjNg21OBV1JwxHqw7JayidLbSHmDvdVGPMHefcYv8ydUKz0ZKcU301QXCW2H/TPTC0NRr6t7Li7ISIHv745I3ZxYca/k3eO2nPwp42O18n1onLjP4YlxkZLfSQ==
1253,金语桐,女,440111197608254286,tIRlAc,[Fl\6n`4,Ea7aubXrR666Vcme3LKc1AKPuswxOvI70Ge8L7M03S1DbcdZiXhvaxWnDdsDUWlYYtwBNxCxtLWT2vAqwIqOpxNnqhP/Kv+l4LoAmr0McD5nQMSVv4dEXXhkljpq6GDyi8o7cYLZzrKOZDKdhdKJNju2o3gzma3oZVq0SYAPbltC5xGGia7EhquYJmZ0cQpUk+xv4RhhblJ2bMKHPrqi5IiSQsmSpE4oAC3ymhliSWvhzXLsD5Z/YRNxtdrEqf9JO7CnK/EKtu0oXZmOUAzLgteUWhkO9dnKD8JeazLzjRKnbYvutTsODhN8eVESJ6t18y5nf4x75rPpqCenYaBvXA==
1254,欧国强,男,440111200010207738,PzD12aSj,ClC#:~:Rps,Ar0UVNybFwqeuaH/jefXX+g4nsUU20MggGg2+CACv6kqA5+q/PL6oxiz+DmvhEd9LX1WO4wMW2EMDrArWOWdvZOExG5YvlVcdgKexs46/2v1O3HxGAPKKNwYEicoxE/UNFJ5noHYYzFTOAJyda1Lsg75r0gkzV3KAt0XBBTrS5wZgYFZxnfKxMBZyTupdLgLWBJub7JVicL2EfcVrv/7WVO69wDCbT2unQ8JbYSs1jXsvaN8wkrS6/fQ4XjKyyNFNVX8hPD3zfgC714S9JETdZc4F+uKkRN9HuRD6TUld4bNro8iDcCZ/wIs0brGPNakvEcXiQ3+lmsiUBf6fKcsgQ==
1255,汤欣秋菊,女,440111200009091862,rHN0OTYp,AvB75](wM1*:~4vN,MsPzXz7cf4K+kIES97YfE55wM3gZHJr2YSb/7Ai/zpthxOlZEWf8n+PORSXLcawrBp5kS4D8pwia1t2TdaASedZFg6HCNRW3DA5uDSc6LplHzRADramnAy0psy7GPA8yRFFKd1MQqY9s7RHiFIr79CdfsEgtrVdxcqQEjeXRniguWELoZhpuj8ohfBYPJKCkabvSUuBxlYJL6EZxh+qpWTIN1DvNf8T1PowqiB3syv6OdHeP0/lguGKDNT4dhnSK3+ZeVF++QevMS/kEOOtB7m2eIMOEtie9O1JogggGr+FA13YAT2SGoZoBlqKTXGYiB/z7jpWrcBdJ9py6pLKnZw==
1256,郭馨,女,440111197912157528,0EDs2RHa,=12Nj9BL49(5n*u,WfeXb8JS1LWeBfwC7PLCmOxdEUU+M8gpZLRBDhj3pcNszYMTCwlTd++IuFlV91/PdItS8oEC6bSC80BEIWERkVzHZv3KW6AuaVqWMO6e3+3+mXtWv1vbeMgGrPS9WcObMXFA41IJa+fpBGlkdyHl4YpvcbzZXaQ5jQGJ5EZMxdFdFiEEY71hrcVz6GEgtt/GC1Q7T9Lpdwo8E8au5WEqC947/Sbae6CuElzSrRHYrABm7Oa+gORGx+JIkSTfSxr7VSzxw5obKy5IecYAQneBdhh37ZzCy67fbUFcys70fDmvlBUEPZkXHV0Jw4tIZZGHicb9YgXeqr83PANQUq93fg==
1257,姚雪,女,440111197602066540,n2RjBsoBX,+d)y%P\C[-4-2,MpTRb2WNef2fNsPD/skTqx98cH+bwoQRPuv7YKuY3biEg9yKaGD/HWJ3apkoxkt/pPCJAlLsu9Wxuhjo+pIUvMh0yhfYml+gkuWZhSNeO8RfX+3MsYdtRMLltQxpRb+vi+PGDqycPfXZtrfcWE1V2/+oKxOZCjQWI66cZ3QOV2WwFFwgzZ4DxQTLIh6HPDYLp3lbjLli3OfZQA+2hcMozkI5TVUvz8fp9lfojqd5Tp+GLrBrNoYY/RtqiIlmOSM/mMlzkaDoqwuKEWg8U4MqZzFI+zs0716fA6ebPJg/EuuYEpxf8N41B5Ea3sE1qdeHxKaZXRptVnk2KJiPEaN3EA==
1258,白嘉豪,男,44011120050823803X,LUBHRzHs6,*@rt!`N3oUI,YOz+VwD+I7dSHMO0NfuFZG6F6QWkPjI3Ns6CE4/MT6rbFBATIUlY6gPZ/ZDN7BCxrgX4LM4TWJgS0j3CEHrNrhQjltNJpHcjkBv0XHGQdqpgL82cvG0g9EUCtL0ptUy15HKeAKRiRga+9ebGsXlrxMzRDAishCBM+IVECivKd7c2lTqXcsHtWcprQzkmP+cOUvv+wYG1Fe+EcjHTJ0X1a1xC7o6FEDhvVjWEPz8jQiZVtRaDLp/5/U/Fxnz7V9QamJqIw+ksWXkEOTgKIeCu9YdsKaLnRWCfcrxz+MAStRzPkaSYx3PZzy8+EMsVg6ABTi2PZ/WTFw7O9w7F6kkR7w==
1259,龙欣,女,440111197609010267,FB02GiFy,@+{N[t{=*e{m,mgKLmtccpZSiwCo0QL3NDnDC+2G2Fe93JTvUzrtNAhSxcaKSG4m6qB1NI92fOYXlNhfKftbb4MTnZc/6/xarj/omrRnpYnd9kceonNcafHqHpJTTj/foFDA9G8lY9rfM9mm+Z674DvZ4TwD9tbb/6t2Z4RodAGHZygsk4hCCdLwlNEX3z63u3EMxEsvjjKTAN7BlvJlqCOiIhs4wyK8r2EWxSBbqJBG4sGb0t4WpS9yBDCHdoKyWpDtRSnVq9qCOg9vJRm25e/r1BF8JWY8fMt37Ns6/stbszbjhl3LRjyVN4KyyJQEeTb6cvfPRxO+6ULMLUrROPukuv0wfruRPbQ==
1260,甘涵宁静,男,440111199508058973,pm7yeed,pZLj(eG(:*qhr,rDBbErN10yVwOVICaMERMikJ+Xh9Yq+VPzD3wQlD3CQEs8NYw1ahK4qlYUP1fBvr79k/+NgvztdRGnuohdIrvuX8YtDJNLYA6n7zb3UrrDrD4Nr5kSti5sc5MTDaUrwD+MDThV7BSui0dwq+5B7b34GYp20HtBTSRU3ulsWvuglcLAjjOGuilKHBgyLZhyweZq4+93yZjm4HUfg1avIwm2NDWTgPyjK8PIeZ0Tdxcdf1PRZufYeqBcvuaSApgEOfEwfEQvU01Ri9mmCt/YBAQjzquhdTPkRi0cx3jQLi23S0rOoQj3yVEzyI6KpZ4uuJCLAIOvKv5oqA/BtYigYfOQ==
1261,司茂林锐,男,440111199807142155,U18EDfpuX,`$0mqq%*64B}v),j0WsGno4k0fl3utQ6JVOgilDYjAPyiy7bpy7iXMQI8gS7TVWzcHg4BkvlHnXbx1NiB6E7ESB9nPemoD9+0wuTYKMugjg2GSzywLr2xebH+L73d3FWJ5M+JdUShfDTIVDeQw2PNmR7FlbizM0hh6WI781soiY1Bmg8FbAAquxMhHXycanMnNhwyRVn9NX2efYFVvIVdK0/yTqJ6lRVcJyuGwAUBqtfAUBww+8++GCkMV1RtvZfVAhLrhrkSyILZ8gTE/PsA4Bv+VbBxursvpQ8FV9dnfZWcdv9XKkyztcc2MRH+64nXeYb1AYiwvqBYL6ybNgejwA0u9VRgZ1D1kDoA==
1262,黄梦洁,女,440111198801303224,kOPgm4z,n9UTq72?,MXCuIF8jpmX4Oj0oJDf9axbNyceyNqpPb4exfwvniaBxVBCyFkjl4FvrOA8J90kvAOMLApwQdNM6AKCx61W7uDP0JXO0Va5iKLmoqIM7b2vJZTJXTcpQvQqas5fdnwYZNq+/PEgTPJ3GG7erMTtVEIk+DtII17IpSi8ueB/9DcU/3DePqKjakBrAl/BpAdXqNThLvnapSA4stWkguKeaL9dbSIPpV5+H1SbH1QkCj4FRgnURGqIR1PZPRxFEu8lOTxIdCJTZ5BkPGE+I6F4UbBz4oSpAv1k4j9Sj61OVEzWsf2am1q5bGP/fZ/c7D9f4Hb7L0YRwp0nGVpKOUTjcXg==
1263,毛勇,男,440111200310098879,YgbBQ3Rs,PmAcU].&>v98fI,k9QfShE4AuMCpkT0OCvaDkolEB5Ihs8EkJPzGzNMsRnp5DUscp8+3PNtcqNUZfl1EcY9Hl/DsJg8RS7DMJn/HlepxZ181hHgcAn357Nzz4Nei2HFKeYfhHAxWVKV9F2XeTCK9vsaLfvgvpl98Za0e18TZTz0tCyWSuNSiLmjNlHID5Y6e9V9VBMFvexBy4YsD+2n47weD1gK1gzK/pfqJRsBjLSWKz+Co/Cbap8L3KjUIwLiQa4Vn8jlpD/wSPy3PsM6eHB9Lw7csYmrllIJu6Z74YHn9mFVWZUZciQhaSRdepUVaBYvA7aCAHOksQTVKdCc2s6tK0rE1T4POSn0hQ==
1264,詹语桐秀英,女,440111198111229469,dJjPl25ijRC,>{P#;kEzJ146n3pu,NleQ61L3LoVI/xbw08aNgVzYNubHLdp6/igMyhMmCWqI3kYRQAMWOIqa0f53BZqiT3NttRxj4DNRV0/0zw8/yGox8iWf/wi1OpweuQ6x3ruDHY3iocNQBPyvh7JkfyP4xY2Bo2Wp5qPvpOxRe7dS+ZvjncEbLSVBlwcJeloLPxnvgxFRgBHUmA8k5y4azty0kCfgc7fEIS2+SfTnCc8D0lAAvxfL37I8EZ/5raKB2u0SFNCuzyjv7/oBlEo0CuK3nXoQI2/g2h775PyTsdnjFcQVP20OqpF13ecWwA2vXIA4uqPzSBOhxmZLRUB27mebYBgMSYTdlWQ1ck90uKv3fQ==
1265,杜胜,男,440111198209027275,RNEjFHF,#e^RPa0),VHJLSDARXaPT+q7i+YgSA2sXoGeCTQJ6/ZK+TLTbrAkfsH5PkLWuGuqIxJ1/mG73c0jIUEjXnEt5qP3ZLwd5XmNFWJ/gVs5KOguVywfcU94L662RsSEkfBfaYuXKQYHu51DgSboyHCmtVL5SA2RFDZZF5+xrZ25FB5KrCz3/q91cFvNdwM6LUnjCYWS2MhBDz9IE+DRReRlHfxvVAjxfizSZhv21dAzu7Mt0cJYoMWg8pUKtkbBuoILwblmjPppa7Eo+PEFTvfG5BLR3vHIVRPGtCXxT61dlmTe5CC8yZwNzz6AHECGBmPWTsZB7oSM9Ys9cPK776v/SZbGuOFrAsQ==
1266,梁宏伟明轩,男,440111198102229651,SRcBez0A,_DkVsF0`i.?PB{M,JXDt3e6BOSnqHH2vNKyhhSqZ5OjSKLy0wSdEWT7JbNAQyRkqrWGNLscntfQohmB6S9WGTyfXD6AV22iBjC6r4hHv8Kws/FJRvfF8s8AN+AIMCihKGjXevtPigiSExwEehlo2x8xCo5iAV2pnFvR+YPnUIKv0Ot0hpIOl3klZ64yByGkRZLWGfzYQWFI50E3iP12kknb4z5IkRfDcoUFNJQC4wuvdAYlFakmvxzBADelcWT9piRqoDzje/gIIvGA2dRTn+V5l4wwjcnXkpK+peiFx1dycsoCu+8ZWFq+Uj9GHTOZJhZ3hsy6HeltPvr10HGYISd4CSknCf0szH6ESNg==
1267,牛婕,女,440111200205314904,Lg4T3vUo7dbx,JDZ!!fifrut8slW,kdq6vmL6xTwg+mIulg1nOuBI9lr2sWfpijzRWKPVRb6gDygCKPiaiK5j+oin7VInfgIKpX5uZ2i2mmXD9jT6ftQ37CKGElx2RzOCLg3SIrfosA39DowBz+o4lD+HT9ooYYFgc0lqF1q6+tD4KwZQwf2TPBtuxfJzh+oG+CaQ4M2TiEfUVz4ieDEF7im6ZyhoVjrCS0sxhAwH18oF/8f3t/OVYLH43VcEtO4tKZ3CWIXR4BEAjQZl6jo+0Arc/MPLPTpa05op7jRmckXC6WBi+pw5zqb0dq24b7bOA72UBID512zfIwsiUf+2oHpox72ss+ZH8yuF/lH6vi5ll2Wp1A==
1268,樊昆鹏,男,440111198612302257,MivbwzDOcm0,?\0QJ4\tK/SofH],fquJ/i5CN9lCoB4foQU0Hork6f0OPXs3NkcuLUPH+5sxag8bI2UByWkbD+lgpBQgcn0dpWrKCfcKUmEskDnAvHT6NXWruj3LPhYz6aFrnYXYtzL2AkyIegPeYFWDSebvgkW0ogx/8Vk0WgTW9Hqn0FDXlIJkt8kp63ZeXNdtv3pYspidJ6IJZH3njiXD51Y5Mund2p/R0vAHgFiNuYVu44CM2PzDhc9/rs4UW7Dyr0GvVjhW+XXiu9MLwMwvm9NppzM5YNLln7PWbQFblI+6liXXKnCU6VHGTi82dJOislQV1/vPwYENoOblP91lh3lwETBOUR7jv8VO8otJCKClnQ==
1269,张聪,女,440111198402053926,XE8mSexwZSqy,!!e>wRd!O|A]f!-l,oGeDQCSmQBq+gKLlvugOWIGId5kHXAmvaL2WZrICgNl4Cu9xNZXrgc0QzhuaKm0pEjutUiOPdRDPC9rr02lXtOgIfL009WqOLaQvBSJxe3Cxpk9mmHW1L3894fG1PuX43t2zR/9lxsESi9NkVuJEDySrKt4L3CCBXyboMNiqa00VxNasfR8U4sTKRK/9vrvIOYHB08m8xSgGVubWYllJHf/ni5lU1DYvPJMbLfObTeP62nlbPLFu1cdVC/7CDqbmhQpFXB3nJai9Tbpa+2GPN74RREPyt/zDoNq48dmffB8tsHDDBfBZsk9bAueN8ZQiVVk9zxc7HmVS3JE1xBgbWw==
1270,施阳,男,440111198906018737,lPlLfOZ,k\O[AWKf,CZwrqk6s6GRBRVyYx7Y0/4v/1GSwtImEjqn5q1npUlK/2wu6KNEeO1ZuUT+d0Z5KQKS8dWHRgeeIIsRXoAABV0Hebhusvoo+WTOWV0Ks6NYilAtIqV9DUjIq2t4nKJ///EGYK3gkBY1/uar3BZ0gUNFmK0f7XmqxQa9h9pwcGrYRo/d0wuj2peEy7oAWQ5I1xIysTJkRkGjLkgtKzWl/EZGZYsDae7IJvDiyaMqKNQc53B68RS2sMsvKNSkBhcEDgjzvIz/ZaRIo1loQoCAe7Ppxi3yv1xLfb1cTJwdKuBaycZeS9QUO5SXJQjEEttNafVqEyGz7/Dc/WS3Q6Y8Kqg==
1271,徐舒雅融,女,440111197607112382,NjKnT4,!#5CKa1?{&k2:D[,kqNLkDStQCBSlDeAU1+LQDTPYem7ez4qua0vIz1GFExtdIgzLCrUFhPpRzoYiGvLYAK7OvOdAMGti56/fT5Cp14QFZ9qmT2HQM4/CLcHd/QFxWGkMLOFUhkfir3fo0YVaUd69dDyM1MoYPOtG7X378L2AzPIwzPe8vFFNkdPDikSorDRmLrD2Pb50UbZG7gsZU37ZS+50SQSri+KdcTghl2KQ5Q/60OBdCJh/X3nJlHTb/fLHnqtGd86xI5DHUeeyvR16MRgvxmuhKrrDv51MFv80mP0RdSiPyItx/PHBs/hNjSTUwLknnvjmFsCox0/f8/lnhPzzo2G6DtgrYaaGg==
1272,赵子轩,男,440111196708121259,L8yRD5xuHDX,4]tYUZ2gF|E`<_,S4UL8F7mrbTjCDUQfnElb0W4o+PMMGW6QLNXjMt827tfCGi1zO34UdIrY3nKT7nkE/mU9BMXs0Lv+Z9DOB3a8+YH91z1o1JpNhOL42KoAXIRCpGkVziypUnPhjmZ+mHeuDEGXOarV7FoSFUa4hrSLS6gbMTkYP8SRkzjGNN2+iGSCdOqGIodsqu/fs9LB/+fLGCrBwcdrTDdynz+cTSzeIbi4TE0pyRNPxxagOVf8x+GcsCd0rerpNAY59qBTzFoq04mTM0X7m+2GDxskclE/9VbLYef58hgHG0dYJWRS8fm6SGhJ2bx2j/DFDpTXPHP7BYf6GMxc4UM2RtdiQ2Tew==
1273,霍思成俊峰,男,440111200702105871,LZL98lr,fpDLlf\!>IO=bvEK,d0gLoTA/O0TxQ4qUq5/VhoIjDKqp80NnaRq7zfxNsvQaUaHDWw/Idd3lCCOT6TW2V5vgZo61MOOS0ClM1BajkTCNV/Oh6hYhnVgGZq0gQQus1kPsut+e9NsfsIGadg+3rc0EJ4BdUMsgn+pR1TJO6DWnhChU9TZBVE8g6TQTEJ/OK+0kKqM7fGwjo/F/BHRho6ELn/aWoBYOr+9SKQCYJXKYLoQvIgAI0sn3txeVTQo8BBtPLOWPU6hnewB+vZVNHDOkTpLx1XDxAMySoiofkqa4Ncyki8XNadIDf8H7VblKwJlg1ixhKXRCdOkrPWc+b9eY0sWXJrns8olkxG8XQw==
1274,尹山宏伟,男,440111200303290731,m0bMOv,Gv1f~-lSKmp!,LaY1ge0/8U2xezE6Gmzx+I8VwPhMgj+o/8vPfV6yf3WHSsNtX3Tq/KBTJ35KHDlpXHPFN82y/o0X4/we33bDiF4/OKfN081pIS5fgqluCVTRIc9/XNHBnp5RtNE6JP57Ftly85puMe98+oV08HgueLCDuxzfRUUg29yC0cSBnn/cLjnOI50rA/aBfz32JUakbOHxYVtvO1Ag5vLYZfum7BXcO8w38sdJqiDjGkzsCCFXOuu/F5ZuV+6QpI3fh8MvS7ylHHKtYp6vXUehTLGdkRSTiUE55CI7KHnTJRbmpdWJuDuPffZZYfpDMhlzCozzVGHPQF7WsSHLQvcZqN76Jw==
1275,贺国栋,男,440111197905108998,n4O17AYhbLR,Da$3O0R#|Fzo}y,IxtwXVQ+4PYlx/kpI3uEUpasH3BpOoxhg5BuAlhxPqzvEiYAkZ4bp5P9hvaG5VdT9fAyLF90JV9zEwjeLFkTE+ithvkblU4JiCP+zzfxaoPWMuKX4mTc7uqwJhzJpZgJKbmaHyhmVdQyB07z7E0hbGoETicOXhaY2+gX/RbLlOcm3xfUEaN+co9OkNK0dL6RHYzEZCy2lksKHLE+FrPVSLVEuz1JkwbPP7+YNW9wz/soXnuXil1POX8XGSd4Llkj88/TZKb3bQolUusq5MWzt3MZ4j4NnplbuT8xkqTNyfDLb/q4chP6suQq7wE5DGkcsXtRLyBtnlX/hzFNFN+Hjw==
1276,曹园颖,女,440111198412199881,xSDZLNwIgiuY,FEKJ#6buji5Dl@,BG1XR9Z22KSWX0PNSEjLr9+VEDei1z5R/sbwhWq9er/l0KJUOLzM+40WI3nzZnjHf1GCYDM2zDfjsvStm+ONYWQ04fd9P0EYMN1GiystupxdK9nN7+yv5e8mdrWGw7yfY2BJJsYQOZevUhPngm8MYDEzfGrmh2IBqR1nq0+/xK511/jRLm4cWPB9mlm7vKaZKUm1qxaDs9vxUgb3Pw54/4pqIe4mx+wT427wrRoR6rOIAqghxUGAKcnUSWQnTYRIS4mMhdwK0Eyb27BTjP+LuguuoKvlN9QaojjmYx3uXR6orDWOcral9G5PZGIAN9sgecUuZ2q+rfMqAfgv9D2osw==
1277,武雨欣思佳,女,440111197308193602,Yw3uGVZwmaWL,JJ=Rz6Vm,eFgZGpC3Z/OBxHJOzrBGKD42WMnY0qrhxtjVwxQFFQwZpiZbuqW4/Sj4qey7aoacdsDF2gVkZ4SEiL2/OI523nwBJMXroM8K0FbSCdx3JQX+glYomdAE1+/9pDLfy0IIIFObDyM29UExjz2aauM1UB13yx8si6BfhVXAdvtK5W0JW3oNSX+21U4ebujuOO1SEehQUBKcKkXnofGkx5b2gFAEDRvHvSwRDeRW28nqWgTT9A1jfiJsOHSjAKPPOZgmRvVFMyiL38OYZDJrQ2bNIdUG0pbaXjhc09ngj6YnnIZ4rOTvuoBQNbbdiCNkJ+vyiWPb4Rk6LB0ATRjhLPVNiw==
1278,洪融雨涵,女,440111197010149246,dkfIiFhxQPHx,w#<HRUB},i5hw5n7sZHTBLjoxi1teUCkwWhMkJ+Oofy+FjZ/R6bJ9bzQ1eBz5mp9DOit75mVHkIYqwpgzS8Rm8Nv4U6IKqyIFFHs8I3QiTSRWVaYCxlxhOLmH8GzcSZBrwtUUoxYjxlJxZbBwZe/0Lk5PjwoP9LSAEUk31EdwVJMLD3jX+VcARuooXzVNS3fJICIqHEvYWwDjHA+/A0XXPPjAS7bSt3ANvIeLF5w0AVH2IUWnVOmfDbJ0gX/hcx8mgFWjCtmgMm63G3uOEfJs/QAYt7gaaTICSTEoCs1oOthXUCDr2VfXl46OIcnKEmklR2BMGYHD85f7qVP0020IftBF3/FRIw==
1279,叶洋,男,440111197310099391,gBp555msyOI,+D[zj>q&c(&42,fCSwXq9r83PVNUvzGMXsDAoHaEy2HuXzXMBwCVq2Zmb+Vcr1m9EqaimFVXM3Y2ruRqd1D5AlqZGhl+QgEpe4dYc5QY1vyMzBc8Zo8VltSMBAvaMltXcR1Nvi89GkeUXpGn7UZRfVBC4W6R1oh+7ofS5R/yLUb0rGNR7lHCf1x19voPZeetQlg6n2p79glqbJlHPfgNBsGOFxa/KUgy/UV0iPY55pnPAoxa6FF4K0dTknJNUaqZOYw7eY3TOv/arXd3bYgnJBHg8x5fkKlKb1k2SdUxSfFVbPgqbRkZOPigI5ugxNkvY0aFsiP73XP5bZ8BTDVPY/OgQHyle9b7pGTg==
1280,徐苑,女,440111200309156509,huRLWyvPDj,U`7&7S?29R8(8P,Ues6GpsrTnQyjQyASoU6BF0TlQ+k+ChJxfHxcLGIJVL2hPhjFAE/w6v04gmdt0QSbUazJxS1I0ZH0twBuTVDyfqobalCXzLaMHaRfOrcKzu33PUp9nH7kvOoaf4E9m7O1SyCl0/R1roXvRWd2rhG6HuuDSQm3SOBtZM3Z08pFRN2J58d1ux9oH4rni1uGSNqyX8gt0waLxWKwvlwadKXMUi//Kz5z5gBijk1JRZvC/eTDiOBrxvALwttT7D0JhRjUD3Pnfogjl0Uczf41tVtEPNiDeLs0mgm9T7yElWoSQNx6etYpfijw7vJnA3hXI9Uri8HsGdXlXUNy3Kl75QO2g==
1281,武书豪宇,男,440111200604187754,RnrdATPj,eT*+T@m}\Dd=|,J1Bzwxh0bAiPxJdTBn2FXm73FON5rp9nuGtvqQe7cV9m63Rav0Yw4ArCwDfB1g1bzXuR+AztgWBEPHKD4PXNnCLldUITT9zByKBDoI9o8Qq4yBfXyNGVQc/iSHJy9uyhsg6YLe7enDFnYwuLGcTUEEkiLJ+fkDxnkKWDJzGq2MGulET2b/k/6ntBoXriA9vR57H2he7U7Geu4+owfysZiLL3rECJ9fi4rkgcxtgNMzkUVqsv7aaisOVkkX9noftR7QVNZgV0qs3w9A6YLCfsBWrBqHPV/bjmyr54YZNA0yz7RWZVRPNKXuRlsEyYMJ3GPxs7H7HlHlxhgEZ06QtL1w==
1282,项怡,女,440111197011285469,eMAzg3rnpl,:9ulxU6Q|si,MpFwEbqtoKN2sERvt1JxeNIiXl2eXq0OLqKWz3R1UkxOl80qbScG4xolwy5JkVnSK507g711sFq/FcVYeQqIJGmWtIB8FPXFpZ390kNqwc4zTuFYGljLLcVkr3HiMdq2zxHX+9DeLr1PY+bYBVrkRX2kisB7F4RRFMy9TIoO77UVkuavNd8ALu8YcOu7yfLxJ0khKGvuMUSrz3q8STmx0oPHbq/+bYQyGPxSRvbAGl7LbOphROk3GILich3LN+YDnp8xvt57xQL6SjypK5PzUmzYtLgF+l1cb4sYV/ewSnlIl4WylwdnWRMyT3Zi0DZ454xJXIVdZkXhPH0bR1MDOQ==
1283,周慧玲,女,440111198504057928,HMBrERK8xB,N9N-YuYR,XzuuntnSWz4gF0ZhWX+Vr8OQ1QJ+LS+1uKdQmV77dZ7Wv9X5Pr9a28KWnkRxc3JnTzQOBMg4LF5Z3VEfycPDv7MiuNJ9T7rYIIj01/8strKz9qiultN90iIqqLoWjmXo/9zb5oGJURJQmbWyLKEf22jsNZleOcc4JdMoknqSslvOdfdjatlpwn597FyJyE3RMP2S7TBCXYb8/1twxMq8McQRBdXJeLYj1Zm9PUgAmMZtvZqlPbKlSPY5YTblvuzJMcAqKO1Zt4J8hnvDHazYsKiH6suN7t/ha5C+j7iw24DwpravfaTs6jemttFTNQCOOBObt3LHsPDjibYKRV82Aw==
1284,罗思远晓峰,男,440111197201102619,q6barW4,U08`8H45$rUl#w*x,I8TfbxWVchKWhIFr1odyjir3E1NrCYfW/DhK4vCl83Y2693OxFV2al+LquNv8Y5LeVfB9vh5hmzY4tUM6JJw9k5F7Zvz5UOdbwTSf4eorIXsvPSJwqXiDUPj7C3qngKlhlyE2AVlG8YMOp7EaCZAK3uaPdXDlZaJpo1G/TB4jK8inmEWzZOeaJMnY5JqMRTP9k+ahobvQ7PeTTwztJrJIka5RvgX8IomqaXOW+cRvWb8I3j8XsoaRg/XBmTiKzkEZM5RO7RNZd5N9mNW8tcspgY36uDlaZtc5THdFoOgCSJqXZ2VXa0PwmikC1defQba0Io8SVWiZqGc7cuwaZkk6g==
1285,牟欣怡,女,44011119701227426X,PTa3NrEtw,uJ+9z2(n<n,g6Yc5gh/nbObQ2v+XD4Q8OIlyNBjkFwiOx2hd9jHaTMkB0jnR5gAWIlv/AB8CHjLMV+SMHQ9Pb4SjDFQXexf7Gjg7E5dWvin8A40BX9KM9DgKEkmXN07fW8nUggFRXI60OxDaBdHrwx7QjIE/ZAt5n+2bUzJbvwj7D5Sgkgqn9LPK2pfDVuIGhp/cgwuz7eZCpnnI2MPe50mflkefyx37xEeDuNZ0hwac7RStmH4tBR4OWj809z/c8T2mOkBhpkPutyNynuw6LVaV7cLghCTFYMwKzPX13MgM5zDI1MIwPf60E1DL7+G1mZRpWdWjJN2aDNZmvjuICBQURumbmozzA==
1286,孟书瑶,女,440111197002193722,sFYj3JZtSbwS,[T9m1l8J/}!,Srj+bxbcepMGQytar2NZO9j31uwzptXcpizeBqjj8QgpuxzIJjCEhsMegsELJKp70i+TxTaDRe2ER3kVmv+fjvXXZfs8ERaoSFkyiBu2IX3pFJmcv7AJ0mVdWdlAdzpsmgeJL+SlZa5LyV5UAYu68xjgBijhnDwIlBMjuLd9OxuLQwYveMq69RDBM51hJQMmzuQTBbEibVfRe0MvkDQetl5h8bJvaykKrDdwD92/sVQGBe9siUszmeUZogsf09xW2DTT8xJWCW+yH3hFhljZaMR7EZV9/MGThLNdWSsDzM4LPAZVYLqPpX7+519McRj9ckHLaJz1X7om0KGh3xmFiA==
1287,夏鑫,男,440111197212063993,oUrTPHLydih,HjKIqfhl&~,YusfOdgfhI5VrknkGXO1KCoJAtBFRwSh/dpfMSyFSQVV+Onh687LoBFFMCgq8VNlyeJlkOnkyASGT/aiGPk3L2zFp/Np2yhX+3D3cbNmQ0Fjz81WmK0gghoX9U1udgA/pO6u+lmOZhKYdlWz7DICk6purFfHBwh8F4uLRtx3sipIxSRSlbSe3B5m++BTd87EsfMhsEDKOdar4QPQEpKGHCZuNgqtGR7SNgZJMl/ov/yQobKIAM+kaNLasz7+c0t7ZwEO7egobvYb647PExwXCJG+UbWGuC2i3rwDD4eq9/29zLRmNMTvwaVgzPKfmEnHy5Mnmuh56pyl4p0IxKDKwQ==
1288,汤锐利帅,男,44011120040330191X,yeD9CqnrFhhO,=[@Ad:-N=n-8,Q1Zt28iAPlCeg5rz0hjsob1Sd7NvS2SE5fh1ylra5F6mvH6Hu42Utdf0Gwrd2WGDEPvcnc0msFy/e21nET/xxTQPYvkm2gPSy1cIzrowY9L16FRv0Z6N/Zh3MWo6shjEOi9Z6nOu+HK1pGIWy7GuaOlttOAnk7eA8BIKUK26hQoOd9U9GofLnUygzETP0VbQ1nD3n7SLqfbswMuM4R2Q3qcERVk2ojhRrMrVA9JpP5vuEWEjPe9+qLsbT1EeykkTSh0sQloglGLffOMnWlWnWZHv9k58xzyQcpMZ62q7Kkzxz/EfA+DXl7bLhAf26FTK4X9/mYz0NRB+wqJbV8G7Lg==
1289,陆银,男,44011120060512355X,ScfDo7ZWqbY,&IG~)jH$*}M,cZPjcEGwWPKRzk5WdByqpcM5ZRd+ajsPoyckQY8a+D9o1N3Lxt3DvxYkb98J041i+df+Q6+jfLkzPUPMLWiv2o/VpaxVsWq3CfRdYbhUSGXbPBBFuit93KyT3r7ufchowLHgRyk5UTes1l4zPVW/xRCGSHWWhaqaiExeq0zVtNf1jjsdDnW9sJJrxZ635lrxfGkAIq2dbyjL0U5UajMC725TPgmdyvphuFyD3/aVcjccsy7kEInR1wMqLYQpX3FbBxa7HxMjjkv8NbPKgX+MkviIKIECEXlTQh/6ioHo4eejVSahyA0BwDUtHLC1lyJXwuJXvUJPY5O9luy2X9tg/w==
1290,倪建国,男,440111197707120718,QlFHX3Ry1g46,P>7CT2L+E,cMxGi2MgDjsjXdIYgiRvaW7DodOdetL1Lxf9CR904W6zTAtRFMNQz8coSuMWM5ekw2lLY1LX6WJe/u5aqjSFHJo+yoE42IO+7dwO+1CblmWEQfJpwSsugg9gnVPWKEdhk9pyeZfQ7F7pS6rWz/In9e+0HYohe6TwhZz1k5whlRwTT2AT3QyLxAByRDouXUzEjgvSD2FaVORO3ko1i8uALrIlq/9SrzrqdNGGLUX3BGxoFAAvslNDjzKZvxbrsClFNHT9wwumhwB3har0aNj6KUKvF7UOizSD7xICNqnlp82dl9DD77oEpHOONZRMhAD3KW1GNE5LnyVeZiohxc9ZjA==
1291,刘芬嘉慧,女,440111199705194480,MyxbEchrN,hK.yBg#2pBPGU8J,DlWRaYcjg103h//C/eRaY9lwR2DPDm2igwJVLq/G6rmEOZz6dAD4vSheu/z6iTsMOZu/sIcZC23Dc6DNnet0oe97SyTglY6+X2M0MAH3ul3GfJzpZ9PCHh/z+On1PUp/wA1egTJHsAct2XCB3avZ8iOh/J//vUEkiQDRXDEaYGZrNoT4+a9Xaj9ZGlDMJpysj4PPPduBvsT0pCzeu2GP/l4sbDJFTxgktOUEvn0L8K1cqJc5rDEWkzJRNnElx4R8k/EtshVBmYwq4HHe+dbR/G4Fi+QEjK+STFTijw0XPwJ0QoNlGKbxM2+lknJbiSPp8tJc6bZEYQzaUmB7mtXUiA==
1292,施鑫磊,男,440111196508213976,RiAoJn,Zbv7ZkLF,MauziLFAFgI4TTV7+M3vTQUrZCoMmD/jWrE4mz4hFwADUr1bDtgyxi4NcjGVo7++JSHsLw3SgkKgQqnlMNkvVIxp3tZnHfonp3dEwY/wESpcdf7hTU+J8KZNf+mMI8KJmFV+4VrLNC511BiId/hdAYznR7FsXw9Mt3/O7BYy/nV8z89gGtspDgmGYLTrYHsO3R7Bf6tAt8nLuh31CVzaIm3xnr8nNRl7AB62QUetRlythI3NeVfzZ3hbJbI+wTvW49fdHyDiXONGFG78DzLhg+bUyzxH1305YazZ4HmXmppfTwIJwLIqKMdFBAlkrLRAUwcz72YvriK/Pjsn1VkUPg==
1293,安志新超,男,440111198204100410,iQNEhlr,(^&e-$5IEyk-E/,lSRmYko7Blr+C6wUqbUA5MNbz4u1C3o5yFmT6CoN6VlsFaxhE81rYmPvuSW6bo7b9z+6tYTVGyKzvnLpWBieXS1MB9dtFs3ZZG90rGTzb7KWFaWUG0ym1PnaeH2Dc5reOSIAZgFxCyqcJQxDrE9CCEaVC+KD5Mn43nNdZZ+Ux/ga1ny4esxvvNODg1Lkr8eI1ELQLQ8Af/SC5LfyH35VrkJSu1tKJ74mafHq0iOyOFy1PpkFKhrZ/NOn6pI18VIiYfQLLDRUDXZR++KwFG1v6jOK4z5Mas+u+HJvMiXwyXTP1G8amqys92uVhvRLBpeQyihTErpKJ++4jgpVf0ksTw==
1294,尹石亮,男,440111200702289551,hRjbxAk,XO\5^~$PJgcu?g,OQKnbopBh/EexumSP4R4Q+dO+HYa1jsnUlr1XAtx1wN5HK1CeoVePXKkA11V99+CGwsKx819AIrBt1nEi9ARTCo4MFErYluIH2Yxjm7TwnBsL/AEphoNkhof91yEQccoAnitIBZQWzGDqGnF41+c+ljLqhJ+qznj1Hvu6piP3rWjHOy/bH8fxprP5NQZ9/96eDHWcavCzoRsMIqq4IPwAr+rJXRtE5hM3fUyPU26ZNssffeZF1AxUc/FPNzWfKnKmZx1vsqkcjOJv1dHefJ98vgvNNsZ23q9DsjAZm62xDGq9M3sgjCm/sSUR6bTHhhJnNehGqabsxjliQ1LyKAQsQ==
1295,葛飞,男,440111199909134295,RuPzm8s,B0QN?krj,ihL9Up9PPunHhXk3VlRjtQb8uEDs1oQMoyZWFPD/ReQ7pPgwARliyDvBGg5+z39TBmJuE84TpLBhfKuu1VDEYgRgm+AGSyzq1AxbAkvndTw0JxDfH0gtxhKrjk5b30bWOdQvE1I07vBIYXUQ/WWgsHMPk45trOwSib2edzK1QXvrjy7Uoih2g9FyJ+YaV0oVpL3pyL9GJVHf1ikNlS542IntfJhutyvw+auAuUK88n+7G1hDrQYrb3iG6PWfIWe4GeHkrlQc9Rr1cWXj/4YN0x8KuXzNjsydrfyjFdpGNg7BW6anQ+FlO9gJdhYbZ/6OtMLOG867KrS2L8JVvYPAZQ==
1296,项子轩锋,男,440111200506042332,NAZTfGl7Q,x1x%I$Lc,QR52+slbQ90CcP6qMIu20qwW21b1a62rWoiAzs/l21wEw6YYjhj6lXgdWCogbKeTDCla2DopbYryuRtT+xSZL32YvojrCI+VeAlhFIpMU6O87L9IwCpCdQe9eRkusiSieJOVvr5gRCQ9ZXud+llCyieRm0ha6vI5bihYRtXQpBDXGerNZJ6iPbOevYbclSFJFVpt5UiJsltnb1KnQiKQjwJqgf/VGaWPlV3wlQ2F5U93lPq+Ejxe2oVF8Xrxb7iMaj7SYy/qRLN1necewFvUrb2yrdcnv9iH8tGI6Fp081GSyEiuxCzLg4jQRrdHTIPWv0yOrK83VndAd+lqh/xVnQ==
1297,董婉仪雪琴,女,440111199501301184,f3W00wRw,fH|s|7f[L2Xr,YY2G+LpyLrBDNAhEJGbuklgrS4Xi2M68nO2PqbVcBXB4ZQr6f72tYzUakAocLMo7BZ0sxnXYYPsgVP06hjubwpT4VTIkOEDBdCY1E5SsBvUa1yi3TALKtMIGqhcc0V5T7wOhkTbBsLJwsO0UtF9vS5yJXD9JeANnaSa0x/kf8rF/a+1hm6BMi1J8TvrLTZls+VQaMe2B20PK9SRsTd1Wci4RMLmAKQB4WYrjxOfh49XB3v+aRqnGSc3aH24qpSz7CugKloibq3vc+PBh0YdmX9tMrqur9NTpDU/TbZGjN9BLPnWhsXtZ64kEjMMOgereh9C4VgKILX9pyNsrJOdxXw==
1298,钱静蕾,女,44011120020414662X,c7i1UsK3XV5,wj4((hhD,QXDyQsm5x+s/+QDwYv9RYB6CCAd3C8aNt9Dtw8peD5R5DT7884dlBGqxKgZ9Pp3+7IFlhkxMXJJ2lD2Ne+mzpmIdxcFIuJXpPt1fBV6MASO8EOTF+JLtXS/guwh13drQTX4cdl4KXuwEUMTneeh1jiMuSzcRybcEvMZDchdcdSMjcUrleL70J50Atwl3pdjGoYtBTlcpDsw8pQx5Th5P4/U+B+MuW/EEsAoVte1yHQo3fWxEP2ngzhUj7NW9vwU+xVhBuf1FSJXQViJWrJ838itktw3bsgkqrOlgLM18OM7OPPS23nBTAaNCxBSvOjFuypGmiF3L64NtofUjxptaSQ==
1299,陈紫萱,女,440111199210170049,t0bMtV,&+^Sa{uOs,hOIjMt74z4DJZ+XT/uCRdNuT30e0yG1eRBA8aVhFJPI9fhEtHHsW7Ixe7Dh6K6t/H04856lTZsxBukPq3rUtNUqwY21hjCweN/swol16rihp2O9BEeM1FOPB15IUjAtrYZIadxifhE1j3WvlcLcbTfs7kgf0Ww4bIPUnqDH2iA5WNE4jnUrIOQ80FM4acK0POYT8RVWxI0alveuWmjxP7KKVhxKZP/vVtGqf5phLThkZxRYH+vs/2oCZ5XfLnFEc4at0aNVCe6iRv2lpeOnQ9JSNS5JJo/1gOjYKunBfU7ao6utVXDJYS1OnGHMm74gf7askx4iDwTHmiUuWLYL9VA==
1300,蒋向阳,男,440111197611153953,bPWnBax,dzp#9B:bfQc$`-Ve,TCGjCl7phSXD9ZxomZwsT8ajYRVJ0ZwJ6nVqYTM/FW27tkg2SoJJhhStayAYDri2tgzV8m6SXDjhgaIGwUuNykl/s2pDq/0vQBRve2P3r2aTjCZ4e245AADLFtaeXtmuY6HDhaFamDdA39na41GXlOPC5rCWqm5j46vIdQR9bEWfCVABz/FsNc3APT2+YSeEU+u/DnlDj/w1QJ5g/PFZ+zW8qHzVupe3ol+ggYahVHF9CWzC2oBr3SqrQlUKYBEiXXABjX69GEN1c8OhDWUDTaTDgAAhFQlQzc8E6gKsZbTh00ZLVY+RH/eYFFEesx0ixvHP7MKCJGcC2StjchIdAA==
1301,向韵,女,440111199805079922,sBmQrx,G~%O-/<?~(,BHyXBe5wTzPBGxFGehqpoVDoCKT8Zip7bNcqrS2gAqVFNOe/nopK19vwRD11yJd3JgtmvPCWdyws4uxctr+MWrM+5JHISEimWYybum3rFMRc1U5MIaYE1ZzM2uZv3N4IdGvHWDX10h7pF9nZgeNia697YwtGNaA1TCUU2DhyaFz/HVDHQ2cixEV45iHPHJ3fuHFyn31dlq2wHYpLKL5X69TfGbM/jCmXK+Cupl+dy4+H3wjsqM8/uH44WwFjfYfxIWttcQrfjwVDfl1Hj+EYVA+RZ4VhT7j4DW2eV3oHmwCyYbXEvyOms/N2Z3HINvMcp2bZQ0Gm029xu9UT5E3MsQ==
1302,屈涵艺,女,440111199506101640,ov8WjojDc1c,A{G*Shk-4,BTkyDkzL79TNNWj621llOdrNIlT7pZopUC4hEwrdHdXPJ88AJ2brHH7zCPvgFeVwXu4yYmSg0tSACcLqGB8OTnatHaZBHCCntQdPtgk+FbLKp+EmhKthQTZqMWb0Lhu+BaFdGdte5kjAtW2lv04cUA8YeXyChWKU9roSPG5YN7uEcHYqgN9tMz4V5s6+dIgU/IGOQIOn0NLfkwQ1pqg3ifMwAZ/5KLu5//lNa19qADfgzpHmuXSfMm0Xn5Cf2htvF8pX53kU3C5nQPp+Li1d9T5Vo9v7wbmh8jENx/MdG04HK7v7dw5X6zSwucmVs3ckfIfHXfHVXsbJFZOOJHf4Ow==
1303,李璇丹,女,440111199307171902,ngFnal2,5DFzW/E1Vm3vBp,Spqh9vSaLWlBWTJtmZDZadT4fjfRe5AvpfrPYsLgg8/xto1yHxvNfhwR3Pi2lft6zkqPwd7yU0sw0kVLdOKHSApXR73QiyuO6VzE59GpuICbYUvDUwUVLHRFY/AbzUzCPWT2OTlXdUMLtmcWZgPzMQ9meUXRdoTUyaKk02tjXrqWBQbroE8xN6eDBoFPhHWwpjR2jWnhLT0MS+NorzxjfqQWEP/X0pdDwq0F+ruQwe4QFGJQgEsYLEZWOfYc5oI+DhbDnXJgegLVEo2GbT1W40jxxqq87RQKod9LuiQ3MWbsAC6sIkjK4KeOlfPiY7VALPoeZaEQG5FyIrMflErvRw==
1304,雷曼殊婷,女,44011119880410030X,e0IWLI0,qbE;R@>Mg)6,mHhoCzKGd4QrH6fRItLKBzE4ec6Iu+6bclB/v4lIjHytD+znbhiEA0hUsdw6LR06Nh268w7Oq/oV+LTiV2G3b/Si25XXeSPQXb9umaj3hM9E5cz2wXkmycnEOeQlV9a7OXAKSrUDcpoGL72ORg9wfyxznvRHVlL3fJBm0ybrM8fd7B6QKBcDHizZOfVSZ8ZUj992IWSAgf2knSOzu0RZp9Og54SlkPKJ26H9AVUz+pepiehuWBXYJbaVwNq0dr8TEp3JzjUj94c2zJ46tFvG0i2nH0JFNT6HBKwe9aJSbqxjy3aZ2odfMMWKl7wV5jSApHqNvHhxKKELE8pSEpKX1w==
1305,金建军,男,440111198302263352,z2o6ipX,T*zwm1JJ!<[,bzz3ry8HjBu4iUILKHOdyCiJOxxfwR8YWl37TsuCPyzJACCN3OI319x+Agh5YliQKBXwtCwoOGrQbrjbMgaEqiZoqAzAmCOlEHoBQeJQMdNEmvS9ESqH1q3vm+NHW57gLsBZJF6D3uNmgwYHyewTvlmvoI540lPm4ckk2s6TH5TPWTsr8sNVI6QHIbJe41Hvp6DZ7DUkAaOhOkHaTpphfYT3PwT0HhdzEyjjedRV6KLn6MU+xw1W1IlzUXYfYD/ycjjjVSxggUGq1CL18z6s6eVJBd+4OGabI++vvy+deXc/Q/3CWzT0YC6tXZ4TH36MQjIpRIa7ER6egAHUPw2glw==
1306,童松,男,440111198301078753,VcPPxHAFjC,By{zX9Qh9{>,iR0S9G5Itd3H6jnPntPlf+6cbQAmNWpR7FsFV64Xp5gi62kAP+LDdmlq3aYT2GQCHX/ehmK6N51PtrkWQ26Qu9ohz7Ku2koHgB5ZkJRjx6bK88tudOxyVFmkfF5cA5kEr3y+4U7S5/+ZrZuPrNzn/KaAfj0Q6R0nYFbPq0DZ2/7FYUBt4vhmuTO/XATHcfYu30jRSNwYD9wE22yqW9VazMd5B6MmS9xOPyjN3BSfqOlqWg7nkGSJ2DRilhXp0yuGRlHtBQgQztlQrP3d/UlAawPjQorVTjCQoon9TMUya1ZuZH/bcyql0EBIoGk29xuYgyrOrLBYZrQPYzERMpOozQ==
1307,樊雨欣芳,女,440111199005225987,QFoXSBbSDQ,<NJ9r9;m?-GY,AdcKNitpkDcOA98uHJsmwHEj2TKNDyQUNyIjEHk9HPd0IgR7he7KUH0Wrh9+5JZYAjpfxdyPN7SD1aDe2K5arWpZaIscJH6Qc4CzjQn5dykMkEvplw9WkyDP8H6fZfID6mIEPO6vjFB1jZamiP0yLlUckx8aMlkPsOufVOBhAXNS8FK+bQe2CRaEV9Yxpw38Hv+C+iUQbk6YNreghrR9O6H9JiDRg2AqNr5y2KJlFJuiuFr9LuHaN2uLL+rxcMLNOoIXKqfuvgpER8QderX4fzC5mFxW42eeRukqhDQckB4wXbhba8DQ4GSVXU/IGPdfQQ58zd0xMdDtb3ljUrv4Cw==
1308,冯瑶,女,440111198510049027,vxzNLOB2,NXlyiecP,medZvjRnIImpkHBCtc1mihJjUUO1kVrnie1R1Ow77tEeU/OqNHjD2Hqf/sWp4lbffemeLQdfdwg6k/aWK+B8j7NLDe4NN5yEHTSSNbrqFWh3nTcx52RuTwQANkbmiRMgh4gkphXjHdpz9eCkIPzS8zhT1QL7UIAP5v5TOyCqsGGalFz9GJcL7+iBFgolT1eHoF5Ya51PHWy2zrp2CPvt9jZ3wjj7Ocegs4KR4PU7tyROD9go62q+7hBsDwdmjnDe2Mh2qhOAOpztemzV6WeS2x2vTvfP7geWncYHsEdSPDhO2yb1440CdfpqQ9mSmy8zipIhsHVWA2ZxkSbIprbDPg==
1309,柯浩宇,男,440111200304097052,Ou5QHh3ftwLT,;Y4qa@KV&gbZ6,j1NUCLQ6GDE0xmx/vgzYdtnHZL72oAHchR1EcPJ2VkD9GQmsVQzLnWMw0AILYQvBD+3x9ukGgQr1DqSFRWuJByfbxLWvEvvL2dggMbvxFUyYZyzwtBke14jG61G7IHx2kohJLWY81Wx7JRNw5uTQ8u3rh0C8kKvCcAc4+exXSsUzI2QouSCYC6S4AeDzQZaUatmVS5iOcyqhUFxXns2TztViD6aCvo+gyLAAH4j5yMunYDTcxnV2+uHh9C6EeZOrBK3oWzy1ipUFAcr6EE1dTLkXmQMd6xCaGjhpvXrY5etsOQP1cbTfChsYniXjunQoq2lB2oYlguUC0Lf8tiw5rQ==
1310,崔强A,男,440111196609159219,VhGKtWucW,A9\RYOlZ,n78NgeeuY/mprdnXIHsOVyipoJuFZ5ve2xO1JwDJQBl5mrASl5z9UHIreRYBSiPu4hvNZr7IG0rmHOfy62KJfQYlex0cZy4NiKmpch8RS+QrziPdqpugsjo6wy/rMeia8CLns/CwhALwkaJCI/iKkJeJDjXkSYb4Igj+tkk4pm5NVsJPvhbbVfhyvuVYrD944xS70Ju1JVtpOW/a7Rio0i2/93NJ18Gzoue3YPsqIUcVqBbuvaNQy8RebeNnSPliE3/nNXHgygvxdoyemYGowQHFFs0vYwnPUOSpoIyCrj/wmXMXCo//meQJiyaWgDoEYc9qwJZ/3OvkcyjDX1NHLQ==
1311,郑永强,男,440111200003221697,CCmxLlPcMNxU,e\$i?ho}&o,k2GzLXjY0jc3pi1S3dZCE/kWcKF0MWdxkFRCauFh6AtoR/3af5g2chajUM11SxI8QzfxqFD4QMOzAyrs6Ed5jkzm1of83FPK5NzPyn6HDihCIohxFTr/HEnzt3dIAlSGq+rsLiWNGTRmVGh6UPn4cSZBUGVmfCY1X/SSaG/QHmMSs43LQ8Hf1ClbYUvalYfIt8S3Ze2HRVItmSbQl1OITnN80u/6yLsiESl/JFkXDUCELzHXYZ8FQR7W6VXNw758UR1rSiPJGanrGMgc1rZu8XAB12UgCyHuKQt20GwlqZnQ34/+ubEm739TYJwusxuu/S9ROlxD6btL8wLD8fih/Q==
1312,付萍菲,女,440111198501264809,kfkTJmdP7h,}f.Sw~1e<q`y<E(d,gGDQsKDe7VXQdt8W2e00r6pfYgRm5P1AUBppB13BLrCtbyALz/EfgQDoBSoktjm8Wyd4PycQuAZu3seTwIm2WIUvAVMqlPhf5clVZKb7ymqIZHba8jjKoK3kZymvRfGKQDKrXo1KHWZO2t/RBqOBzxiuecJMo9UaAjPlXb9Z3AKrlcfQWJ85gT/qLanHyfteTMz9YGjoo/j9pLg4jruxM3qh3r+UNI87ylplvqmEm+Gkp3X3erG+zjHEqcMyOQl1wKhz9TqKQ8yeizvdVnm4VXsYxyAHkwMOj/RSDrRA4rMiBtsTYoihKhj8EXpTZEHxvkNMzDVkNet2U3WapJHj8g==
1313,杜小丽,女,440111199108293624,YdDOWyZQ,6=SP%ot!|,BNG+u6nrR1eQqW7y7f/GPtnE+DBQ3wuMiPp4D9nkNQ5crRmj89oEW7LDuQVC46UONiBc10C3mzpaNIT78hVOZSKv8/1ubKIEoMo66RC+bCSc6/YneI+RHLj+7e//FeH54HuBzq6BMAFihf4RnRs+gOoHp9Qo54sOENDUOmONFJlN3YS/7IBkuCL/FjSAE0+60EX839c66/5netu9f34E9+bDjDulWtU9TgRlcZ5knbMwA7WaA7P5Uc2/1Nt2NMBkmquC/7PEXJm/2lQjyaPLg0Gcdu1/4IWsPn7O7bdL5PRk+NmbDpZAW69nLsSQ5oCFgPWrrWU/whFkm+9+Iub9Fw==
1314,史松泽宇,男,440111199604156733,OPXpJTD,N2q>5?*P%,FofWrTSiO4n0GdhMKK09j/q8IAife0Pngfts9ADMS0ggOhEMxzY7Yp153DFwBnZSD4oVeTAWr1S6v6xu5ZrGP4/CjbkJsfhFKkyeMTo2FnGlCMfqPzrAETOdxPekd/rQxmHGvnLritXU7jkQaoyxFYWDQXUjczmzQnmNgJZ+n9Wo9YuHOb/z3o0ktLXsl4HXMxHeISi6zPwlRo12xj99Lj/jTOwDEA8jDAKLcX833sk7ubBBQuvcd3pMRJmEK5NZSJvQ+OulBTh1CYltsuFX4kzWHWPwZoIV/NtQLJWIxPXuEJiKgDCMlTrRdbpOJES3fcDUD1YSoIGl07IqpUQ3DwZ=
1315,白怡,女,440111199708051063,k2cBwR7eOG,@_H3S`lsbaVZ6,SE0dLoC5kpG3+eJslwTjPDwuld/QkQ+weWISnxkLcoUvGWrglGUwyUcgyTDk5/KwCL6N284VYdmiRMjQpQuYkqcZQfvJ4vkm+VplkXJCafunXHGRkgWdKCMpAXR+gnQ2jtw31EAKTLEgddim8wLCD9N5oJ703w6LuXgwTWDQ2O9vQpq+4KMXIFAt3INHMRg1LtvetYSjwB+lu0yy93EX/bjHox1tN+d3yV1c2Jm/BnPZ5zA59QUhy8egbQ+++mK6oEudpIfcfNdBIyCQYeURXn2uIfDbQWEDVouTHVbkGRXj6B1259RaOcPdhoED/RF/JoL0EWIIE4WPvpjoD+oVHw==
1316,霍若瑄,女,440111197912115723,qxzw6hGMaROS,Jj!`D`m=_<7,IMcEoqMz1AVnaids+Y2oNztXXVJcTP2+Cn9hJO72udNNQjsGqOsj+fFuZuyXmmR4Ga//09t489K2vOtYc2JnkLgvlR34QsqEdg8gMvgkexSBNj8Gj75waarsemQWQb0MsJ4RlsSwlJEqSyEo3Kp4QwePFzhx/ROkJRc1lMeKhlEGw2i/WSOEbhyw8pnmYdT0wwWcFLsIVeQ1WVNkykBUkBo6s3jvedTkyyLigqgFopO+xH0OC2htFH2r2ySxiw4JQrAajE+glTfn/AyZmLQCAkgqnAsk+J5qE1w86D+bqX7s4na4+CkbKanhFr1HsLEh1/ecROWtM3OMTxODwyCQ1A==
1317,徐睿,男,440111198509236992,LnDBaa,<F6r_FYy1c!#_d,dFKYIRU7zqfqeXqfNeJDFBuRB3yFt2Os8BpruFvvwcQPPGjgppPRYkeF4Q6srvaRsWbSeLu3xJNm0DzVVub9BHerYkJEUn5bz5PbC27D13QhB/EnUXEHkKhazCWZ395stu80UmSofH9de336lkwYBDCatNPZrI7gTZTQ4EeGP8valcwp22emT8FtnIwjP3d9Q54Botih82vgJKcGan7LzU5z1vQBqW1iorKd/Upnt6lqJWq7N7p107Fh2zDFqQDDbzvq5fg9j78ZTMU3Y4xD4PvTIlIOZbSYikHSPi2JNIq687RrMublReC7fwDSh4MgvwcxVXMzx/AyKa/E7M6+UQ==
1318,韩婕,女,440111197507121281,zcLh0vAwv,BXBDFuzn)b}x~,OkRvFo/+ea0r4bavQBfT619NBSg9dZRPkODeHzeCeg9HnfDz1PlYqHCiBw2G7wXAEE9t34EZotISal61IlO6YxCDqLFE10KFEmO/Xc7dSf5huW3Dsu6yZLKopX4jbtFnwsBcMLhVWtmCtC45RN9cM24+2DIig52wEopnDtyJYKTydPkQOnz8vC/4WmnfNIRqrW79gtIWfB1wkoNzjxm7p9VVvNVF+QIIh2y7ZE1XuOiCGrFwOAklAKi2+TQiwDADNLb3aEib3UaZ3M5eEzhtF/4NEGN5I45WAHnnLDgzSkYQiCI5bDOaoTMum3COpPyacrT6wFDU0bwLXP4Qan/OgA==
1319,赵瑗璇,女,440111197710237087,RpcO5OU5C,=~~bipYlx*_5e,YPz/tb6YhKfE5MFeNp2deMGYpsme4m1/+kIrGk6oU5a8e+4ApnU131MVEuBBNtsCJSHfl9Bo+zrowEsz+2B9jrLx4D4mANXyUada4NedsMU1den/xOb5O5TWP9vOF+fCLGSQayq9DlFqII8q0r4yOBSp6tgAKPV3iW4jckViTYJsAW/DPhOlh6oDpKbiecTWAUA1HPb4FnymxvxgM/vQOlrSd/kiJwCpbcbpGdjBMlaJK/2749e2EXr2dTLrFcCSPNrabQe4/N1rV7oSxDuMkakrjTFqrsoWyTcnobNaZfQPzNAqehCaa/rhjG3XSK5DUE2AXmDVK+o22apWwwzkPw==
1320,郭石,男,440111197510319336,hMBYCv2,W}yfS}Zk\(n;q}]8,jEAnITXZTz9SjashwjIm2GcYG3XeAkjb0amFIawY0ZYr2x5hSG4xxeR257fej6axgA/WHH1XK71VvHB8CW9tAhSGN1g8A1+zZtcydrYbuYhknk6qv0DbRI1bUNi25kzkKHYIRSoxMgSiLe6HEkLxAEV/4bU7WPX98O4qaNjGApmL3zNaD3O52r8YIBH0zyS0H5/++cR5t9QAwaU+N6dRSzBUnEP/iH6Df3/rwNFIEZSHDTL56iwkWGKsfcIg9W/2+mSv6J7yVhAQFz2zi2cDVFwuuqPj2SlWS2wRZJ2nUeo/r0Y6escbe81RrcpR+7oLjAn6mbvgDVYtFgHPrzZroQ==
1321,魏瑞芬慧敏,女,440111197709114522,jBXxKhWH,l3({D8ml+tD,b/at6jhnZ18nCmlHZeKfvY7emORbrvbEiB8zSxpBMBUQsSjUvNlKu9cV4uW/65As4fA0VlcBdl5iJptLRoHL7y4SMU9auKyDcnQykDOZQWnd32kVRhcW1jwsgJgtU3DqJGzKVYVtGNPgt6OETNFcRHdLwd4ROixpavlEC93Scg80NEXVHjE+7YGGbKjOI+ZIOd8sunbw30t79c0Deyerzd0R0lJ9W3IVpripCbRFoQQzOsgWKcy1ucW/XOaaJ5hiigf1o1K8TiP+8c0P298QhaRJn/G7CTWEp48YAnCphT3fp36IxpnG5u+xHYHnBDXh3LSorODn3vW4qbpCRUEgmw==
1322,庞光辉,男,44011119970615873X,uWaIIMgp,mJ)#.=fci,Mao19mMGFeFc+cXZ4/5uiiF0Ri/mEOD4UFzxZ/87j62L6rcDM6wA4/96K9VrPJsdijFGLuXdJ4VL7QAcUUusDWaQvk9KD5oF51iBJVCGven11A+piDX4Bif1a1O/9hFEzL0vdUOVQERGv4Zx+xwUNi8qjGS/BczFRWtc8aDuawzHMfFQbnMCcpmZf+7LqVVLpc537zZViszlune3ujC5qPkFUBgACOxh8KMNVOK08YwqWDO4ViHI+WcJY6MlvAGHVfHgyhb4rn2jeC3Rqf4+nu2O0gqEJZa9pFtzCea8BbOGXYXlBpLsSaxP8ALwrYtYpmWpTQoNccTdck+fj7qvMQ==
1323,乔信鸿晨阳,男,440111199803066036,PBqpd3cukJx,7uU.~fbVpqT]30R,CMQD6Ovr7E+rlZCf1pzzY0Kku3LPDuPYnkGY1W7aZBNzquqE38xHUPHuYR3wW6GHaNh/wU1ZltVQZHp2V5ifOf5PXK9ELG2MXMOtWUXvU0ZYXy0gAo4NFcm4oVpxaLZ76cZ9QVu39C/9QoPNRs4qjYUflDJKtf2LaCsp/QkKorD1JxZA8jr/5k6ukmNQU5oFjIL24te7JGPN+Cc9YxU11UHlChL/lg8pUCGkLCFOwn8bTH7ACa3tKuk8+eI5kkDRvd8mbA0lqo46n0i5+R+DGSTjZS6GtQE8Fzo9U9PT14Ust0lNQ78GdTai7CVU2MHuFu6Ks2F8et1l2BvIA73LgA==
1324,常银睿,男,440111197502129110,MFyQKzeTi,R$qe!k@i8W!N;6<,NWyhGQD6N37s5RRdnBg4fMdc6YUb5ZyuY8/Y/FlEqCIhf/U2ZuIZIeWbGq3eMjgGJ2PTG3zqGRRg8xW/qau+O/O9Mw26TEMmBoX4XV7+V7XwjER2RwQVGk4aPp1OzsyTNOV7Nzsve6FP5FmHxRSw3oxZIwBfO6MPBBY4ZvTGRLFw9pf/pGizBwcFt4MHNlrNkj172JH5CSfC4/6K3GN3UbtCY1/CwLvgw76rN5ySdcrX9AcFuuWByk4skhbXu+tCW9rny8FyL++V5NwakSXLHWjwg9fZ0ag9bpxLeFWBanmZRtDoiwC7SeSB+Ay+AbhQQ1fJ1odON9B4tAdL8PuL9A==
1325,姚文涛航,男,440111200206261859,zdYPT7D3Y,c|uRV{!-VA0^3CB,CX+jDAMJ5yucwjNJtcsUtxnR/1RWT4hHEdKxSndeAP5P9YmeX1dS5xdLxpbIjmBNR31GpyFc4MdBIbrY2yNhUvnsx8AsmIzfPwMCGZzgBlLCxX/z7LUztzRyI8A+Z7cpBavXOzGuPkmf4q1ZMULF1elxgtcU7fNlX9k+qY1D9TMwuIc5pRd8OiR5P9u2QKpzvS0TT2012Wqk64g8X2Bb9d78hvMCHRy393Mw0e81oE5tu3Soc5um+RTcza6jgj/XLJzhznyWb6RncqIaw9uHvr6YvuxLoa0y0ssRZsPnx9PNZF9uUeAmBY1K/7/vNc5A+lgsUiNINoi92XoMz9G7Tg==
1326,牛俊峰磊,男,440111197807266618,loQDj4M,!]S^Y1}7+@xLD%,YTq72zUzNkoRS4d/nsYPSKiz0wVlvheIR3Dh6Wm6PmzbWbVJW2dngPT3q3HhUvbOmpLdS2dXMCSmlASCnacas+3sUA+UMc1Q2sMXdU2AcCow3nS+qz2Ol6hjkA00Q1XL7dgmXos2RlTpB/sULgzXbuOtEWVFtZQ3vFo1+4Jo5igr590TRJGPHBsmtOy6/ev1kSiWW3Cto4MGFn+z8s82yUszY+OsGx1TjwovD64U0VL2XqjFmpjYKNpIGpYOEHU9HQdQ/Z+QFPHQqciVYlQD4mE2sYpCRgI2s8aTWSisua64Z1Fj2MD6Mkgh2QKDX1w1dMe2yDrYFmX6yr1Frh9t7g==
1327,李丽华,女,440111197501117521,gyzJRIxsyvHO,n?F`O\m[.N,CseKuArd5feP8FhcLbMT8UCWxJJqHHZg1iK8D9bNveVu9fYph2BVZV5n3iP0ThCvbUxrbIXriDZimmsVTOpUxWIogerv4mLJP4ZDjxlBQaqk+8HH0dHgjee33/9Gl79tsFjDuvypQfoV/Y8F1hT3Cx+IE+t4bAaaHn//919ihLZpnvLZ3z3HoxJWPxUtznZCzM6OVN4rBUKOoEJ0kGDo7ULpD9zxNzB83dLI07sUJ8mGUo/5a/gATlpppdI2JGq/U37GwSxCRtcOkvEVJuHTP4RbTkV1mmXWOhtmwjp7PgsrFWpbzE6EFc3FurqXvlbEGiXAVpEQ5wVxYE71vynWhg==
1328,蒋海昆鹏,男,440111199609223536,xvcM84OulDth,qUH@4JXGl\h5e!,b8X4rn/sP+5iognVwssUR1bGOdm9d6+Qlel37y1W3gE1SS73A6Aj6y98KC7CVdP3bGn2gMalFpxKqdGlzVsB8u7CDJ+REMPYvt20tv2/BDzML1tV/mcNB6DGFDM9O0NpgpZJVR6eloo8yfuGcI3M985Dbyjx+ddkodoU+VJrRqAxAnApQlg5DuPotr5Z3kC+kHBYwQomoRcY5nTUsdc6ST+tTacy+eZTYFBoPYqI1+tcRoa7IT7Uubq6tgfJDGJw/6f92t2vtrrAMoWNXcpGrNJNtWjwdlMQnpSrJwlufUamDKLVFnUCveCuT873w02XaDTO+6wpxrJtvNGfgOHxNQ==
1329,覃雅,女,440111196904116860,UZTj89,c9Y}i*&KB+U82,MKg5Nd9go8OrkS5uWFA2To3HQx2Ibh26djyoYirZMhxZq0SjdV7MdW+3MhutfpyPUGblyabRtG8PAaCwb8KxunjP/99weJtszsNjBcPkMayknzLBy6h6b9rwhQOWNijwa1S7v1Kw0W+uxEiK9+se75AaVx3x0iRTc6eSj77i0FIuKJL7dYH9w3dCtBqzsS8/STw2oE7QsIIdORG5H2ZkO2cVo3SpeVynlPh5alazXV2Q+xjAyfFdX88FJURyTzNCErPg7WJo941ziIW3UpffHhcZdIda6UFernSj91vJFFfnk/Vs0cKkbgSXaLqHjlIztM6QMFd8CbORHmgTD4boVg==
1330,叶嘉慧聪,女,440111196806281424,FXzRlsSE0A,vuvaZq.LF_n5k~Y?,oMK1KcVkkZcylx+wyQ62N1RtzzPIbvZU/kTs43q5BgYkYuUTG1ZNyjOrDlfHf+CgCycc9/v4yN4LhitqU8j9z2FyNhW/FsZhoJ8FEu1X8oNgGanFMz/ggJZOA0Ryz8SHzipXXBf3E+yj1AQkMlHUgQSHI0yQvr7sGDGkiy+CHehVK2LlLrWBtbjIhigmpvE5EjIGRjF5q1n4EF2b7WdhnHccUuTFqSVDyy3Wx9NT0TdrQeoFyT8MLleqKsnawFjM58wHrEqfb2CtHL03eqOOl7JEZeRQ3ukushc6XbZYez3e5Bid+TPv0YoAja91NBEfoAHMpsr4xdi/FcR/BytsCw==
1331,范薇,女,440111196706165266,UdiXyAOh,35KowYxtWNb3r<,xA4tWKBTqvNRfu+0IH58MMmx6d3WCQL671IuIPkbsOIxdrCocx/iJdOFHPk7cwJ7PkSaIfXwgMShymOwYR44laGvZpq+tCEdFOAojhSt0E02Hdfh8/9ZVZNvyv4iJU+Ok5jeDj/qw6lerUtRIs3Oq6TxJzw+D7tYEBOKYKLsoWS0XyiH4IrnOp52eM9Le2gXbAwR0mAr1M5i8YvDDrRDgeskJONg2ST4w07l64UEVvya1+n89TljmUWIu59hRkPtkcMKRsYr57TEpft8qvCAT7tEzv5T9+bHK1SU5Evh6SBya3NsAIosUtQpExBl/44/qFGhjhrTkewDpZ454WkSmA==
1332,常强,男,440111199703269477,Qz4Em4gdD8,.hFKhLs^bjFMRCa,H3gM0q6inc+MSoYWNNa2b8vaSa2vlNhTqWhp/nBSZ+rGWP78lNM8JlkgIUmFPfdKlVJpeqiVf44+5ugzSWIfIs81awgH/55TIV+4g+sRDbPiJ7d/gvRQrX3edomqEkFpNOoiIH6K9cTJFFut63lrMxuCzyWLYBfH4VBN0sl8EuFswiAYq2A58QsSGJkrKtEfZ9Jgr0LLf+eIa9Etp9gfj6yFY2bhTdV8jkMFdXLjkMe5dSg73GWQgXCK1QccxCvFjF5l7qM/2ppzAhY+pzQS7XqpJfRzzbOfDBTL7sq/j74O4442sK2CUqxs902kcTOE48Nop7aCYi0QTH2JT4RO5g==
1333,孙嘉豪康,男,440111199110080636,dc4ZXPv,hsME-+~7~Fo_a,zZEKdM5RNfE+JkwAA/gquI1DJQ3GkXaAfqPeunXjJpH3abihlUyQ/lC8wmpV/i65/JK55a9kVpWbvgGq9ToNU+2pUy+yvIcRGK5Yl2xS51nKwEkmspwwPnx6gViPS7Gc1i21mGuovQiy1avuvVy/zpkUbi4boBNtAILWrNSD7Ji+0CDV2bewRGaqdas5CSS2WYvh3fEwfmaz/VMXYAIHuq6cxMVTmIpzhVMWdV1Q7jJRkTxPm3MS0yVYnvR52oFxNwkNrY12OjKvdFHpeHDg351KJ4x39MswVSby3dKvJv6lmHo8rPMR7hXhupniS5g/7UGxcXwnCzJ5bJQnZUjDCg==
1334,康妮诗琪,女,440111197808058423,b4OyxfXKx,~2D<7[A<q^mJRT+,Lirw7rGZcPlFJuVkDXcc38KcTa+YQwpVk19Dag7m/7MrpeFLE+zUDhmcx/3grevsCSCdABJBdHNfyWQJQebBfrzqz1k39HEqm7ErgWedW1y1rUcu7AwEjT1IlqW0/OkF1R+zQxFSYqr1aqeWPVkEPbeQ4m6yhL2i5YeChtdG2C88ykQliHR+ywUIqodKHPdOtUpRjSysah05pY5chTMTuJlDw6AP14rd3ob/eRU3mttd7kwHSXiUpLrAwimhF0TguLVNA8VUao3wSGahckDe9naDWNgTLGYrEJ3MAZGUxorCFQlaSeNorcMecjYCvTw/qAp/mxvrKTqaGyxgslvVXQ==
1335,汪勇良平,男,440111197908175598,cQIqz1f62,_YZ6xmrXfPma,FLrjpkHFPBFrusxgkX4LpNPIkLXcQAzRsK74k3EIXqt0VTr66+NUbroRrl3QPzrNAOwKrOaHcKnPF9Hp3Nm3O9nO+2faEq4WKmTYhv7MQZzu3frCM5l51WFpwkR3iMPPcY3oK+6NnENTy2MRkOViT40wsseELfubAKcvE6iUTrau4Mc0z68SKOJlPkkOpSpdRaMjNHfAaaie47K3G+LixTMBiRaaOmwgn5PjHvmptVDvLNMlhkjegjbJmaGnX0toBAGj1Sb1wnqck+i12tRCoiae/Xq98mDsPDDtMw1K7WMOoKZisfs0tKcLLlxmSiHhKabs5oD/Ee53hkkqg1rDWA==
1336,魏宇航达,男,440111199609237452,RtFgD4Wiv,keg}a]ZFLZa&3(}>,qL9AE9C9vhj66YU+ePVhB0k1SMmT10DIsq2Hrn8K28PxcBP0dBCy6NEhnmnFf6ck1iyEAkhGvA9rtS8j3UG/Mewuu68A5VslBMi6m0GFhLRgBO/TDc+MjQr0lAkl4E8D3OoaEX2XbZ2kKUDNfonPOdvGZtjn7AqCaDsHEIXR40X+9SRmDbWQP6SX6yedEizKzvEbmNPiZJ7xolRbi1bdOuRqIySrZODgQqeAJbRj1MJFYbn6hLutOqBV4IZ5qZh0heWauKJh4XxBs4++1cHqSPBeRu6oQ4lD+Aq0QfuWCSf1audQ6h9U/v0pcQPGZqkSnhs1SQ/YljyiSTwHlayoNw==
1337,韦家辉,男,440111199310308615,GfF77Tdm,HjC_.Y>#THS0a,PxCA+RgpOxKiIHDS9X6cvOMq3588CwQbUp4pjHMEM7Suv4cm6wf3msGT3U8Yspisg6F0x5Q1GamplN2cmu9fEMeObJjb0f9bzBzTBsO8nWG9r4ChdmpPCeuGJajQtviz6aiVcfYREI0JvgU8XWT0PiwJ4Zd8pm7k5z20ZO7BKiqksi0GjqOpY2Rrg7BHyh752orRyT12ZN2I0w1mHTkCeTMUpn3iz0gfRiOT7x20ECQOV4H5Z1cExuYTBy/4OklnEwFrYCsic+sbHp1C5Ng371xALEMitLc8x/wPWIieQ2n/h/WFgE5LbxywnEGdVTWCube/Ak91OsDQiPm/Z7SScQ==
1338,石文博,男,440111197909083759,GGZBOPEIkqe,`)VRAM|:5S(.,IP2Er7WlX4rGW/0fNWBRrFvoWYjGQeMJPr1Bdhgcv14zyMOfs6WMKlrDTZEmL1WVxM+evWlMpGsv7k0Lll7o1C45qZFuaSvdfj9A1/CmxFhlxJ6nCPJzc8EHJwkmINH6LLVWr5zUlpPFS88RNyojM8QDb9r0cbp15f2LhHHJYcIMN+jvd3ZJmeLBoJkgjx2D8axi5OcZb8xtmh6rSExmL28qJ0eCXvKPjmLKEt75Tx203OxoHWY2FtKYB45lNzVJkfsGn4ZVL9BlOu+T36KbH6iGIrRfm0rWZVkJ2ZH8tgDCVrNJZou6sqRnML2R8T9ia9jsAo96LbiU6bl1LXb6Rw==
1339,姚承志,男,440111197705177753,pzfaxiUbUbwY,gu;MV?A28o7[,oekGTLv1+F4Fh+oKsrhXjnaJk7ZxnEsjEALHmIxYDeD6bOl0MOZ/zm7m2uDfYpDv5u7LTN5DQZ4TOdELVopzxVZzN+K5FwDjqv4Hv1Sl2Q2mlar1dMkfBM42ltJijLSPouJqEc5/JTbUOLGPmUQv8tekCxjb7jEZtRyIqk0XNr82yViYULMk4Uv+QBz9k45NqgWAhbq/3U9ehRAYRpWPfewsJu9Z5YJIYehlt1JVqKvmH0zxk6TmM19dr4Q5E+hQmQFLCTn4iED4W79sstnyCZCThWUBKphue3tZZLYxc8i20dcHH6DvjkryjZ6mnM9ucLjNR+GU68U3nfg23lyFlQ==
1340,万浩武,男,440111199510230496,nDELjCG,1x@?cJTg4K1qy4,e3SONGdvKJUtcckCIPSpzrebWur8WOiicpiMryOhQbSzuYiGGLoHUsULa9HUjCseyovC6sTv9wXk1WjR4cvcGeBBlpPm+iJaPLwqX27P49KiX9YixFCvRxdOf6pL6XdHUzsmQqkhi6IlVmpFxvKja27SMEK2sZVlirdlJRZh8qy1eRLEMoazpbx6zFMUgilnqDCssShlvXNiFRNjNLjDFgvNbaTH0lsEL/tIq8JECJEZn0p+g06DgwGjRgYvYJlR5W3c4ZzjVvV/uJYivvb/abNEeNmM9xy7j+WpuocujJVKtAfPxIvEH4U4vQLbinLmFpP3KbZxqNUXOblvS4+T7w==
1341,许薇蓓,女,440111197711089346,MsGadQd,}g4:6dNK,kEMNAQVRCWsAKQqFEs7zstkcqVlXIIx9tbGlIfmPpvXjKGj3Wh20TuiHzVBsvSXA2F6JVAu8orrVSDOVmfjpsUlwU3wnSX0wGfEKQwZNhYsp7AV8plmugFj3PeELdtSCCQC7KBK3gq3EoSFhgYj65O6qxg/9Y2vP0poZXeypS+UJ4kXJYbj5d4dWJFrPNSReWwyUpxHOefSh/DT3YkXbdWg7Cl9FX3u/BjWMzBmeSqXZblpIOwV16TpIVG/601cDMfo6+rkT2Jd/WIxI6upVoIeJ0LLqErnat3cIKRj9pGU2boMyMFYuarV1V1VoYu60TBcHkZRdP1tL/HunZKfgKQ==
1342,袁璇,女,440111200605054320,vqeDekfbhz,AJjz)!;zk(l!,mpmtUlbOAszbot1Q53MUpZ3S0QIjX/DRJ6Vl1ug9eFqOLJCmxIXaLGKZ9tCaZuqKbTV+tX143eO0xttkNxykCZS3gMt0MKA9MLpY+0xH6v9i16pow+D3ZWM6AAmBHDzJfndjnKNm5/0FBZ/TuXTWnr4Qr5U3iDguQB3A9E34WsfPuDKaCiFQKRD8fLWzHhAXrzUPX2zfcxfyEi7aNDdyZd+Onf7MQfVmrM4ANYoOZM68n+KFnhmf/Db7rnjvavLMQh+y8J/lo/Kid1b8MVyhj8hjO0whXcUofGw4YkiqNnn0hLwh1awcfkCC5CewGqclJ6RIp6hZtve6mW0liaUbJQ==
1343,董薇,女,440111197910055181,FBF4UYBumT,Ee>S?XR_7qp`Iu+},oj131CniHeKl43fPF5eDyGiouaNBOUuCUmwqqFBSG1CTD+EdRGblXIAdz1HNP/vq1OBnRV4s1oFElulaWO4gX5kokdOFo6+4cCCy0Dh6MR788MfqdkfpUt6SEYK7Ivl31s3aNCN+4/k+XJGF1DfU/9foTlKUC8hpllK4rwdUrJ17gK5v9gjLgRlXjsjlZLPBaka++En4DeCh1iraRd4Bg0HUzIXOxqTmyhbUaX5+BggHXQshh2Iv+DlNGWbUUj9JEDSoDz7nuHK2KYdcGJXxshRxte7gKhdM9eNgxTAIw50LaIDaJ8mzukg8kkEWnewoOYy35ojdwfDKhvm5PsBqdQ==
1344,覃立军浩然,男,440111197908094691,YUtwqBi0Aq@Bi0Aqj8,BQ:ow8t_^w:`hF,U5qq0KmRLN5rbCLOainMll9hyItm0f7AxAIU8qyFTfDmL1EaEPoPh8UMmvDj87Xq/o4CVWlv4rD+vaBxWup4xvGiNVLjoH7nkjK9ag4TNyu7FgP8wGlqVFchF0cntueM4W4EzH3gscrOZI4hnILZITLt0X8O/xun2mutFrexZqKFy9nt1HrmhXkWjy9ak6zDXfQGo0BkKv+W7W1OZPf9fnt+SrVVKcxOKoRmt34O/oFJD/nMYmLiKsfTmR7K5TQRfzvPDCbBt3txk/5DONrWej5mIf9ixnTxE+HUDiszE43UPFYtrfRr9JZ6wN3e8vZqn3LZpBlT/73A8RtCuX25cQ==
1345,闵舒雅小丽,女,440111197805308247,qxcdNyD4eP4,x8?91K}6R24h,aK8CkOpvOcB9DVjoCbJH6BDQAryIwalSrIoLZlhRKWF9dAomSLSWocxrBUtHTNQeBlK0fsmdelyFV5vKREbIYSaJuWpMvXIlH52dAcUHkakJBH3piNDSPvOZkfSvIJi1uZ4ia7hFoQP5x5QKn5QRuKRRW+a8lJJe1s+oY+7fTrrWVtQvl5axQnVYXDp/dsenyWdbxPwjPR/HsDX40BDAStTujOTRzkZEMhw9WrVXGbVCfJZu/isbKHPj65QpQRc2qqEkLc7vDmfo1FfFHNgB6HE+u0Rf6FLsBCP8ZhCPkn9fLcuvVvqdrwtJdozfB6oRz4N/+0SrKZR+WRta4MZzvw==
1346,岳小红,女,440111198202112522,sf6G73fc8Kb,w]I%~Yh}]*j7DX7,jEpXFb+HuUK6tGSTLeSAyJMrxeGzigk76m/Mkb4pSD907vpB6H6fn3bBKK71+SrgLJmak40DRWxPAK/LA7WlTlDpyyrEeYbEI7ZYo5eI70usXNzBTxEPqLzxAiK6CZb4Eg+Jd85fIZy8TKxowTmJsiHics5jviGlz7WEbdXbCToJKB0l2WgvqoxaPjJK4wjdmP9gRW81fRpGGaF6zZyS2FMpA+hW2h/5IjcvgePGkNJ8lmQxKYbLmuQdov7WHMpNrcJ+q2gdJ6BkytSHTIYi7nXsXVEPo3uPQ5EKHx8vnxWyKkqtRWfqBrED8j6bK0oc7E8rEALm1hCu6iAlbAgFnA==
1347,施卫国思成,男,44011119901009167X,pp6eCAuk,|F1N=k(`Lo73Pc,uCTbzoggcjsLUJ23G4ZVwDDHoddZ98zxgHWdu59NE3CVCgZGR2NjRUtLOFL2k2OzMOMidbFGSqQ7b33PsyM7As8gOeHGwicuahByrSOQDvSwahwTVsyI588nEzketaMyQzSNp7qC2w1kk1qD1FxFJa10Ju2nUe0GdEYtDP820j9nPAQqRikklQtXp/Zp6bZqti+x3tSS+PrC1AYgixwRkjpHpbWqNgf92NXPsSZ44mDrdhChjzWzpcOvMpzawec1OUNVD2KIoVGXRm16qwHaFX6xLKQ2o7hBxow7iFw7iq8H5pYq0QIHDexPtf/HX5KHLdMLylAE3HqG88LINsYDdw==
1348,管蓉,女,440111197908105864,xlHd8j,FVj2>0h},VWXdhn2tv9VO26PJMgqEoCvdJOwbkvereiIe0oUQDKq4DwIt0NQGjqhZXezRbcZWONLY5IqdGcyENF7aQlTHtnG6X8nCbU0vsYmjjMI+x11OcOitVD8GyueWwzI+N9p7nHA2qgBeJfySwSnzwofimxKkAP024np66zN1Q+gGHiJGcyAoQLZ/nvH5qoJi6694jzEBOAzQ6e993vBXee1svc7gkfW2KGHcjcIwqoWxYByB5z1rHjU9obiTruXdwc50dhNfhZThNBh2rDontCOHyiNC3jmhWUishWsAul1IvFIwlcf58APimvnKTVE++dk7VI9fWyJdNYa6TdUCkbRMMQ==
1349,孟鸿飞轩,男,44011119920327785X,YS6LdPNuDKX,&ge;\iIi,BCP8t1yKOLs23r7IhQseHpGUPOXqxWDaps/lLZ+3uGt8knyC9mDgiJKECzs8abU1gmH4piwnh5vkWy7wXi1bL5c9jo9yCxeQJvFX51hm9B7trt+dlxgcHQq/nHAeKs1ffZWic8NfyWzVXgwwQ88ztOqfTIqNUONuxidic2m44R4Qza1iCbdLUj8Uqk01TxXSEOgcE1gs6ePoSMmoU7mrRqavir+pWZdlEqGHDdcEXhRpsqIDkFPdMbQENeuPX0OmHmPOxilJ9tqWBdPNqI+MiJgRgZLaS/x7s9iKCnk0StxLObZLBJaYA9vcbePT7E0vg3Ym5bRiRC5WQhcrfFfoYQ==
1350,毛诗琪茜,女,440111197201303461,uR2nySnm,)efK69PA8!,WhFV6j0wMRA6elEEV9SNDHaxe3nVxrKqgJ9vdp4R8ePyeY8yuK1uOCXeIFYcUQjRFVVLNn1ldazpOEFhBwXAy9jMH9arFfygdgOB/G4iEkFC+KUJFZnFF4TK08TudlRmgywtxPmc4RV0+ID1eyLB1JLXfPy7wQNoTjbmDepU//x/pDMTvv527UmmD7yUo6OB+O8uPKdjRpC6KPoR/HcXUqgcBwmX2N29UJD5LTWLutS6ecK2qTcMUFMuYQeAe6Ys1yDBPibOkBdfKXOkkSbX2DLn1yyIJ40G1zuEy2a5/eOnhA+Jh9y7CjgIPUY5i284zS1eNwiDP/t9VcOj/4SJDQ==
1351,郑睿,男,440111199010159830,Yev6NyWTBIw,/^S9kKFz6Pp4iR;,Hcss9CQj0a6Hn1yUkfvWGFikAMAcXKHg++PVEKGl5BsGxF0cSPVgfjOToLKtf1RFGo76SKbl5G53ozDKcoaByncLyBQy5/B1TbE+wmITN86kHx7uA2V95hLWXrLkM9yFafZMNuvvtfzmYr7CBYorH1E6DvJrOu251VCPDZ9j3Tqc4TSW6BRjHgbtgtYH08Z6em3KHuD0I9ciVvqkECRDlVsK2PzKGztSiMFYdPLyzK+/FjxeXdtYNdMlVk/7bNX9Sl379uJahT/Tffb2iIatBbIaLN39J5LBf771/OtsAff0MtgS20OZKGSIfQsnMcACxv4JVnIVjJY8Z75SZbikdA==
1352,詹泽宇,男,440111196810253557,ilIahuRm,}^&@R^x|mHLq&N7a,Cp8UaOZkTwc7pcHuI8J0TERUEUDl7gSNPf2+ir/Ym/3cXv2t5IwZKv/lkVGsxewb5Ii88hwxCrgEXUidtWnz+1SdG70FbCkRB8QzsIylYPoP/5WJbNS7jUmiQLC16Dhe39++S51An6+CL1CDe2z4e7Gdp0p0BRX7Tj9xPMh0pUBQCqfRKfdxnYPRvhZ8hhLwcTpPkF26OYoz9XzfEyh6eUuSmbayF/mnOq0jXzNC3qhQV6t+Jxb1a2URyym4ubiJ2e0Ul/0rUxseEfqvRkuGbrikSvoOuGDxXUAKcusQ78g58ICueMdpitRDBtdN9MUwOVGJIJNF9kZL/YP9/C0Npw==
1353,屈薇聪,女,440111198206095483,PHBYltR7K,1p*hskDb)|@G,SkotW4Kcuw12xoWR7SQM0mDIO8twLkNdeQriHUWwHtcdPxkUO9fcHzarBtDwXKkkys2acMTb25OisWZ+B75li3QK+vUKrAstfE9/L0A8+gfqB2dTcVRq9BBwNh5iA/aHreYnTAJpJOzao3tQbY+nqelPii/mC4Eos8wAnVZLLhdTD4dyd2XaC3cuUElVcSxvihIhwwrIEnyBOkhWoYNFqD3W1eTtwsY4VW4d5J4r7PcSSAglDD3Pv+kNYCxAUDAlGRCABYFUNKocsHp9p9+m1UVpW6+ILD4SjtaaeUGlthi0VijxJWd+c+DBMNKDyJOX5fUSdrWk51hikUACivTvyw==
1354,方文昊鹏飞,男,44011120020712571X,pxJvc2Zm,RS.dq(2COWdsO`V,KJjYHgoCKfEVJ6bRax3vTdihl8d/Vnh0ExVkAQvSekwotWxVazNQkKH6MThaMDZV7iTM28vugB1cY30rCX1QYoP6oDrMJpDNlq8ZUF6UzAwslpXoI7vEX88txO673da8Qak06p/4YRZNhhWnDsJiElQhCz6ct6pPh+p0TwTLBFcb7pp15oQ9CL4N9lDnk4irnJPQtquJgmdKKJ2lN3N4pC/tNdM9gG5cTiVM+YWmuQcdDeMcOaXRbz5zDTBdrZWYYMGbiD6P6JgiUUqEDmzHfGp0Vkf5EHehAR2rOiTBCn6Zxcq8h7K32qWQczvgZ6fSb+QJ1VOdp5cI01/wgF2hbA==
1355,樊思成,男,44011119940303115X,cfcJC2mZ,9P*7}.s+_TBp,O2tdH5s5KlTMyuuVVRCaow/lWdfDYPgr2a1PHLuOjOwyDxjh5tsCdZTjuvQ7+wf+MCc479r564449cR2VXMi+CavNQsUT3Gsi5n0oMZEFQy82K3u8pqXFWJWsieF6xUMhGF34GFcAreMgKYCcDvehwQO+SZFYblbow7y0+cuaSuEpQxWLDCZG8CC+UKV6DS1+KeCFSWn32JsIz5GLYQ53Fdh6u3Mp1yQfRwKzy2XUhkUMnhoiHBd8dARNl51eUPC4ewdn9pdKHlt1Wj8VKOO1v57GidfRN3s0ZTf9WO7hmJW4WQ6KYJhyOYi3CKSeWv4zsetDqRvnq00Vypuwl7z8w==
1356,严蕊,女,440111196710315984,YvqCtl,C6d3-LV:VivY(7,xVYkfROuaOMaLyYWMhdFnpSmId1vovT/3+3SByN6Q0F5iY1z9eUQP74jgh3wcUeOtco/HFlXjLkia0gDESqK0t17eIACTgcOz49POT7KPlpCxLTGA4atVN/3r8Y6dnWK7n4VVZh5/1AJhzYL/+POt9Kc022UMj+FxEQ6UuMFSfxVF73/ZgvJQfVuDYECXaOj+B3ukddJtVPqEuKg3viNmxpi0o0tvvAMfXWQnPylrEpwpYyscOF4AdHXroW3JgNimBe9mHTnMOnrZgj30sNQQA51VnsotkvSFEIbnTIxHEj0kgwv2nq5+Sq6pSt3JGlZ5ap4mVEH2Ozw7KQyckcxcw==
1357,严怡L,女,440111200206186828,PDs65mu7FhXt,KQb`/RrVpet,RivgYFwlJL04+hcfASQvO4EmRZRTM7QBUIqPx9qcTPsGIWFa/AhrMq58KgIC/Tca9q4S1E/f/i5lOWQBAxmA/DfFjP7gv9Hj+RCSZgxRVm9/+YA2JRtuPH+CVo8C2a/SREnpsCCi4LSE9+Rba06obLqwztwskdC86vWURzI0KnGOyhDFDrCM8jPOduFIdfTfkSug7G8171bMY562qTtcUfEaOP2wuNeiqbvCHstn5bnzTEZOrpasHYpqBEHwadcZS1/2cf18ZHrUj8SVIEddOEfDmV1QAgEg9HK8v3MSN+c4fTF/gEP3yyoucnRQSu25IYYX7/M6YuxxlruA8drHhg==
1358,莫艳秋菊,女,440111200306203103,MjjjHLdjDe,.mr|5St;\%jaf%,kzysVdIc1RmxLv9W6BJLExau03za+b3N+qFUuGQU7BQJ++pEdxCFcs5v84ZbNY/H5N2isINQ+pYNJ75/KpOaQ2wX1R0KrJJNcRPp+54NidL5ZSrad/sNbqOZjUpucU+qK1x0kwdB3pPo2ksp3eRKaFp0lfUwiEnRSFYSpmOu+243HDZ+b14hULbnh4ICdp3ODKOBUHnsFllrrt3J/gYF6q9GgY/cD/Vi3pVWKmdcelluVlDQmITDW1yMsfRMg7HU3mRGI+2wJqkuqxLWboN9KIBbOE0G6g8n9Qy+1dm+HX3w419P3VnyLJNLJUtgSskz69MGhR4VCkh3dob3TyQSjw==
1359,沈毅,男,440111197212318837,SpIg1oXT,z|@0h{a<_,Ud0RMthdCKAlHafEWxi9scuaw7FfAwTDr87d3WcdihsDSCwmUuar49HoPsa5j2kaapol7bUoP1wJnKs2K2RI2/ImBHTjRWEmtOVBZozcMZNWQemVJWpIlZkCuBesIyq/cns7k9oqfP/BnBzFIRNLy2x200wD4oKqFfx46LYaKm7G8Z7Z/yVgvA8kXeuXVFSgkVVDFpwKe4PWDBx3z7DgyVHn0qLHwqefrfoSviNqd3kxKnfLZ6S1azCIuinuvprBesfAeLhEStkZlwra/Ud8QLkvoSEOTh+Z7rEOWSoWNQ1eiiKHy0xUCKw+vvWG02oyfyoeEY0aOKO1u6loyPQrEw==
1360,郑琴,女,440111199502231261,VeGwEwmC,tu<dh?h.P}.)y,rlPDPmxMBu56QJ/95ab7yus+5SXpMYwzU5+GhIvyKiiuOgRx/fwVZiq8dKzWCKnNFqJxHZA7ji4kL5niADWW4h9I+PYbrCM5U9CX7tnti5/fhRler23XuNQgyl3Qo4StAif8cC98vsWIw9Yv4VKDe3obuQxo7MXEr7Gnxaf0WAI3QemT/hn6omOEEYTbdDPS8WgqLpIPYtL0xjVTD2nUqCK6B5Lmb8aTVpmDUVLeLly100s8hkGk5nSlv40u0XIC86Z3ZEHGHTbvAV4hKrgEeCgFZ4bEVxj/X3hcTdBWyb0kJtXKgO6GzHR5GZ/aJ6CGUukN/X+CdVWzPBMFyPcdUw==
1361,邓涛,男,440111197010311872,iVdvsp,l(tyFK?T}.H9{K01,Zh/guUxBjLWDXRVeWqOBtMrOfsQomBnN+Q5WDZRHPowtiSvPkqo3M0eSSR0LQk5hgEsC7yNhIjAWt50bpQlkWQXoV+V2lfCYJtl7knr+jRf9/JmRRjB81vSjQ4SaJe5XG3Ot6W+CJ4BZm5RSg8nFCUnQGcEzSQpxYb0sbmxR9ZXL9Mad7jueQJTuVnUsNPKs52z4zBpPidLfLvw1la2AoZuP1Ci8eVd/JM2YpTD9WZqfblBE/BvO9MquGXqRSe8fh3snW9jlUtTKzZb9AgyN1PlZ8AGXF5M1c/0WxuUtyEPQMmf/JfKgjM4rvaOBLQ4OuFchfLlqkBgtZOibjoMPzw==
1362,范蕊,女,440111199301319064,gSSsbS4Vhj8Y,mX8hNA[YY<,QGzy7jULZ7HVHqkF6ih0iI+1NcaIZ+Jlde/tJVGIZR6/DlW0TqM/eAKeHV9K6X+iYzxArGwNFhtH2SkEFReubSzoBhZywDVafgbARN8dZU3uqyl0vR09BG7RPYdRprK/c30wvuhIy1wbMVec9pmjf8h5v2TlJiaIoynKbPYa1bvP5wtU9vjVIztunNldd4OAfHIHS+YXRfGBFR+SUDMWOGKMN3AZD8Uf4hOiXChBbxnveO86hFJ7jO/lGgzMo3q3AeBJmL6WQMub40ZLVsKjZgie1FD7Vzd3u8pz41Hu4psW8a757jPST1R+U9DsIbVdRMmtgzUZday9NV8sb6JcmQ==
1363,庄蕊颖,女,440111200011179126,HIvc4xHqqCa,5-(Frtq]^,rTElB+BpPeXCZXOIzAUQ170Uud+bDBBFXuMHYHDAnBUy8RQOogWwZa0GwQVDbUdEADTlV10tHhyZXHGxEe77E6jPsEpwbE4xMlKpHZd7rMc7fh33Wvfw/Xsh1W5yaLYeo0c9U5N+6oYR2GnpqN1e8mmGPsPLjrw8LPKuMB0q+IcSpMm2z1VOciq1pX/OSdIa2O3FvHe7o4PTqhRoBwEzskbmMzshWphOeZmJ2C+0Hhn9cqC2rnFBRJlnhmxHKvCgwx+F9GUfAgHFpbW5tRP6sDkZz2H9SmEbx6BmB2ST2EGgCpr6wIpp0zzotjspiCvT1Tu85XNSs4W7QicQlyaypw==
1364,郑武英杰,男,440111200503046311,wuWnl4,Tcw/N008n,tjpBDvMo/KY/cP6GUFQ78giqGJOdHQRRmLdoDHb6TiAo+DIrKKjKnbJaPAmbYghFcwwY9txNGoQB4KaN3r/g2HKPp7dr0dw4pgXdbgoc1uYJktMTuTkl+uGwx6zM4qYoRxSGu06RgC6LRONPQFZz8+ALPy79VsiK2CcUPdk2LAce85/B1ixOS6Vl+Qarcp4595vxg/4IVJnRjnobD5TYaiNDX6nNA6e2eq9YL8IWRWT7avQWME+/BqcmAsKoESKY350GHiUkKa/xC83Ra88gfg4ApypipTceHRpf7NqMt+hKY5U8OIUfGkixIOTtM1KeXIfz6qp/rGK0Dq1GHD8tVg==
1365,付承志,男,440111199405224270,hNzMfdK1TyEs,6o!FeBr-.ennS,mE+W1bv/7TfWfDppNg1P5XkDnWQbrkxbCifD6YoCuGNoYiA2SP/kIA2Z3sTdl79rjhZuCWpSihple0RwI6LDT8AB0RPF9MIh4KhkoetiQGCyPBLq6mJ3A5KPFKRXkkNMuLopNIqdAyuHVWdB6lYjd3FwL+184WJ/QOllfUS/gQKLgy5CNsPRzPq0OUujn0YH5j5cNPrP2kl0bnygMfE0/H/+eYKzWbM3J7dCtVwkTpYUIUeQUUZ2L/sa4wsoh+ryZfIe7WexLQlIvssDG1oM64xtuDP6KhSmzCCQwD+c9Fzhm3wFigeUiw+OAE2KzrQHaOw+PhClQlcRzhgswmdmDg==
1366,丁薇惠兰,女,440111197511179064,JfTFUK,^t?;k/p$H<zzj,ukOHEsvaKraT8tbiZ9hEI+UMJ/ZJ3lpwFfVujaq0A9tqJC7Ka177V5oI3HxGNGERvm1cxf6a8hiORE3CpiwHLv30GEgIrAF+XRpZLdpj7JEG/OgwIaQyDj+GJhMCJ6pnz17TCMu+qfHmphgb6S4JetelD/NiPJYS6UsiIseVF3kNoi3OvC3Cq/JPyRaakc8GCTFT2/bu80gz2fnuSrKeNPlvlG05dEeboEJPJ8xmH8ZMoV6PRy0QkVBYaqB7gO+mewHKwfc5t9olVnDxYb1If/mGJ3YvjR0DelTWWC5UGnpHNATc6AV3x2HWiV8LTdm1eP3vbbM/eJxAFRusiZ0Lgw==
1367,吴胜,男,440111199305237875,mc8QnyaEeqH,1oP1|/dEu,ZlEwjIr9T9ZAGG3/RfT1DFEHVOhLEHGUwSRksn0Dsjagp9RK+DmouCpNgjLOkH05RluZ7LcJwYmZFekaNpIjfTaaXKkV3WtuujdLmUdqDTn3kPEtQ2G5V6oCf/mKuKU1e1pq+ZSKrauUgfGzcsR6w8nj8nNSFcnvn95HlHHAuKBS3CHCL42H/+jrQ3nK0xDHro3HgOTF/d0vVEJTXDaI6LcoREJecR2MzZpkOiks12tCz5EIk4wnXlQ7xg9VbHc/2OTZyuy28KHjtcWozmI8LvSORtutTZIPlCE+iOqsjtluoK7DNv5IFt7aPJFGxO6vogeCbHxDzUTBKvHr0IT86w==
1368,岳卫国楠e,男,44011119810403409X,RYADCpgMvz49,Ilu@Iw(oJH,WflCWGx20QmKR1RE5j+cgK2wY+W7JBV5zeLzZU7AZvC7uc6yq4Hkk5n+8tjqp0SmGla+NVINvtyeStFAhos9PJBB9ieteoG1/Oimt32R+qzCv4A4hKcQkw4pRVU0fYfx+SRUNU6OAxntzvCeOzhVYZRX/ImWiOWosj4o/QavV4wCqHLyeYhI+/h18mRdRw8fTqOAYHbQfDoAc+ePMf1pOIosZtn61UNq7M+nD/eC1TVD6BDNauCyVV119uGJt877tCMOmri0dfObc6/Q4begrn1gvk5/wqWTFAfMM0NeN9zKf51rxSu0DHUIK81866NSO0Opwj7omSpI809T6pwedA==
1369,文眉,女,440111200007214320,YKEOOaKEfX,Pq\xB%o:-rXs$wJ,MdvHggBjSEgLVmUYe+ECWsQVKlKCoyBE/jBVm5OGEyz7ll73DSE3b3UG5KfR/PuAlsONpwdgUNmORlDxwIzNCnLnxqkXEq57U1LIAEWN9Md3fMWYb4Qk66aQgGmxIfgW1tEoDFPq/u88qeMcHwCOZ2p+5ZJd1sb5RtUTT5wzro91QlaMLdxbHEiB8xXMewLMaljmN8j+VIuG/GEf/FAqX0KQDevvpqsnT/mL7Gm1q+rG/I4kcrbRH/irXjl9rwZTmmT/97UMzSKORjjHkL2OyLLGZmU/RsisbBdq2hTjg35oNy0cwXjpE1MazqfX2jg2nVCgY/h2O/JL1lc898cbMw==
1370,赵雅雯B,女,440111198305035427,vLA4ORD6wcX,D9l/)I{7),a1GcHg1fVDM2MAwCT87FoWCcDUm+eeBt9KOsDvx5nxHybmpSFE9CxRm5NaJ3yeFTcyqoLh3QsX4luU2eFLm5KghNsLLEYwyQZCZ+OAPK0tI4TulQXnJvSvumIeN5/2Mk9LeInv1ZO5x8oHj+CSGWrpWmVhosYoFvtvKcliwg8osTeeqCJGkb7rVisrJ53Vq26kH+Znmbs2ozP/XSMReMY2WFobjS3vgTMLaFwMYr1WK8oy0dnUoIH/EM3uHsZMwGiyWogKD3srQpj9dXToGOc4XPHM87AnsUftx+0Q3ZTaILBpWO3mqtnjilr65Y0FMh/A2gkecUMBhyK8PSfShdTw==
1371,何瑾萱,女,440111197003101105,AuBVfgqY2xLd,rT`&zZJSvu,ZRXdiTTTAO31EJHOrZgaRdRW0+5A5ldGMukr/TZJiBieducwYZgcarhn7IxnVtDVpqw77fDhq+QSh5kgYq4D1x/+BLBX9n8FmdoUUD56wWS7Aq3dfIushTIXNLAUZX//qKW5IhabOsy12mr9WiGWY61c9Tf1n+FXA+NfkAejQRUnFG/fwvk8lgqmY5EpCE7VwDEPHFVSvLK6xures1DEJtFN7ygPXmlRtG5XajiyBid8BWnXiKRlIew8+scHNZbWcV3q+Es1lIskJ1N6OV3yOYx88fCEVsODfkiVQevh9CzGGJg1WJ5Y7nLH2uFpbhPV/a5gd+eOhOtq9HHTfVP42w==
1372,岳夏兰艺,女,440111197809146361,zdOqg33qyoE,Y[5^m^)rkxS7zY+G,U1xNg08edMgcnQHujayACap/XTmvVQ8u+Bkevg+l6Y+JPzKHcFuxRd32GlylY37DfUEWLkd5VKRWCKB58e3Hb8oFMXpxu66QIwm7IyJ3pBRP3jMTJd41hUtDMqZMHimHvnl9Akab0ws3aRxe5Py1mZigNUiFBhGJnjdarfg9GY8PD2/z4dQRfbWMY6URDRR/jYCkpjZXBK3Ec0JnZpB6aosyOgCqhoRuq9VCgvU+rCdq6RSWH/6ZEaWBO/DUXEvtkc99LGnpdVUj/0NpFNlStt4zJnZBFHPadd6hlPJoMO/4qZa01TA9GVRlDuVjvSf5Yu4erqZQoMx6+p21yf8lqA==
1373,崔乐山展鹏,男,440111199801286254,E5at4p,EX?l#-B;v@,pWyHHfZOUgB2lTk9OTSKrXPSqYDNrBOr4e8Q5zB35WksymuuHsZeQITAUY/gcKst/eoayUhaZqgQKwjk5z9PM5wUKK+/DNHGRYUO48+drxNdYASS8zvKa8aSwO9J/Tvac4Fl7+vdCOy91sXLph8GiWafEoQKNZOA7SMHMNDxFwJDGQWB+kN0WErx/5gckta9iwZJTiU8vTtCM/PCIoK0zg4VNoCbWdfvGcxwSxs4igtsH3YwFwPmJOV17jEk9Cd9rwsqlTMKHwixpGbsYbiuOOxWVtiLhQftzRVY9u9u/3NZQWFUc3yppUtqApWBetTiRQ9dTzcPXRgjd7OSAkg1bg==
1374,解丽华咏,女,440111200306074022,njsSbq,O5b&k6|5HB.{,hxMVVpStk+i6uKz36EjTCCFyS/v1QaEcfANURYTqKzJ8Us1CgVLTDLLIzmdmVlLAHKBI6XfR/BNixb5qcDf+3Peb+e+e/6BHXOE/adsB7ffV/GanXlQ3Ch6zwYL0HFFbyiDlg5jSWAaX6DjcvP+UvueJ9fx79hc7L6G0zb31kA99wV85zPxwZVT4aP52dfiAaM/xkz5SKPHc03RanR38FAt500D1upAlAvUuNY05+YZlwoCGM8N7dyc96DmfOspeARBmkEgvUPgknDoYtIwO/3Bom55IOtRLmsiFJbgAPx0eh7uccQvr0lJ85RxdFsMl7SEVi+zryWvFLQf8jtpz6g==
1375,段乐怡,女,440111196712208824,BUL0lNY,ks57IiB_L@r/0R;,YFKMQpHDc2388sBNSCpYRlFRJD8y89uTCXgSj+jhZ2bFYLhu/e+Lr0XccC94C4J7xWQZwCxVEXkcITLCHbY8CDpVSXqxyB7OB/T4njsfy4qHubs+oe8N0nB9jW2aqDElXXvGm4BYjpD5V1NNFKMa9aC2NiGpoDPHFyzH1PrTct9pn+4KmgJCt2ctYEGtw5/Wm1N3uoCXTCN9Puqmk55/sZ0lUH4L8jQMjoiF3Tpf6B0swcd98QQybtrFUs1ZS/U62lUGlw7dHCmEc9nmG1sQZ8RJZxfCSOi3rpeJb4lIrTwlBrsZiZbWSVEOHXcAo/CIz5ZtWx5d/uXTdzBthTiAyA==
1376,叶英杰晨,男,440111198103089638,zCEjAUsX,_a-Oe|^8w\s^,YJujcNK/093NU7+r8FT50NYejTDmGTxvn4p9OAKfrW+/Bodzwi32uPVia7d1QpWjnlHi1SmFeqdfJkZGOA5Z8ocSH1qCz0jUQ4tZnMFTkRcNr3JDTDwqTYXlWs0LwUk4RicFBKGlLz97Uw1MhEa5P5nGRzlQWrx+yaE0gBfeV8FIP9vvG07Tuo8VrK2Ss0hw316ULtY9aacgqSlAQr9A5nndKJzjjgG+4xc0AYgzL6tBAQtelJvTibrTAS4nYhWXtPc1YWUQBlO4YOA7gByh8fsGSiOOgkxvtFoOGnHfa9fCkalZFGpVJfGMplT/VXQoumRCJQn78wHwThFJNqZlcQ==
1377,屈锐明,男,440111200110103274,XNtvZsu,pHHka`&j>$!M,V4E3AJzW6bl64Z4fiLNlEEeZM0laIurky589GO99M/LthW8DKedbZ0NTlQshGima5ZGJQBpbmXFcoy0wKBzJ7hE4ozJKVg7LthMssq2gpr046Gh93hhYa4j3lPpUCyC10BGrD7ZvelHezquhBFHi6VFbAn8MPF5xB7QbN9YPlh5Ze8CBduK7h6qfRcCiNUvR1z807xiaX4N6RYf99855lWBDKKsARsAjNsj8iOOmtj6dRx51dCakYVKcx3b3sjtpJJck/2TPuK1L7XAQ/SmbK7fpPP1BbBRS67Ekoy2SrR81CVqT9mTAPDZtg4AauQARqv2ohsFeNk7h8LcBuQLHOg==
1378,姜可馨思佳,女,440111199008315187,so5vifzC,oRKl6_//,KoN6iYN/5eIPa9RMMdhqvV92a5kjUB3l4HcJCZ7aG9UN5yX1v7s5SXNek9HtiKXiJijeeMQ8qJmGVeh4p2mfhQNI5xpYjJVYCvAgunrf93+CdDvfh7GSeaaw872QDcjD0OY+SzWLXLfnnpP6vI7ke46Lm5Et4bW2HbRr3gjfhQ0aw1FBdLGaQKCtzEDKIqpVKmh1e3L2AnPEj5/Dl1K3/wzZF66nE1Q3CAgN5zmLarizwdPCXqL4VcmWy1DK6iADJ7MkWuik7Xve2Mrm+5M5GxPHGOiPG42ByHgFBZFiP1p9mG1ruRGQ47asIdLStHToJs+5QDaF7BBJwfrYqBSaQw==
1379,颜毅晓峰,男,44011119780812403X,tXKBtQrZN,-@|UlW)7?,B2CpK7BYA1PugYlKTgfr3ww+JJ2cZajP7G5on/k3YgwotDm3ffxFUJz88UXiBmLT0Zh33dWsjd2/9WNycKjc7QXU7cQ8LlrTACObcSS3YiirS9M1/MRtoEtngSJXWm79+zND2fuHJqjtCiH3EhU79unDUMwC+CSJUpng+zi0J/VyfgK8lefkt1xGP/kNtiltOd4Up1rNVmZEDIQSFeOS0dsofAKcJRJ8bgeRD7KMRTUPb5XNGD9sLutMvZZNo4LhL5cB7aGtI9YIAdKItNrGq2HOAOolmgFNQ2dbLkD4Iv3wl9MyQEJElkV0/kAA5jKFMTayV3fCs3qIWCUVJkjeYQ==
1380,李信鸿,男,440111198807046978,0IrcHlwuaT,dV{nKp/k#KY,iEE/gooujYqI0R8h3inW1BsF4A1BlVT6sEc99SYYPYdC6cV+XXcuefVEWAIJ5OSHbfaFMpVB55FvlsN6htTxMJ59Q4bo5SoAA1LiTrV7scyHUwpfPfkUSgc0/dwaB8PEC99a0XN6QLxP++Cq07H6h2nNYXHC4LyQnaxCPzZg9N3B/+UXf/mtu1lYOK8C/sJK4QBbvXlhC/KcfY+WntonjWh5hZFbRYgjkV9BoXZP6ApCdA1Ha8hyH/Pn0ChLxqF8eMePwc9hNxF8831C8tRQcuhcTuT0sYdOUmlEhKwuT0W/CmkaoV4g9CQlND0qD3JvDoqR2Xfv/6tvIx1DvL564A==
1381,文思成温茂,男,440111199808080451,ERds4VBvi9Lg,kSqb`QnmXBpA6,T6+2V3Z5gxVKn4+KhRnnZMmKIgGOw3ybhg4G3RdujcV4zMyScjjicNB316KEI17ec5SRrZoOXRy2YHZRue0LEgiXG0pqgJbxsVSaLBnFE7Ve+ycnfAMzwDVBcC4XQz7zmrZy33vupopdrLfCS9yHxHTmmX/Wgbu3jCohPQs6GbhyRpEl1wKO8GFuUQoLxvV92ehxYzJpG2sC0481FGxK0YsYPIjgouHZ7SgSAJtu17C5nr92NF0WCyZ6IIm/EC6QN96QmqTb1iqWFkyxrbetYUpuEHl+qtE/k3AXlaa5ckK3GrGVAjTBKgCbGfxlKZMJ92qWG3kIYPORcEiOT/265g==
1382,施向阳磊,男,440111198910237297,0Qa6HiN0,&(a=s~G*P#S,pbvWPox2UzzhRw2WVZYnaYMR5nzy/Eu+vqYew7k17cRUfE8fNiW6AYgN5prMq81TDQgkPWsawLiry+C5ggXuHzrTGg3Nw3Eg/5Rg8bu8FVdC4k0B4Oso8P3U5MyWAW+HjVO+kp7PZFt5hz4M5NOxkST1wW4Ud6y2xoXED7i3XWb3YxaWeygHuCmgKFI+JKA4FWDy2O4KUMO512Q6fCqaN5720iTTEd64ZUSrJcxcknKfdE/802yWtOtmP0qKde/30kwNJSlYmRASpxd3FL1Ce4EsDVfl6OJAhFTUG9QWc6MIr1Pk2OYS+ne+rU+blO8oZLcQCkiqUDs2IF5r5V4jUQ==
1383,甘丹薇,女,440111198911045481,VqhFWcDwzG,.x+E)dSS*<,pmpJmZG6ai4GhnSAhdm83xnwthAPwCsDsYyybkBmNnFL7o/m2Ko6VyPpw67YHsOWirBlzieVgaYYzo+uJO47V5kwo3dpePP14rY8xhQIOdUb+xeh17VLMfLyyUeND1rhJZ7fpDpCxBJUZ+xKdmUoksfNisUY2zw2L0UbEOoPXKfmuuY0uzmxUmOiQU49Gk3zC0SnIKgPsbna91pMLjPvAACjynwr/9+b3833PivizF7jeYLLK3qvXPwAncOJhST1O6rntepuyDmN+izXii+K5XoJ0td9GPcuhKi3aWTKhcum75r/wgDdGiZQZCTAxhZ2CMNkWRby8eOeR9fZoTXPoA==
1384,齐浩然安,男,440111200208307514,oGpSpO86iQm,jc`{6(nj!,diaeOC0VgfTZ0uRW3OE8kfRbcUctqT/KVo2ah9k1Dif18/g8tHfp0XB670NdMLgTkaHjTYXTRHIFk/PyCtSlIXZguu4/x9QPyJFNj2nKTALfgwA/C9enSHAgpez0GXe5aGrWnFzGFn8x+w0koBO1Hy7anFL0VfcJjeJELyge0CTHI74jyaHxn3LrAJihManBpX77O3iDwCnf2ZzP7HUkHmhuJSoCK6jl3P3kTdFb+efk+tBNOBd7kXiU8XL0dA6FpvXdlr4e3vMHhRoTwgxvaiu/hQUF5VqLHHjj4wKGKuJ7+28Bj77Ua4KUVvNEvyyhhIs8qE4Zw6XOCPSy3e4Bfg==
1385,周婕,女,440111199805307761,y1ApwItht59G,[]ssyUyl=FH8E,iFqwpAlQUd48np6mZOguqi5TPHAYkfXJDI5VvstaI5BC8Aeq/0QrVMYOHZU0aHQL7S6dBCs0Wu9xVWiqfWhhMKy7Md1pHuF6kJt2Z023XBjaWGQoqrwAA/moo2P39PkB6DF3470uPzSqgkzAzbVXjo/ckDrE1hNaTS9B0xnp3uO4WYHT87aObRfHJaKTGa1DW6TUekCIxXDz1j5f69unqqFlMemYTvil+++q80Tlf8UxyyyNbFoovgZeHnKPcos0WO2BhsR7/ApAQhLYltqPD4415LsPhDPNZsAsTiTNVFLf/lPDt38jToVvucpvoQPB8yzkJSX8H/GAJh8Zrq8meg==
1386,乔敏,女,440111199806014848,eDfdcy,!wL*>g4?1X/C0)N,d6nKJ3aL/tRggjjoUsTm8AvPtEHaTfQZrtGht4NVsETxrMCveCHGmTkf/vWalmwiCyJV9ra6uwPUIu10XuQvNsX1AqatG0cttZYOHIEB6bkuqaRd3ODRRFfdZnGUo6RT1aajnh4RM7uj9iZBZ1/6Kx4wc/pU863aP545bquBdqrBKL7qN53aWNHsxy3MQIuqSOcxA4DeLmADUGaHCCUErgWUsOxV8demVDbP4158qEIo9B0UCae8lUAGHs7Stul+wMfQU3Lj4sPwRlhGuJOSDIk1oMAMmwgv0cOtrAk27tWqJKZDNPs1rKTjwHI+pa5Pq8BxyUsTWNmsYt3Fvn7uGw==
1387,叶媛茜,女,440111196706059308,q7sngqafDjK1,ZY%$)T6@Usk-k,PlEw6JMeAkxIsrKFuT0yzvkDVk572tfOdCocg3shDmMXhVUFtKnoGwUfhZAbayh2raiSu+YDkfChhxWn0HWTf08Rex0J9cenvz/fFy4WwyACOhKmiwKznuuqUh0+Q82VQEf0Q/n5M01bTqKP8TAuszQPFAvczP8FZjJe1lz44ukPfI3RsYs73Ee9AL84srbzG+kzSRYIe3T2aH0jt1BSFbWPBpqUDJKOgwhuv85BShhTWi0BMq+YO6mRPM9wGUyi849Ebjc685kYlYbiqH3qfIAQfDu/zr9W5a6GM8gVtNLcqFoMg6JcYWnh+9XfsJ6icTlmOfEQi9kZElzYpue9jQ==
1388,郝帆,男,440111199604091634,W6dtpMXFOa,&%t$AzzQ2,NMwF0Zi9H5OygwZIbs+MePufvgf7jUGWpt1h5Fe8WLuwm49ScrTGXgIhUsKDe89t7wGlkm5q0ef0zpKan3lUExH6xDtZglJ15gT7z91ZnWyrbcMH5r8X5ssta3eQ0VT1MK61ONTF+o3+AzqbUzo6iITVq7foTsZ8xgBCggpr1X4wtv02TbpgXyxAV47l2QZ90UcLzxNjunWdxqovNoqu7N6LykMWpGUUi1IodcZxNkKX9Q/5ckGLnw/EUns6Gk0KvAUBNBaJexmZeUzBANQguhRUlU/17ULpMI2B/auaiWQcrlL3O/Qzy1nPRaxFqHB/PEtr2piUgluw6fmNItZjJw==
1389,康山志强,男,440111199612033733,qufiSjHDZ,SX7[4fn<A,APokY6Q+mV+XjdB0ubqAI+Xz6VQc0Xv6G+MAsYc5BMk0GqbRRtHnPrALAWeKd1PjSfiOApg7DJegwya/um9/Imq3MH4wOKnS9q+5RqZzHszzAGUg7FImfhWw+Fy53HE3d6yAyJ2JShbOaotNLOnMMJf6acSYg02aTHAKswzN+1GIyNyLqmkHbKOonoBTxb3L177Ulxq7fYkvVOlNkQt/T3eJ0ZCXurX5yPsveuJyjzzsIz+vQhwmVZGzc+lG/WDpfu70COIfcCHYIPMEECqukYn1mkU63E2k7HLkZF0PeH0D8tdHb2rFN+wG0JPIphe81fte+4LU5eTdIYtq9YmiBQ==
1390,陶舒畅,女,440111196712104646,JW3LknDbUMcj,Q;KOvtx6@,SqksW3yJfl0b3xrw1t019p9+RCBHlOT4IDE28g3ccvN3FaosMF2TkU4YppKmFCfrSNwM3iZpVeay3CQJCKwG82kMM+yo0Ygpn16kfLBvRjOEaeRlYDgTD5aNb8rJ/iH9WNi/MmxEcFrYXhdTrr8kdnNOxTCWV9mL+a3fN2lT/OCntNwh+T1kEnihbQYSWLlCod8eKdzeqKIgtj2ahri3WVg6w7VpFtl1g9b0Y6RvpLGa2f1+u466GtABAr/TrpBRygDiY3vhdijkPj7weyvXc2OgcaOMn303HsB9vgUtFxeT/ssde0sI0xuBXVXQwVFuxwVgHT8B+Rj5qDpHwXKDUA==
1391,沈军,男,440111198501318993,SAYgNbO,/*PAxvwZcG_sR^kU,LHqEmWYN7si1ZcG04aVRbqSytYzg2iXNKVqNUGaqUaf1VYKGVST6KpsyY7wBTs4ELrT6wsYpPXCpH6TiL1hBWw8TE4XDvFqDDENDdZGYM+ED2nkJy/LvZPJWUvJBcb3vGhoyd+u2Y2a4I0pM48p40IRK7kymEWzdbjhiBlrzI+CW/UNYkPYFr2uZqHx4reiFPytAdJq9NFwKoTyOrJ/HQJQQK8esvS3fBbEKuN3bpaUeWvwLtNwhWK5scdgpTVTglVqr1lmPsJDGjIcUuvB1l+FrVvA4cZRqB07+HaioEUDA8Py3/QhKOejcejzPMrwXfV5paAD28fw0G8V50f2Xgw==
1392,沈世杰宇,男,440111199101022899,PURDYgxTsv,h2w)m{F`AQw,jbymBguJyaRSAXyKdlMJ8PHrD4lIVnvoNzcUZIsh4W5luZrKTVSCZbmVs67kBtkAf8RQB2d4For9+pypmo2Yz41oaukZUyQXskDpEnLNBkiTBSd7JztJmYOcpYZARFKo74QIU7miBL7mv51cIUJVOpSpnO9SyTFu0bC/atENFAt4MyhUd8wmaVVu5mauf96cY4vZd6VQuUEOaJwvsKNiwzcg4uqOoJLDipyqUJ0VVg/6bkH9HJH8JG7caTUK3WqhsayOtbZo5CHiIbUXltV4ra7ADF2R6Cy+gjOK0xGU6kIpF6N0kxTHgy5KKOGMX2aKryPidCv920HsvRI4yfPJPA==
1393,武瑾,女,440111196601085606,pdUUxa,tb!frIZF,cOPHLugSwESCxmXC4cL4fW829eo6maeNSdM1OsaznGGxq6ckHmhNsY1cjpVyC/CkxMOmRqqV8COl1qbPDtZsDQ19T6EQlrQXxxzujZVBJApq28vW7HS5P5iv9YtluWypjjUb3cZbxpPzd1RPfPuDiIP79oFJR2EFNls7Q78TVU7Z9qqmRsjIOhcO02jaXdPmfuirqotP5a8sFIyyB7JSFBH245+3MgIK798ARBHVPTwIeUMRoBhCOxsO5DSxN76YNKgBzcVUobUMIa1w/+QctgpQtipz7buBUigGHrnopc4uHUDsgylviWG+pX/0XKdi9pcqD1c3qQ/Q6ejH5hRcTA==
1394,邹辉,男,440111199204124636,nvmRgQNH,Wua%%iH{3,h/TtFpGQPuQpZd5aH/RI/KdMCh+nqRjMzk1h3uw56bfXm22Danfiorn2NYFZ9PP52X8jNMzQ+tfdILvayec7gE9C/A/peGT6arn/jInXn9hxzfN3j211GTYPlkECuSirY2cQbCJx64jDw7MljwDQpgSerBUEHoSIFRC8SD4J3JIvselWdw6934jf/YJOwGlh0rM1YABuY2rbR19szOZvHeuIV+Ji3vnO6Plz5N3lYBwD3vyqo30wduOl3rQKNbhxViWlL5gDnsCWoYvK/MDs8AyDrAt+tTOWkygDKJo09NN6kK4jp2yXkDj6jwOyvBfvILbi4Eq/1xylN573Zrl2tw==
1395,廖安志远,男,440111200103161433,mk2O7aX,g1yvCSJ_B{_^4<y,TFw1MNdx5p7MAN70yrQZs2R5HhZbdm9LTC3jG6e9AVqPderjImunMyNFlYeVAPmPkgu4oXGFk7fJSYT9isfwEDO4294KLzy2nT8v/rH5nLem/P3TqXYuNpbtfBczazv7BOosbYxdX4KAbnXqAsnFUQE5UJIVn74EqKeSSVvIb9DXr9vNsT+06D1EfZxwwJ8mpxx7SVGwD0WE+YaynB9hzdFWI85XtgaPOj1YHj+vayecaN+rR/PmxWNkeQh7CGHOjBarSukNcI4V0/Q7Wv+0UPiG8rAXqgZyxwTI24wpaMrLoOI/vZoYLycqAivFIOPb2yksbV8sh8PUH0TTgWvrLQ==
1396,阮海伦雨薇,女,440111199707026923,KlFdfJBw,7H(B=Z)MU!1,lidE+wO7RafnwfMJ1D+NZyhDy/RcwaOSKKa+u+oalMyEdLmunxhteNW5CfgmFkXB2GOUKNtYV/Y87KW4UDuJq8oLx3cUj1P8pKrR+Qu1a8dMH0pxpWlOzNx88gpHmH1eRytW93oEXFO9YEHcfQneuO4uLYLzYFIktmDMuF07aRhMNDVMOF89Mx20hWH/cJqbujPB4WV2kRgE7PStVbrZ/meupQGbUL32ErG2zfZs8LDAL5wVIgBIGoRDAtJbeo4GvnL75L7ySGLdSxX8UbHiuH6Fn5CAcPGVwkTuBqyMBE91ehMNcAhPXMHa+/YAsfTBUCeiP3L6BcdfR7T12YJXqg==
1397,肖晨曦彩云,女,440111197704273129,gNDsdGNaya,u:l0tMn13vy0s0[,a2fwQSNsQmfRH/jx2zMldCArqCRDnk2SfN8OC9Nujvflc0FTyTVM/HP9mVX/f7tZLhcv5kUzI9V4M1i/l7fEBsjFBcydjaEh7qkKB8E7Uew47jG1ExuFU00Y4lHBtIz4OhjfjBNE1uFFzd7n8mvWWHzoNuvlAbkRAm6X8B6HdxGrV/e4zRaFvxh+vPOYHQgSpADhvRLMXoSwobcYcJiZtk2UG85JFBrjuSzYrICO5OiiAZTaoVfFwsygnBHtY/EgyU9cJyBCIC/8GKsU8GCL3m3rj++TrQgDKmpv2NiB6g+q8Sv8XB4xBmxuaW8Xdub44C8bh5R7iXGjl5QZWNiLRA==
1398,余瑾,女,440111197812143268,TJg9SIU1z,\SJA1szCy>R@ac1=,HSm05A1xBlzPE2EviewnS/xLW4A1XYloCKBUyhBxX62TUEbqz5VbpRTFPLnGudzToNBu9hvFCP+2cb2nFIihXObsj7Bzxc7fESmR8cTl5rYRyKfgcNjApr1O0JHfH7axjttBfxgmtjuoj+Ofj2RFdpz4B2Fkq40gmF8Ywmx2PwtwD19EU5WjIp3iJZePOYCzzbypkM8EzyIVLs/BNN8lQSf5MDEYOH0MyUyHjM4PuIBvpCf6YgvNfkG41LA+wMmofPRlbA+AO88bi7J+BARj7u49QaygHKFe+l7aMvIpuChFM83tXVZOf6UqnYWub2P2FHnFYY/kQWoL335Js3k5pQ==
1399,杜海浩,男,440111198510244391,FUB91Xg1x2,Kj7nN$hJ%?SN)+r,KGVZRdardq9t0ltvtx/6w5faMLyD4dK5XXfpfXHfO8CemR1looGX2gWnz8VRjXeJpkTGIA/jtXTYuSU1Q3ikbPM779Yg8RVdjLn4gXJH+PCt1j5hte8zIo78AJXWaxyknjq9pQ/ko0Imm6dyDkqRqzzl2gOZpVTXMeEOrZOKq2s+cWCNhHgVPLJGxzO72OxNNdLhnkeEvumJ6vXAr2ci/Fa6PDs9BJ5reMjTHbVjj5WoHUTX7KHfKkGTFgPoYSw/BSx8fzvVW/l1zYVV4Qc+X9ZO9xIeei+ZqY+rCjUWqv+uSsqUf/3bi6zkJPvXOpfunMCNKlA4n/uYiroIENSWtg==
1400,童可馨颖,女,440111200003282481,sOxqeIVgrx6e,p-mDfH@gr\<6e,XWSP6GfjLaVSACShT4/agk9wS3CTgjGWneC6WB/Wvn8NJpRmEzGt2Qvn4z6297GFCXBQI+3IFQjSspXjb1ngBLGTiPUHKKOLiWOsd5CpBsGWTG85LUIxFQ9aaFwDgbKZU3t0qiECCTiIWFgMIww+Y4Qs0DfXByudY9IFWihYqIFZ7qMbm+Q7PElhuq1DuhVvQDkyINHrXdlttQdIqmHAuqC+jV/v6zV5fRkpNne8MUXZeiiT3plluwfCOAUoZcEfaejqL472UCynjb7IAMuNhN34m4mcMojSVgxsWfpXRpnWXts6wAvXyq/lo1M28TYzyq3kKwTMD8ALv9irOc+/rg==
1401,涂振华,男,440111200306111479,Hb4gG16C,:v%^XdIU,fledRZp13RfP8eGWV61VQDHfIcoUEFSg7j182wkFQWiVIY+1Hx48AgAQIZWUHlqFffDvyOPBt7NrLosCmRhsMEgC0gfoklrUnLqWkNr9mfmqMAO6MKrWRUQJeOIEcYiDZZtGae1m9pytqh+phm8i/a46c8rFlg5D1LD02ht05184wrDhx5XbVswmiWoWdezEeLRJ8uRmNslb5ZUTtFCQ5mS27mK9u57/Q8ayM7QN/onqssuGEnKEODhmD1SsKkRO1x2xPmkgZ/iBSB/kmoo6zDa+nwrzoUXHrwyRintOvD03Bk1MMfqAwvw6Y11kGTR/q6N5f4RT4qfKC+flrqiCLQ==
1402,侯心妍,女,440111198403183925,n45D47Y1,MS~%iZT2Llz+`YW,UmKsDzCc7+lGV3o7NRXHwkkZpWWT6yUlXlIrZaAbSETPyu0IH+mgJo8WYHli2ehpH949audpnhMoVX6w5mx4aF3d7vpdwsv4GjMvaj9S4FBHyrVvyiG0CDyXiQFYEAzTHvHJXAo2qOT/QghNTsdAq169m4PG5/+p0AukHf3sYuyTrbVd0zDT7xJoWKGBtnChaqyx598fwZQT7LdpWksL7R6OK9s+RJYDBRTJoaQzUu0YL1GGSYvDaYzf6ysXke5yllLigBmP7wvOAvCsHbN0DkN9t4q4UtKgXA6RMEvwEC7/Ak5mq3DWCi0Ik7GME9YnGVFzuZY1DXO73WJVEjfi3Q==
1403,牛嘉欣芸,女,440111198609288706,O15hiRY9mf,45K~UGl.0<&|I+5,b0WJkI/aaCIFa6arOuvJX8EnE1WxsHnyLNbAbXBhXMuTqaDwkQi7U4PL22YVmPOf5tioRzI/+AWuhoAEXDDT84Y11OP1WbBPgDga8UpVApbiYYJ962wB0esut/iP8zqZDd1jXdVNy1SdCSA+xVX01gdihkkoUISa8MgszBSSk7bXdpK/mghwR2XM/a4lvs+seDKQGAWyYc8+4+ZIhnxN7qmS8h8yOPI+c+7zv5X8aXBq27Hb3hSV8yMgj5ghmXrgakuTQozISqZF8xC/Kx9V3Q5SVP7U4h5hkWvL9gD9b/DuF2Ab1fNM+N7glr8VhC8dk5SWZCXFHb1dixYzYo5sYA==
1404,戴淑芬,女,440111197712131841,ROPMwZFvm1,]dlxfZ!\J+NWsrt,Cq33A1ZDrOSpOcqDE3zuZnb0unk8x+yoEq5qPOe3b6ofe7X1eUawu5y4xl1pQOGXnD2mB6n90hurEMctXanIvfItZD26wjBnuwRxHynD0wlJZby2zbB32TXS+VQsdj9KRu4yd/YWQg1ojSrApDwMBCTY/hKrJelc6wwJ5VGRepfIt5rPr/Z+wtwMSqmSA1tC3FxUgRw3ZPjqlhwhrSrfV8kgyFFZarfK6OcHJUtUCgzOA+tfhtRt/nm1Ba1e4ymbYRP0g8NQhgrjrukpKOV3NBvUwdacI4GVxqA8HAcw/Dqr64tSnaTpTbVIOcQpohpZIZab1YE2i6O8L+Wbw+9/0A==
1405,郭倩,女,440111198305110466,gNQsewlmL,#iw[(%}v23B>tQ,YeHfnuuDS/EQvXGDHBYEO1bU3imOKdIoxbtBF6g4Tzzvu13ASbdWDpCkSpLq7QD3FVL5J02fAa+eNRnPG9kZaBtEVrq/7f9tRhSMwIITmJ19tu0SrliFhDumn8MYvbWPEGJF6lbyMBKaojGEbaCGxDXbyKH57StWNFgE7w7rVf/PX89oxw4TNqAsUlJGRYF7aFyYevPyuFH7w31803IfTv7lm6tloorlhjb4eBswEpVP1l0gqVH9XSzON5CySGHmqnydykev1/yt+7M6KkoCttxLX7AHVevxZ+4yAq1doXkU4MF7hiin7Pee58X7s3mD7UjWpWHWgZGE2DZMZpYtdg==
1406,葛峰林,男,440111200412142252,JWMnQ76DEKER,LBQ)Y5&mqhZ..,ryyM3WKtgTmi79dzhSkxNJVbWQSk+MPbeccBvUg6Omh21g/4neotJrj7iuLMaTXdIt+3x26RgWcZfatrCWrWhxf11xpGXszJYzMhVDC0qRFakwurTNVcTIoiYiyDZjXeGg5ap8+FgV7jKhQCbH9+G+6BWDFje2lSB3zJa/hO39T2HFg34eF/w5OaY0fCq5dZgpLT8azK7PtzUALOWAAlHyxi+o3igQly1rgYOk5jt/09eloiSzsjogl4vZlCr0UJuG/+TpRBVhVCDsbCbNCAFusI3LKk9yx05cHrK6REjhtoin9U68NK3QZMKY0WJxa6AjU5x0SW4xlzKaeK4FQPBw==
1407,徐江,男,440111199904176314,tCMw8uGPSJms,Z&(#w?=%naEz,HDOKLQoPu9T/bUcUtIi8Q16LCK/30G4LCJFTtR5ub4hRYKI+3UCulpI36URNAFSm872otTXk7UprqR0dgTf8wHpsq37dGHcL6izWAxQBvRiznFan5eNEqIhGUMs4Ms/2wplOEjb3+GuxR/nDLW+HqGEwdYR5JUdQZUcwMAf2PSNy0homrqvvsg5q1PpUMXGZVePOq5wKGicRWyYiy/DnufjAso4MouVdgh/us3fipPr9VDJbKdHM5LETgoKA9gfGYzJxaIrSRQCKuwZttcweVoVeT1Pji2eaWc0ooohpHp/3x7IYknF7KNxUUXC/a8qI1nP504F1qS5smXIz+08Qag==
1408,孟鑫升荣,男,440111199602239375,sW97FSVA,/r%[fKecE,EeLCRFgNZvBeYPZRGixwZVSLPP6oudHaqDkW2gA0DYjh7aHn6Q8RQxHM63ilf4+uVWvOc5YVbTmW3YfXQhmWupPwPWYAuofpTJTJoDMm1M+8ZsGYnhsv3S0d73NYnbxQtTMaY3xOLcVbC2nzVs3YK6C1dHbVerqNZpPcZpkZSzjfxc0YdDrpJvIu6fO394aaK9Gtnd+JqMG3JbZBZRzJSpwRzozpD+jB2CPMs+lsxdSoRDHJjbw8cjxSjYt+Mo54AH+BaZvfMg84KnWVYZD7cOZn9pfBQNGt1aTKW+KjaK34frQjZ5GjK7SQzJMHGvViSF1SG/60AHBcle69krCSUg==
1409,江超,男,440111198404194554,jygFJ5rmjUhW,[$Iz;zG3R,KozTWMNOWeHkRpAEdN6tt8CF7VJJt2bzrooxIw6eOR5PHYbPEteMkIYpMjSroTp4Qowrg1wZ/lCQ2FUdhL++BGTvqU6kTGMrUkUXwJ8gBp5tdvglwN7YEtTVZXJ9K582gkRpjpQsLVDIKhP+TNnmZ6ksBpBz+JE2mNTBNdxyVlGe1WOMiEguuQC6CNmuqK9SqeNMnvE46fQISEWAxB6+pIpJ81K94fAlht7s0eL2ymOLB6WSN8ALYp48ZONIjKOgoXKO15oCNUt2K2hEw7C/LGvmOQfp+zrFAgtHR1voXIWtM+kzEgAizv0OORpWDSj4ByaYPMLflPb4HYYdl6lDrA==
1410,史曼殊秋菊,女,440111199908118226,aU1mTUsK6,G-DD#ARgdpf_]],JgLbKOFfOsuZWwuyZreWxLTLqu2oHHS2XzKhBiuVs1uo6+Khbu7O6T6uzabv3kFBu2h4yg071VORApNwzuD0Br9g5SsEMpvw2n1Tv0p6wwE5uF5Vxuujh9qPuJzdZljRi8RvZFMI5PogxKcfHLwXUB5G3qsGnN/VmENv3HL2f4n+herh9V6r8BRu6troMjSTOk1dkd21RD0Jifr16mKAD30a8fWR13HKja25EOnW4P6PvXQ6XYgeUUWgBRNXc0hKe1JyAi7N5uSy9OLnXaSLpuEyabsH56kfcD6T95X+/wiPm4GN1q0mj0sHv4cm9G1hlKk2XEzB8pPoinUFY8jqzg==
1411,范若瑄梦瑶,女,44011119960622244X,HdHhkp,zu)r-O0nu8,08tk+ggB8zbLWTKcmuL6c62bfoYnNbTtPl21kdvkDQJzpbhsONAPnh6tZYWdUtQ9i6pRlBwrgoyVMuheV/VTk6UdKi9EpcH593VeKOAKpxRZE13KeeUUgVRodqg5w0Qe5ZsC4In+erQXEYmHyJhK7eAGQ3PfxTugjOIVT8kLHTVWKt09Ai10N3VovYkaVb8FEmEwsfBIDcHQIHtjecq+JMdp+XOsp+WXHhd8FY8c2KcJsoBK7/QCV4FeUWjvfd+U/CwYUacpDhZnfvIjSimQV/DFGNYG2kdgCK1sb90fnCRxSHZzXz7tA3cYdB1HEsqbTDqjr/yhwcUekIbkJhgToA==
1412,郑敏学,男,440111200601054219,oiw4WG6KGS,`Bz1Edk_Ww=iW!-j,fGGOyQQcVspFiHIeJxEKfrUeZjj6zlzozeJXGZNHPxDN3LXUf1BgjBJn0+2OovyRbdnJDqxAgM1TKmu2PXNKP/K6ZbsOiWOkROQGaJWxBFLRSKFmxGWspK9d2e09DcR3pklZ0UmJwkX+Dx2Jqb7frqi9SiPqWw1gSKJ3KRG+5uyH+2agPqj9OQgNaiuvLccxYg007T8clZdmyEztj/TcxOSLbvmGgKwEoABa3R3rNXk8e+CbIdNeJEBrXm93Mi3zsj4DBbB7SHRzDnqmLg0I99X0nlY3E3xcZD4JVKcUe8pZFJ/CPE/MJFM8J911m6HQYPb4PCMk4FFYXgx8lplLtA==
1413,齐俊军,男,440111199710097079,L0DJgppUP,rDW*b!|(3,TP+CkAwlHC7Wkrty14MZtVmeL40xeL4Qvb4K845HJbaQkNiyzLMYeS85N2e2BtQ6Jc24fc10elU/rIEddtu7I/qjbON+13PBuZR/s6ZxaC1cn9DLUU2NzUIZi0Mn/10zlsGFxlOunRpWFgcNKwGGItt/xTyFYMLCkvWgFcn4UdXvKyiMk3hiwXB5gQQqtpboeEfqQbBXDZ6jXQf49E1wgQCnIfUfYm0pXqKLOKuiQtEhlVG32/lqwJraUECmUnzVbssa1N0X9jRTKrYtzrLyIB6gxn1Sljs/J5OhfhTeP765bGQ2BDsMKKwgV6bgcvsAZP6e0ca6x+6yMDdc9+zhGA==
1414,车金立军,男,440111200411188750,Ka7P7IOfyc,X>9k</D!.J8r],rIKAUg2isSblnXAna2I05Kah7VRzNnGnjm7Ys20anNxAQ+NAPPTVIsCPPNM2MbgjxOtnI0K/F0073ksYArzAHjC9p1hnNrANqz0s7d4evD37s8UYmvMs4+zz3ylUUEyKLYhnPxDcxK4GJXTz+xHG59GvYJthyLdCFYPwjj/t/tKENEKUaRfImSpVL1v1IL9UbGBcnQ60xkD2CY6DPtEY32y7zndQodCfoX9Ex4X4dJvhF0rY19kUU6sCRKCdY2KwXjVvwmoJibKmS9wGD/hDjphwfWMR+LM1GvsKcgCvPf6vXD0cnjeHx8x5HyDeH+oRl8B5xH7wnjA7ao7R2vS83g==
1415,康思远波,男,440111199609229014,gQTb7nXN02ZD,}u`<~|y_,NFvRzN40D3hW2QqA5WZIPFIh0Bl3yVl+kwAHKmMtCWM3hoXfptrMWCb6Jh8NRM7mCnpxeZQVpJG/CFudSsOiZJByjOG85XAsf01ERgPIOUotlUDAmCDOUOrExCD4tyG+xMj/NbMB95kG3mpjRFgpVrByTN5av5M8bEHcxcg7Mf13fmZbiWlqUsNHLTXUbfgBlwmhfT90FcrD3bpkiRgZIW92CC9s6e42tE8ZO07r6oByiDwCBSzQGrzfrTVPapt9WXn0Y8mGaTI1/R5c5w3inNOnLbRQ0iSAM/5j9BL8WmOp98Dp7SQ4llQ/j/aUmBZ6i41nniOt0d6JNwrG9XhpAQ==
1416,张良平,男,440111197405058752,m62lus967,X4fV}AH@b&n,Ro+JGHjXEO+T5C+ODGr4ypvAR5lKPc1VcjBVKDDlo4TxTJ+jWwXHPd3yq5ogIV1OzCrXAUJG4AZ8Q10LFf4R4yYcBOwguHDEw3k31Yi7wqce0CcyJRp1fvjfodc8B/NneFjvXSbXWeOGG57mGvd5MnVMOSi/HAmtbl94wpauPXCc7SjN34z9s7UrQOSZWfHyL/6wPHqF66pgwDqGzHNAPH1HcYNyj8iLUMbrw/3cMkJjJ+NVs9KW8+CZOqHL2wK+DWJvi7aYKH0TYYOelvhtn6S68yBvi/LUDF3sOOPYgjm92/9Tin11edTkJ0L91VffyYyo+JEyIJv+Y1dPSehWsg==
1417,向明辉,男,440111198510154695,oJoKxe,D@(nq$^`Y,VmSoUo+at4716GPOR9SGI2lOAVitGYUmFGQuf72bXIDVBDBTh+RtWnkTCti+KpwdDg65U+4+wZmuACve4hOAzoCt8DQ6qQ5vOCPEa5/VxjQcRyntghgyppL2HQ6hphEkMU8SLzuk9UNwuCfR3cS3PoYqFWOYftDySVgREt/Fzdqzk/3vhpWtk0ABZ0e02J5AwY+V4ahdvcFxxQzmF5ctT3Acbercixg8U5vfUcX2gPe1T/SFQu3ieCl/85Kgc7oHN4b4hKT4j2lQxqdLmQBQoZ5MQYfPBEpQbpjMZGJ0nCQRh2nTWN9N53U6nyxL85sEhSTCB6pIQkASOEBfaPmI7Q==
1418,沈德明家辉,男,44011119691125273X,G35Sjz,#:gw~s{.:5V,cY8FI6Hwxn29vIEBduM2qdBxKJ7khqx6pVYnRlNnFy5+VsI6O89UIIAufquPI/ljVGzQpXzoGrTTaTVbyW+XHAlv0R1Rax39rhZyfelZk+84Gfd7EV1Rpq+ZdcevTnjuQEYEAs9Qg9d3NCP9Taoq5f2/w3Ct5ylrobn3gghQdtSnbMmqPuX/fOy8RuIvLx9WMggRKPauycoOILrLYrfpMYqlLPtYngONvDyfJb5UHI8NayV8cuCO3/tkmOEQXU14WCXX8XVl79/HPiXKGCdSSyT/f60q+mp3bkDapTmWkQ6BY48IZ5G/dPwt8C8mowKekVLv5RiqgTWOX3G1erEAMw==
1419,易韵依娜,女,440111196709179823,X2nJrfQTrYV,@F;rHcq$0,KFVgSxf17rsARITWHV+yC7VR+5d3OskeW/d/SuG2Xhrlaq47/d271zikzcTJcwWVcxOo5KDnTceKJq7Vkz+1I6gcyoncbMLdJKpoBgvmf4tqtanXtt5l7cRhX1uYaHuA2aCdVa6tRFFZCXf+X87/xwJAOL8HCoGLoQUODb4h4Kgy6xduf9dZbGl8I6EQj9NZvAkfYJ9+06KxL7y+ZyhXNEwobvQPCuFmgepDdTxJ0um5uNOsVkdWtHDUJrCPj8ss4PhX+IKFItPfzywWACVU0UzaMUKH4xOjWzBEZtwvhMHNF/e2fxvBvKiR5uOo7ks22UHkIIKokew5nbEANzvznw==
1420,牛瑶馨,女,440111196911297540,gtdZNG,9o@u)K+P82,rUQ1VoHkQKOhjU673JrPCLHVv7ot3JoA8QkNdDMS29BdGwZBtbnOLZIJKgTJUgpMewTYUJ4lQIrWgxb4SuSKAM9aweeVqF/jcbL1sAgNlxcpsFsVTYcqN3mIt6nwQvbJy8Zgyor6QTjryQbzA17txmOpihcf9VYakU4MjTJIFZXSXas2s5gbjG6wT1blnttqRHO56d84ogyuBf2NOEl/13n17yOX6taUil4D6Gp8JZKAZFua9KKFJJJhL/2ZHGJOYL2yvXAslIqV3W27uKkmkI9v1Gwu2EnmbNdRXg4cVH8iEFjcf8oMLNR6bYRifQQbue/P0D+my4gFDZoPL1DjxQ==
1421,高静蕾融,女,440111197708268941,atjAUOf8Y,AO=l1+>(,iao+Pp4jGxrv62CSDIKi6spbj14Wn33bbdi5UQ/TJPmGvPpMQV0s92kN0G3bfzzKS+TMFrxrh4XP8b7g7jhFZb20c5fJ1pxp3Qz93i0JcO9j5xqqNf26MLcMruB7/VTJtg9xObSGv0MoMYRUn6sCbW5jY0PFmQH1FSOHuPf10xEMAUwQuAlJ7L9LH9asfcaY21pjTyN0yacUjYg2Diyml1cElJeXqm/cKm67m6hUKMzmmCIIgqDI93rmg3v3mJEVmBbulbyz+2CpQmJh5L4umUmrT5ss4BlFr12vLOuQO9O+TcVP1NazEeYpNulqR9J7JzMVHjCL0IzrmZ5ZYfPkmg==
1422,孙颖欣怡,女,440111196512073507,r9UKMZT8Uu,|~jLD]m{iTNb`,iYl2VnMFRiSV9BR/vfnH/pJ/5U4TzbZsLsMfC6GV1jU++jEi7v/3iQERl9Xlg7iRpwLq2Vf4VIuUNfX04siZPGpUy5+2XMEZU5fCPP0Cy3zfmqiA+3Xb9nT9l+bR/jMgNFvhdNiuAToF3lCpwhdmjBvdxH9TyBTV1u2sjo/GtjdafRp2lOyS/WXpZRHk7IbwnqmZG+PHr5i/dsyVRDksgEw2TH+8aWidDHmA6/v1LVDNH+2TWCdlEiWUPTNxV85Ezb36BSWUq4Nf5/Hjz/AL2yT3STbTCd0TkIzykETFUFmtW/wuisWTjNRxzQ1nELDKgIB7Y+hILteJ8wfvskmI3Q==
1423,潘博海,男,440111198607228259,U124g1fqt,Yn6\|=4dF>,dj6+6QH2M+s1wjfigWlaheIJJ/q8g8BDwiIT6QCeS60waRNcbd11kSDJCEa6kpbHtGmPws5KdK0gx5kf0xhF+ao+NWPPmiD/XlDR2dmWJmvSBzXiQfwhURpFkb0JR7T0UVOS+YrqLdUE0SmqU9/NWOBOWfTZ8CDlAx9v+XVytLVv9lr3MaieAM+vjZbaQMU1X3VCWwrACoYY1MoUOvBRgEQQ5irNobTaqevc0VQVGnMUQlcq+7JlQemQmLO1prxsK8Ed2efWNxzV5cQvLxIoAcW2zoSyMp5EbhXvVJChApr+Oiv5B5Sm63JDBcL8D40dVFpCkV3sZdj+rRl+YURAxw==
1424,管书豪,男,440111199008147478,OHL1gaXv,wt1$N6LKgb25,cFP8e7S/RQD9mKN07gU4dksBfNT1GzVaEl0RGv/K2iHm7sMqY87ixpxmuQaoOLbFhveAXglqThfJiYtMf7X5Dz7VUPKs1BTviDVazDPmpJTTEDXhs/O7QCO1S5oHVl0b9Q1ZNLPtu/8PTrX3OkJdkXzr0uI5fTvKQpL5i9VqA5jzc/dh3n0mFnliZB9FEsklIwUf3hRhpYTLMhK230SpDoeqWrpPhu+QKthE8nR+r2vIPMLr8t72xbjaJ0olnhLKjSNad81iUJt4T+CzWObuJB0f1zKFAd9NTmzJ86eHwbafxPVtXTSO4ufi+7irhMDpFeOEKERxSVDTinE43Hi31A==
1425,管承志子涵,男,440111197411132533,SwW6MnGAVyMz,l\fU.qPyXj;Em1,PUn3LrD55u1EA0d2ELeMRVesjloVHWYhvfVqtaVb1Z/+zS4rqNfUtwit+TJIAQcsNA7m4faToI8SVfF26keNo8y8VC6fnlnEZtheirMpJBE6vBO7RFS8w4bjlXdWVTFvnycRsZUqilCeq8DDokvTJfsT0L+i6kOnc1HlMdvk2nk+j+uFU5xzO46+9eD6rdEemiD+bhGwum/papO7V44wXkkH/HivDWAklYbCX0OXoot/6FCP7O86EsgbObSTM+9u08345PLpC7ts+bsyI39Q5ebCXFQNh9gI8hg3fWhDprJrbgee+yRc1nQQVcm1SnfR/LmhQtTNY+bd6v3Wx22u3Q==
1426,陈柏涵,男,440111200508219779,GhhH1hsYyNLZ,+g*mCZXz,gklOB6LNGNHRAhrUoJrlLLev+QrFcnUZY8+4wdVJCDXhSio+C5qaq44skyrPA7FL4bFqzcgfgeGXeJGBsMSivKQYPcbrnH/JyIRPKcR+CM77W63qVLeBKqj3i7dYYRsUUcVPEdwwju8uT09IEAcEFX4dK7+7sRaZYjEwQ45B0t3LKGOyLEalIBHhuDqsMyl/6NBm+3ZVLoS7+m3WG68daiXYd9RNIiu0CNVLgPDo4JnovZP8vYb4Z2foPzA5YOpo/sICQrSL78GV9TM5aiVHhO+Z9D71KZSLBnaCNkfDvTBU0RBZL1HAXqV5DX2CuVsKkd5p++IpMZEru+3EtJEmQg==
1427,段明辉泽,男,44011119911106243X,EUBzGin6zX,zj.mpay]SP*B5W,J/hUNqky+G6Yg67KEykdXNwGo0eJ5h5mXQhIKLP35Mk85z4vHoE0ZrAsQMjvoBlTJpShYYTWHxTSSy/ojis2dgY5OapeaPyL2TS+yDrCHVnXIDsv5Z545ZyhSsWkn8SQlT4r5fKBHxXm6HiLlitTWs5t9PE2/Lc8wu3iCAH6e6Ay/r5FjVrqYotuNU0ktk2vvaspu/5Oym+DCvSvRwC6rXAE6+040r4+LHhHNhKWeHwPJv6VhTU45e4SBwdiyxEArrQI2a1JR+TaO+p9fGKobPdduoYtaZTHG9mwixG8uHcuHXPbr6l0d6ESZNJhdxrw3ievXGC6e5M7mj071R8FfA==
1428,戴安琪,女,440111198202181763,RgV15xRqB,&]-?=cex&`,MHSqRHq6mm+1dcrdt011u4x62GKm4b5y4oFhc0oR3fOx7LCQu0CWeFLbAaunyh0kE6S3S1bphQTC9ilIEILrQfdqo2HSOEXNOzBeZVHUD3NKIcn5sRRhyiUlBWvNtzFau4CifmNZ23GCpwzOgdUkKu5tLc0//amjTay9NAH8fMcrPjmThiC4cFkD+1VhjsxkTSD0e08gKuzxqEXlvPAEOA7Iiq+aoC0wfTCUvkCkMS840LFFD7rA+/8Y/AEuF3OmtU7HdgPcKZ8kHdKsZBl5llkcJJuG8iFM1I2ctLIjeM3qWSIatyes65f//NQrlDWhY8EsLCP4gVls2qShuAYvIQ==
1429,樊丽,女,440111198006199261,gfuVQLCf,.#R[m2YNe,PgzuHvkDBVBWgaZBtl9AstjEUA1TsLmaeKmxYDD38bssWQNMq6nGxVxuhMzRcEcyMBkiACkGqYMxJIBA1S6XOgN2fNRE7/XgmSu8lAvFmLFHOq0sZhmVL0efTC3D7xaV2BZIY9GKzwL3Ib/W93RPVAszImw3DXB/60HIPmPow5Jj8q339z+Hlaxua4h1Q1Fusb1yZUw3FGa/iub4Ih4n2WwQH43GL8SprL3AXaZUlT5S+9q5DNoSOWKIcPf34TlCNyyBKU24x3bzy+zf8ICqFhP7QXxJCr/mnYebkcruVQQuZ8/34IoF1+LwAv7U4Tzsd2zsAWbimMf8R9Unz6aEpg==
1430,何宇航鹏,男,44011119940921909X,GaQGBW35xNL,;iYhd.XZB}MMaC%,kryDLdZIT+FmPRRcMaWvaTLPdFsRqO6yV1hviKqFAPTcvdDPGMh1dgu4dkbCXuxiHc5Ln7xd31AhEnbPK5dydsWmj+uxY/7SYrGhatmM/MQ0tBKghpC6mIeoAp/XLbIUek2BtZd0q3wVQRznpwoTLOFhsWIE/Xlz/izYOKNK3oWdTIx5h79BAHfWyFMwAkxuzX0Qm9qbMyynE5/tV/r+tNghjHRRYVFVXAwlZJiKmyqWOA2mBhgWUafeDckKyK+cTXDfvOJLbfu2P2zRglYIB25YpYO0L28bcHaIDDehOk+NbIY+p64eLT1joJL65njfaAmH0u6Nk/09px+SWM8AeQ==
1431,鲁婷美丹妮,女,440111199108248823,tAyZDaRcz0,N7:zL{E5ei@Ky,h/6kQ+RQhLueF32qJiFBpLWGzxQ2ek2d6j65dEfo09DINtPT7g/XVDHIDnHCnUDV1pTe+j50jS6CmcrEAm3x5fkOkRbXOI5agUuj8scIv6wlnHp3ejymNvbDj+fkhMTzhC4lTwfI/LDy7ZrJ2Ag4nGbNNOOpzs5JINyBmgYbIjSSXpixnPI5VaH1yWPXi11yEylaIHSV62uj24m/2Zs5B/debQcXQcwkvx2bzRdzM/agcUiwUtPD3br6ZXT6jVPNcT0cbKnehtus7OIF5IUq/IMsXXNaZ2nkkJTmq1GVtH5Nd/IXFlONj/hDcFTiTkddavEHGwho098boy84Xxm80Q==
1432,温蓓雨欣,女,440111200304086361,hfNyoX06yAjO,mJ-A1uU$Hc,eJUSBD8yZvZs0XHxvze88rKvTgQMEdSCI+EpcO5ed83mVcttyK5Bh0nno47pF2YEj4c17gkDF/uQX0BEFrNt6/gQ+vZwKnjkuPIQFOQD8/NRmVx2M4ZNsEQzGOsAnl/mz0zEeKTWEvho861aAlEIhGGcglFah1Ag15qSdQrGiVTqfRG8CtTNUSzqoBS3wh7HBHrchbDuIUFAO9Q+bgfvr9F4/pkWf5zyuayKwD5g6dorxpRnqPoiYD7Td+ZQquH6V9HfxKLI67igvwMxmMxi6XhY9BwUn7TW6Rk24rSn94gNshwuOgS2/aA7fAdcsmKUYFEQey/RIByNGV/LCX5pGQ==
1433,徐明哲,男,44011120061229711X,o8o4vYVFL,ePWUJ;ZQHj`4k,Nf6/yAEbjH36VTDGaafaEJX2hoM50RtIfGmpfDZGBuJyRTDC+GB9zZAupBmJhoIcNTQe6b+K1Pdhcw2HzFFbFGo89GCNIcnCBCuPkI4r2PFBaOyfA+jS8QLS/sZTkZu54UBKVq/wOhngaZXOcAZ4Nb0Pk8JuiQdHEnD8aYcQgH++a+eGP/GCA3b6gdwwd2X+mxDxopunw5kTt7hJYPHgFefL3JZRPOXHyI4lITrUYWSvzWPoSulD2jSCJ28RrTACPlsefMbm1QmuCIrhVENP8yQY2uR++76MjUXWah7zsHbcDO2wltDVpQsDYgdLAcL6oR7nS0d5lQ91zGTgm+KPgw==
1434,沈彩云兰,女,440111198508214409,aXp2XgIC8Bn,Q2{gM!&[h,YddcuBTzdG00omdKaHsYIwEmyFjgifk3lKqnx6ZtDfGp+k4Hja18imJwyf4tHAS1OVBUaeEMBFP2Ew9vjleeQEYGBkokY3608PVUkLgqhZJIvmm4EMbPFs+K0XerCJJD0C9WvCuSevyP2lQ+rvEM11cvc+yXs+cjAt5TkDdTm73q+/J9d1obE0XomAgKoNqrW/ULZEO74qkovZu7FRvT3lwY1MqWtB0wvIiV1o5zJwuWdF1jCfsAFclfaJPI93YNCXYPCoG2Qo69juu+UT9HhD4a7LyIBtB2afkORX4aL5ZzHWDjHus73A+YKrRatqCl4Ht0+oagRXDRsnCBs8bUAg==
1435,安诗琪依娜,女,440111199302271680,pdfrrgfn,e;=#qXcQ=a,MHOII54s71LUZAqS0KLDW4B3L7LpwqQv8X/oLk1X03n7C4uitkQzXGos3GUfB3l7fLy8jQTWqC6p1yWFnuj8aSniEloGvPXsUe/iHn2ax2/eYvzPfFqBiFSQ+gRIDaBQDbQkmMWbl2luxogKXWKQ/Y+E8EBw/QZGqyqMB5MwSYY15vO7iEV52GmHwh/FMRYqfVPYj9Pim6dKHxUSkg6FeKw4FYxlfPg0mdp2xtkpyGzJM0BRm+tV5CLFvqsajLkU+4Jj9S33NRXw7p3Ye36g/z/hydUn2EljwARGwrRKKSiVwkwRxgN8MPx3EVUAhKsD69Sdg/n+f/t5zfkJIDC4ww==
1436,霍曼殊紫萱,女,440111198711255863,YzpXYjUkn9c9,%vj+JH~qwV,HHAAD350nhiavoC3qlYZz4lvHjPX4ABE/Fl77ECcZndfgSrxZdKc1DYy9eijliOrFEpVXP7B6PHujz4cBOsUoc+ckfW3d0p7qyazt6rjeMc2FWfI8IoS3p5LxFZTbqJ3VsBQQpWgz6pyw0eqTgyW9vR/agqdgUm7xK9z7KKZ7DRZUnyk89w2SZmHnWUwFGizAW9cdyLB13ixISz8SBzsaIxtkqQrMRtND94XyCBaga1BIkgEiy6VWm8CPtED1iy4VkE0Riqxm9nPuvb+ajDO1pEsfDpGX8aanwPD9BBXEXgLcLrr6SEb46EcOM1uWcRGszwVZPA6QELJTUVyUBPCFw==
1437,武刚,男,440111199107213813,ocFnl8vnVrmS,swn+4Y9kY@p6kSX(,ZZGBg/tJ4EYM2xGsFXuTqaA+kxoscXDg0nqaXwpdLPJxXfFSs5E0JO3H0mwun3hud1TbnTbV1I3uKQwYZaSEogRX4j3z8kYHfjo0Y86j5p4Jfqc/M4rEzaF7B31a1dJfhDH9WGx7NIEVpFdLLyaVhLSEMIxsHO2D2Qkut3RZjX22NDurVS8YFefc08nqT/HePayYGDq/VjhjNwyjtpPfI7XDBupjhG6OHGDtOxnYsBiPXyj1dbkrpgCGQWd4+tXFUY572LdYC3s9lKJswCSiZam3po/FzCIqGsfBSIVbDutb48IX5qtZIRhPjqlU7z8DZC/cR6QbyBuiaDiPvdRr5A==
1438,蒲伟升荣,男,44011119880305871X,jLOHjsZd,DI[-j)uZ\@c,lpfgpzQDLM1RNChYFgi0XIcfLb1hjEqspBFnF1BJASgczwYgexV77GL+FKf+ombOlBonLuDrwWAvTdA5RUVnn9EIUid6dxvOQ92gV63VtQdMHSWqf6G4n7JIA01GxpuMBYFZizkpktwwqvzL8l0acsSIQ+JRXLX3PLPV+icFopWbgJbRFHmiY8lCbayIHbuGGEAVfSrc0KZkEwqGzhnCjriHYVI+K8Nb4ztjiZ7pDnKRnC9Dz1Z2Jecf7EMev3Mjj2bRiNAZqw7jyTJryFMYoZGlo+9ReY2tUCzZalnkJ8bfckg2b+W+611Q39mr9vjvhwN8ya/VgGDvrGPeGsryIg==
1439,贺康健,男,440111198609023935,YR1Mkom2ojw,9r+d9^+oDnY$m,WVmd+ZgKrNg8Oig+NO+LD7afsB3qzF7dNvBnINb6jfOijP3m30dAV68BSsfoXBr4c91hIB01pSLEjXHpuYMM35cMG0EqahO4IErj9DAFQkBvxhEXx7PAnABDO3eDQOXtKZGnO6dy4y3X/9hKZPwH6qUm5NgPZpPY0NVP6wULu2nAhfdSH4c8u4nqR6InSIXxJ1sQ3gW0Yb5VRFmMOGdMtC6IACzK4aKVQquSn3sjj6a6dL/Sh/wDTUr7amiHSmlZ2yB45W3agk03vAUFbMnpPbMW4gx7FBaWM91ucBlSnZzuejQCHaR+My22tQHCX8Z+1g2SG55G3wPQlrKbLj8dXg==
1440,顾芳芸萱,女,440111197303203349,UeMrM7,4[c+a5o;m74,OMxQEBKVTTLZsTP4Er0x4IQk5YYVkPpySUo45LvxG7XonZ9frYxptMxZ7Q1tV+WrdTUxvZcoCkstnDmx2fqu7l1ViQkHkwfzh39wNcYxMpPTKgTjNP0a8Pd1q9hC1CsJVdLY+G8HbQ6Zp3fr0Qo0Tdb/viiMlOJlbYTO86FXwjJ2MDfz792pUVn5shrWc7sVV+MRFcoTiejpxO4t31CejEEP5P2JtDnPBW57mJqSeC0GlPmyDBUcKFkHpmwVXgEyMfEBZKFWf4bFnu/3lfDo4+NvzpHIHKdW9WWtMu+NzFO+ASWrQQb7uhXTGRpS3am5aVwBT+0+uqkLhnwCJQwy3w==
1441,管雅婉仪,女,44011120010914452X,haOeHB,9A5a]BX$(yoE<Y],hr9ATfYDwvocAOX3Qi7rGob3JL93y3xarF98ShU5YVObUPkvNiyrgenJ9zHhkYy1iP4rDwOAa7QqRKY9BjOVRavAAumywdBmyAcbgArShFYUbn3dk9As7zghScJVGdx73bHeBykFRY5iRj7xbA++DYTMwchBR0WVh7dyhhbXnnSoKWn8OnoJ8ULRs/FXXbsJsRFzhIRy6lUSwRx5bZRMshDGWFLs8RNWagDklKsxYd5pxP2un2jEJNvu9/MLXCABdiigWAOqIKiBKpYI4jtdzsQFAaHT/U6AD3U5nnUP8NgEWJt4d+09uKXkX6QMBrrBKbeh1szuYihmSajSObicbg==
1442,熊兰馨蕊,女,440111198610201364,seiNMTB,dmm9yN8_(9RPPVgx,O7DZELQbl28tixZZNUX0cG8XzEu106bKoOGvxOMnDfjY2xgJYwsbk9BBhRe8MJFARCosNnD63R02b5oAEbLD6imMILhQFh6wkiv4oAc5WRSlGW+F9BjSRmleM0OVrmUCm7XUTpUD3G55kzvUgz2ukchaktHEIbfqiKK22k5tugSrbLQh1ZW7fSDGIRcJ4+1z5E+bA3LlE/4gD4Samo9OH4FmPHUAA1ogUj5qLxp7PwmcXkP7e5S1Xb43utHgPV//rmST/xni/1Uvu0PLHLisOObC7YAYo0I1D/4mvsfoNsVnms9qPsJsQaqZGMEXR6aITcBA09sEhrD5u+nBhTexvQ==
1443,向文,男,440111199302091954,tesf6EsP,#zixh*[)}J/kk,qgU5q+hSVzhQpUjuzrc33DMRXHWgGT5sXg2/TlZMvOm5O2SrtR3nWiUtVDYTGga+Ec7VIEBCY/2+XKptjcW0/Ddi0hvP6NHauWS0Z4smIhCFHaNWzYK+rlutFmP3RIh+A1W61Hgz7/JWEJmDRW1C3HWJ1vcnsLEww2DSuf16+4vYgeVz7CP0KFDPPzMkeUouzQNfbAC1ugJ1M3+436RZlu4t2koPCzpOyGHlsrIIFqYdb0UIsNnzoJjHaStPyxS/hO3VCmoxJNWHZiPJMpFv0YEkqC1LFOQFr18E3v6fS5WPvJp55+ddtBiysI/2Z2i0ImMJEn0doY7RZSdbLAcctw==
1444,潘梓涵颖,女,440111200109064386,n1ivcNl4Xez,.%MujkHNdT2G,m/ZfPLWyroioKcMsp2oiYLSifnKuXlQ+M8Ve6qfnfPIiJabidGRrXBzy4g7RjIfTs6vo02Cis63wR0pIVR4cLVg6lPqU7hxf1Vl5s8QyE+tnBNpJflJ3s4w6CzrS+DbGdstP5aln+ip1ORRe+SA5OzsZdSQ39SZNNBK46SJwhMkycUUrOjGFimRi14dexkPJRBt0l69hLJi3VmIT+XeFOosMj3+4A1ItMGKMVTbGSMDv3Z6sTBG2RDrUqta+xsWdfB2RovheSSyDtr00iN2w0mQ9tv+4igvM0B73+IF5+PAkNTKeQjs+XVExYr2a/jY1dCoAQu4BnSRm7bGbFUQLqg==
1445,庄若曦雅雯,女,440111198202032506,rO6dxzk6HwkQ,_BB3N.;~QhS,Rt2xa/HJlGK47rox5gFN2hAUgBmyw/o8GWCN54H3RbptjcHW2YeoPFuzPLK4yatOfvA8Dm8aLmR3lVdAjJynaZcR3bcK+rr/Uj7K8hmfI4oyA8wZ56HPw1ATY8D7/Yrx3CV9mkDPTbuRAYBHtMBsaBnioyZCx544owkW38PJNicWxIx83bYkAfyaqSBy756JgAh9rFSDM5waQjfm9CdZYj8N4wuLo03SrfFMhbUT+UM9ZEBEsLoi8JrhNl2bTrmnhBoLArAbOkfsn7dStLoo1qKcN7+pvbM1eWvnnZyybAXGqj8zS1mnXaoSHy96r0zMUAFojVpHSuR55JkF5MpbhA==
1446,姚哲永强,男,44011119880516951X,azZPUd8QOp,UTV&Un)Q,c5MALvsZkIPdy9JgJlDfkOVVVrQf9melXHEy37bJpQUk7VsafuSIEZYGe/mE6qwb7FfUJ1bMqb4OOouxOu1CHRyPU6Fo5I6Uyb8dWSmIDev/thVwuZ+hFjyCqUPzy1wDP+RiaKnCfrRL1v/J5I5YpXx6D+2UpXpVv+PQbEXEJZgMvN/chVbVFIs/Fw2y2ej4o8dEaK0aNnxsM7Skjp4D0bV9ddQi8qiAnOM+Z+6rmrviyS9hkYJ3HeVEEl4U16pntA5jKF7fmfAq0fjLmjnkTPntvHk8vyBLhZ7oOq+3wLPTJLEXMLKjhx71K2hPCH2FmPnK8TwnnY+pqzLu19BETQ==
1447,蒲晓燕,女,440111197401166481,G8LvnK95XNtH,#@)Lh(<KE~`,JgAXfPQBxREErgq1FVAqfd4ShFpJ/b+ZUdUmkf7/8WekZAHsIsvsZVRCWKD69oZuOTIlzI1V4Mr1IdBulf+KsF97n0JgD4fzPPt9zfBpOCwIYlQR3i3Nplew7VNEzhW/lbT/KMoNO5ju6uPZIQIX0yBVCwxK14SbYgDS7HSFkFNotzbVmYFAhzB2y2Som9LvryLcZf8gTeHaXwYvpYOyaFEf/Uo91rw5uPjvkml3STml1kMTzC6YEeiu3c/YX9ZGjaKkbhSLftFW1GfaC9NrVOIXRKYM9KHYQd+AFS8xDSo5BbFYdPc6mCEZVheWQWGW00H3OWS47KdUBBvNGcEFOw==
1448,郭梦,女,440111197401284082,gDIFx5GA,*?L)J]Gjg,oDCujU7YQlTK1QsBLm0kx0giqIwTq/nnN+fKoO/sdDBs0ConzQjQ/UU2Vz1OnFmYV8oqSpn67GEvy3aMrGj6+uAaDixUF/FbBiFtlb3Ew8AN7KTOMFoYFJmR0hkUfdii9YGyZaqXGBPdxs1Ldyc+NMizdp8HUcBud4i9tKVTjtNTLAyCZAkW3PEpbvGmpUJB1Dvo6k60eM218BkNgTsQh2pxYGTjEPsovmDlQWKUfdg4/UEbR8eR9U58QAxZqjTpZz3G7gn0ku/X/R5wGc5qWqky+t7lcsX2shGu2ItS7Qield3/pfBrwQUnp4prhdVgJ32P4XSzZ2oWFrXSl9alIg==
1449,胡磊宁静,男,440111199610110352,iGpi7Sa,){RJE!R`/NY4`g|,jRELCh7H4fEg+vpRPHPdihoukvMreQr4cuA8y53iBDbgxI5SyUkGolep+8IEBeDp97LQTw2iAbonYb50Y9/Si8FzhbuYSyVtjx9oaGZN1zoDRa+7fBjWah9Z7922IGgX38IiTvmoZFGCkMbTYI3XhN82+Yp7phXRHSBAQ0es9cwa2g629uLz+a3qG8Fn0nkXR9A6omwZBWrZYCACqIYFqM6MYoSyHafXNZvf2KuPx8xT2KcpGr69UGUgY75qyDoFxXYQSZUhReePvwmG5t4Fw7EzvlxgNB3zQ63yogShB3HbK2hKs/fmrtT6Avr8w+tchfPBFq8I5xaC3yB9thH/+g==
1450,潘语桐薇,女,440111198111259609,vTCjQONJud,fw4`nmxU;,XalOQaOxoFDibTeQjU+1YxomIegXkIX95oybrHBRtrWWgyXSDcnhYa74eX3mLuIGkF/OeRs15PGs1DoP4euTe+g2mA9wCOVIr9A0knXyEPhpwU+SUA5vAyAde832onSXYHyKwnf9MDKISYw9cq8KhiOsz9MpgmxpdRIImapLcnFBHIdWtLqo1C79eky7FBBwACIoXGElGXIUoENEhjEUPLFlTa2kOU4sVDm7Eh12siHSNCu86mvAn7WHV8TUD+a00oLmp79sHHF1AX5OScC97vBD+M7nyRuuKivsXYNZ/kpgzfQXHUjdnQcXlr6PRM9pcCCvWTJ3Xpc/3zh/+U0ygg==
1451,秦嘉俊星河,男,440111198705191576,f0pHSnoy,f0&_F(``Y5fH66v8,ir0otJeNWErtxspbTO464YfzaYkALoVu/uY/Qy6wwYF4RC3xvAt7RiiJTrk9Mp7GJ5vw3RF6o6wHS+DpiHVmdq5SAF94z7GZXgegcdUs5JSqPKJm0axpE12HD3kPK7243ZONoMIm7m8vCeqH2HSTHrLYG9h1/SK2ETqJGa6X3/GtUnIiwoI7sUEms2+C+JjtlZbYhlBXBjHqags/DMjJSmWDgv+//hoQlsGjrWp1HEcOFEwdW2Xt1lBkULGo9KHs8xdqFrXMyyQbl3As0SYO5Cfvc2QgCAUdXF41Ugu9iHwc7HADJuw7rfo4akxiES6Kl5f81U10vfR8ZP7SuHNgIQ==
1452,程琳瑶,女,440111198301154402,qfHflXSCcc,&][WrNzx,Val7eNj7870yDlq9YegFvpd/YNczBPxWP4juulpFU0YuxoCT022i8r0jrPLm+19YR7FWVYpr4fuEtVA6me2A5tDCvt/ALEOSdbz8wOIYBZ4La4RUu8AlzUc8y7GrK1tOK8YUsss2N0sh9+tSMxiGPYiknDVFsUfuN8ZKR0Ltz2qg38oGgxYM0OB9GqkfU/mIsMs00YhlSUdKWOhTNHt9n7En6xfIDHTGSoqdOV8sDL837LxM7KQ/ZSTi8tKuNRRoXf2NtfO9YQLCgDKbR17wNCbuIsUXEfcNTIKourVBRZu2kT4LAWcfuT4FbHpemP4RCcf0R0CzWQnfSon7uLPmDQ==
1453,韦丹秋菊,女,440111198910263241,iuSp8IKclLeB,4<0-Ijd#},tltcpYo+ATpKuInEaWoc5dkYCCiTs1y8C7avVT5SQrJ8cD+ony//xSMFM15lGZ7g82O1y0zthFo/dWJycmdcl0CXpywfRN44iXiHB1R4r3kYN2RoMyTrRS7s/5n74GNE6yHYPPlVsSVtL4mRi0FAcjdsEDfWUCfzLsw+fDMyc0sUZ1iOtWEEnO8FtULOTJfKmlLb78yvBNatky7g1olnqzGRuGRyQAbpwJrmd1w9+a3okTYYB4iQBu/D8G7rdRNlKVKFz0NkCc8q9x3H91zJnlcLk9SfDS9/d6jfu0KT0qx9VnXZ8T84Ndmn9vBS+fF+YL44Ngqn/HGnqsCtU3TGTw==
1454,姚彭祖凯,男,440111200107051258,j3g8RFTsHrA,y(}II$4dvF[,mTjhKRVcN2qsPvH3xLRqrfbTanrD9wB/qjAcF9f8/vi8X5Owot0L4AMJOCPMnaManq6xLg3WNdkjFU8CQH0sHJ35TAEslsrcAZs1vgfqO3ntmb03MKqo3Dy8F7GFc5kMOstC9leX6M7VaLb1AFtpdZm8Idc1bVXtxu+XYc0zqZ+HBJDZaSLrk4fjV69AoHzDstH6xe33Dh90sb2+eiAzSrFY8qfQ8B1cLDUmIWV09bbLQshs55s+p14yd1xAVp5yQTrevfu8aN8xK/AgXlM0OrN648KuThkCgImuQjUPRSRXmgdpZBRgogSRGs2A+ljrUZl8AcvldZ/rO42xSZW0Lw==
1455,莫建军德明,男,440111200107035776,ENTml9l1,mdF|>L9z=0fCnK,UGduxZwD8QXVGCrc5OeOLWGrmPq0xY6iEhNxuUaBMGVdc0yZHcI/L3UhuFgfZVSZvlJHbZrpCycO/BR2bnrgwYwXOcsKAj146OR9EDfjNfqWvY5YnI9Fmz2n6wB4pl+tWHR7wisbVOJdSu1883NLA0Lm1jyOG0Gzl4gcNRUnYOOe0xBqaE6kXA1wIGgikT2pwDjswd+zFn7ig/QggkHeb00pkwwFwPn2pvq26aTf8NbuJ04bZLg8RyYnhdiiQycgqf8LiA4kzOPUiM9XmuUtjlUkoR+3dzWWlmQ+p4dhWmugjBf6/hks7CL5Khi1ltYWW08jAwC4YY6FrFZIEe0EOQ==
1456,车薇秀,女,440111200701159560,U2ftq7q6g9A,Fk*:!YT[H(O>,qa7YHCpOkOVZbQUqqhoYuG/iBBZQ69Ui3L1j8BbiNjeLa961gd19HGca5YVoDtX0oj1XXhIbDcD20FD8X2BJMa6hnqFSfW0QjPeX053/WHW4VZqaGbaNPwWPoowApRyou82bEDFv3h+qNtE6Du7s4RJW/U4zR22GXixhvpHxY4ho/gidA1GM35myY55I/WA/bjM/15Goc6bzq6m4CVQUb5Muo8VKypoFFvAPqiLMC6CNwmrZ26i51mvpbtI4JEyFP8Tb+mzmVVvIL8lo6Mcdaa/51NAyOxtHOuHUdxrsKjIiaUfgsiwCs3z3zMZA/cWVQCbksc8J83IYJyHGvKBcPQ==
1457,聂彩云,女,440111197503291507,EsMQZCp2PIv,is6=W]HCYAZ4M,A/GjraA+qHcYWoRcapNtFagviTRA1PbUHF+prj4qOpFZEjvZn4o7NxYVUJvZx3G4vefOaohUHWyL89R3Geo3V7Kqp7kde5epgw+KUM+2UN9tCv3RuBuuWAcCuOwop3jZ4Fg5rFjYxsNPVP+xgxG89MVtMlorUWGfI7tzDau0fa+BNn3dDK7S1BMIlDwTsDZG1JuNhwYEFMUYenjBXcONVoDe8WtIsIhIb3wq/BjPY/NBjrVpwDbR5vGgQ7dZ5IeytCLhUgvkpyJyusFTnFXiBjtZNTN4a4kEowVqTY6Yhs701udNngC6X5O3gd3gYB5wbBrLCobMAooHCpHu5F5Z+g==
1458,武婕,女,440111198708251482,heFKX1Srk,=3`-ygI(AjBnOb,gLe6WFnEyMDd7ghzw8g921XwCNawzAZGFTQSzoLZwAlBBvOBzF1nHs2vF0WdEQ6IjjtROCSQhNjMcpLqg5mfRmGHJHtrC+KVLwH7EypalnP7ce7OUlmTvPkRm4dhsh+G7Vlq6KhIFyY5p4Hje7noeThfTU7XR6zKB4JJ9Bl9j//RO+zDhT6UoCTwGNIp5+i+j4W5huCFpQ2sO6WNsPFCQD2oCMfOOFQ+rI0hfOstLTJcbW53MiDYR2RGP1y9iwql8AuAeEInon7a0RM0agWyEwOYb2fSqZnslJa1UKC7w2R0tS/FtSuNYo1MSfEOfTLreBo6nFOcZFamBO62kdsD7w==
1459,潘志新,男,440111199704243017,x3oyYhEU,^)>fu$1{c)F8Z3,m6wAXjZ79i6zptiOB7QeXKp071N9iQ9wkskdgXy4Q1pYEf1kr6HkH9pGl9C08a1paY2bOGUamQb1bCVXxYpwguDoABRkD7vXB0kkhRVjwm57euwnd02vdcha7fCfJznbBwm9zz4VcmRItHFz8VZBirpmiKiLSCM2MFUaZVqqELXfh50voYlUZE/ZamT8SUGsjf56wilBO/5cuK4K7D5hTQknq9qq6asXFGGkNFqdwYSlZ8i55mNXu+Vt2erY2uYbco0geJ3e1u78WvEVRJOCOWFL+7xIUWcvj+9Oj3IKgPkNIIKxQCmWXNvRMt3vOZOLeTuUJMGGl4TAsqwMdSOu9A==
1460,胡雅雯岚,女,440111197205133383,ipIWHJPzbQdv,n~.v-Bm_/4K<Yit,l1MQR7fNgY4r8XImLbBZrUgX+WsllPZ8cVWTFJ+bKTQ1RH8iiraZg34z1eAKg3+2HuIV5S3rA5EgLBaZVmn3tPrrai1H7KD7MwJlm4pKnymOFWTs3oviiTXzasuCpZ1lU+Fy8kIZFTvfIPf+ck4vf4KlnEyDbTm//p54E31LqnwF3pcC+5jWvWBlU874eONTtXXfqTyzUNPNrT5eR6JKPI7LS7MrHf1ObvgvPEhPHMrfaIYgIBw9Pw+9y1nXCLqU26zc4wvB8P0zTL/cj1tukm1sDm1pGHMkEu1HfQBpcK++Bl04Te3chgl/CRorQxU8ud73hRHkdaLPG80/Lbd1zg==
1461,邢鹏庆云,男,440111197308239332,wC3gytCfzt01,ARs#|qi_S)Op.,b69YGjauDQ/dAr2uXQmOsx00E3LXVNw9YMtWir0J98jlIng4qtScISgCtsIE9EdjQm76CN4vVz2lxiY8hzJeGekwfFcje5V+wy5iVaF4J1fRQGgyHtAAEGMfjRUetI28mxIKGbtR6HOtl/pLCSvq6t1UVTMse8lXFqpXxQXlum2/6kdGu9T9GUS49jOgenFVs1EnTg7GjCHSgGXXvDvmSYr1nU+bM3Acr+fo1GSRqhRwYbS+e/QIX2q91rbhYJZPembJyLIa39arbPXzglII/z2FJHDlnNoHeZVTWe6meBw5nufHr3TMrGmQayBQk6QVv5XJmCoa5qC9MayxfcTeug==
1462,王雪琴,女,440111197407244284,qORu4ity,&?T=dR%J|*x;,1ENrY85c/xh4tCrRA8zLpXEr1V7+nmhu7S6RnYbqKXA2O8KZjBbT/NtXuFEaQU2x/6TjjHRSXE2tDRIcdhsVPmC1qCFd7vCVukyrDr+wg8OsYs53k7B25dZ5ODkv7/paVkngvqgBI2yC5oRhopgmfgTQdA62epS/kkEWFnJvnzHE9jcMS/xDAGEqpLDdB8JyE1AMPzZ2/UI5teRWBNXpXSB6esc7tA2ZiQiRsDDxHtiPuEH9Q/Lr8eEp8sYAll95JEaxJYI3U32hMnBlC5A9yfdfGfSiEgNWvz8TlbbnN8dHvL3qerx2guFh5eX28IgZ6Myi/jmQZdtSja9ghKMTdw==
1463,赵语嫣融,女,440111197502286183,KnMJsZD9gE,|?ctQcXn.{C1ZjhJ,hFtfUK8Z/snhPILVkipZfU0ewFaVgps3B+4pGND/tzz25ktmJtk3MWKL1unP1AnofoYNieo5ynF0nG2/mZtf+d6p86mmmVJXJJs7qgJHFOZd3zSVyTJXZ0R2tfu3uthS6e7F+PyM+EKY/Rf/Hs2hAMeFuYSTLPEWbknkM0roQftYf5Ofo0tSH8SnF9l3szZnMjNHTQef7gKmo1RiAERBJOB6sqYu4K9lNbKSqYWB4y1tzcNXSOp/XUwIT0lt/h5qMCxTx8JGOgjBX6YNYRfA7i/gjPa9sQuMoDUVv86KfrT0FmNm/A1BnmcEPSfxwds8BM4H35GOnhSIJWltqHdhHw==
1464,龙惠兰,女,440111197812297507,xD99B4kt,^E@3{aWl/LpaSj,oHdYkUZjmOmN98BvTppZVWWztfcxE/JfN2Fublh850kvV2yYD90lfY1tTH2t1mjN22R5vT0xPHBcV56+jNkta1g9EwM+xpOiq2QxYJo6cBsF1Vnn3jlwIJl4nF1SmJ0DrRlNISh9u4XF3j8RSYiAWv+g4mb6dWOmPCA+aeNQJbwI3Em/1hB0Ntevaau+jUMcjDbSf6Zk5vBI4P4KH2QisMKIEDDoiSWcGWhqz6hcVXl4HF5DYuAR87HAaSnmhGF7sIMNm1G1YhO1y77HdNG4wVd2oZsWYEhKdBJvaWfYFyR0gJM30uT0W/0PQmeroz2JohCoyFNHWkcW7XSbdv59Qg==
1465,熊瑶,女,440111199803048006,YgfY42Hkff1e,yF|hGt.F4i,L/HrqXr+XXRn3whBfi58sFjPCmqr4t5w92Fyv4no6E6WhHWkvptBPjJ8zcsFKhcPsGF/zfn/T9XaUwgm5AsP+LUKRzHBxkzGlMx2ySAM0V+YAOOzqMgzfFa277NpSUtWBMzpg2ruT+COGillJyvdIdh8x0O+beJ4Y+/UiGv4XmZJZ0eUjd+7948VZKsAY4KpAZjfMt+Bu0mfKciejns7ZxIy4wjiU098/i5mabSw4dKuag6MftuWIqVM2Ap5d6gGdZlwPnLEgDTr8z3lbuDj1ZX5zVCxhjrVgHiKz3R8/MNvh4bVByWRd2uu1H7MPIUDDQSq+2SwBP15wFzEYQ3ofA==
1466,韩琰,女,440111197410110500,QHAo7bzm,eTK|\05-k,gSp4xX5xv40J53aupfrPhSja5ca1ADfP0RGvIZQ9shfM610Yvpv+flKn0IQOq8O3uoNAnrUAmqbVrXZ73V+kDqraZjZuUyfn9sm1cY1LsWGe3ZGvZA0kxDNcT8LdMbGGfnlBlYiqgEk0Kbd01Lhn4Ygocv5XxyO3YpadiFslwkxRThE2Hj8qP1RBji+jAZS+DBjAK2nDhogfkSTOLs6ycw+ILUfePatI0DsrMGeb971PlCZzF/x6TW7qYcyXiXEQdEpd5gNVX/KZVlNBOGvHDeJ2M0U0rFHVm3LZTf4TTn7UyYWxpQain1NPwv/2Wr3TtyuWsl+iJfDmttERGbzi3w==
1467,涂旭永昌,男,440111198903310855,sd9Szym,j)8rIlivz0(%,sywDPJcbDH9k8HtVRKQE8BpILsSg1i7V9dFI+syW4LxoqQIkeAbLHsycM73ye4IY2KWyB4l6asXsIsES58665qEXwDjnAs9K+/SzrwFuM+5hvoyZZvhybc5ZnZBFw8Ezj8ULXE7mM+7hj6gioyNUF1oZCLZFbhtwMsCtYxy4CMp2nE1OBUYFOhOMsJdgTvV9TGWuvFxHdUrG4GXX8remQpF72p/tC71+Mb0FnHq/rkiKroyctHj/umg/0oafdV0tcNFPQw48+2tSsh/zMw217nH/zzryxLkQHyys+SGvUWHB5d7dUugR19kXnmOL6gu9bCGa013VTk2ORtMREnWgjQ==
1468,莫瑞雪,女,440111199412095665,XWvviBWR,EXQzneE)b,uzKy63meM1v3z3uiDMSvccqp2UoUo8taFwj6F29b48Rl6/A7zUve1nbfeYTQw+DHHvM3HIhp+dn9CjpdVP7GgpzWM6ds7ed/okDJpT9IlpFWjaoJhOZVnhzBO6jGCf5glN2sGlSYz2PcQqIEL0k3aLW1T6NL9A/hyLRKTb8Y+R5VT9JjboNtxTfAFB7FljuVE+b7NqOF/gf3pNyK/+jlMXq+BmToivPOH5uMzqAwsklCQNAo04EglQi0Sk4rx07KfsnEIjSykPOY6F9gbPhnCROqr5oPKb4oKaAn7wCzOWzb7i2FEG4sowlFZZCdwlLCmji1E1aoy7vJHKu9w4v2/Q==
1469,彭德华,男,440111199210223315,pcewK8VL,K5.P5;3Es|:p,lutPJlFFPUQRQz9kblCkouIRCnpwJ/MiriIXBGGTUAQSfPVPAh1dgjVMax1Y02Ea+8pIaaPmMghy2ZGGESHqcGq6MqBDKDRAeCxa7+eTSsfW2gHaD1FPGXe7QFA5/Ouov6f3pnfufPlCSN8nM5tMXrIRXueuIFkQ6q4y06DrIL8TU0sUwWrFK6PEuOBoVJ5BAh3t6Ey3SVCzcwlQMvOvdXVeR5yZAPai9sISjHmcD0RcFP16wiPkJ5GU1T8qpE0Rs1cFyCVWyjvTwsfhjsZ306KDK6R6fCqgnASFJ2x+KKae1Mc+/7HZkPuuYRLeEQq4h+SZEBUvXBTgQAI/2BWKzg==
1470,黄欣怡,女,440111199710247604,I6nPKtA,cWn7*<?`,bHFsZOmOAmIMhCGOmfls0pFHjhL7S4s3f6cLMpS7OeOBOjMGtKjFDF42yxVc6XFjw90iI66+86MnIFi1RBmq2TNbNUwrSCGAdc7MRyhnSRolILMArl0dEIzcUC+S3c466o7qzbl2Vdf+WoUVWfs8egmyT9NVjJbkk868VZPNZP1ygCbCAH/TJq074SB6HdKbH56NrL/Z7827arJ/bCcrksD2PhsTrEoK1fTwP0ljecnMLu+hfd80+Q/Gd2kYbe3FMiA4WuOMdTKeGR7FWKixuRBhNRJiHZfyZjRcmo+2rwMkXiexo1wGIoF8kUJ277Ko6ttSt2JcgFTa7MX7OX0baw==
1471,戴书豪刚,男,440111200002111699,fpGIIAthV,cyB$idEiZU>57,YA4ekSgi3v5vhZX7RCIFDWkbJXPtBO8ZaozeNTfN22aGS7pEXx3e8nCeFFvia1Fah5O381aXCWKqNp8Kz9hCp3O586vbFsJ9rbNECKMgk7D2Ww1hbYyBUGKjqzFVjLRuiFMrruAO74/gE3mLYLWp9k5QXzQVrewRvoXmYqfBNC0czpvg1I34WFKdIaQAg9OA0QtOvFRco48Jl2mz5miat2MPPCI1aws4NNID2zV+iLh1tEu6TOjGNVFxopJ5TGE0ZaRmzbC9a7hnudeXz/4mtJcAexmaP/BTKURjq9UfNpgC6qxb6FOHAm0vZ0iYCkuN8RVcR2tPx5tlOjRG6XX7OQ==
1472,杨文翔,男,440111196509167318,Sapxu90FpFp4,pa^wIQkrOlonr,h52vokvkzccK2OD1En7PcratM8uHtzQxzMDhUWCqJd0i3j+6vynpaBm9q6dmHPOy05Dzw+a4WoO15zhHlmQdYbdN1jaBK73gr1CtuXa8cxkZSvqp5vq7LlBmV+h+MK0e197I5RzDgfS1NXHxsUdUzF4IG3iXH9ARO8K8MfTnABDRQQcTH7YgXuRvXWr5bSEKx3p+oH5RHqlFPKC8aM+K3+W7hOo0ky6QOGvFsZF2RAJZpq0KYB45S90uTzVQlm6H5WsE8ZDPQQ2rEk1OnTlrkEp3cJW9+QJXBq75syh/36eSI3+OoDcz70T+ZddRkGJKlU0dEzTBQsfFzJt61LrKsw==
1473,余雅静,女,440111200703161701,qUBAJoZ,:)|RL\(Ulu,GcpKKskVIGURebxdiMLI+jFEFpyugK+zIBAGu0ftVlkhY16cDPNAmN83pIdaxhTLI2PjbN90mbysOjHl+/0oFbZNGVXiJz/aDnZWk25dp4qtN5Ib63iyhWX8ezsOdJruP5feHBRmUH4uRjR6S+qF9u26cTAeQwCQmPpixlW2mPKi+f6jmF7fMRfy4S2gDqBdfioqB0iEGsRO+b5kcM37CaRSI4jcevAbxiN9FTxYYWaghUGob52ElmMTScVIC6mhcs4XggS2FHOeEsovZnUXSfWhM4uksv9smvrSijzNmArqiDRtMm7OX6OmXCEch/rKmjNwYx8LBbIiSSnImeSmOQ==
1474,陈伟泽晨,男,440111197112056374,wPIiAfKeU,Q)|)f&?}-XXMHglK,LdTbyF+mXqlxwauFIJInzh8MYpmqe660HBdf1rM1t0RG9Bw7zmGiKPJ7f1ShknEQH0poNSS+lte6iM+V40oXk3pCQdm1au2AesPbEA+9d/8iALVvFFCDq28d1mMOY0xv5nswdfWSXaox3lEcY5Op7Q9EbkHDFzK8Dbi0SrSpn/2qTDXio339sBCE9NiGxdqJ+Zm6PkokHoXNbOP+rXQPUn2DXj+fq3ejZxnCjxJOx4lqkoqnRoH2dpxx6LnQHIxPt4eP0K+XpuDI2jILqNrFntxAtuhKRh5Qx/mWt3NxRbX1fYJI6jrmeM28Awe1kHr7hjkuuN98wGBWxDi+GtTbog==
1475,樊斌,男,440111197606163858,cyH8qiCOEOX,<&Q9$-?C}2mYUmN,hh16CZhJx8ptvR8O/hnOxNJkPRsufN5KnoMvWvkpqL0ULeQ+ugMuBWMKMEsDbTKNpUKgR3hnNrsVX+9HotBmK7Ju8JusvwQLbjVSNPbTmsBJA6iRBxlSz3cRjY1ruMMXy+2cxXOj83s+bJ5mJLkIk+c7NBsdO815DJ+aRJSGsECSLUllqrExunHnTwC5WSFC6hOJRXjblEaXAm7qvx4EQzt72AebvhtqM6QLzd+RmVq5gtNcXLePVC+Jm4z0EVHepYHCNrVZaspK3aAXX2oW4IIVANSX5JUnOBRdK2W3hTKFikcrAwHwlmYEgXF1cTNY1cCEqU0JVLtTODalskm6oQ==
1476,阮涵,女,440111196607252006,hXi0jzw,1bwH4+9r,YeLXV6b1DFA8ncXNoDAT5wsZ1MX0jJ0L64CXvYoLsHjGXm6WdNiY4dxdhnYVaLseH8JzNDv98GPaI8fnqTq/0i2QSKB1rsAJDcTuH3PjMGQGiz9VJsgXbZ6TyZ79dYKGD59TtNI4oRskRjPNvDsa6NmC3mKu4ZGgcNKkqM7ir6XAcmKw8M43ZLTl59p5YQf9nqVDVz1oicNBcyxFece/MtapMR4ISve759uuGGaPU60Zc9i1HDkee1EZCu6lUml1apmgxrnnQ1CjCkXi7cozsL5EsBIoGsdhNci4TFRwqCUb2Lfwv6nsN9gdxyUqKywF8rHyFLP41vi6lU1P6E+S5Q==
1477,欧伟,男,440111196806042896,w7dPlfkVInz,7wQ;8{|t9o%<D$[,ChopScX400sIEJsqNqLLmlNB6WNTV8wgI50Fjse0XDmcvS5lN7dVFcegtQ+zgM70EMf91nGTt8wyjSNubyqxNYo5I47ULwm1g0WhMzjsHDFgzNtdgV5etkdbo1KMWdONJZwqic9a3eUp6u8zfncU9Fa8a/3vSrtFoA81Ktfm3jyCLGSfH50G/eL17Q9xD1RfDlmMFf4kSsiBDRFWOiqBJhOZFihZPOqMQnocJA2CUkAJXEAeMMGmusfPzw8+AAH1bNdVI5pIgUAhqeiXotZGQFgxjfsFq4XVkc+TDsuSpPCm6ylXFBu4+Lyblr9m2Y3ylcXIppvAafdVekZVeiUFwQ==
1478,樊梅雅,女,440111198105102584,Q85GpAvVKDy,7qr+]@4.fYTcPl}+,c5XLtpY6cp3kaU1qBhxF8WgrmQRmsYTNoocqiRJnJPCo2T1PYTMfSe/vmW0nS6mKxdCEzxOtx3uPLI2ke3UBsiku3kuKpKOAzSvF/2LOitd4wdv/7JnMpuxfAJInurvyXjsjT/3DmF1GlWHTp8/kfv6a5g14PWpySQJef9XzKxd6RU0cb3jKTAJ++NQukOSlEbpt7V99bVYzDCxoFmE+kK5Xh+IwmMw4LwV7RaprU/ZzAl+VeFf09HOxzfgtyxexJBQEinCfs+R36t3qlWpDPtoJmP7xQxzzt/T/iHX+9vaZIvOqqLrL9Lo6sKjnocI0sV0/G35zF50MNtchhH9jBw==
1479,董绍辉建平,男,440111199511208573,hlIDHNX2,x{P3$9^9M9W,GFjbo3DvjkuJmD4dP6DkR3F8y4Hy4fAxNi5O4AMGezF1Ea38rP3/cYyILnSFm5Al/vJRcp7pRVA/5Ys//Yj3pUCDPkHbAAByl9SBEJEAB846oeJgptO8Aj9K0W7DkFfEZPzjKR6t7S7E35SwDEln//MdzPNr7NDH3vcXm6vShG++KpcWnVMzCNbY+AuLJMBnfjwnN6MWBoCHLudvQe2j+gAMjN1jxVwUKq9lgQzHJd31wmjul8CGAlhWJwkM4Wp1SN3Uuw5P8IxaK96MM1aGtC2YEu6N8MJ2EtkJemWbIvb4bnl0TmQuKlPmdGIOVar8sNJjz/p0MEPAeXpT6vV7VA==
1480,管文安,男,440111196807280036,lSxdMTjwhEup,Sv=&qJhA)e&y?%w,j98MpbLBpxjCi7hOeqvUq2/JGpvbCFTXFshIooCwgL8X96D7s4MvWjrXCyecjs243XgPoXQ3kXG5ko9+YaYOLtd2dT1dvEjVBPTViDaW+L8/ygtd4NE1Z2kM9id7N1XzmxdVs5jGN4bBCSonWmJdSPeSAMXTadpvaLjUQ0wOq9YWBCV2ouBXWXxUV4AOO9s7Q/YtL942u1yPFQLqYOF+RfPx9yCndgP5GUTJfuJrf+VKDY8n4PY1+zUkSKFLY6bLs2FgvHL10yrtbb6JSbbVZyawx+d6OYhZNXJEfSz9iVkFmLhn/ZS/1oa/GZogBvsq0Pd/MrEjNZVKfO/Go5W5Lw==
1481,伍德华,男,440111200512173216,PorIjNeZoPFd,9zbcL)1m_X,nuN1+sMb1UmKKWN7msJQtel14eaTG3jv5XDrlxJ8gCV1Z3sjPqAKeEAjuKvxtTzZo2xEPTtaXSK69cM6o01tMFwRJ2y81YDqyeZqzgI3nc57N7Ybr6S+ZngeU8lSkrnyi4mTvY+15d33HtZ7iQjsEUhyOs8Qjdj3nvUINLFplEIGpMLa74e4NI1slQcU8lYYXrx2wiAXJYfjDvy72y+dJlkAWBK7Xhj4nV8BVMGBjast8odYTk9mQWRlDa7ZvyY3gfui+Fc1l5cQjFF3Jm1jJq0THiw0Ndvng8gcDIDOnnGJc2ZbRRKylvm8XVA/yh2q2nkWWOhrEdy3YLg7kE6ZCg==
1482,蔡静小丽,女,440111197405308301,V3NNnKl,liwpiKwVYr|z,L+9ktiH5BJCMSdtQ6swf16F/2OERIKVvVsqx3ZqtUXHj5lOyIIZ6pIWYvml20QchVaee4LVF/fxL6NAo1R6kR2qwsV2vAr6w5vZvZa4o/6zvPPIl0wf3BBOthmVelD+azkLhhUvZmKZmAKEeKyLsdzmz0S+oaArUMmnmkF/XrYUTDUqbptblcncfUdlRZbGd0nwyxaKUxVHIcuxgc8U54T+MY3KjIjbSdRgWB9Q8QBQtnT0U9RaVdnkqDmkIhGKixPv7Bxg0xd2TNldM6HLrHvSi7r+oCMN9IBQycJo+m+BHrGMPlI/SVbN7dA5aTjtSd4TU2X0YUUC4ceC9noQ2bQ==
1483,顾雪,女,440111198302054462,MqymGdf,FnC*9`F7p(jNg&,CFo8sU+pguwj8BWvStnTTAhgi8iqmmX47VrF7vkYrt30k0BES4u5v1RwiMfctOugeS9cKNdNZI5ZxFo7VTQmypT79aPbqzHpIw/5pAksVslESgaa6QGft6MM9+m/zUH90cXZtCXH4Y8pUF0/Q9zWMqhnB8tTraW43+6WA81QfCD2rhcyIc7eF1nJlTgBa6bbZsr8tiRAmh0HbwPyWpLXkH79uLRyj/0I25H5a7stVRRt8+B1gQvLpHLWiAIiP5Fbk2nm9A+0vdyyXhL4CR9XD7CM9JAmEOc3Re7/RE5BKZn3OzuGqxqQVFiu9HIV4ESbl+34voQujzXwqaDEhp5qCQ==
1484,韦浩然,男,440111200111207112,ne1OcYK,Gl:pFK0D,QSjVBiPR3wjD90usm9FjnPr9GdqsfE5G5phCrR6O27MxiWNzfySeduoZM8ejdzIX9oiXtDNr/ON3qwLBWjagYPSkHhA8Ej4kOyvup6LTaBgwQ4BxpJfhNmwD3sQJdrnpgzrjzcksXNr91EgdrJc2G9CR5ptSFVD4aq1nQqp6IBvfQKqT9YtkWErSNgA89NUB7huGtAKLNsWx0NSYfvdinKmCJvoCs5ulkTkkkOy9i4HJKDIkSPxKFd8/yfujzQbAck5kPzculyKQADYfEhCDbBGroypPRp1aPHZkvuXxZCFNCBsXfWg9yWwzhdwe6jF56m3Bjb0u1YD2VB3MCbSDGw==
1485,熊芸萱,女,440111200012102067,aFtdprkfYHvk,xXm%)8GqotBE~,raHWtSVFTnxPgw5bfppVpvU5/25WDHzKxMKsat4RyTwd1L1RKdmYQnjBxZ+TN7ebsPmStzKHSzj3FIfP787yg8zykPgU4EFjS4F4Txo+unoEUAc4cqjilfwUql/W3rynv5K6ffbPpdXAlw1/DTiTs0IyKr/f1zai5Co4nkatpNCaeuwFmjsUkNqDh+dN28Pi7FgCUhPAQA/Ihn5vofcMuS4f8ncWeqEeUyDdl1iTgXFAdxDeGQ7j0b/oUfrssv+HGVZfDHTlocmAFlDy55mUSedQHnmTy/eqOiHsrIa3wxvFTHCdgoCmCu4UaOrFwwHNjH55LhF1tDQAzCaUDtUyJQ==
1486,潘颖,女,440111198105149825,dDZtL8jw,G|)@-B$bJ,Hf76mdYMlJnyfMrKSf7jGveR1zKQCz/88svH/Lvpu22FSbIe3u6EFU6s9vOO2kA1Ngs68Dbzn+iuqqxMtpDhXc7/ISmyIklm5Rdd2+rLf0fZ8C9o2WWBcsXFdM4sJkUZhOakzLFUnZADQqnnvOmz1TODf+JmSVvyhLGQUNf0nhZMDSlc+mitvsC9blRvJH2Vkv6HAUsfyfz5lB1VpNd0DdczUS1d6uqofhUkajaZfDJORxySZQevwrTNWcsktHdhfrFG7xWhHmMJEzL6X9+uHAa4NfQpb53WwdbD3obA97ntixsVij1vZB4N4jZ/Qc0EcWEkFz4iLrx6Hjfpf+cFfw==
1487,周辉林,男,440111196808293816,YQiEqyQhzcm,JpWmtIyBtU3#;,AX8m7ckOBWM3sp4dtJYnHiiads3ipnns0IJdsawu3GukvICEFCBd4s7hqhO5v60jzYLvZpGSE2StSbRwzIRWhzxn4mUmLRfEn/mRZEjNj92ITsFkJbvWACZ7DfP24Hs4clbpFRsjwNsiBAyyq1+OkVmzImRx++AjCh0sx/IGmuLCUeht20ukODXHprDbpV9OBnEWrw+yvZPiI2hGsqYVD6082Wc3YV3S+OdF+TLWcYdyBrYifr2amTN1m+upEcKaifk2Ts+AYHjvi2mVsIiGmvDyd6PwcFtBMf01TLhcpmD4zv/H7DTHjKeUbFE/MFl86MlkqisNme8UEk2qViinSA==
1488,阮睿智俊峰,男,440111200607146595,mVJL47q,!bj*0oejF2f=,DC+74swDzSqCNehR3hPeTKpYOK8hRb365CxGesmlhzTwpArQhowr1a1hgr7QEGocmYF8mrqai94WaThJFCXScBqtB/1ZePnBbGBxIhxrqGobdOHE7MBtWUK3dInsjzTIEP1je6DjVH2T411+SDj7JGEHO0IrVN6aMOpjxQ6C1MDia6k15By1YQMOKgT6Bf7mAHGTP6u7SSSJssdSJQ7Xw3n2A/57WrYG6kqvzmZ7PCXV7Gqi1Wqic34J6bG4sb1zgaZnhRNIk/jfIbLqYVgHI11fO850QGFEsTeQtjsP9P10fByMw9r8UJU89e5m5viSLFqDEOPveJN08SFptkoR2Q==
1489,覃哲,男,440111197707114131,Phq7cabKav,0@sbk~>TI`,Ru8BZ24ptyL6kglFrmPfdgX4VfsIT/eGbwWr5p4xLthxBRunxhwVDggU6A898x2qQwpi8v78JnLG/ioVT7I49wMyLhhC/AZn/L/hM5iAm78cnbnmdkngwrt1lX4oqiy/+5NhWkM9+gFa8vrciYqLd+qn2rCeOj1kBVx8C1Uabw1DPyMyDM9Zizh/wrlZvYfVxrM2lwM+7HDOO75Ij6I7jFJbaWuuESOL4YOTdOMEhj0a+w/cVo049RUk7EO4k4oHpqssCwfQ45dVheqt/L7yX3qHbV0gzbD5n8hLBoy5uSi6vGTxVAH5RA7wjoFZ9U6gRYUjmHj5ee6hhjXf47TCKg==
1490,黎芬,女,440111198301269584,Qk2b5yuO4Xn,kz=.paTo,Ak5w/P6B/j3PGg7UcPKy56GUODsQoSC8xd9M8QnSih8LdnpVNVDaTp7LDYZiyrSTrHPrmR3wcLL3mKTXUdlbdcW6zaUgRi3cmDLhkOl19viOxXFJimDcyR6ZUNLjOWOovkgCDMvmasI7+gwAilCzJ8af8MveSk116qboutpmQ539uw8hKyidja1MmOHmXuxdMcfjwa9/h+pXR5+lhDEGQSR3c6VhUQ39ETvfZd7QY6jsllaT7FGnj33bskkZISiATnQOgr2BnYWhAtaUOvcwdj8ug93NE37YEMgm4kiSm4TfAV2uSIMZfiTXs/OxM78456fFBmy6dv3wY6c3ee1OVQ==
1491,毛志强,男,440111199101304458,MPcJPP,>c4v>?K\Fhw#],DtWTxX46SnC0MtzQgwuAhV3leDt+NyqSfj7SKDAA/eXiCH282YQvLchWeE5kvy+ukT7EzvkTB9yMKmr/5PNRoD8bXib1WpL6v4aTjJfcJ1YYHpSTb6VqdYFOKC03D9ET4E5DLh888j9GIttHYQXd8MoS2/n5kPJ1dxJonPV4o+Y2+RLCuoGGvRn0CTOG0PCRuwUxDWKkO7cAHLonFeQoWSQm2QFexGVuzJ7K0HW0TvASApyYxcl4hiS6jA1yRZpg9PwKau8xn4NPchDoLzsDC2hxxHZP3cBreME2LuM2S+mTP12P6b29f0rQrXnOC9IxQ+eNq4QrMo8qPn1Ro4/S6A==
1492,吴雅雯舒畅,女,440111199106150363,XwMCdP,iJc](Y2W/+sW/4}!,PQHoUp1N32M4r1av1g1hKxZd/WjgRHgIQP5DoLD0nkyAtyO7zxmFRxhxb/V9BiNjspcKBeGT8cE0Xp6A5SnkhUXlWsdYzeQDUoVT4cEIs9ky0x8pBHd5kkZTldvb7xzB7Sz1PBYxD9wzdWNN3SZMZDMPPVZLF6nZ5lzIi2eEiabWti2KzIxIDEi/HPa/r1hkhpIJBSqg2vT0P/5alKv0EfSjF9PzFZyeQykB/AAbZu75BAc1KBIDOSSBWAag6U33o1VgTksJp545qbhCu6IjHcCfncKQlXopcJ69F5zsyvryFgZKxKbEOguUivhaeCBZIMNG00wL9l3HSrgXJnNSsw==
1493,潘铭思成,男,440111200303172479,hslgtm46PDE,c-Y\v5RYw,Wbvpum9VWCS67j+g/Kfd0Xt1vaYI6k92XLhA/HZOX7BOWtYGpAuSitMOix53FfRI7u4QqucbB0XGJ/UM7+OYVsBTqGizK8Ds1BqYrhKA7Ke3z4CIGj2TQrlHaRnidsmEFulcGkD90FOuk04RXUVlNeS2LKC63C0umrFwlCD2/MooO/t1ZEHXd+piMPMsukTuuOg1u37HRbcDyog5eiqZ8ckbEJlNBdLF4m4AkAo0d42FabERo2JbjqKUkSehPyrzR2wUMnQJH9yE9/++skNClxo5KoNibKGJw9JDWT4i8a0XO3my10oT56lG/+/K+ItQrqqQ55igvMepnq7uCMoaRQ==
1494,程蓓曼丽,女,440111198208276886,zGrkU00,vTLlQGvW,1GaBYrdT5HoUjlhlmwEhb+5CcmdfMyJf7/nejEoeVxq4JIZM3Sw6tZUYQxH2pljiXk80y5qs+yv97a25AZblIaqJPOrMMs0gU8tIi0gbQkWRok9YKZ9r/pYyEWfRPn0nQb8OiePioONOCxlITEUzetvdR+3Qh2FACWnSU9SvqrAd85SAsnpiaOiPNXM7TzGpT6xCDHWPpvbPXKgUrwxMhmvUr5RciZRydtVibv1WtDczLzshhV1GvjmXIZu2CGbGgMX7pIlfZw4+XD+wllZrgdzCLvd+69XTIcLAQa9fCfGC7I5y4jVZ6Rgv+vJT1b1khgNZyucE5TM89PQvThPjTg==
1495,屈雅雯,女,440111199105104621,diJa6LOtWB,C}J*zyll`k$)6_,oikkSKdjNIn9d7DfQzJh4KD6KoCgFGoDZ1ZjhBQIOVi1SSpvUS34MaGQ36hHqFcl0fPzqDE7I+lXnbbPVjCyUNFEXdAA9nw3+ZWXgmQqArjcfu92WaYP7aEeOoFVsF9xljMG8w+QQFzteTVaGCyPehaC9ApcuYGzuU9MGeI8/rB2rxC35UI3FKnJNFiA7aHBOHzgICnpVTLbz7E5Q+8u6AoU5c+x+gJHb1RkKpGB5GfgyyEXdNcygTnRyGaxj673mg7uFKKmgIMxez40TD7zCdNJ8gK+vsvLYP9wj3h+z6UdVj9GV7i9eAZhtHuLqfN/SxOD/1EDE5AE31XYdNRJAw==
1496,朱启明,男,440111200610050818,dkbO6TmhlSG2,RaoYUY813ax$g6gU,QM24sacm4rJoszMz4HKkvehXSolI5cpDvS4rRNa7wNwSpenT9pMgiv9LOo3u7uSLXVw1bb0hyLZIyQnvVcrSWwmpzkMn9trm7dBEqAeoLU6Ld2L+pJr9YgJMvWDx3jrKUClpCJJxOFC8wMzBZZYotBTGYqlEWETxafxEkFy47PQQpUWbvZ9T3RvW4MhLAMMxGNyaMJdeb07Iq/DPZ0LMAA7+YHN9qxqB58xh9AKKL95VvNJJcc1lfV1+jlNK9wP43meWZ3P7KuDnMibQZi4RslArTXS4poCM6QBL41Pe+A+/luu0rjq3SjJJwB7+Wnry+U1q6GHlfClJjdUa5WAqRA==
1497,金娴瑶,女,440111198207111668,w1b37pwdo,o|RpN~&3*V/6GeG,oJlRy0VFTiJCML98UOoXff+lY1FHv8YquiMJ+t9wKedk51QggJUgOWw5wixRGMwU2tHh8Ebu4tRacgDYZzEsE1alD3tOuasKciSCppGzmEUylG+iz75cazaBnmCrbhV+HnWMuwZOfDY0PNZWrZx/0/ejWZbhWl0uEt71NDfOOjPevrdIW9VWbZ0nigC4sxC2Wqu1VhL7Xof1YlyAqbooinv/l0jsDLcbSQg17odk6lPo/0KtNruyuisiObDyqgEuW9ZprehxmqTswAHvWCS8UtT/WJB7t7P8CS/5WdGUT7B0kHgYaF5fmnoBUEDgAlY8FUtCfOq02UlM0oQHNSim0w==
1498,时瑶慧,女,440111200406021067,W5MOhBuG0,*Kqe~_9V{GE0$V<,oYdqdD1+H7t+URiAU4nE0CmDFi6F4SrL9BKeACajqBU4ufDNJK01yx3jw7yqwFRMrnnrskF0qXTEBuW2t/tfJ1GwX6iG1K7PWOwf3Yk7ijyiK7CwDBplb6nCkMtM6Fe8Pvd7iwMS8YCDXs/O1DTiCUYzuJyiZ3FypXXn07RpQtMVvhEjodZ24/Az1yPpdUMKd0FVejLbaNZaDQMyGiZ7ym4BzBDEbqomL1Yzatij8G0tw/CU7l32CVnbKmamSz+6Vo1YY+4M0jmJuSVF9pnQrL3va68zE3OlrlUDM3G2GAici/V9gzmdNY2FkZsRxtooTdk+hdczwjgkTzCAsaAGJw==
1499,袁语嫣琼,女,440111198609103580,W7i5Zi,8l3U)(fk-104Z,tq9zt8vWHJIXpyC3lC+UnVEg7Qyrqu6l5a5k1204wZF1Ne3KJHy4LSP/qOVKER9uya1+usqTM2o/ZDJ34uXZntIv945Z2AbuWPKwPkiPLaC9a2WO1YnYH+LqK8qNxRx6b9MfGoc8O8KwhZUMXhL27IbN18YhLyxCgmCLypS+b3RpyW0anIfhJWq06Y/AwAplMPOiR7vaj7bYhNnA+R8ff5hPpc6EDnPK5Kq/pi7/Au1ca3tJhW8lBWK4PUa7pJHZilLuGme9LpWvz8Zy+M8JjAtY3bhY8WM32E2Z3m9xMyLd/vQ7qskxQ3dYzosuHoOBdN1+4t68CCv6nl3f3DFvkQ==
1500,秦雅洁子璇,女,440111199505252244,jaPukuYwlT,U!uhoB5uCG7g`+,MnzIwbfM+ufnJ5AmBDm1wha6y0wiF1bsGAzXNF5iJ8+mp/qhm//sDGfpap7Rnz3KGQZOXbsnEf7XhEvBKrL/tEksm4xOUxjFM1WZjzdWYfx3yqH17eCG2p3DZkcm9+FO3OKOQ6460LIjjcbbN1FEAhwJv/jTL+4Xn2u31E6P5qi+a0AMRVAzVQvIIF2b0XK/Yxwto7AzOosQhrJXg4sHiEm2aBDrU2fe0vV9bidwLlxYVFBz1UYmBeq9Ex4CjUJnkbw6mBzkp+JGzc3xUCsZ2h1v39dVj8rkQKTDl+14DMVJEBR1W/ZCTnbpYLd1OzUwa6Z0H668QEPmSqC9Q1hggA==
1501,钱岚,女,440111197301262521,cNqoA6521,.5M43RzR9q2i,RW7lno9A9PmN8zO786GEWmLgRk+x1WFNzs6rWOWkoVnafoG4HRiRQiXrSekiM41h+TSdukSvJb+8C5hm9O9lYEb9nF2DvvFNcYcDoibYMGp/vkAzOq4IddsJ6mE0g8eZBG4aQLqrFpS0jvOedbM7AbmOnWOz8GHsLetuvW3AmRwJDN+cTPgESkud3DemQTASflmblQq0DapAlvYgvA9u5iW74SflBZASzLLA6U9vS96Xrol73nTJnFpBHPF4jxvUIBfybafFzRIXzGmXQrXG34In44mGsKM2yhtRXmxtsFx33lOb59Gp6C9C8KG3yYrV9k+YzlSHnPIsCylv1NQGRw==
1502,段丹,女,440111200411199863,FIRbvmy,)PV=NJBu;h/]RSdg,ZbVqhkSb3+hPsP31sJ2LIYmUC6Lto4I4vkSLmS3iGNa+g5skuCpw+cNQoGwiFPORLAvO1D345u/cUAAfEna2S1jaQoZXQEjvrFLxphukilT03LQbgzW+WiUgsxoUENxvICJc4cFAb9XzlJzEMeV52zqPGjF+E+HwDu4Q12ifMSp0CKfCS9B0saE5vWmNhg0SmWQDgaz2Q+Djhaiz67yLkWtrJsTmmQXMq3E5p7CR2wYzcaorMgKdwIsE8Il2MXv4vz0aI3197H/La94MW+IHDVmLmFW/+aRAmbI03wl3NtV1ibVhf06ySwfL7uT5epFG0Wls9KqiCVmWOcdx7ZnZ/w==
1503,韩勇泰和,男,440111199909283418,AnC9tT,Vn`9&RhG@Hlb,Hv12hrqAGQCIQg61F7EEWyCYjTJUps5pXl2KrRdpGtE01YBw8WtbkDlM/J1A3Ihwybr7chuHpmolqnU69+4vaIBJpmK/Sjdz6dQq8Dfq4KGrAwZ//84MezMDl4L6igNWfouJrVCHLzjS8ReDDjhw+PwIzgxj2OhqocTBESTdpOPuDhhrBeMbn0v/yPbE16ZJfYJzUwzleCdAaWTmu3XjpwN7G53wBcSoiCfZa/WtH5F/qzOAt98PsHDi1Df4NeGkmNY9zhSxzr4IC/Jf42UgpVo8wly+przX+z5RHhetgSpjXp5IJyBeOzGofFnkxSp/XQwyNNBCpL5XFDl3p3owmg==
1504,鲁俊杰,男,440111198702130575,WZlm0omMZE,K*6?|DM\)KTIf$d,wRFRRmBCYc+iHQ1IvwrdPNzveOGZjTM5AWTaKwuwNMwFKlk4JwMWPkq2PAa33jx9KznISqI0LEwRYVAsXigHrj3KC/PVFfqXOwKD6XoMtBA4jo7WfvBdMP5DYgDzgHvfMUPApyfXczpteXjQpngCb2DL30Baq7SFkFjU6yGm5Em1H24t5jg2mL+Fd1ssaUl8/0OawjL3nGUR5Y+tR3WpTmNI4ZuwbkmxpBxJ5+jYDQcn+v8mzwDbPk07+/q9ylBjvj7lYB9YHS6QmUsrKUdSG1EDbeI/URgnN8RKQdC24tBJonopnRSIW8bsRrELkpvOpNfLVGphsANBOtjBQhSCQg==
1505,孙康健,男,440111197602243092,OwNSecKvcpT,!$Xg:cc7gaBL2sc\,d65N6eYrGTMcI1yyZzK74spTrtjIaAB65UX08JIStTv9+n3UELCznWrkwlZG9oCzmAeV8i65cCdHUNAIk9ch/2kRzb5+AVWfPL0gi0Z/m95GAYBlClEAojiEc/CeSEbmxx7W+DbnDFd6iAAkO6aDMcl1Uqsh47lSd+0ZsqEIsK2rCIXVSOccCmxMrpD9XM3C993fSwTyTK/l4oEGkX6PZCyUwb8qU1RbZf2XTy8U77GgaChDUZiPEDdPZXEDGyfkozBFtoX+qsqdhwVfmEPnHzvdR13ahMpAkzXjeQUq1zap1qfeyFD4nxJWrsfly/98PdixRmP6jDDl9ljCzAIbzg==
1506,付娴,女,440111198203039849,NFAbiEUx,R-9M=(~R;5Q!O,Mh8XjP98WwazYyTffxpJI4gV36j070+H01qeMz6TsKwKQvbVBAM8iKg+3ZleFAd+mEKJn2v/g8rJ+IkLmRF6NqmOHh0bcMyqfDroEPggyfp9kELi3r1e/byt6h0rh0pcXoJC7t8xG7eFcQpQiZ4q2MUbZCWKECW8kCwGlsc1/01DRuAb92CXzWz3SNEKuTw7CxUiERxrypXe/t33NSDX4Ebz0izNK3Ny7O8PrG+WS9NfOFf0ADCFRq/GNzCq1Gl6X2lrlFbzG/UxqqNmVhG9HWCdJXPAzlxaIkwkMi5yGJAM0pcwf1/imw3d92viPwhNeHJme250sTwz84yWJ822uA==
1507,康瑞,男,44011119950611023X,ig5O3fvqRcS,hv:.q-mDL$o0RxAD,TS88qW4nmN2KwD8qfUrtcQ0+tAcN/1lRVmpFTvIdqKNRIM889oiiH6/c/Ii6X1Gu++qYSuwuX1obRhCyo5o3nMlrVBAmKoc6wcXDvqV1+uKoD94EX4p3gXR0KE911/xZ+9g6ISw49IW60MCm2Ws54aNGtH0pbQuG+HaaE6Q3OsplxuBfkdcy9REvOTEaG4w0WZ66s7ZQtgZve6f1dvskbG1OUNL+A2E+lzbPA1szU0XsGi63vtBaHIAYMl7ZWJYcJ5ldgb1diwoxu25mSPbVI5ga9quwEj+pO+ehhywLyjogy5V0M9LA9Z/+DJ8mjj5E4n9+vmBOAlOWejD1hgqKBg==
1508,鲁明哲荣轩,男,440111197002141594,AoLblz,l!I.Zx}\J(p,t77kwVWHaDZo4MQnQI5Zsa+wBtZwvtCVp6evcOzsJE1zPtOYeqTVzesAJV+NFYMKw7EqC82gXiTR9D8OetfFVRObija8xb5kBRG9t1Q4UerouQr/RF0NpYLAtOhXkW5aEQAw3CqgvBSDEidhfDxwNfWn7VnS3hL+1v+udNKyktvuvTzCJd4pu66npmZdqcH3Msq1VTR3DikzRVoxl5rseg7aMb0Zibw/iifrY3NDPVONhXJAW2HcXf327NYF3fIAiUYr9IlAODldme9bhfG5HDeWrkFRG4kqtf7MRQhyHzDOsTKxZKya2RyuPoxvYS+K0Hd+W6E0XHQe+wXeCI4PNQ==
1509,潘锐利霖,男,440111200112314817,WtfwjmIJGalo,pM?ROiBqg+2.X,AVO6gmGtfLPALQ0Mb4iL1kulODVeuS3WwS1uD0pDguawwU+ixl1pHxRmMR3Fltvf388WicbEMwZqJid9xVn1EEU+U9dM447ecAvaGpPZIKBhQcN30e4orP5Im+MWwBgWRs4SmRo527h/ES+EDEyZw2dlHZMynAJK1hMDokIsTbFPcJc/NZp0cKaFUimSjF8i9cjM9Xw5edkZw7qKMmmxt1+UcptaFNHinl1TAhpTzbVwDDS5OTtvLjhRsyEifVvonFnFp3+E1fOjF04XPWiQ1XUQlgkH+kRct+/tHVOAeaBm+XX5C6NLBbwxpOtItMV1H4XKTrQyr3sbWk4VMoRwsA==
1510,万爽,女,440111198101096463,pPnC1O,M^e#3a(ry)d{,PYsTEcFIWwgXB1NvniBSxb0PIAVsFE2bjZ41yJorz3i5u3k7uKaHwMmlIRVBiYZ/mvRYaErmdP1pcTt44s/YgFwQERA9jmnHUFuf+Q1k5WUlf/81yjAn76zjggcydgy3IQwDdWlqrjTkju77x3tlY3bd/51HigCuELAZKU8rR2fbfHlce6PLGAC5/hfI1TG5+HfkWRQSIkZjRjFRTifLtzwrIzcUp3mIlQOWP5kylGjVGIo6hLP/HhO44rdp5e+d0NxUICnmE5/i9QsPKVSkos4aJtXYcjo+zum/ijds8sFpRHT0tFbomu1FBfYDKHz4EoD9ap/HaGyhemyA3sxgDA==
1511,彭霖,男,440111197508292592,YQi4uGUbGt71,%SRxILO9U2n36}WF,jCm+rN+Jz0+cyG+hrWhiP/VQjhAf6pbwcYltgbkLuXEiwfh1dVUAJTABHQvIdQ9pri7BfMuUSPivxWCjVWqt58D31H/dUqnVhCyqz4BWQDjJOOdfYYR1SqE6sJ8CunMYuox45zDmd/lf5fwCI+BGB7oJbmOPQnKDzEDQB5O38mI8xz5PvGPVB0x/3gtsT89Vr/8RAdt6LWPZ6AgW4gwwKNrJWIApWz+lHhlctknNcmBqCXQBnL1UjpkvUC10iSu/wacTumNRVH7v0Nt7ZAoX8E7UbUMAuFUbVJ4F9W0w8zSK/QeB1yCjkctI9VC6vmFsMGsPTBg0f72jmrBoLwIdgA==
1512,范胜,男,44011119960414429X,Jit6S0k,#KLmd.VL+?S/2D,mjz6plZR8O52yhGny0j2pzkWkkVhR8v+R2sdiTdNwTCqU1I3dCRXWA9l/GypC8kPvF3oUSKeuigIw786izqADB5daouRd7nYOkY5s38+GMLn6HLGcOoIveR3H/ZJd0/jdtRTC7byNjm7pSxrA0bzEC9Ja7F9sC6ZVLyWbjOSG3A0VFiWBiKaFTIx3QAIyFl/DKgnn6ByPSyRL4jED5BHE3lipmR+FS6ZX62IiyOQAVoKrEI6q5dgeM41Pt2kUbFBhAn3xdWZnKvJ67EL92JYHGKfWMlCg97mREXeH7CTwUptvYJGHaYQQwHeMCyPAu0SaiChqmLOsUmqxxB3psrwbw==
1513,沈家辉,男,440111199508295338,FJNIg0Cj,7`wk(k{vfnj@w,cnqWO85KpM8Z6Qq8pPIXKjV8Kzj6unFvYBBzHl8zdgMBNBpX/1Wp/k15TUlNnrLoHJlrIsjelFkPPJnFeVUD130Ch3j6ECFvv3qQ3MhuI20yqaiee+/kC6N2M+NJaHwfGoNtSc3na2yRAc8a1LpI/UjhsC9DjtoascFQhfmBRkw0HJeUS9FTu4l2QY6v6u87UWu3Zy1f6md24fntx3B+grGLlXq8C/+sqLm+DuqoSZG4kQay260gYWjjsBgWQ13Jcs227n/i0SHHwWfjRQewTwCZ1DrU5HS0URyYV1UMoE9NYnuF94qsY3bJYncLrbLPmcXA/Q6mbwpHVpZduk+GDg==
1514,武仪书瑶,女,440111197101124909,QP7K0sI41chW,q?wQq(_1M`1ECL6Q,DLj1nGdomCSDHUT63/3FYECC61zE7H0HztFavFTaDEcS/lSX6Iz1m71nM1S2yWBlDXvj3EkQ9/eASYC+k73TM7i50ln8Eq5Q1qkmgApDW+RaV+hoPp8v5qBGCSTpM57fNbFMNDgljQ+50Oc5dDDa1tuCIpaBp0oBmQFEKeoO5S00ybRxIona3PZzNcF319Q75E5umK1JOsmI0WaT8XtQOycnNMh+gfjNsPQi1mTKAkRXsLCiN1Qsozm06J//nSOt/gZzAPkuOl82iWLY6HJGLAnVx0BZls/TyYMKgwKTg+MkEQmjXu3CIr/UY97n4iuqU4q1Zql2t4W2+pyAtFnXEg==
1515,罗向阳,男,440111198409017055,rY9GnmCgxzlt,}j=k3j09@^w5$,CV0/fCpMfh+YKHy2QO8prY8tHDz5A14z2OsaNoxFqXwa7/Cgk1XnqMksEGrtDCfT2Ap8QOJFIP1tNLjBGfMUpZIX/tQzrxn6MdojXHi5u3Ik/inKq3IQXSNhRFX67fHfzlY2H0yuXgNxY3Hx3Iui2Cb1LBcpctptYzxuEXIr8UrUoJtcQIf4pqQC2wnCvBS3ir/c9KzvG4owWyxQPdFeSpvzzg6C2mcdBQWEy9BfDSJjt40ZmmUlihikZRYuFGEuNPPAIP05ATReW11qnW3r5kHKbAcDQ7Z8ZmWUz77icXyqIoCM8n3fACAcn0kVxsWAM1Gtco2owXK9G++qjwXe8w==
1516,房敏学,男,440111199410098539,r8Z8iuUfXDmy,hrL`i$)1S1ZHF#Z,IBXX7JhW4f1LOiwqwKd3Z8rBmHeyR12yLOf15D67Xu2wkluz5kmp8sRNYLQo3Tx2SADEKmDppycnaS1X1xA1UVookDbMFgJMqKdgqINGNA0W2MEpvS05ZhuxjHxZTeAPPRp89yTGS66T198Em2OMqjfpbEjfanetZ1DixkhM29Cydbf7zwz3m9c/6IhFLvsPJ3u2XKbbnP1EBgmJ4acP32evYZtFDREtAQJRGmm2WkPTa6CYN5lp5VQ6uSz/JevIaS1IvEWXRNrvZfBSevA/8Z4gGEKi+W5gJia7wRvh06b3Xzz01RFTML7cDNiLwmRuQa+eBAD3r4BXAQkqsHcxWg==
1517,严娴海燕,女,440111199804275884,Wy3A9g,]TtkF6LHA#v`B~[,DLgJE8yrEU1lfy5kmuGG2lRhirNzDrknBxo9qkVEKy4G6zYfSDKh0VekF3XYv9IQKvnxH5YZm4teMA0IrA3EEV8udOaNgChR92Zm3stKljvk02tFTI7qwfNzZazixO7EkVaxnku+be7sGhYiuwvf9cUNbKlwQ7hY/xOYtkuhjryLie3KY8td5FRXjxqhj8p5OVC9KrvWxdvbwdqbXLrSAVEIIECMRGWE3fvPOGo4WIYzUOVSQ6wjaHOafcZsW57m7yZqPSL9NVXMwXDjjuEp0LMilaMfwKnhaL04fhFPCQGirotoa1MExz4Qnd4gDULDgZgdhZIxbgxUxN2x6EqgtQ==
1518,夏瑶,女,440111198404245681,UDqnakOLVt,;K~d_)i!YmhV_],ZbcJbS9NsVTKOgWr3bCrBYSPuz/1B2JhGqdjkXHVfEMa01UFeqy6NKdESJG1FxCO+0jioA/yiC2uce92TKYmbBJOsSRf+1GIO0/SXDZ9a8z+u4PltGm84TjEVaUMe3oMCLabUiRzyBmzxV0YHrPujxWCzIHszKSdKJN7TkEmmJ/o1lz4dCGj7IVer9dwa3328ngkM+NDLomw42qoxkDLfYWYVq4R8eNr18JeNGTA6ZE5XiNqkv5XO7L/q9MCp5FIHkdpQ3uRT/MqU1QqaEv4Y662upLmuVbnNxnUjLrYm8lppVlyoXMhrqchipMseb/1uwU6w1DgZIxA1q7T0ySPWQ==
1519,冯凯旋杰,男,440111197510127131,JKh7tcYlU,AgnyaKcyg\_,IFUf/VMoIBUaKcL8n06vW4GPVDOGo0VGb8r/gBUrQ4cKTBnuDaOEJuBTuM2SEo7ufQmykrgKmEUE2cebGpeAj7Uznbqb10QL7mAXxKpfX3LJKLkF/JmRGgZss4X4sH+Rf3bprTAzWcWjrVG3oOTarOSF5Dhhvt+CR4NBe0ESs+Yx/yV/XfmE+D3LV5aEdL1Gc9DstJwdUAl0TWPf/SsVv4g8wg5kXJRPE5Ovc692Eua/nYp6/plLl8zvTYIibrimfhklBosoFLGKuRUv8ALU6+zG4Gqxdk/jICnaI1O8noSnxcPxGg2oondAbTNs4IHCVroMEu0lDd25bukEXTq0xw==
1520,覃信鸿鑫,男,440111198212141191,Wdol91sn,;QX\a~;l/P,1u1i5+5LEheHTcK9KI5Kh2ILaEUVkO3eWgnYhY8WB4wbevULbfgAbQazHujUwfVXzwvcUVXjpYzRLZHHD9qLATlJuhKAn/aMSSWlgzkA8qPdc/iKWtOcinKc3S0U/VkhnpuS/F1MWhw1QvatMQ28lXkTX5WDNwIwFtp1+XYl+z89JWXJ6X5y+SBxHRCU/LbJlVxU1Yf/2Milg1XgtZDXuCzUtZVXrTONGVUWieZWJxt2+F0pRGn9lIs+jFa28N44IXcIcD3w22kLqK74/gwJC4xCNrgNw6GZG3n0E/e6OjNNYS8z8UIhUwcUlazlGfoaVIa5koTLmkmB52hsD9sUlA==
1521,齐涵雪,女,440111197102119626,acjeWLQ1a,2QnHef4@Su;;q8,eMdJD3i0TlYXjki2rn9PoNLoIpd7yFuDjrzHWVWkbWq3twej2DXyOv6eHDpN6HVcinUrvaRyw/qsjxWy2lyLO7k7gX3gSQHQgqYotRm2T54E31ZXzJ+TU6YUC5un3oOj0weMHiXQvqDwPXfymVclBGGvIZVxlKaahlImo4Tb3qd/GUcO8OikxfEXHa+RnsB5E5WQZ6GixcGoa3zr1RmBZExfuMvaFt2G7Osqv0NMYfdEmMR+5d7sj7VacLezDiaUcPvJrMFQIwfi5eA/049vi6kXUT/B4KIs7PTER6wOORuOFBP1w/VzI4hfBdBspsMgo4rVjZtSEqsLVPf8gOAFpA==
1522,罗彭祖永昌,男,440111199306019896,Y93jn7ZNv,3xP~tr:J3!>]tsI,m8A6RHjEflKAE40NVEI/trJ7jNMAnyywmD5NeQnG4U7pWdrLM4xZ34pSkI8VjCCPARGjC8YaP75CwmSvcz88Nr7dvnC1nrubE9KrFrMw17nAUHAzMLurPPa9IxGwR68C3RR+B/oRhnHCuvsLBu4qn/01VH9UPe7OTe/BD7NHBjnZNdu6c1u65uoy3MXWu8RwX+t8HZQHo0rCg8XPex+QISd5lu/nCs8kr9/zKdFajQKnwlp9mC/ciSEP3bFaSX0Kdah2DhgnxzH6/haDVJbNZbvSoNe0fNjufYZgCGQfxlj5T2GX40BjFm59oFL/ILJRx6fWhH4PmUd4+/BGbtmUlg==
1523,赵向阳,男,440111200112044394,xJT2LlFJ9l,bau4o3;2g=2r(,UtpaJN3lejOgyq7RMgaBHtgX2X1h14jFXA8KWEdO9loVH4MSTvtYzwKtOWQaDrul2ngUpFahoc986tgKHB8pDKcOrcNWJfThGglX0vs57m2UB9LNPTr5fVpn6n9wqlz/RGpYpQE0YF9FQGLagT1K9aRr3mFR4xAFOdsO8GS1vQfhusEaSGgZO8NQGdD4fhKa/h277RU8p06VP/ve1SRn3roZ77JgbpQ1UXVG3GQlGFFgvEjjjRia8/SNsSEW60PpUhXZqPdvQ90q4kJML79MtFRGoE2Z3BphH4Pt1IVoKOB6LZX6vvkNkVny03+8WpL65W5sv3DiMZBlYUNZ4oHvIg==
1524,顾心妍,女,44011119800608590X,pqTkjKoXB,7OihM)YU,FZRk8lxgIe6tO7zckAmEMqf/PNeLyTfA/6B58IALyqXxZX2PhcMgGDiuARHGvjcsnPdrDXtAkY2EwrIkTGnGBzNC83Eo9aOlZO3w1B2w/xWWXbzQYHUz5adFXXJGfXwP2GYezGbyw/FSa8zezPKm/RWZtNwBjrBrJumEPXzM6K4UI5KG/SfBt3s3xnQw911qg3njR6zlvTIMeLoeXhMOR2xpswygjbGmCWD9MxyHER9CX+QIGhkDLpuxSIkd5EJojvsROV6Xbhh/SiEoAnit2wiq8aqeyH09a70xMwGK2xhZD3CsXk35JEY+F8F+7uF2fpRCuTxY76rR3x10UWvOJw==
1525,贾嘉豪,男,440111197611240977,erHc1f9Ix,tYeelv)^KZT3P],doMi0Iyt7NvFaCQDZyvs7nL/hxhrc8v3JoD/q8J4sTfmFY5EcjunvAT5K7FDr0Ln0ww84tUZHzdwGKUxcvXkf/oNRwE5PiZKmLg2zWpQ9y6UnbsYBMYJjnT38WhUNLS+9GGRlvPQ03zyH4SZ+RU0Lz/49b2yLWFTgoIDXHwkil9yZGFhq8ODepZneHrqrNwsY3rnLaMX4rjaVOJs2A/EGEBInBNQqt5GVkTJee9h/gALgK/+3saTTZUHnWZ6uCeC6mOO0CzJ0oTZJc7BM56WV+jBFr5WHQ9cyX9kts3NnlIK9LbYeVYtsONlxA9EyefAERnTze1G36VrzQgXfnKU1g==
1526,曹娜薇,女,440111198010073469,xulNG1a09ya,]&KRemn|^,SjuIB5hjEHjaqaNhbOATI5sreGDfvnbkeRQaMEfN012nNYoFT87eEpBrgyynZQN4JSFP7pZ/Yw4cHuqHREE1ZKkQY6Z5/m73RFYRKbfBKNJiBdz5TBkCDFldy6e0g1QOBO2Skp91K6g7+t7FiBHVviUjrwLm+NSHLUR1mpU0kK598Ff1dCu66X+jqX62+nyGOujZxcX1Q0AFCv9fUwMuU+Ec+P0AtxIyO5V3EHww1QH7RL2jczBNaPYRvyYKpk0uIiFdwkP/1pJIaNsw3ZzTBrGvn2072wWYd56jfs8zvVMqB4SCZwEgH2z7TQQBDEOzuOXPDHTK80EfRqxK7X36iQ==
1527,蔡雅雯妍,女,44011120000805690X,p3WBeqUQMwU,|TTteXGm,sQZyxkwDqTyNW+gQ7Txc9eJuP2DxPHzkbfwlgrHxlCNPVv9eoNwGAWGSa0CB8Op6TpmaYlBIHzj1W3319XAJlt/KEbSWZWl8xq1FtogIQyqqY9JDTztDmgf/oW8TjrSNjv+a2tWQ0dKvANtH9xiBaP+iuIZKi5EXL8TYev5llaG+OkOVSKDKEmNBNA5/8gaSePknC0VU012L7gRFXYA8cNQf1iRm5QUy4OrCy3ImMYT4jx86hRa7ONq4WNwvhdSZcIzk5WFYTej/eIZuGb2NMPBPZcwC26mBTXc/qOGTn5sGrsaMBZbrWueWLH+lMa4ZtRpKcLEkeLxewt+EwC4bMA==
1528,司语桐,女,440111199904175688,xV2Ahwm3E,7b%usGDp0;Z#,WL2vf8QtzwayMbFD+lomPHpcfrpIsBmHh7TNhijLGup693IL4o39vmT7EkQuiKp7j6CFIZp8977BigaBSanW6bkYvsiHSMDQY6iMFq28A9r9/vFaVHJVV5nNJRqaYy6H+D0LY+RZk7H8cLdAAvR3vd1FUsi1IX42ia3z+1uCG3bBAoAhOk9ZcTyMczboAMc/91TzV+/OesdjtBDr9SI0k121pC2LPbFp5R2BdJ72nilON/VJ7u9X7xDfvR+2BXnn+4fp+dYMoLF+zDBCKJh6fDojwWVeDOen3ggkpvKiTPqJqqUA4OT9hbHeDhcw+6kExJthSI1Fu2eABSj/cX2mlw==
1529,潘茜,女,440111196512231309,x26Iqz,6C5idySi!*F]k^-,hOpqnlH76PlcUzt1JoB/xYwWcR7gF4x4vHLZoobhWpgieHMCzsXLjPvVOwSzlHjHvlYasmaMA7m0QubgJGxJW7ey+Dx7xQ+aQTADmLOBTEDfUCiFXSRZzcqI4p+3Tgmddr6GypuApIXZjhjMNqtYbJFr5+kLakEnpRPoSjZwgh5E0WEH3TuVoaS9zNjc78WdveZSfxCTaT3UWelWPTickH6rcr0Ek7/DD7g1ksy/wVWwOJkt8tpCAGXEtgf/23OoAbkX8xPOrl7Ha0CIfYdgPm5FZm9Y9yegrgvWRXkWXOlwx3Fl3r1psUt6j4Ho1XQEo3m4HuSFI7G9zbrPrnX7FA==
1530,范强鑫,男,440111198309238272,Ni8aQy,}SlBpYXNz|4,k55mgyxbCqVNdoEatPodk/evwIs4YST5iPCrKbKjiwHyiP/FwXK5GA/CMYoBq80ZqKzw8LT7Kw2mqtvyowZaor20ezuJE1/AWByjQU31lwwpbfx13uOJHVOekEsVV0SVTbhm4k0my/aJUVpAm8vJ6yGVgcEy6y36ujsaVaUGZ+PPCb5op6VmOWqw1AJRXJGKQkmEOrxjbjhiL2R/+bhDJgEY5DT+BMNbC7TyB1k7aTMbsrzny7Sm/f/M5EUhofAwRTLpeAgq1755qqgi8wCtXcKj5phNQydQtrjQifvJ1ftgsud4H9h4AeuGa2ziAt27NbBjg/lM4aQjB59JkzVTDA==
1531,王曼妮晓梅,女,440111197508236849,YDC0PdzfBP9K,*WXHSuGC)j,nJUIdIWivttkehSHiBseeLbaYsnzbRf9yfwEFZfg5Fh+UBojJD1VpnE5EDfkA0MXIwAt7SIWZ01dZ86dDRguCLPAHVFVNUiV/TMcmLqblz7rMuKbvYS8dsArHYCgcDilgf1CC6s572du4AsX0w1bKHur8y7VV9LCtj79KPB2Tl1QILemz46ulF4f1juVe8QQylFI6JKfhvAPqT6mfbR6Xd49BfpPMyrD1yTHAUxS8rd2ev0y3jmPljG5mcLyO8znnWCdetzOhUpoLBxKJPOPvFk48XenX1gGD0eapcav+aWLJtlaLck7Gz271nYKfbXKxK9nATd0e399Lb/RnkbtBQ==
1532,段琳露,女,440111199006221507,D5feKwgNvI,Ic)R+P=D9,Qin91NDlSrfSqU12e1/amxzpzq4ZC3bO8zNqeqyXuWoUgn6RfOU9gsESEw2G5xHRonEMAec2cxUBLiTLJfJAriX9LDTs8fGwP3iywppE1mvkPOfSYnhoZ1BMzBws+ZgzNG2rZzriYETKdWdi2ePPUMShJ7o6R33+f58uy4SuTJkWzY+xpAwsEIrUVK/jPFH6G9/9oEn68lEYxJhgDkw183O+l3UfZBbhSGYxxm6hPFi7egF8HaExEmD6GOdIM+3nS2ZK9YhySjWTjwsdAMTGhk5/S+zarxe7WEwKzfL10gqRi9h+ZfZThwsiqposNxJu7Z//wue/GwC6JXUTSLksUQ==
1533,贾俊,男,440111199102181832,ppfo2mY,lKuEq7vg@Oghzw,G6X/qK0ROlgZyoxgcZ/xjNVwc7HAZ/5jH5dTdoPubs/Qaig8+tc9LUeSr1a77KIizAKquqqmGtJ+y49nUFP72/C9Z9VQ7rbRBH2Oa+Z+AB0VVEBMOB1Nrytt3tjcTsy2EsBuVlP+saWmsRgtRRFYEdmsFJ7tezvEVPNAdigHKqudSmE+Osxe9lSHNX5FpEezZpaP4YWLdMQuROsR/OAnBbiAYLJq9ByGKGB7L2H4DdpwY5BE9KlJ5xTgBRMI5o90XOI70ES2rT/BpH/NuTI5wwefAH9VClCkwpz97VrhwAm5KVm7TQtwWMr3x8+xUhZsaOIwb0v9ERmsuCZJH3xRpg==
1534,司欣妍薇,女,440111197805195924,XIoWUIH,.AEY1[WLQ{vFwz,pT6LNizub9vEdvyn8h+ZRVLt2+G46EIg7e4n1LGVG4Apnj4Ryh/FxkHPKentYWgj2PLJjTeouZIyOirXG0VNaO8jO54UX3Tprf750x3FC8aNdAqlS99BYyVnl1SFe1zmD3608JEZ4rgazCL0L1ydN4bg06RI88VmRPOQknAXYPWeVS1Tynj3LM2U0UZXnog020o0VHc6cSUbvM3VBKzIGmBeonTUqEkjbGNGG4YO4CGOksZYzBjUSrWq2VoqqJUbnMc2AJpteD/yEr/dyq2y5Po5m7cdN9DKX511RVbQumDPeq2UAlBNs1kEoZWcIq4NSpZpZrihReWcYQqYB8Ldbw==
1535,牟铭,男,440111198312194530,xKz4Gv7y9,5=]W#DHT5,UQe7h28D0/a/FzXsOeJgCtVBNaUfSFoLrjb6180R6k/3dla0ImWnoflawxmch0wX5Iww3RGIR//LCLJoYbUlm/ZdU/CU0HbjHkJcm9x8IgRm422/HRKMyIrXo8KfKJRJ64dzKZ165sEcEpUv+Up3+WrRbk+FCiorv55JWr53uBu48w8YvKmRDH8N2SIJLwCFueV+9eNTExGzcOaDB6n/nVYKv8hfJhS0G7GPQGGnvEqqLdnrDeMvYrefG5QSo/+3Y5YNtO8fIRMv9EfKFaw2V6oOVaJf5z0SKVQRQIUrxL0oGZHveiQV1tqQBxHX5Y4XKa/TfTzD7GGxRlqdCS1CxA==
1536,何毅睿智,男,440111198205140318,KQT5T3G1,3o(vA9PxOp>,rlqfmn+GcI/ocJ2bSDI6uHCjjOQnsPIErYITXB7owu8YuxYiQFvYwHHd+eQPbHKoOYoJWDs6et7yNjpCL1/IeIORod8g7vVxeZmq0UxyqAgXo1daVJMKFN4rj0tZuj6JJ5Lx6gSXOY+FPqgbYSbmQpxakS4SQygyJmvaJ8Swje7tyD7fiMOnTA1Wm92uFvJXlUQ4V0N8NC5WjMAe+F7T350dVz3JZ42NGUpW6yP0+raLZmXSQ9/ZzBAUmvDjTjkK+HyqX4lUuqW35LzOJIz6Co0oZnBQmASfAKxn3kn24P6IPodnd8GyTtHKZ8ZfW2Hvug+aI4IzJj5IdJmY88msIg==
1537,鲁海燕芸萱,女,440111198702281189,ny2bIaJa,O\g+cl`4,D73vAYPVSi7komPiHcIyGNCx6ggPgzCMp3v3ldeI+K3mqg8HQSMejie/ERdNSq4YodD1KnNDnXuHMklsjOp0LswtGnmP0P/VgP5CttwyqDcnz0Qu6Y3un8HkXCb2fzt99LHHrD+VpjREVJqqoEypauQorEZZFbivM8UHq0kLMRbR2gcJP6fRIuhfycma8Yv5TSxjKaG7yJIRJRmJxNmExbNXMhwK8r4P4syk8DJJiO5RD8jrbPJQqO4f1eKqgSjNJwOfq6VSr718Bo4gq8h8OAmTeOtd0QMmOS4Avs0fB4MoNz2odUhsHn13a2LAXlz1ceilOeIpvNxmO4SUwYgqAQ==
1538,章丹怡,女,440111198902091822,NBX32sxaN,]^;-C8pg(!,sl2C4Zb3NV/pruK9Nex5Gly+FuqHKVpdUR2I2pFrC+dQRtn9YrpDQVKCiG4SAT4g/bPFqPph/ML0sflYzV5rI9tCUUrrto8b21NHbDwBKapcbUtCDtk+F+Rckv+aiVtDNMr7F6vbEt+/uSpeMu+CWMS/1ieD5WXqDoHqcqE4Qvp/JnYjtOI+lgovAvXkzkSFs8i6VKll8By1NvJKPt4MGp7yWdRcGsRS1St0WXBnNXda/zrDjQBhmJf7gn7HdQk2qTF1xbayLflF0kqHERnLBlHbXrzosZHcDLS0IAM8I6oAYke5+4pXpCqTb3rWQ7PQ68smipooTmxAxdmC9S3CqA==
1539,韩星河杰,男,440111197910105230,OIfPsE8KG,jaK@DD9E%<;#rJ+9,mCmGpwJlJ3QnLlKhy1CTBmgeSTJsERjaykIHTAZKb3iC65epbHqobUQXfyYugw4FKIuQoCDR3ygOjFti/wkof3gMElJVWhi1WHebYzMAe99hnv73+DWwfekd8paLfl8Dfu6UlwIetTK1kmsfQFZ3YPTeiq6FCY82AkWToWsW0lg6UAYp+HFrA0+XBzDHa0lEhV/34Vc0QO8JlqYNEtRYDlTpFnSGV2nXIvRGW6P7nzfT7ZfiXZH0VBKoeok8Kb4tEAEFHPMTIeLdeQErGVA3oyflW7tU0lnmuy/k+7XudnGC3leBKNBhexohqUs6LsyKz66gS/yBh0/PhB+uTZ2SZQ==
1540,左峰林,男,440111198503128990,X6wh6mtT7Ub,CXd<-:L2,TOt0AcrzuvaD6ZrXPCxPv3gmwnzw3nN3VDyl3b+vI9IqCD4Pr33XWbJrL+hqe4nT7wdzjjvcwXzhzZm4BWpxZ/zKttYWJlJIxSAXDgeRBSdBoEHdbzgN0IYjJSnww7kfUnGVyXJ3zebAN/qk7FOrQNn96SDL6w+V3J4/Eb7aVVlVPWda0UPzEAsuz0hCgyWd9CCnOqJ3S4qQKA0P9u4svvjpkMOk+ckgbNRe3TNjMGbfAIvfsowTAb7vXmnDU4W7FrWJ9a65iLiOcB2iLW8STtQgm9uHIikTFgeu3Bc1LuWhiTdd7qLeZWMwJTpeOObPr6vgzJB8BYS8u0EkJCrNmA==
1541,陶志,男,440111200603110632,OOLkpYGn,U/]j@dG;0lGXD,hMZJBM89RrVlSvR/D3TtXc1S5M58aXJYVgyXNFf7y+JPVJcrXn1jQORRHKKmRU9R1eM1FOVp85dhnS3ylhLCjThCcGGZojbX/a/PXYjB9G0kKTZD3fz8PYb7oabw77+iVHsw4IFa39Th/Y+7CXw4mJ2vTtBYY0oeestugHx0Ne6v+fmldxlNCoB1/LDGhW04WmEWccoEUaMEEiMePNE7juog1f0qnJgVpHoS+aV98WcVBJ5NGyT6TnQKE7kzDyuVl4M+zXxNXaeDC7negPrhcmdWYwJCTGvU0svCWrT0yRgZ29uyaDf6Pf5plEOFtvtY2QXv8QFQ5+FPGAz4kvTnaA==
1542,陶乐山磊,男,440111199509219652,qK63r45qjZ6z,Rv60A@*gT1.p]H-,SdNJ+W+V1z6lqJR0l/7VRnauchfVcxQ60N02slMsbsf2njGCrSXzkQs6hIFTgIGReCcJgsOU1PbjFNi05QCyECsOLLXL+5Klk66whRC125Q2+EoGYYoIfzObsn8T87bBmkq64+mwdRACCwRJyHjIj7pDyb4HjfWV5ewD1nQz8mepN02o2OMTfoBRQic4ugDRjCIBIhPCLY7S1EcKwRtQ4e9kBT2pBMuC3OSCfWozUheYgBJY7EA8QFkTavHldopiczUg/iAYN/qi0Uzk1svDx4IxyPnoy0KhOg3WlCsczyWlvlqsrKYk3iatMF/eWguii6Y1xb0nwA0+go02w7KfjA==
1543,杨静香,女,440111199812080382,MIjREspRkbGN,9;5omm(^gC1g&[j,gBpSJsdVVFwNmnEtCjeGi5Y4mslwDSX5Su61OvNMwdqq679sIFPoiBwacV60h920lCd0IRuLeQgUYLGNLELg2Azv2byQPdhzgNfAs/25UTp2177oxmzhspzrqHCSy4eno8dLWIO59C6+1ai1s22G6iJjnJBh0mMK4qNDGDmdPiyNm5y0UbVX1314pPU2ODnFWjdfcAR6BepL5/NKsvvIcTBT0kpDGUc9Ph02VGc8XJ+6b9miPkuuAjpedwNtcn+k3FdBdqAWA+C5dccuUj10b7BRx1QA6wbf+VFAs8G4ZUtzM2feRez8tPvn4XfhB65siff0iqhbaOYpRsmx6EMt4A==
1544,谢静蕾,女,440111196907125404,ZGmjX9,O9q&!16iELct01,YVOrXT3ZjzpgmmEhc+joddVUbMkYHLa+8Zub7atED4GFtY2R8FpWKv3YE/jlKbQFqBSj7pZ5mDPvnPDe/rYblYWdqPnsav+tzk2xrEvtMt+w/DEe8ZJDqlOTmw6Hb0EL3QBSwpQ9NfNBe0THcFvdUROQ4j+uDGJehwK7HqyIGdQBb4mmEyrK/qiPo8AgGMYWDBij+6nMCuN/KqVLvqRczqjPR6GlmFxPqfBOrN5COUOr/PR2PtVp1BC0bXzpx6fH5dj1BL1olcD3ArMyiak6anajo8CRPfi8l48KEV9G0j7mHY/PDj7mXRv6tDXFDliDRn7NZ3778MY0lZxLoagQyA==
1545,钟瑗咏,女,440111198603231928,mPfXprLq,fd`9mT&acDaQz%,SmJS86BwcVykk0fX9yrDBq2Gf2ND1ja0uKEsyEiLIglkM2pDBXUqR8yJNPhByB72Y9I62G8R+QrOnZWbcnKjJvmnOZdzpTzG/XGtL6ErQB4fBH+m8i6ZyBsLKGm3Tbc6lpkIQKgwLgedUafZ5A1m2mI0bpntFOA0brmGX1sjFnf5PSJxP5xES4gR2HcVLqAa28hRtgNTQJosZKC73/DLOT7InZU+/AHeUGl2qBKrwODpLaIFUjejMn4oC8E5kfcdNbSdtauadcmsmx3tgBpEs8Ge3S9X19SGqpDS9eqvkmGRvxxWKLWoiCFyNADquo7ntM7pCmb3KgIlgXihKajRng==
1546,侯秀英,女,440111197612244363,zZLz8mM,-&GaZW~O,DSG1frjsr92ScOVYN4Dck/3U1itkC6x1KyxsRcPPEvVFXTvnbfrdfCIO/8LoCZaeBG0J9YWRZF4UemBKdc4kaDyHDf3osEl1Y0ewUCOXUa0aUJ0ZECK3KE89ILoeh9mUePUeeGjy8Jq8WB4GS9dSGKPlr7F3kFLGVZIlQ6LgsHOBnlwpRTW9OPD29LWfevUzl2dmy1nCb9pHO3pUQiU++7ZFyPkrvezs+gH+jy65cwrf9KPxK42PsSYVNlBUOhA9/bbsiqHXVTFYkdMYZZVgstOfZuX/KAmyNO4GlEa/N+9U3Auvsrba756VjqMqDX/yhf4unPN4R+U+SL0qkVu42Q==
1547,马雅洁,女,440111196801234442,DL1V0Xxsf2,ljVL)ZVFGlM)~v,YyQAuIqngcudZMRRUXOv5iR055UQEL/eHzSy13qUFH1kIFIp4eRP0WOdh1OJfTsvEDReftU+eE16gipSUCkH22mP4n5ZSCjiGW0LUQzXveCggIJqg1okK97ylyQFaQDoiAlNnC2rxuwXZ5b9/bgXrX41v9G6SiRi525Qp7shJT9dqp0FVw0dbHSK6j1cN3Ycmq+dPQV0J7jskoMR7OyYjq5HsFWljA10g4YluU9zPm1OWEnJUz8x0DW5X75K3pwlYg/IpxIiD1s6iEHeaSECS9AsUKecjLo4Z6tQ8r4dsiRfoTnCvvVS7BxhcC3TxXA8ZZu4Y4CLILcagnv2drbrgg==
1548,贺石,男,440111200102082653,pH4uLEDzya,tl!NmPW31v2,ZcRcv5XPKqFSRNfD8u8k7eTSuET7ncn5y09gfvMwAbLo0/VxdSQbH+DBsJeq3k+3QgvSDbxokF8nLdGu0rY3P9qblmtz63e0lcUz4oryZoyQqCLsJGOpd8P3f7P1qXc7KFbMFALvYMGxDO9JQp/QvURQ8BwmAczTZRetl2TmcWXSIkGGW1irNlqd/KOzyMHv3qCX4hS4ZWJwPFHIGBoSNwrnv1/sns6qiK+tnfme1VW9lcubmhak2x8KmePMPTBgAgm6HxRo0BZUDRoRfAV+Ey0O9Jg+2f4c+WRElEb9anbq0KJBnHMisHNX5GRnLyYLZzHP679CbUOQGlPeiXVOBw==
1549,阮轩,男,440111200308022912,ICv9fG8,{Crs$EcJF{,A3ECnbUcC3I4hH95otVQ3jogQjzP0vMDkuoVNohf3+lMmcA5NsChl21G0SznT9BpmrtOFrlUPS68kiKNqy1pXkDHPNWHriZfBWx4+6lqZGvUalOdVJTRqUq+G0IKue98fr7gV9EZN2+VbbxLY0ZMRGM6vkSIuprHNhS4xp7ELOzEplvIMs+l+qXxlbDzRu+j9fLSCuQALRmRCFI8uVHRWaWvyugMQ2fw0K5RoBBWbfal33aOvS7E3Z3KLg1QprEcYEfDMw5fXVDZocbflBy7MToOyXfICTw0JxluAda87wK2pnObfN+ByYpEYS5lqK9h2W1EolB93+HgxMPHSl8Eng==
1550,付胜,男,440111199804263779,LujYFs4,<Ik:8Bxb,lN5y6G9z+NqP+/nB+W5KlbO4a8FQczli/hd0TSA+sP2x1JCi6sOzakYhR0F3YI3FgEGeovRfTJ0U54ukbWNYGaiNSL5zqAgP9q33/JRPHqVy777HbBV73vGKS5UOe5jf4+icm/b0ayQWzrvGLNm+t4ynKYYvfqNMjLsk7+MgCRxhC7btBAoozMbDAD+ykKb7Ib1UY2wlv1iPeEFXrhK5wHDuzyAcWLCht85EN39HOqzkwsh5GB3XI5qmrkXqL8Kigt0U1kaRvQQv9Zvyxe1+Evg6PJ7IglCDp0JV1YH9WTLmEXVWxLUL99grWpfkYPcF5OEJG3hMEltL+nvyB7KCEA==
1551,顾帅,男,440111200108132498,KbDGLHzi,>P3vyF-^A>,NlZnDwBOqtv+WhfrmEVA0ufmPF6B6ilfNDORUle9ZlcBaJARdN4JZXSb1kpbEXLsD555PfcmxA/33H/R+QRZ3dT3W12WRxWXfVhN7MLRHKsfxrroruBoeDZKcu4TOPLgiNoZvb6HMx0TW8CcSdup3yIAGX7Er3cazw5JOFoAW0ITWSV5LQwPM1/xZ80ppaJgQoH+2YgFfhXwF6Gf2HWgNes6W/5BIHPtFTfyP8s2AiaEg7JESl3YlE/1zbP68xvRdh6jpfg8kfyj2Ng+cvGmqANFum1YiuQ85ZnQMwT+UUNZWR3wf1pYGCZ47Cjx+gxbBHEj37dJ6idYQZIKlXrVeg==
1552,余红韵,女,440111197408060663,lnWC4y0P3YGM,43Y\\pTD{,RvbHz3Q0PP1j1bRig56eQL4DhI2uVokxw/SaltwnVA9rPdFuSu/XgXef0utGjFIAqvB17HEsU9KbBrKewG8RClpbAql88Po2kLKKnDYoQkXSmPAdsNXPZJbWpvq8/WeT2ZM5ywmezOQ1pJnhnDilWTjsU/omhw7nzKKkTctv8pfiRDb++MaTOynewoJbnwXn4pss3yvs2qPJAAGHLOOxRBQz7eflIEsTTepma6UVjkgnuNasJMFR4kmNS4tgAp6OtVS4dPdVPDiKcHq4XRDap/lZ35p12apYMy7wI6qgcVY9x3R0qyzlOe1NsaOKd/+VGaH0GBlKK/NiF4Na5mRr9w==
1553,杜俊杰龙,男,440111198203079154,qe53u5By,ST#5_06|&0psft,nNC8dLUNbDLKxdGMsG7EMG+Xr//WyZ0XerVPk8mEk/URF5BSU+mRzuHDD068s76omxuJYYxz7jltpj8JaPEeVhuEGo+PF4ms0QOcH2FYX/mGZv5Qbk7OwXOyqlAd9I9fL+apHWpN1wNp+labDsVVZ3fyPOOGtr0MdOmDu0csv4sjZDXG5o3at5+yjB3615/sDV1K60BsO5t1UU+Y4vu7RD5VOHs0o1SfETYM6Y3OK8ME6I7ld9W/cgVui3497DKo70hAH2JbZx2o7bkeXnj3GVLTxN60LhV1NiC4xZvd6ktt3NCMJVuYwHBnMn/cpy8YuqffdM/5PBzj2ChHPar5QA==
1554,刘宇航,男,440111198509208350,tRjYooiqR9S,D$G>Q1r..zZeSQL{,AZukgQ0iskP1jbWSKI1jag9hJ9Y8VLaOl+YNiC7DbuYMbW6vBOZxWV8HA1mSuq0FeZCSC4oebJXetuX4+CtD1p+ZjuTMUlOlwYl5N61vemnUqD7QLaUqKPHafFT4LkD4lPE37UZ6vhXACC1+lq4HEGb7eBpRuRZ2/hOgSK/RKpvp3XBF4KT1VWGjwOsqOx2A+QYwDoxDp/fogkuP8KP3ReuZ4i2cXGVc85EThSpqambNUnlsbhIhtAJNLsgQp0pfCmT/UMeZpAH+mSlTfZi9BwFgkuC9BtiukWm/C0EjtnPKxInob58TQ5Kl93MNWIAUW24gV/sOp7XmF4Bcub6u8A==
1555,温紫薇,女,440111200704194724,L3eUvYYvOw,<g$%yMF&1#R]1<,DPE6o6hBZlYbbgokj/8Ei3kfNq637Aq5e4LQBZjoPF8XKdgd8kA3AcDhVOSkRuapec20Kw8RB15svJOoS4rKap47HofhQDWftKuGq7UN5hxH8RTBxUQAEghewGX7YqjEIdBdrA8ZgDUFLekx9CmFm8DuRY/0VE/Dh3e2eUmfLOA75wx3LHovR0aBPxrVST11bXSN8PbAnlzuC58s5Wg1Jn6ANuY92vaJJenVns+uCk4LxwO6d9Xo/KDkdDrIIdQ5a9lQppTmLj5iZzG23n39h/5BkHFc4o7h+xjLu07ST/qwLNPLzlxkLL9Tj2VbqOU0sULueLKBvOs3T34givE+1g==
1556,吴金睿智,男,440111199606033892,f82wLQ39jSzl,:`w<C%%{g,2vcRSTfRG+j3F08HgF5YP14GK+tdbA3hWUC7+PwTtYHRDMGL0xzDsSA1ljzbyiNxStvfP63q72tQ09jf3X7Usi4l/AcY2JUR4juaHEcDicfGsc/qT1PY+UEWN37Z6RABqn4Y5sKZdSiQUm1FeC2soiSXLA7gzS3uOpGTB4JvqkCPETRmsQeKfFrVyL3HnGSHsameGH3+IbuLUYGOwwDfxYmKEmdHajJ36cka303n1aHRwlaIsamBAA1mJwOemlPzlwJjTKZ5n8K0V72d3gFvdmoXwbE8Rwr2PkG5WRmdDm0AVFE5s6bim2XDJxQ2qYMgaR2RKlDQNeKjgvoihMx4CQ==
1557,段怡梓涵,女,440111197303177267,Gd82Vzrodbj,<JY7~YNp,Y7EkjnqO9qSC+RNIfEuvYz1OislZ+6hYVz/0+k81q5Px2hX4J/Cf6lADWKJvL6E30xGQCJka/8Nfp6SdpmDyIlEeeqIJy4igeGFlk6vk8KeRUWdMOwfUD+Jpxm1NNoENRarrXzu4CTeT5J82uHghXbtLFsMAGC3o1n5RzqBUo3aCbPs+tjZgQRHfKDYbuItBsokuvpb/tkOabuNzF3wVQeakTBDYpl1FKFDqmATY7YVwUQkdzTPLN+wIP78qphe1S8rvrhHUGal2venugynY7ilq4daWm/d8yXLUhyksUpyBwfT8pPFNbU51IsTwWDp7wbz8iyqNMBjsJrmr6vuHDA==
1558,于晓月,女,44011119841009324X,hHQcAQTIhW,>s02PLe%.-1zS+n,teA+jXtuEWB5yaAnKEAo3WgXIvTbri9stxlRK4Xunapaiog80dsTlZireVDkSh71EWO5ofTHLnL78HUqlFqPm0h3wua925lWwPwnH6dcoEnn6XgU1mIATmLVrncWPbcc/NvHI8Yocrwub5dC7q79sbmWDmCVveDYYMCB9eJNByDbtUrvAa3XGikRl+ic0aAL2kRs82c+v0+2buYXZanMaRgH4OHCRrpaDwjrYyC/jbrZEQgRs+dR7/W8w5WwAj5mxPUwXPKKz8KPWm2D1RcPuXX+J6BSC8r0qmlFErJeUkYkgOsmdw7vd5M29vlqGiMr0G1E+NtzODNlWYGM98fSNQ==
1559,邹依娜,女,440111198407315964,olPowAvUy,JVOxSQ~1f!J,B+tYA+Gr5s+MUqEW2+FpxCl1u9iRK46ARhft0IGDIwI63HnEGfHN5dXlE4i/kQ/N/pU+80hadIWorfC2IB0OvrUs6TZhT3ziYwwxY7P7Hp70Y9s0yr4YH7DLFvGpvHGwo4CA+ly+mfTQxRChHKELxl3XsKta62n6ravkpU77HXonBoz3VUjJAsxCgA3ZSCTZqpsg13/73SKjZsFKRtFNh4Vf2+uiDJFrsJeN69yWh4hvR9f5EZCQlah+WNKLMt7fzfDyxpJuaOjBsyoVKqjwbzJkRbQmzbd7EitEXEXBwKvn0chDDHUydgu4nCDXksVzzaNKbduUlx3uRR5bMCD4sQ==
1560,石子轩,男,44011119990413523X,cKWDFCq,u%@*Mj6RPa}6ua,DXGs84w93KB/JrwJ7QL4qlywoxfrl7MhrqgaPU+tkXZnOW4w/hDqJYG7CsGoSM8cmlGSN3Gz5Qd7Voy9L04mk1VpHg9Oy0ogCxwwkdaNmjXf0FK6VW07dPcsUX4Bc839+iCE9ZdzSYiFZ4JKT36R4HD3fkWM9CQ+q/V3HWvL5frjGW/1w1Gb3TQCnQKVqiOEZW+6ii5AuEsv2cTegh2Kgw7m508ebRxLgs+xmAhHhhoXZJnRF7JG1lQPjGX6oCjI0re8uYAKdkOD/quODvukhQi9Lww6tK9hlT3ONvoCC0t3VTM7EkgtU1EZKUbYp00redNrCSwwATc3WnNMJfL8Uw==
1561,曾丽华,女,440111198701037862,qFybWOGPM,Vm]-}o#j/,aGvrYUxV5yItOSbAp8/QdoFNh66/wmbCfCy43rRU4e2BMb02gOt7j2GBAAnQ0hCalZWrXu14noX+JMi3THV/zEnwRoFQeQZYl9daySAiKKYyDuNTjproickM/X1ODypezWSZpNxbyRnJ2PWjBX0iSNSrB6zIJliL+JdamaWREJjGYW6PGwlOs2vMWucOzQKxO6d9jMLNjDuYbm7eTCcPScD7b2qbnkKYXJ0EYt68TAAefJ/Jt9C5ZNrFdIop5Z+HuPh7YQSqWC6s1U3L1TEl5wV0BQK7mN+fQ2Pi/6pqB56rzwBQC5i5KM+6Btfh7Nmjr1lxv7DSI2r1Hxv0WSgT3Q==
1562,邱凯旋博,男,440111197309229574,0o8bed5xQT,es<6h)mla:N,GNQNnjCHMUO+0m22yQ9FX4ktjd0g0myA4HKKqsqxnzYLnOY5iy91pWdxK/xLnLBfBV0wJ9v+z5/Zooi6F6fNRtwZTGxmVvPHBxqrMlLcZBxVPmqjX2mZZtGf4lexlsjY7Eg7Rz536e870NTXUQHzbjFBGSMpEr+KUhspBkvXhV1Ssk6dZjZF4Oikg8KwHNCg30zKBRnS++Oa3btZxdXOmXpUm5fZXXnQa3RCCxZwORE7CSI7CrRGIWdjOnYxDhrbHrIowk4vnm/+vteAoQCMdAffFY+w+Pmv7AZ08kR2eFpBL91oA0/NY4Hmhp+O6hJHE2WgVlofug0AtZQM+a5KHw==
1563,董军,男,440111199308166718,St5WLMgfFk,qe%!]z.N/uV\=m,oQRdhiGa1qyMyYYRUijbxSSDglKM7EyAkhKig6qgDy/HCId87+ERcdYfpljUe3DZh9Bfv5dBGwMXOQcyvcs/2hLKjsuFP0UPDQ2LH+3NBJCsVUeCd9+lAauSPZthFC09BUrwRQQnlETXxOHZ+R+pAbbJ5fd+EFGPgrKpOVDhhJt3+ygdM0HC6hP0xwrYHY6+quoxOP8qcVWcre1XGZWwP8/OIBswA6GgdxkQR5M45VNU+0KMeYiK+iaqe+AYsTDsrUPpcg8RLRUNGXEIbAkhZDgYZvG4qVBiEnAgn15T46zFghHlMxFwuqKGudyDFAvh+ZdC2/QdTUE1yiCk13lfKw==
1564,夏河涛,男,440111198601241153,cUknLBSeC,O(&|38?fN]F2,ts3gj2TXoFzlseEVZHq0E82jdjJijOPEQWuVPVlqhgGrzQ3tsQCjBGPKx0LG6rqL5Iq1BolGl+XzASGr/OC6Kdu6pvYoGzye0n1fxhbdhzsIcO/XYqnDgqMqMhFjwkhy9HCgtHsKNvGRmEKt8SvnH0xYRqmqVMI/We3sglebU9X0707WJzvcoA2iFlAlBMF/COa4A/bfqY1lV2MPXuMblwXkCQJyYJ+NG5PSZQqLpVVvc00L3wEFFOHssiBvrB5ESZdaAb5dOyuWYiuzq2FvIflXe7o7dbeqGvyo9Vkan6cZm4qiGsJ+9Fgc4eC2X4ukAoksRkZhT4iHJVLz6MiwRw==
1565,徐雪琴语嫣,女,440111200007238760,ADHe0sgCjs,i8.o|8*`I<CC(,qZSuFYzqVj7efZY7IKxxfqhp/qEB19PTfqlLodiUG3AzwIXveZIU48yX+WAr7QhwqIQ6uZKFgs/cbv1+acd7gc20ekywKc+qzHpI3PXHIdY876RjTjjIS7LuZh88k4WLyDkO2naCtlqEcxTv3DiNlE3icPytOvGYqRXptCz80KKT2qJaAlBjZu9pknuI6/ExkQp3GkqxdQhBSsNo6acXpCw1uE1uDiB3QPnZ6Luy+hBsMwJBW/hSrE7EwO7J5V4yZ0mos9PpiDBdLwQOsx3CVlZMRcT3XPjQivyetl6wyOf8uM41DKDZx/IPgHzBfpYJF3dhRPWu5Hey4LTbt7V2iA==
1566,郑思成和平,男,440111199009201552,soZWrkj4vAHu,$\m{[xK$,IGvqhQy5/rPKdorvm1Np+2j9mxmRYC5Qs/HV/QNSEqimx4izp5l+SV6y4wCeTOLIlyipiQ7AlyoSczAImsf5N6xfrXpIeFFD2Q4azGM5cNkNmubJLh+8hfNPXwFBNK8Sqwl/EPqutFXBl5ZbPqNVG5+/VelP58rsHngT5dwfxM7c/H00Q/QdqA+2ygTRSzeilXlFJ9pD407ugDhu1f2MfrPfFmdr25QEX2bKHZ1cQNYYNvgtwNFi5vsp3wsS/vJftZvCoyIyPZV45OX1Ncl0qUP2B80e53ZrQ42ySR/iLPO7+hs9UAFf6Q4GqWql0L94++LQWgDqLWMh66m9AjlFeA==
1567,蒋志强泽,男,440111197406083271,Ot1cynp62,d.#64UT(=,hqjBoeyBGV56tK3XnQlOc9K+w+pnAA0ZK3jOqrRbErqesYDaRBDS6d7knvoEY4TM/Sq0s8uqaNbw7tus8QEFogr058SIbkOtuX7oswZmtx1/m4DUWuPTW0xGY5sxL8R3u+/3bl4pN11j8OmaXtplIj4iATcQjyG513RAlc8a6Ts5ir68OMMIpjMo4mBWREr8PeQud8SaO78ziF85ZEh7iSomA4BVSI8EYYyWXPNzJ528ufMxuUws/Wp6ARLIWmQRX5DQJWXSJLASTdRFZTfVgE9LpxR4J5my8tv06xUFvoyicwgye5lQR2fQ17XguANyXTuI4HJDgemnmiUeH61CQw==
1568,庞琪子璇,女,440111200405283268,wZkVqT,X7V]o)U=3$,fTOaPxWqAtUnrY1gHkNB81hNnGybLMqlGf4VE4avEKkSANUWecCcbkGSRhO/ESQUWP3t6evS8EIhgLmiuXvXL11QbWjWwOVL4aGLq8pBCxx2uaFlMXp+a41gjtvZliCZ589EHbVtTa3BM/SM8ZI1fjoQb797tZHB5kkXbPKYdZaVPP3MjebUyyT0YQxc13ZA9lc3lkIHOUf1xr6KL0eEmp3phEXSsNlz1vGN8bKkJfUyH7befZhmwB8jgsNzfoLq+1tNnp5WloJCwMOxmewz5Mtyb20/+ebzWbXdlgb+QsoxWEGO6n7aWtn5OA2Xg6lTXf+M7zYt9i172rEFaCnrtw==
1569,黄蓉,女,440111197612291565,Z1oaw5alis,n/BYn<PfA,H69dnvEN75ArU7Ehh6uK18vfh6OUcN/nKZc9oiUVEMNSBj8xXrAV1hyNVlKGkCvHw8QBCj3TroXCtxNWLIvIql2pUgY5QRhO2wPt/SM55ktMHyOCcXQ89hUm/39m3n7ch2BeVI24hO9iT9yGwtFON7Rd97VwWNZo8570IziG8bHCCivgMX5OoKcX4nMDsg7kz9avPi/Qzr6t8YRJ9DoXprDi/AOldmfn2iODKj4g/UBaWiJsgrn2agQ45BnOLl6PMHPDa7y3hdQsw4oLahGdqC9xF418mIh06wslL8hhiRc/pYts2CzAb7ECM6XilOPGMZIWuWGM7Tc7xFi/XpyUag==
1570,林永强,男,440111196506194177,APYecn,I\Z?bcvwA,GFI6mvAj5m9s6425k8Dm21khHhv6XF72iryvT38pSgIFBIM41qlfnKKS0mimdVe/JLMqjsFf4JmD1XYwzY97aGJQV8JsQplZv4pqDsSXMcKWJTZ56E4cwiQ8KsSjh30Bm8TBrUwth/aFpbX8zHSyz97a7bOLobpNJvg1L4uzahHsI6aFkocvuoEbR/MuEoVeu0UVvLtXFzfmYNquw5OyBhKY5hcp3NNQaAQoA3Zt1KGC1fgJvCp8jUlBDqYTQK5y6lBgVBrZ0NKlgHE6Fs3zenTxfhO3zAhGu6N2m+Ny6LyiFefnRZq9Rd20uYNdJ3rykefnEBWtFsFGMzPgFICb9Q==
1571,史卫国,男,440111198903231479,TyjwOdsIg9L,uYf9c4f|gRdu,Mz6ZtzSUIl5g6Qhoe6tW6oLurVWRaUviNYaxU1+KOjEr/zy4m6bBtR2aRUoYiVg5+X+aVBiBOiemgbuNGdFMIJt2EtsfOtQap995f5clFAJeNzPrjTZ6huVtqr7/IlGHzgaJZoZlRXRTJYRFWHkqacUzNN/FhfAMokIdC2RYRgA3WPJkWOqiRB9oMAPpU96hfQPplHff+iBGn5sLmdS6+umMbGmFFtAxCp051WUW5/v/De3o7mRhUKia77JLbYYCDf0MaurJPkRFl9gBvpwhjGS2Qglw6dd91iU/6d10lzkgkGKNDYuwvrs1wFE8PTAqaIrdJJBZSojMd7CEA2Wy4Q==
1572,陆舒畅芸萱,女,440111198110044761,wf8a4iyum,Ez5OP9SE,ZoVZkybymWoWk6wfPdXDpVkR+xv5EgwAmjXiKR7gYGXo89gOJmsclN1jOaiKGQtdHlr4pTcxS+ZAhKwDoAOSAPIijAoGCuf1/LQoJFqf0HNMoclO7JvI34H3Vt54AYjDwBTnx9ljpPf1QdGK3t1/haWvKYPEcb/7DkEReUKl9t+FYvApnQJg88r6/dc2Vm4ySeKiJTVKF6mTHu9bRrtM3NHOFqKxQHvfDdq5o8ynLwj40HrMfvBmR9FoRGc0rKfw0LfMIYGe/GSQrZ42Q6laPoN9jSPAI6TpM+6xh85NQl2l3zoLAPQy+lJTB036QDhy57pPKaG9HFRoDE4XiDSylA==
1573,程睿文涛,男,440111200102036550,pya60GuPf,>+%]DI[JlUYQZ3,GJ+R9okJwqr/Jf/WohCVqDNd5/Fw7jbzoD9G74c0+0AMJYTedi4gPkeCCOHDvYHGPlmcaJVVhhcS9XOARKhZ9kGyIHchVMV7Gsg86mvELQVLGzdgw9mN5xsOzUy7W8Ryqfdn/OQK5aCe1OjYWKRdU9mlGlZHVZf+jFdiaz9bx9AYXU5fhDklCJlDZQx3yzfzWsSk7xpG9vavSp06m7+xKqUzt3tYmw4s0ntQ+udAA8lhE1Or3AWMgMd6abp41/cK5hnRVcIX6mZ23b3+x/gLcLSpUD/vTKsBq+PdAGU7mc8vwmr5IcxD6lYTssh+4WdAA8oBqJQxs7xXTGRPVYizbA==
1574,尹升,男,440111197006220994,o8wv0gYrKx,n~rf:sKKo#4y,bmFnh/Skac9nFnfilo3Pefw8SI0jJAjyG+F9DUL9Rl8gs9Zbxi2xIhbkTKWOTt1iU35cVmW9FvD75PgjwfN9H3YmUTIG4Cf/3Dmpxgf9PXzLknfIBsGem5vnqdCPk+rw9za5981Z9AH9z90+LCBFUB0lPPR1Aiv+rZh00QPG3yn1C2NKVKbi+3TvaQjO2eRZv47+gdbGCcFvANeJe4h8tYXPbejEgwcjD49L+EsaX499cpwRjoajHTN7rwrvOGkOknNL7SY/ZypPHUGWa0EdwV+FjSKO4tOdikWz3cyX2NpJoIVr+HGy/+BAoaOCugESPGKWL9KTnLRti+FbaZUghw==
1575,邱红,女,440111200607072047,RuxKRrQ,Sl#?J`EBE,xeJw6blR49/kBnkpHnlV9DMhXJ7G7eZGfNLMEIGDaNs8a4HUAodxUFLSLZBtn3YH5jORfHhnmwofFuR7cmcF5tSVuvszX5hbf/6ILK+TFHG6Ye/g84SE0P4lLY8YwpOmk3qUc5UyzKwhxtsHRXj2nQ0PfnJyEbvgveNEqkcl+X+WX3Z1/79BUo5cSfCRO3PqEB6ClRKQCvwWarIkATW9XD4Q85wLuE6MK4cYB1A2SjHdy3bal8x+Dy2d1caBZtyr3fvkxFZcuEWYtUFYuAAm9/lNQ4A3S3TIQODpMj76UnexczAVYArCtsbKbGCVpZ6hYBTHn/k/fcBCkcS3AQes2A==
1576,苏婷雨薇,女,440111197812156982,BzuOGHpz,7WoW[L:Xt,JiLsXLmqvcmhF2H0tIIhreVuvl92Hc8/2lf/KAaJ5x2YUiTwFH2uMYNatcHkYidV3J3pJQls3h9Tl6qx8nHJmt9CKkPQn1DXdnI/5a0XZnvxpItQ9vVGVT2YPLBB/dj4aPmx00pZF4hm0MVOqS6hR6l8L2BGwMqPwQJKm49N4aqvMpSrS/RlMDFoYrjMPXO3cuKmP8xkZdyXIQaMOIv0krFptVmaJPeRiw20jfkWlvqjgL8tKPjWl/kRZT5MliTDDnBsR7N6XonqScu+tbDUe1lAcjuWSEhPcPTwPH9qAGEUnaP8POBBlYFJ5WF7MZWUk6TXiG9umJia+Toqm1FHDQ==
1577,翟伟泽昌盛,男,440111196801018491,gEDJEn2M2JY,@DSY[m6gD<j,IyC2oEYMkhj9NrfYXScvjghMMZu5OJHxWBx7bAPQ/PsrMkhIt+1HimcdngKG20SgLsB+vCrcqjxW+SEnHz09akypx/iFW5N8/XaoSBocizYjZGF0jFKQIG4KCRCk1k0xTfmK9da2Qcl0m5ezWgUbPaGCKENptoiItLCPjDEeQWwOCL7+gi4yIcEoYqpXIpqpIi3GdSD5HcIS8l5yjXfbT+5WhXRKYgs5/hhSvL1NUf7rMV9r1ypWBAzVwGzf7bDS0HFcASS/W6c0AjuQMOSseU2tMYp7Cf55F0AKpsn/sQAdHYs1m0eJf5y/YjK3TD+QDK4Xsdyc9vPOO6BUDliPTA==
1578,房婉仪,女,440211198605254066,VFvBcl9GQHG5,i*yh..tj5g,LL2zhRjlIJvU1epq+uSDdDk1E6P0NrqNoPvjOG0ouQ3QAZ1tI4sc5LawHOV9xCpSM09TluP/ubP9gvxQkdx9y9PutUF4G0H28vh7a6ZRMTZ/zmHfJiySFd5P4PizIrHj22ON2ues58jsKfaCTZYmjOm5phkb4/qAC4ENJJnuVN5nOkQJIdLOh50FXmW3IKn/nn5uI58VVsoY/kgQTdZE6aqRtvlRQjk/2AOKKAl7r9jp9Gx8SZ4VsykIGN0G03lI+EcHXjRaT5KctxITDURJLnFee2DPOfnEWcjbQ7DmhKaXJB/z7sBOEIieCO6YAnCk8rRAlnTaU9/URH5omNdTdQ==
1579,鲍欣妍,女,440111200105061903,b24mmuHmWdtW,V-M2v#DDNjd,t3hMLOEBSJnABNukppJZKF1aB6d0eqNQ9GVGiXLGne+X6MC9rOwuHQmaF6wsHkLWQOygzpf/oAHprLop80XGeMN4y9c82h3gEa3ncvtCxtFCiqUyso84cucoXNESE9JRXOHWWtr1LobiaJcWsJfvA5B1/3pOQKH+HgvHWK2COrfYbk7FNsJ392Gcr0C5BbLsoeE8acDZt852m7y5rQuTPDO+QJH8s2IG8Nwyg0WLJybfDPZfBCprO43GQYt+fQxjZ1tDM668tNNF/zh7jtol2ZZjNISa7Ksw4sCdmXf7AI67IG4jPUzPyHNULLfZj8+gdK87mHU1zIHbJl4pvJTM3Q==
1580,周露,女,440111197902085647,Ba9HfWrXKn,Drg5ySM:`*q,PTcFBgfCbRm1paeuF73C8sxpiw2c3opWMSQPHtn1Z7M0cGm2iRZWIj/yW6qR+JgRb7ZHImaL9+dss70S4bMF3VZqfoctLQudvZypHDvbcH//zkNLXnG3QbaxRVGEBG3iqRj1XENhWut/BtdIcUkQtrcaw+XdDh38wmsQb8Ft6eiuwm4B4MBSYOGIe+NkhX0XKe+12M3KRYdjGJyJUDrA7bfxz33XaVlrv3EkYvznIbrHBHGNzo0LXOoG2Hf0QKdI/3oItOP+Pr1w39FPEcAdJ18W6yELWp0WuhLRDbuQo/XPY0ugTwBR/1UBk9ZzlMvtoVfhMkQIm9wzumHnL2V4yA==
1581,毛天宇,男,440111198112304053,hIjyQRS2Ti,n(0@5.3xq?0R9,GBXS5X4Qm8HSnsSkAz9dfzVY3iyoP0tza5RwZJykg/6JsIpSR546GhweTo9wtyHGoMLhQ9MKYg/4VCx4rayjyJ3RdxDDOczVZnCddhFeiXn3tp0a8Vsl+F3gN+kzc0oKeikIjsb+HbNgI/XtGfcoP93jiJfGVgMmaoH2XL98gpgmmxvn5/v0ZPvyVjzsfY5hSdnLcu1VPWG150n8a3oVJkNGxSiiAuhaR86Q1WvvBpSgcGEMsY6lVvXeS5uLS0Q7WxioBnv/31jNKHWVIovhZuSNT+HC7D0Jal54wGlOjZn7fYhXsyFCxAuvaFEtPztT544BHQav1v2HiGYvRbZRIA==
1582,秦芷涵,女,440111196612234486,diwLA6,#9dboo^`@dq,kB2TZrAngoC+yhIn2Jj5IkHawi1U9WrMudUuoGL79ShOWFX1QN4tpaXmdhtn6tVhtaMDBFE4MV5M1vYAiJNw1UTppJOgegVr+Fyffq4hUDQ6My0Nc1ILm4jZpWl20MkzxQBpDbmIGqBKTI/fGjbJQko3HQ9oC6Ypg+Rs08zfdHLSFIJQdpwlLTl/Q2w82IQm3BE6yZXgTSvM+aEFEZ9SNAXkuAj/C1HxFDs0EnesHF6QBScgOT95F8n4RStxyw3BSTacYylGjrP1XUhCAv7FnmJh/u/5zAiEBoeM4HlM53Y9xVMk5tiqasN3z9PObtSyj1aP+eBs/CKZiwISU+OX9Q==
1583,许子轩良平,男,440111197609132192,jL5gsiJks9R,|_Y7w35Te=D~S,IUuE2ynt3XQgZBGsd2Ai6b5Qbk/GdDAVGffvYHFIT0/AKPn5Oz8+1hHocEcenKbpxUjTMHVfp0k12FV4F9DYjn6ivyPOcLuPHWiNxMW7g8nxQGu7KrpyuIRavsaO4afYIIhrJHaoGIdjgewuB02Iv7qxbqY1TGwaKVDfKU3an+ewDfFUSX+g8cmasBk1LqstkC7pFEgb8ClMDoRkCb9K9Nsb7M0UEVDVZQ1WJnf3KypqVttvLWLIe5QZDGddlR791t0N6WlNFKekGRozL0AQciId7PyC5yvBGvmV1WhUYpiPwv0OGNCDSWF+fgUmzznZIvAyRLe006Cgdch5GlfK9w==
1584,邢升彭祖,男,440111199507063391,J5ab2PFtv,)im{yDL%3<6D|(jZ,FxuMYhCCO40ugIk5BKCfsQTNoA2JeWrQ07IhoeZxkfIriSn6NHy6PRlTQbqflvbJ3FpH1HC7QtN4HBfdd8xDCsvqEm39nLCKhxq2/V+Q3N4G0MfOEsid9fDSpnXvGsXgW7bvgsaCfvxAGP4lqwLS1VEYMpbt39psrTeXVz40CCFtEkpXxjB0t+nm6qajmk3p4AFs9opgNt8E+CR4+mhlA2s36rr9LOZh/f7bEUkhpsqNxnPzL4eUCMKV3dvIxGiE5NB5MKOM0HUV9Jmny4dD1CnKFR1hKXFlmnEswX4S29X3Pr2y4cby6tTDcSH9ChOGlXjrTi7WiO7PbD76/KxHkg==
1585,牛慧敏,女,440111198907287621,MNioluGBNQ,Ou/h/1zu!CECGg%5,FQqB3gN3uWPFBJoahdWv/quOh7ev6HDb0A0Ibtm+v3tV6fARSQj1Li9ut2C8KN/2ANRjjCBEuz5vfZCUMDiy6810Orbg4fXPUR7ZIlcLpCtfX2fv4SydheHdb9VEWsPivR3pENNlfZzQyRpGoujdoOWxKXYLd2RXebXdAyZ6L+siIe5X/q72A/mt1nQhZGnAYN9MEnQxvo3c/q+WhYZREyEJRR4hgb7bKmFTAhCD9nJTpA1JKANyAG5SEG08os9uooGwG4Hh6jWwsYeDKpEQc9XJA1S9L7XHi397er9rj7gWTcUNJNlJowxgHVNi2rPW5MgUiGCa1lDfoxvfAyK41A==
1586,莫惠兰琴,女,440111200306281805,xKHSIdgrtlA,yPkCDfnS^r>S,hNnzm5yUgvSRRxQpeSDsO24wZs14nJbYNf7YOtWfedrcZenACI4VZp7w/ZqFj6bH4R2M056BmzuGCXhpWaj8l6eIymoyGd57IEzNkN37f/umfgPZYjV4Jwa+Eh2hd5GqDAJ4N/UODKwp1Ocn/h5etvVHqaECOQGmbGSnEWTHZcit/WZG8UjSUeNZWbr+mNSQy8CcaGCR/ij2LFY763Ig2UYTr99qUZYdBPfRd6bA/lsFTg8N+o1y3SdHg33UYfiAR9bFEEweT1xD8V5kbpKPSm3kht13s++Nuiigjc8Rc/ZfTwQLhjElK7/UghwCO5tvhPp0AzPUU9WpAeQurkwQuQ==
1587,阮栋,男,440111198109082314,ULOv7QiGw,;69d@;G2{s,IfUDcu4dhRstg5hJBKcuB8q2XVpO87rW+DA/XjUqTmQt+sBr9zc8AYTqBeSExLOa5hcrlDCmbdFOItFApNMVwcfHpiw71vuTFv0gjQNTs9i7mGAW2Y7sCfkpyXKfBKinTMAqaTpQBcuKoawU02LDTgrbjrLtCnbaZneVrfTqZWo7sYgG/bJ5+w4H+2QiQBl5kSWi54Mz6IgrAjuEN8XrU6HCFrUUCW26EpyOkBzRAzcD9PPyBOxz/3gerzpiv2MmkexJ65Ilj0j2SLPiKcNeBZl9OAKgoj2IpNlbRab9RLlvpKaemyDBUwzF4RCKAhrDb4mliZfFeOUH1PXgXx9puA==
1588,翟杰铭,男,440111199606071258,qlKM2k6gd,`iXW~oq*,0yJAnOvF3tUWvQ2Qrv5Ut+i3PjnT2W21MkD+x4JhlOHhupP96gJnBw5eFxgCOTilIYmnLhYI9TAHKhbjqG/NunOhNNEze2rbDG0zdIQBbOXDzisuz5W1n6A/4az0C4PoDRIP25MQ4cm9gW1VTVHhBq5EBOhXPOPF6sEcLKXsIyalTOMZ+n3T9YeZmoOYJspt6ZddIDUH6fF0wOaV8LMZncimu58CjEu0jT6qKWzvdTIf0dkMvipDLSidfgKFQwXJFkYdslKvDOw/CTX7PCEXUogeA0OFY7gSOw3ZF5+iFMem2/71hBl/HM6dfZ2j5odelf6NEzr7wbyy/tCY85JLlQ==
1589,毛锐,男,44011119740825701X,rkAYmzU,PEQ~=L\`G,LTEefzV4TnLbi8NgW0JeLu6mbjtddcuDRiNXOzyuU58bzLxCnqsFfOaqhQWZ3TdNuA6/gNtVUCoXFVUFgkQdmPcjxFmTf7XdnWWu3SCdebuk5Vl2HN5nl2H9AIMDJFkvNmIdZCekwKqTWXPXg+scdPZwy2FNVkB63eUFKHqqET9iAersKdnSHcq4rwVpGeL+NXR9NJrN2X0hK9mk/HSivuwDQQ+WUlKZbpOlyDxL5YgJGCRSraG1gSWLrlLngwa87BCxjRslgJp8z9aniben3afLlWZwJ2r+6KcmSWDHSR+QDdjW8jj+Fg1bKemN5xOAaL9Z1AThNaKlEmTifOVkDg==
1590,段波,男,440111199311060236,BhnUuS,>n(;{`1-%,Vec9BUe6Hia5GvNcQOrCSzK1tlYBEDVHd0Do+vVkmSrXC/2c0uCqzYCaBcqIC/ml3kwoFOFF8d9z6iE+EePFBdp2ksgtrD/z4MvgIoLR3+v8h0p8vrmOPajvCmITkJW9TDr5YJ76ZBd7/gxKaSgMAQdMqxOcpepGC1FwfVeJY4TUfSGhLwuwsOeu1atnvc+fROWRR25SY34tFHeEiD2m4xBfsi78grVeE3GF0Ip/nj+g5N22YBKPCDSZvssCq0eUpp6cprxrCBQA8WUrCDuoLybnaWOEoPiwGzjktiBP8U4qnpEKrxepUFxu9BNesWxsyppRmlKhdBivMAkenWnGzw==
1591,陆轩刚,男,440111199211294895,OkotDA65JsAO,c1g.LC}|&8BU}mkb,5T0Ea2ICMxU1c82o56hhtN2cETaR5ZssXUbioxJXSUaiKh2ezJChh4ASTdPNlG0utYdvwRBuBQl1F7G8vGyuJBieSBYKo/CQWMH6cQoszNBj9A6lLeNJ061Jy0Yk+KDuJNi4IBIFTVyIIG3Ce+s7qK1OI9kyiJC9CytFq28FzzN05IsaFxL3YIWz2/3eTbLQ+JpsrVQ0jyLPI7a+hIbwY5snL23Q1PaOcEL2mNp/2Ubgo6zGOP44ncYxvPLB5X+sMps0RfFKYzSLyR9iryRjNcjsgwmovmCrua46WY8PU06k3ZyZbedHdVBDi0OpsoDOKBdtIQqhhV8v0WBaEIAmaw==
1592,闫婉婷美玲,女,440111198805103609,a3HXv0f,0//7/5?/FM,CY5vMo/tzFXFL0pZnGydzslRVNuM4FsDJnYNew3zG/hXMCZ8sjSp99qOxgXvIOGyl0bCcTNkKoI3gaZCpxKB7qOsKwBQMqrf7pXnJeWfpBEHmGj9NcHAHJ0Vx8vvyWq2EshhkPbbH0ryt84MoXyLul/9K7sOuBYTui08tl0Z8GQuY/5BAeamNZ8j21xHb4LjGxozCZfJXBc1jQljBGvo+rGBoKpo6Q4K6McTMTsaLzZgCq11R5NEhURGtagTmMzIG/wzuw8COGh5HPIsawGY4+QAVXjvMVMZKjwK8iyMitI1/dtm+BzsJ10dPdHIDumOMORaegV/hoKvtogw+kGg9A==
1593,颜和平浩宇,男,440111198905106217,GsxNizvjxY,68Hg(&s``ys.WEE,Bwbs82HYes1vRMLQwykGkknJfiRN2n7XeK8PZm31SNzhjej37hA1L42Y8BD/8otYn6dq5WMyc6TxVTocopBM0oqd/RVhowAggoBhB5pYZnEhPc9y+IPEtrJVPLE/2LkJS+HSdiwMC11AanJUVgCbNHa/HEPcqinW+4oV6Gc6O3nofiUf+aTK/CskCS6TMz+vb4t35NItv/DQjcDbpOSvJ1ik66qa3TxyqlpdXM4H+XpG6Trw/2Ccz2LS/ezq2Osep0+SqwNw4UnKbv06qsvrw5R9Cqlohrmx1SFBJ4qZBs6t+IHa5kTMSCuqqDXL0gIrJR9/68y9290qpc1cZMphtw==
1594,孟良平,男,440111198111152473,JMVyL5qrH,q@$w$-xTjJ9_By,Fv8fMratH6Okor86QB8M0FSC5cGG4RPCxmjtWovvQ9Fhb3oiBApDPRW5ggfY7UNxEpH6XOg264B0gd9/nel0SsP/iomYzrrRsqM41pB02I+Ta5UeqBYhrQN7tcs0QBydhlnDl+Sk2udVWoKrgUtNCWEHrBXGgz0N/ns40ejjxem2ka/3cwHABSJypr41gjRGPWLtDyld9J56rm6bqQJmvBc2EpN4X4N/Plf74HbMt2WAtg/+3ZF1TvgrqNyBTwSharA4o2eF63Gc4ZcIDKziCIRZ1VNDKR6LCHzRGq/Z6f27022C4ccumeZT1dpmn4V3BFcYNpWOryCf48O6fCSI7g==
1595,易瑞芬,女,440111199607279042,AwqYFuZBxcBn,bCcOl?\_)gj,oob6zQDeCdLTLwQ5VJOf1hDC28rZkSj6kJd0DCOVdEzAoaSclV2mXuv+e6OQSBDezVRjhC8wvq22wpFW2UPoRnpyQdQw2myP7l+g8+ltuZ5JD/A9jzrUxIktZ9lYhbMLw+c38XYz9aBuJua/xAwP+E6LKSpWsw9+p76H5P6tjrgAWfoBSskJxrSS80Q++5WYA0QDsT9MntAzoyTxQXwhc31YUZ63LuU0dcjHi97SM4dusqg3IFN0kaokyt3+aJenL0osD6+mPkotjscFWBpyAllIn+gIGFaBpNzgRDQnJC30hLHmRoFacw77nFLaimZNUpc+LfaMxdwb7depmE1AbA==
1596,安承志武,男,440111198206178959,GRPpsFn,j-%jd^>]<+umco?,tkFhvfK6jmM29B+JP9L45WbJFieWNuvJeFNkC96IrxsFtInCMZED9thRNneaiBum1+WwfiBaIPctymXrtt/iHH81S9Ub9jlldA0QLs0CjyXailaurratQRejJIxNLfbaNF9Wip7I2AKDbEnAG1q9N5YJziKGklfl5PIDgTzHmYUOlFJ4A80hf5wyzUoriWRw5B3fdb2n5ZqhkYXPIW9WiIjANKrR/msBJMR/cLd8FuUT3/fMlcLhd6nPX++n6Afz2Vnk9krcp9oQHCbZC4bU4vcCeuhSAk3zFmxmy0HTZdFrJ4qiNZqadRrZRe69CaO/Da2usRLx3YCFkWl0onu4QQ==
1597,石慧敏梅,女,440111199706234245,NjcK0ta,`|Y^LcV>DZ;/97,UKLljnuh0jKCIJYP6cs1klyQNhnYMw4QoHywOYbPXoRoAhnZO8XGm/pAnwWnK35pVO7H5jgBORQ6nULuiW2/fiUEcJ9xIEij52XXmv8569LSs3QWH3aOx/rtzCi5DIODME/cuK+KR1FpwUy3bAz6cCYVQUNjy4j/gFuxNiNp+Qls8oc6Fjfxot5M2TOqAcwKMoSpnaNhKPlOUl6yJsjV9aulHSe9LgcxXb5OGeAeFSBLHv933TeQPUg6Wo2uVP/SvopzBHUTaXMWjnjzrCENwA3Y/qE98wguAcnsSPcJgu2bn8PtPkAzb0aHY7Gk3ge0apS83/5nCCdi8se7segIDw==
1598,莫松栋,男,440111197902270535,oMXPNfn9,D!l6~PHc<TTSkS<,igKeJv0kJs8RWjdabBnXzGB1FJYvtGuxMT+bSMOhGQ9YfMVoWZrrKkL2V69KIUwqhc333HR56yNjOsB8m4VasPkVOISBC5gsmtK5vKriST6v28i8cgrbRa8hZf+vah9Ow3F1Jst4Q/IB0cWQpe91jC5Fl8W4DwiWhsBGitt25JI9vPVJ+IxBWbSoZwX2AIssnCVLxIAVpqgMMk2ZIBDbovGSjxmKbdtXAaXQbxjZJ9H0MPZXY6PJLQR2Ia44Tt+TNay3pGRM1MFzXttknTNuzj5uqdCbZe3vIctPyi8VwuzhGgpL1rltm2GYDmMjqsUQKO3SIG8lCKNgfrLeVqwoXA==
1599,许同和明,男,440111198808014078,x23HGO,9O[iJLx.-`K:Jl,Avp6WGiTHW52fICaFCEKYjdx7VUtapdqjYDUBNTrB1IHnICIhmu2y4IUYrrXzCp22O1mohbWWj7O7O1BWgXiaBDyUnSTCWLIO/xGZEplzjq0iVOA+UNYHbi92ZLXWWWJfLiB1GILOY/AbPM5UHoZrnjNmRGPnmA0Eob5MKu7i8BjpDa4DYGJ+JRL8OwIuPXBDcU7Bpo9Kh4LJSnMIzdWwKgfcLdZhzgDoKGM2Pte8Yk5991WcpMWZs4kzAUEMjzhZqmbLBx2EX1uLeMxKJCe1SOg68EZaMPqhkJmMJjjh+YD7Mlvp2M97hdieTEj+sIE2G86ELsrNkhs9bhO3UaIEA==
1600,岳乐山,男,440111197001269799,le22dUTGi47,&u<-7(6HqRU,0wfKPfasuab6rxW/3yPDRwr+gmO4gXJmnBdfRMp2uKtRZE1CtRAXaMjXbS7K+vduQVpg/WycLf+P+6ySe31Flhy7Z0TwywoWrmH0eQZPvgcM1HaoHb5clLZ24sSttxe9d5ZjOGkXN3R1IwD2VYS3cAUiSQ3mCGxv6lidF1lYpMcPfbXkZObeEEn3cEKF2EdTrJ8R/oTdZDhdab2zoB6U21lEDM1ZAVIH2DfpamZ8RZI7BpSC6ru3wJMrAk3eiDnGKUq6Ggn2+0IROGYMddn9Y6YG2qOfbboTHda9RqjbbVAX/A308a/Yz8gJ55RpBeSIub2T23dIkSqA+rTuXijm9A==
1601,喻波,男,440111197107214956,Oy9aZFVG,k`{g`Y#t7o92,YHx9uBFo3lhSw8wpGca4/5p3YyLGfF6zRXfdQ6Uds22o/FaROebslGAgMEHhriY616tNnpzwVUiH/lH5ym+Mdn8rmPP9uPJidakN6Br8QE/IDesprXel9BZ9sA1c3g37upt4ocEfAk0PAq7avcbhz38AIGBynrO2kh+Eh2si4LpLnufSweySapApqVWI+nNSRt/gcn4IVysEqgoMZlvLANJf2afHjOhwnDJMGJlErZuoEStM/JkIp3yQzZmcGtSpCECxRxC74vPl2fm99IU2ltaTgJhSM99zPctwiVnSK2beWiT5x30bEMsVWw1oeELWE/Bl2N6jCPShRSQg74f1ZQ==
1602,胡锋俊杰,男,440111197601275551,Pj4XbDz,~rWFs#Dmz9mcT9A~,E+oWj0fgjpwlYHVVG1pZ8BlMJr4v//EbuTMDAFsb8N8wuvSvgqwXHn/zKXrBDC9SuqXIcLJmolkTZYx0q3Iq5SwfAnxhCg0w1RKouxQAoJjptSDDBFlhmvgP/JCPYS1PbH9s9nVeEJHX2S/2pEJDcbrmFUcybWO8CUPgb5gxhbzRSsZoVWrGFoncYvBetex0HRrQoI0a+K4C+HfSF5pTE9etm5Pujay7UmLVbJzYbbDBBxCy40pA0XsL6WoP11+LWowm5zGrtM/XNQuCRKJeA32fN5AvGT0PmJ0IcPDT7pj9lSIQcz7KRHiVUgh/pjdXUkGW3QriXgDMWPmemsB5wA==
1603,田河,男,440111200401137212,RA4snes,wi~bh4+vsB{eC,mKzBQCin8g0ZCoyAeuII0ihjaSzEvEwFNL+L4SXWNta/Blg8zuWe0K8N1/Xn46zGdgL3I3UYa7iNPTI6H6YUUiweJQb78kME4gYYHbH070zakqggDVCMPpcRSmanFG9OTmN7r8nLw296Ek9Tg+E2vbv0pXp/eV+kq7j3BVttyKGSgrpUES05sIX+qiSRPNQ159ew/iQv3oETGs3c4TjZwqHh05V1UKfNAh0HyGtW2htFcl4IV4CE3e1D0mpSaLcZkYRH5u2g91n7Sp1wcP2kzoSte5SvJ9FNxpEE7gLfv7tnvYDTLKHpBN5i2fI2+wCMLC30/e7GPOfDiqrG7CY+Jw==
1604,曹梦瑞雪,女,440111199208236168,MBjkDyt,lvO2E`YJ;,MiGfh9lbzl5PS0LhtU3fYEP7ev/jKFWD2+qJsHW9Yw835ldCZewmEO42Xn08mHLr1VASvYeq1YqcJRFZQrxQaHDm8pRRipkaCEhHQjVnVxAz492RBLGzGC8jRPobxtWUkjaIMxABJlgi/VPWRnfWjtJEtlz6571Ex7BGhvy39E8a9ZK9YLPCP2A83OesRR7pthk/hA76G2aZKmjiAPAPkztrI3ukrZovwELA2JIGduioQOEvt3C5tXJ/+JUHIUxwOg/Q+z1CJdtP9a8mOOYhfomvw10NsWlWjQuRb7iZVm/YqhcZRCZZclpfPPt6pub1P4LfCR7s9ikJD4tR9LlyhQ==
1605,侯洋,男,440111197011217810,OyWoXTy0J,)l;?Uq]mO2*\=Yhm,DAXvVcU2xqc0jnNiktAxQn1xUJmHOwLcqU52o5Z5bCzFuiXQZvUthXupk7LlaomcnDGW4FGPBzMPH4RRJmurHs54KGxTHiQy/XjKYgd3/GxE3ebcF4pTIScYrlsJCVLJiQ15RPKt1/1mL/75Cv1ZlxzXlIGbwM7RHSO5081mirjs30Cr1E6O9IU3JCN58Ph1VsTwAxYpWkKnqK4JAqJEWlwHyRUd1vj1y8kfUQ86w4fMFKzIzLylwVw1LERKZh1T9MQ44uj9OlWt4iOvVkDXWI9Z5FjAGygy2T6Wh8Exuvu0iYW7JDRaYqmYW1c3mpbLgCuOMqWf3wrgc7vhK2Akkw==
1606,崔胜,男,440111198808230216,qeAKwKd2VF6,pD]b!AmpV,KDdzwdE0YTm4HpbLoercbZE+N0OLTkJkBzpvnhcsoyFtt0GHZmg3OylKmtxvkR/pg3DJ+j4Gd2aBksZTrcGnOuvmr885MZri6477D62k8h4EmtktqyfJaCF/zRwr4uL811hbqDNu6fYYf/gargJyfEIaFZ9SSlN37QBLCkB16g/mERdsVXa74BL3tRnBMQwZzyU5lyv9ZAd0xO9sMFw1taA19Q+4qwzXnSlr4zhzeSaAvAH/NmFKXTdIFFWZjzUaVM8HeO9lW+MAUjmervZYnyoh0ZQ5elRURoZa7WhIY9nmZfNqXwvOaqV/zb/PgUL2/gn7Hv4tPRu4I8kwE2/QnA==
1607,罗琰,女,44011119930902202X,hSbw5ym8O,HKIk}c*b#6|,fiNtdudqezi0FFVMov5nN+J+TxCZR56LlYhkQvXTLhst4xhmW1LfvAz6+6YE8NKiWP8YOGUOWkV6eU+pQ3lqQ/ZY83DFdq51Q8ynByAX2L/rPFfqzP8F587Yr6XQKoxeB4ShmuFmg6nv6NphAvfPGfJxMFYAWgC4vCe1MpT60LHAzvVvkxpelRy9v5TWyuFk3amkCL1trRUL0vgDsHOCM2MLJwpCtt3TFnJiiYQMMYOkIc8eXzDo3BJHUDiNdaXl+cNUsMeJI+o5jFj4Li3owJTQyS+sE72cYt1adtCeelWa3KMBOt4H+nmJsGi0yIEPdRA//mH86V5JEPH/g+OSQg==
1608,柯颖海燕,女,440111197409246507,g0gKkqEG,fA0-Ey5/vp,PJ1xR5nvTG4b7b/1tEMibsIlufCUY+qN7f5GV9914xJPK9fFWqK4zPv927bnpMogi2KMe1omiWu4ozRIJsqGoAHUbzq5Pz0TjJZSnBeaCdwwJUubSVuTHxgUKL2+owFeKe598DRY/KGXQufb6yWqAgSpIizI8V7UbkoOKEjcsoqifq1VZrCUez3ORDwdFWdwmOaNsNK/lwiJ1NCMif1v/UJs5mcu836QGnb4PYCos34n8k1D6gBW7cUB/TKIp4SVI1iydqdYV8Z1chmErM3UIsD0CGxUtNWR4tnJl0RJIPxbY1rBcpLruovepN1M5AoFbcdMHnQWI1ck847biuLhZw==
1609,付勇,男,440111200603073173,BkTaQdX,?K$OuV6*Nx<,aOjukMpUewFI6YUZqiLkIlAr57vDkl9abNuAsSKg+5vK5M0Dzn+c2tKtx64Uao//izswcT/IPCnjlWr1hNu642DV1jcvXGKmA6R7zbRMm+/k7zDlPMaubIfUUMqNIP/VXJQOWMiB+BueFw5f3i3lA/bG2tcjCPJaO2udCvXyA1X+mT4A6DaFagpe1SQhxnE2fAk4wqJSUuZarFB0iKPu7IyzkwuW24Uc6BLC4wVLm4fG9WGTlbLeYBDwF+K3pk0BkkFxfASF6JPqhdbcwSXqL7MxOpi5Dl3qkZ2R4GoSJrnwUs14/Yu9r+BhPHJGGdfma4pQVDXVEYNZwRPTmdAuDw==
1610,梁书豪承志,男,440111199510227553,TFtEdu,;JY:<aD?Rnnw9,ke2jLrI5ZN9Q55sY+EU33NRSzqPSBEx+gV3LfXt1AvbJOg+jW4VqH8moE5ytWeG3x23XRRZV/XzDbPp56at/XVxO53DNod3Ry5bJaitgj2FYI/Q5EDIQaChHURuMvzaltpBVA5xpa4q7Qury2XdDgEhz01abmb5iwHoWi7iDn/HIZ1odKDe49aDZW0jWPjRk8t3anpUeC2Qk5jI0ebXqwlhNmJxhVv3d6/P7xB6mulzPIueqcqWyFEjHB1w+DkVH01sQOo1VDv51eck5TeWp6yJP0zD+qXFrKrmFJt3ofdDogTzmt8wF/14Ix2b0oxIccrY8/W3tF9o4cqjhRz+zNA==
1611,康涛,男,440111197702187438,0uGyV8R,QYDUW=H<rXwj+fq,B28tp8+tqzV87Pwn04DdzBV1fkwwi+dAr3n7LJYE1h7WKE6Y+p2IPWzfgeo1rNfayPJiKw9AJtN3e5M72NkDYvinXbA9vF5RYWbi+CTp+gpFeDkl37uHHzt6Iz4rquids6+Fhi8xBGidh9+TALGWFBagum4KDwECjdfXjiLapCDHQpg+PkMX5xlBCBLf4IMOGk3GdjkrEaodix/ht5XOU+icnS1ZedwKEb1xWU7xHhADtsn4QymleTigjdRWR0Vwu1lxugNWLTYY0fCz+J9floHuN8KfBj7h9xaRSh4s0ibFSJ1dq0iHlH/SXKBiBiybPu3yGpacjMXz4pDniJsbQg==
1612,赵如意,女,440111199701211722,r9MajB0aUst,0I<>hr3:SQK*/,dF+UyxJQl+/8Xl1RlzDW0bcDV4rUdmxgVXdn98Wmji4wP0kAwLC4Gs4d2sFeoKPxcefys1TohvlTMKt+wJbfd7IaTxQmrqMaQsTS23fXDwrTFHLkW9MKD8mz532uo6oN427oWJr0iaEEPsL2eT+cnxxR00TKdlD5vddPkbM0P6Bdnmns9LZWCxhI7E8t7VY+/8wp+6Hx5fVwi+Syx8DtsbJY5PNAA/9THOq4RcxQN9p9zgxNEiWOGO9eZyHsfunl6JwPJjEJSgKRheKGenvVywbjuzBAg44oNt1CSy4dD0U5elmAzilemoIlJ70aY1wkbjVSblqvC61JVYOymp7I5Q==
1613,魏依娜瑶,女,440111196903137440,eeygwwIdO,r/q2O>1)&,moSMMvwIHaECb/D6eIk57pletzqAiNrOBmYmDDUsGlRxcEHMrPfajBHu+3fGrmmXke2Jm7V2XWLiIZrPuwoyOABphqLsM94Dwo/zUfEqH32DICSOahTL/cU1rf454vb1lpHsJHQmud/8d1mcPxZwmYiFlaYAsmY0pGgRfYlPHf0ziMFg1p/JUnRhFOrENa58TsA3d6Ick6SZh5zEIhzD9HmtetG8KlPEQKnOYKH0jmFUzd2I0vxFMGq0dLW0WGhgHUnWcN9mtUQtz73zQSKuRoWWpqVcpEQpdX0ktzkaYPf7JpkcxvEga41WIkDxVug7RhtvYo/Gx8EzTDApxxm0bg==
1614,马秀英,女,440111199404187543,jd6Syhq,#5LXQXeKlpYw,sblVELIo5k4xguUY8QL9J7Cadn5bOSXw9/04cQC3m+f8ejMdb0q9t9iKjxp6K624rJVxjHU4lfU5zR1f/oIpuBMxIJM0w2OkLrpLxPCqfYm2mAsrYLnM7OQIoV/WPAQSbZfQUSRsxFaJ6adpvYvSXZP4/mw9wiIh1tvGZiqssLQTYb++zHloETvURkNec+QhU1bCbkm49GAvfopmQ+uscaTEp9gbQ+LV/PmS34Oc/Tpc17X3z7fQk6IaEK5uZ1Rm/GfZZw3K3EdV2yGnCL92LiWSumATFkFOmkusEfGERJNlgEe5cGcrM5ucR1TImxgCLFH87EnUr/4PvQyjZq0GHA==
1615,温韵,女,440111197402064225,iWDoeJr,K4klO4-A,AFy2rnVjYuHsj0RKMRhqAIEoOxG6c3fkiMMbK9+sKKuXYFWj9tI3pCcP2dfAS1sRbPzHJgGmOhSbWHvSSEQj6O5j+EZQfZkE99ZYbEKc5KhJGhPTv83HzzAc/3mLkP38c7yQjAtjmXBRxNon48mUBywTeFZV3sAm7RqK/i6VMuTcmB0S5ScyGW6xXPbhBoPJ/1sA8yBBfeKLpFdlRFiHMFY+UBx8+VYcBp6w06Dgu/2I4NCvc7jM5uLRvTCLXFbVm1hbc4eM/oaGFIZxyocGhDN/NBWo6fyzGmsnaoklsYAOOz7Pgg3LBLe7uKuBHvWM+bLgNDbt/0Lxkf9i4+n/Pg==
1616,牟芸若曦,女,440111199401290465,lB6L1gGR,P-bhXb_u,xrBjpy114RCtfCTJqWgKRMHtbMVVKNpOqzAjA7Y/mPs2EFVWMs+WI1MrpKRDa/VcJUihTiiyreokPjVcj2B2r51rHKdA4NGkXsemS5SIqsn1xz8WnHPj4eSUqHL9WHD82g0rYXkWRmxAWI4Maf9O98wxS/IQmaIh7Pz7NVwZkx2DQizMVYKO762mtfzp992INfMzp5IArv6NemHN6V5TU2BM9Q3X3NgU5Td+Na0PW45Ryqr0j7K0EIs3Ym/l4vAOj6Ff2UV2h8tXWtYryYGYeGhEKbnNX1JZf8N8hq3DMZ8KwRRqk6iD2/jFyzCTUisDaEyKXYI4f4xmdY08Z1w18g==
1617,龚武江,男,44011119940502843X,xZQlWf,y/GyPyzG&88(~m,myOXMfcsaLdpzzNkTvVCLN9W8kWA3LGLigjA1ohmdLlvjmsav+AAmbQvfVL2LmJQOhlpEAVQZcdDdxSgOm0pF2uGUJqJZ+f2ThPUg2a3f22EXqmnEPb3Ed4JLkuXtbQqoULrbDyQPT2LqingCe4GSD1gtHaxfcuLb28gxXvldQYzp7ifPS/1oI/86gN2gCKvcqWemHaLEhd/q8g+RBmu+1+qP5lRCjnQKs10vSswJscQhvKdkUrMUNhDFoUQsMzchIHYVNPa1RtWSrhnUzbX5ZfLBqlwePA4qX4buDKvZLfHoe6wwwZZfsemNBLhMtUJp+F4sdvx7QwctbtSys9GbQ==
1618,施天宇,男,440111198210088112,jXDeNlL,ex/Wv|hA??fdfS1T,Q2mfr0QGNxfYfCu6Tbr2MiiNj/EqP2PeeGpsecH+yp5XIT2F+iHFh9Oi6QG4FIm/JRWXI/3OrJ5yWrgy/C+3arYyvXiYTLmtFRkIItFoaD1sj/jPBBeboQgwURxkTQgWkDrEw2jTZCOvLNqWEg9S0yonEv+YzUYJugERpR6rDJpRLPO/nHcJLB5jRxLxamWV5Ep+05l9SdGLH9b4TaUYAR6HALL/lByw3olsZF/L1dbDsLCRGNq4MQw+ftza8oaDALY8HFXvpYUgdTgmCgDOj5R1rsBFnyN/xZqxsHdJOx2pNa4YecwVvGsvc51IFLEMLQ7d9dqIz0zY5Ui8W0UReg==
1619,涂可馨娇,女,440111197407160865,P3R8osmqYTc,#~<SZ}I[,F4okoHkj/OBI88N2Bj4TWlw+YBnn7a7DgHjMDQsu8/IQbsiv0sJO6TeOj6ccBAdeK8QVhXTyKMn8Ec17xkoSH5LXvAkD28c8hg7uxy3j2eatop9tljsGCjmOvsDCatEO3JnLOVCpImhxZ/ivQjdhhj9v4kRL1HMys+Ai65NtJ1ZPH9ZDBSUZG1ZnwsXrcmEjV+6PNiuP1wpNj9x5yhtaTCKZDQmDibNwI0Cx3hbeUfFg4GjYPkRmo+Oo/AsPkHKzBaRtb560lYQ4GX31//Z52vEKldlqOgQpuq89t4DOqa0CSbfWqZI71G5qB3YRJtvImuHLn5JTQ7Mpd/ByZJ5Zlw==
1620,武珊珊,女,440111196601125540,YANrdkY,IL+>C?1#<3,DyQaPslIPHDBqABuWA7HLpq9dnq8pWFIdwjp1kNUA5ORV5jNPIDTRczNug96Uy4IKDM1puH0idSLWmjPIjWruiw8PDjhep3t/TNTcsxj1XoWDTbu1reSLUBslYh8314baUqd6ww1R9s5/h6DlM9L00iqJwh9onLaEF3Io/SK1mkAQTUOz3U/Z43thy78Zh+2YqRZIAS+/hfdy9+T5I962Xm5zNzsKjaenW8zY7RlLuJamk+fsRxVe6ieA9VZt/FYD2LfWmb9GSuYpPc+pdxehOuK65OjELDN7cE2rZOf1LrNdmxj+1dpcbqO1oQwd+E6dSxZnh99fV5WAp1PzdGkww==
1621,甘巧云梦,女,440111197110138384,Xayq3wq,YMsGUP|+((|[,aVwmIcfYcTdwQunKjqCxc0b+gWLRDLdQNTo1IB0ZBPaZTRBbBFtvpMkvXhuSZ18tPLHVeUbw47AVdG2epVbU1M0FFnOSBNhOknqsPw0bJRouALjoQmwJtebe7+lMDMvRlUTlwhUVFJtrU8fJW9Ybqqv4rjc0V7LyN+eS7HorBUE6iLIvh7wwVLjX7GYBUBx7AHLJGt5TJIO2naaEvg7eJnRmHMRZGkiDInGlOT3XF097kvXAPz47zCL8SU4ILpL8EPwJXFkInpUaUzS4DAhijB+4pglQ6Sy4mU4pkrMH+JtsuBH61MTg14xTLU6sFnzqcA82LDioDv+DFMXzgLPdjw==
1622,孔媛诗琪,女,440111196709017488,YrKctWPKqoF,A!&dx]FI??,FXHT6mLlf/XOkQL8T7LXCcDhZdX3ZViXKwVsApN7XDrkpBTMjffGGzQgLCMbE3QzAE6mSYxgEIQurP370KXYh0egcANll9z68um0lfuyweVN4egOHh3cUv0X5EZR6LwfHPsjI3M2wydASdwtBQCI27wHqC8xkNQZsGRc72LRNHntUC/YaiXBgKRboHU0Sh1Xb9M7T0yZWdRLTm8L0Jk67R1dAEbgRIDgEy7Vx+0QAyRmB5j67csnMMn4GkGo+SjEINmLzndMXnT36keb0dO0s6jxgGrk4GlBtYF+PvzKd5Z5zSu1CrO7jo84n8OZjPMxkkSi8/zg0fyvOJgvqK2dug==
1623,庞怡语桐,女,440111200408043729,POA2Pq,f#u27U5:[RN$y,ZBL4/tsYkCUItSHMeVkQVPYkvAH76gAw1yQRQVwGTQMNAA7Dcrp6DHCi9DXvkMwtLZAKkdjwbaJK399hJK3SuPStyv+F/CeL8nXrlpNkxg9F3VJQTZDqCHvKlLGaAlNfjgr1PsRkwjNZXbP95EhSV5KDrlSY3Pa0tUS5dCxo7hXy2qBG3Tbol+ke1gIJGTwk5q5akvxcfGgohYmV+H9zjCbe7U8palds/uWeoJQrzuoV5r5ka9HecvSRaJWe18X9RfvGx3eaRhIwzM/jwF6MFms/2MVv2JmJ/h0E5Bm5ESQwWQdjitq00tMV+BL6GZxsajjiYbd1i3CGqOpn4fsdQQ==
1624,汪映雪海燕,女,440111197004272942,XxY1Nt,K%Jt<BVBCe(N`,c6zg6QqXKYgANb5d+Gh+CtooAo/AMmI4Ht/4iVQ6JERRvFAtED6VwYn5wPuWpZTzE0PFLq84fi0p+wS+i4zfsgSddCsyZTAeTi8bJvg4VQTMgQkulOE743PDTUaAVBgsCxlimsdYkZF+B8L4kZ7cm0zlZDcdGKBiLHw15kz1CtQOaoJcwKbF4G6QitYPquzgxGTPOUn7REwEb/HMY9Sfr+kbtwXtsBIIxjm8VBmvF2AbjEGufe7txKsw8hAmqMNHjdFJZMM6kZztZ86cXlou44bhTcXZYJAVIt7UYgaG9hgNGY39RhAslfBe8NLS6zdtwoZWrsIQhfKVhBtTz2Bdqw==
1625,邢芷若,女,440111197004207323,pf366DGIT5B,wGY-\#4Tq!w,A79NVH8po1moddcVgaZoqdUYvswiuQ3MQmArSqEfl0pvYGmWty3lOq7XseFKgZK0SZCuM/cWC5tF+R+P5OlJBUg1fPqGf8dt/vII+4/AEaic8IAM2es32WBt4G8aD5rXjQ6AFuNhURsZJK9kNY4HBXt0NOaOr9qe5v2xFXJRtaNaDZq5vo9oLf/4uN4JRoagd0PoGocqPFxpE/JpwiPvsEh2wrFqyBC/Bn0J3aYCJhZ5nsMoAIvbeOtnwsjdSEUF2+qSmuw7nIaW9Vek4oUg7QGFB449h3+JKTY/ZW/nVIgobn6K6vL4xQrU5YFbNTU1mUqng5y2F6aF9BNDLsEbMw==
1626,史英杰,男,440111199907174074,aZEXsJQTnn,:Ue\{RIh+QV,gRrFcAy9q7+zPUXNsJ5GEokPAlLi6rm3yauvgZeRZC724sap5hGReKCzLVPywcVUgg/shbzuCVAYWyZVJ5FPH/ezZviWzUHS0vXqcjQTXd6wlomZh4Tt5/5isFyiN65YNhHL7/jxgqVhtT2gbmt2wGpkU3GYKsO/s2fXXefXFoJorc0eRW6ItXvKZkvtiXFW3t6ffY27B69Yx/oI6/mJ9gj8gCXAh5Lvo3Zli3UZQQW6BItLHimowfgeE6z2KUMBliMMkHgPNf2+4QwfPcIihj+PwnLQQzT4/E4LjAj6ay4x4lPA3pHlct2nlC//Y3juwpUoi3nSJmqhsnkb94QkaQ==
1627,郝静,女,440111196801319163,AAff4rIzOx,T#[jRdn-g}O,Wd0YwLGeAk6m2cMaAtHm4IU5EZefeyMiwt0vH0uSrVTqU4NzO9j2E533gCVmC3Ub1VMqPg8Si/9h+iWW1rkYr8mvLj6W7dX0fxOBC8uUHcyo6FABpTo4EbT92j1qxD23HuEvGxRmW3eui6Dm8C5Ei1eXVFA+Tn+3qIvbsQgaXb8mAMxsfBGkEDkj//9rzOEp0o+SR2CY0PRyGMS7iomE+Nd6weOVyTnHh1Db4/gVrhNzcRndGf+/HFRlbQKxzgzjH8KF5meTt0f6F/8KoJHsR6wQPxVFZGU1cq3WXuw6J08zCJmOV+r+iTMrNjTk5qKPKNO84b4M6bvRX4Jy6LdmOw==
1628,马怡,女,440111197205082889,wUrMOzZTkU8,&gO%6pH%IAHRjT-u,TnDzwVGO80VlHmjlxw5UO15pMHRFRxsTsQljjivFn9te6RXBYOufFotT1pDEG+fa2paAJdy0E4xXJXptGCdhJTRLyGNcnuKokBqAxWHOKfIShxuIV1Jxf/FVlZYs/P91QiGf9m443SIZ8O8mo4YBdl710I3EGGUG7PwsLgsmJC261+nojRIWpPq9abpObmxWNWPePsWKIhyYj5cmD8dc7Czb41842EqJ1/kwAHk0qHRPwfBhryA9MKzwGJy4thiV5mJDaTMEVc8gi/CXbWcf7jam/AA9c53H+sGTX9e/y2qopFojzLVlgKCuL6VE4rgPopiYwyjKbKbMHTapPSDydA==
1629,潘茂林昌盛,男,440111197809166258,pb8Jux4,Un?2{l;`$*b]iS,Dqz/387dkMKTZbZHXvTgbKLXfVnd1k2DLi2TWziMfRphUHpl/HB4f07N2ekxLTj7wPbcCuHk0t02dWaOdnL31u0xrfSdupuYF962UuXPXWYiYA3vO6EjMPqZJTvF+jb9IXnyYMkXYaPV6V3PE0szaUawCyQFSReuraZ0ml2NRcriIr1wujHiitzw9teDTG3pnXH0UkFjUfuipEduqSkzRpxtJ3f299uYsudiEqlr/4Qo3QStYzTNEwatsaYqZSoWqz7NrHSXvtJ6h9y40WAiYPyAEThKJBZzismhUTxWYhHZsOQGszB4hhPuaSS08kTnN7rokD15OtTGXkm9CRB1fQ==
1630,于浩,男,440111200008285753,qFeybJ6CLmwE,~O^olFie=,sK8bgfMaYLsEf78cqZRr6+5y5q9LC6YUq8goQ5x4Qcvi4qg79fVEfHejEYFIgQ1JxD8g7+3hlnYErKP5kHplRPqhowl8oZeFIz84j4jiszZrYrMsx0L9WkVCG4Q45rbnzcMi2qEnM7F411RotEvw1dfoJCrgHdL4CkjfAytoPkjE2v5g2ZJCmdq3INrfQ4ZLPy9iVYGVGiiYEesE1I61zOhCiTShoCkFqezdFEgD+blu1mkXxjPX2KH4vMfH/yRmMRgMPAvrJcHWU+h6ynPJZTB+3pVoMq5NGasE8LPB86mE+QKy+hIqS6ER+ub/tcIUifTr0683tEa/BLy/6amywQ==
1631,龙海燕,女,440111197902116327,wYZeH2Pd3j,:vG{LdI!6>Wo=A`,2VzGXvxFGDMuFVKNqp49hfWIT3GYID8pLMCmvKUbdAlerUW4iNARpXPG9wEdCSOTSR0a+naImGSlYU31NS3rS7DoqfV3tpaKXK3QFTWETi3JnYdbkJTtgJeBWQtLjuCn+lW3t3kPR5rlNtT0zvqSqQW1CHorHSuPgCKBR0lnSxaR0PrFM2a3QsUcOJY43+qMfs+sUBATJclbRBVa7tKhNVncHYP/XoH5ZEy3wjbgcIUQziBXQcXwRUTxV5LyqJOxO0/vRKNoN6E8BoOUGIQNHLYNMRz4kn+tjL1ZHzXgJrDmcH2VeIqDg7GnC8iLcBhYaC1XIZKB9nVMRyIsJg0Mbg==
1632,高磊嘉豪,男,44011119721211851X,iwxIrKYS,j=rI`t9{kr,nxU86/bjcjYra3kJkOEbY77R7u1jyEbXqwPBBvLlWiFGBcxiD60kz3yRHe8FYE0C1xtf1WcpZ17vJjBy7jaQCAljoHOt/Q9QUW+CqHD8NQszFKS1fiwQb4+EZDjoQxzs3OHbUhtn9rgu9VZY2lhsUp8kAH0DmysarlDaOxocf/eAhF+okihduCd4sDLklZekkkbicpX1pi1IDVrpicPPInqyXNfTMsqpjiGZ2L1wKa+/PXBuYNDrPHcy/RgGy6HNStvTMHATduv+PYMNvJaemqwTmwKw33XJ0hM/DhJpbPelRTPTsQzaVE0cf1unxedik+5EtuTKUahQv6N3vPvKvg==
1633,熊涛思远,男,440111197509302211,pPjqDH1H,<r}#ypR?,BBFfTVQyQ+3tUjW/yJm59wUnpVmJW26FRZDVZW2AoxTvRZ+i2pIp8yKwjl6o5vQB3cjiVWdO8F8mtw/CM3DLBingjNrhlYHM9f+kmkdKC8hLMWt3bcv0yW/Ajy0wKZAReGhL/3uGnxI0103XyyDGrygT6AHhzcrtk5pgeTI60Efbg3iRVj7PU7GVAwV/9azAfP9rtOiREhlRIB0pXGRRPFiOxIitG+RchxJQmkNAqMKbT13g4zQoXxaMCCjhtQN6+Pnl6ui+ufwi+jj7NL79CHxSEtrDBtcPIE0ZJB3WREcDz9fvzFwtlJQgK1k4JbMIYtcKHO10iSneg4EBQGdXbw==
1634,于璇,女,440111199405049249,xpTZKJN5YU,.$+IK[Jw:6j^,ZY79pR3kgmxJ1XKsHWlviNDh3sMBaL/qeLmKElSlDtW8QvMAsiXqeHZ+IRClVItOcWmDcaCJdD23rb4JnSM3w0W+hjFMZ7YBUUXNqtUPqThA0AiyLoqMrQx+LhO1iNGwPPx4JOkuOzMXLOqUFYr6ApjhcsYyb1UL9MaZ26srLU5RtXQ9T5gHxbJvAeyz/40VnPjGjqu6u+QH+4IhObN0WFd3XnWRghZtTnVkRbMpJrx/AE6bLD3yjKAZ+Rm6IdN6ERzMjiPFYyKpdKKaw9S8Rf5J/xRZFL/vyqtmRCE7jM9laE9ffVoxPDH0G5yHBmSFBeBOl+2nllMD8iuuJrc23w==
1635,洪信鸿,男,440111197804300999,tQs2aaIK,k_m#fhQj,EQgLNTQ5UJ+mUXGAAKnRAL2y/HIWHfhcITOGCzpiE2IUjjNZOqvtTS0z4DaAkutVzcKDsWgZSV3ygqxvUafGjEwA4P5rINXHeeOEQW7mHBqhV/UranMEpPMRM/realN3CoUyXT3VjeLY1y/ft0eft9H3x2EJVINsHSVPgjryCwVJPnpGfXXCtTKJyw2QeirLCRkL9at6AC/P0svzCtP/rvqv63Qwl2ZxVogTxZh3aqfNnnfPuql4lZxU0rqjldOGb8Skwo3U6blCfwRdnqGJ+WZrhVkWXWOf+H57c4gPx7H+a10a06mNeAsY0qBfs1UsczGn0rVbMpq2UvHivUmReg==
1636,温康健彪,男,440111199601192093,FXJRJfdC,#A%yQ#bnIc,yHQFmvCyH1svmOkp0mqA6a9x0ByUo0G95mlkqN40WN1iAf5hVheDQvEnMFXiMNpGnKoQrHEqS0AOre2x1Nq8dpO8emLIOsg+QO+gWXoS1T+AiwDEISPUOr86uQWJse1ajwRp6QjhqBaDM7gw0vGGjsUmw+Sk9qtjRJoqrCnokm44bYZYQUKg6KMUBLn0A3+zdYddeuhGuU2UDh8ThOImRUp0jdf+9An3zFFLeiwEyVcWE0zj+fRFUC9E/ydgarrIkDLJZxipQb5A9zyKcveJ2ACor8kY8YJbKeAaV4kCPltmLmn5QEYRTIBDJUal/e4J40HkJQ+EmsnWU/sPyAz70A==
1637,宋雨欣梅,女,440111199511223124,VprFdie,t`6z$c|s~r},POm+e8FNtQMGQ1SUmaJJoCBS1FEHp/vmF2wfsqlXW9G9VoZwy4zWZnIH+igsdOba8vS5t33uB7M2FjQ6NGshUmtKvjxQZBmY20/xsuFf00WnKGDdHChQtAJ6y5QYcYAD07u22FbOVRmYz+EYmTXeR+6/TIUEIHKQ2q5YUJOcYO8j6RHTDT/M8ZOdK//tuuoyrXR39pDZpXYXDKYbk7MytsV24iuLd1xtKOLb7g+bQwCcV02HwWrV98QVvEu2iINVLNa4MoU3/pR6zXHl9jqOESqvogY0edPpHC+UFQbzx4YITHO1iyvatASTd1tT98nL/0rxTUdn2/sHgmCTfiBgFg==
1638,薛秀英安娜,女,44011119980706090X,KRvyyLD,XD^wIRK-,XPy5dKrZGuCy38aGHZm0eskrX3fGlikkh4Vn7S4U78DiR909VSMFareq3FJzyTXIBCGMnfId9d3UEtiB51HK2UrySpLkL84o8EcKOUgdd+CsBGlJ8aJSTNBs3qRLQs+mgy/RhHAWf1zWx12MZZRpJE768pzwqPn18y4NPeSpTVQzuIkg+Xy8jYGiDw3tP5YFN54ETORnsVvLRDuljAUJHbLy6S9CTB1v25+xU6Wr7+MHA9Gdrqwxk1DiGXt6c6uLOZqCTUkpES/gLtYQkIqT6X1ip3LJRtV/50DvSoWc7Q0xMrFoTZDJdwgeUyxgz3PVh5OdQXRoxMTpSnEQloTyZQ==
1639,胡露静,女,44011119910620320X,NmcvClaSgH,%wk>X`pT,wh7SOW53NPufgWpZp2jMHIItCC/3/IL5LoK6kGhABeM6jhzA7GHzo/ppQN9/EGa4GbRZjHNIM1wyRfUAaoQ14lEGKRYng87KQHNZtryrQMLY+p7DL6jB1+BJWwNae9ZQFD+KVmOFXSunWbNgW7r/cakdr1+L5IvzvpLebMw9O2wQgiMWriQLGqhM0Ziyze4hzQ1TRAVyOJcCqhJOZ97ZZXk9iLcLrAuZeDipTO08w/n9DKou5NnyEf8fa4ls3yJgEjUOcFMciIjjKK8JiUow57UycTIutj7O2CzI6Sfh3EOKpgkurMIp7C31fQ96A9li+E9rMqdpg6nkvme8TSKA9g==
1640,徐超,男,440111200609227815,pNK5nfJcM4Y,wh.>SDrgA,ITKXkKPosLGm2eRRbU8KJpuwFNyz776qqudA92Vd2SlCEu1sahdPholcOOAarWU33Q+G5v9MF/Gp/pPyHXkYKXzEYjbKhaBT1XaX8ulCTXimXxxgZJy8Ase+PXdoDLK2CT083p8nP4p5hAIM6rjdATrEHUBEoe1zAt1AAYtdScTWg+9/hRbDEVkvky5Pee+pcaJ5/dyOnx2+m7xlJB4JyCLV02SzlT4hJfYh9DUEgHTENpKyhhDSESnYYI0Xn9SXphj2ZjvR0DEQqAY8AnidnMIudn0U5fcXBap0rYNKsS4Ex1Q/bEsiVjK+Z/xME7s6reLt9t7aMHYvc/gIpTN/Mw==
1641,胡丽,女,440111197511242107,KCYUK42Zv3,\V-I$n7sc9h,tVesIO5N9m+t0Yk45m3rMe2nVTszatoh0tywZT1o63aSLVM9KcMWgkARgXn76+zpNWfjJwayxj7Wqc2LDpoc2utUbgDfdc97sruHcHWvTsLKjH8RzYQ19XOcEfAXclyoDYcuYN91DZBjfgafEWUIGDPskrg5rJh/g8+LqMqM0DP+JVrktc5WodFbt1RihTSbwVTipgRLM61zwSZMAUil8rIRSBQnEtuy7yGRGxzzwjBDwgaOYSToUPzp5nXjDAhPPKva4m/EFG/7IAoFLSJO4bjdj0xTRJ0LuPzkp7H/vMUdU38rYuAzbDbtJP/wqb29ZUyAGjvUgTAJa3A/BUoIbg==
1642,付紫薇雅雯,女,440111199006280507,HXAN6ERrMra,5Q~uycI>pW0I:9,sDeMBI4GOZOxDlHu43jhwpLnSJ97lt7NE3FJIqTYyBUt0LYplwo/Y6BClYJrV8S4No/Dsq9wDtoyDy8bXHD+sySJjnGAsEBGp6+coUGcQnjMnklYaXr1egT5MoPTTx27sgs0MWp1xP8kT5id4XtEwbhXZxC4mosmjNmHkVdvKSehFHJTwsm1asYpv4RK9kRsb0cxB1M4eS1T/F1F5GB/ZE37lJyUmo/7xuhGwDY6UZsmyAGKbM4pYc/wzGWTpsXKhjWyzfvxSg70uWMwBCbQEMPn/ehqQQmS0S95JRr0lw0AtNbs6lL8TS6SM3GMcUTGaiL7flfdmPhF+aigNLqpmg==
1643,葛旭宇航,男,440111200501244373,ziNwl0eC,|br+RFD/qobVZH,DzetpWJ1HUo4DMDrnvWbUrjXBPuP5Ek437cR14Aa8FErNLIn8IArQRGaw2HAAio1uTEImh9KVJt8/AEYKQm3S9cS/kamEtqb2ZSaSfuyz3G3k7pzs3nMnPQCgjPk3/UGTwki7+CCSb14hP+E3Qhl5nZKtFT+g1chGvqRVSKANEKxN0jZEVxhnTLffi9m4sq6QcH+lC6wQt6isHFoGyxy33K9G38VwYu0QTHa/UZSR2yvP2NvpLyIcqxHL232xK3Jo0GO6jksJWekYzv15m28RrgVsMt6N1n3QztzR5gAX4U9LNyQQ8Do9fIW62kI3rgcFZZv4rIA5xasBN0qqDclFQ==
1644,葛永强刚,男,440111200004200353,w3Bu0fc,Q.9s%{+dJx7^a!0~,aMCChcPB+Ej6j5fVRFQteh7EFUhmB1ZT3ZEFHMZ/BTiq5xm5KQbiUNCWoaW+LT7o6gPf5Wk9NxPwUMbmqnvE+B5iXoox/2zL8OSCEsihJbz7lFh9OAjTX5OwnqWl6S0gdP6iIflG2PCGRPONZm7YkGRCDzJcqvi+d+4/h6Pkt3wV/p3yEOf5Mmihz5kFtgRgh9oV6FG52cMn8MuFCXZn5EU6x0mbwhGVy5/BkrdO/1bB0dAzFxpVfWd5WWgwxnLoxJ4A1G6m3skwNdF1jtiXy9usS5xKPpLQ1elsVDYh5kU3KjtnuuadGVpsgG7dspQgzIjYqk6KmiYFaOFD2gAtCg==
1645,孙晓峰,男,440111197703029618,Ru0nn4Tj,Pxw%H~V[K,BlwbPQJhfrDrf+MGLJ7pMWZym7Chbev/wP1geHiQLTG6THdhIdQLbeoQYLJRL6BgfwK7n/cJY8xWg4i+GEPDR004+8ybesEx6qs31PCPQrCyEDaeMP39LKSM3tldfuSf4OT8JYmn+IcwJpJEQotcL6fsRRWE2DJM55dhcCKzk3WI1bEQ6ZKFUsJzG4+rWUYtOzkr60gYOfs2x9HY/aFxp6WoZI6Fk21UwlVqii2uMBXI96cTkwXCLouVYqsRYxK18ZKqn8TpApX+JxK62luc984VBa7Ot77xhKhooLuACLlmyx6qy9lS0FkeJGl6G+z8VeWNv5Lqx9LiN5eH3JC6VA==
1646,童静香,女,440111197711168765,xpDO0R,FcO7jyODkD,idvSwqjbLCKExsBDYewoF71Kibz+qJGD5hIjI1qZ3h++lZY+ZUCjJ+Jdngbg+tqx/ymjP2MWeo3yOqmLsGt8AkE3RkkjRMay+TEHYOJNHXeGroI7/hucBuzQ55WiJoW/cc1STYe3loDKDXr7UwKF7/2s7cxyb92jL3SJeTtbLRt/S2tQMj7G5m2KVWngqN8lt1OihJOGErgFJ+OogZ0q/pGlSPnFDElINgXITGN1LENcaAeE1ApyogdOEWJmepB+qgolJcA+u+iJkwrU4utpx5Kl4MPedVwT0GhsdyiloSqfCx+faeXGD6QcfBNGW8iqX0uT68elJL0LHjys9kT58w==
1647,温勇俊杰,男,440111200303189756,fmZkVGF13,%Tn6(k|geEuE26#,O76XvNHj7hHtJmPBBhccGBhqjTIoOOhLspdZOrzw/gZRF/WNoJxhgv+VxdiHVJ1vTsU9cDsTAGXYqGcRgYljRHqZv8Lr+DA2d7NcbAcDhaBNnH9dwHwtXPrzOm14+zRmNzMvhg/BD6uoYN2rtWE59i0CpGp1QNm4QlOx/RzQdiOH+1pcM5ASnbXBdTNdY3aAuZRSufcXaxBznSwI6AWvrSemhPLIzZnZ0mTnRufiqqNcFAzjYlwxMYrX5iMKSlTmVvfBPUtJCXlOsEgVDxuXboY0LA6609na4MDxqeDavc1oaogqWWX2Q0fet1BuMqcQFIUW7uJLBeS1wJ9I7lvDVQ==
1648,蔡瑞浩宇,男,440111198405273596,G2Klhnvx,t3_{yfe^j6WVt,hPOe3kdRhpSSwOK5m6suXMEPriziBKPGxrNkdCJqSNsev5nsyEiNRdtxbcDPL7m+fiDf5keyyKi7Tstfy61nhTUhf1hvSlk/APH0ekyqXDkD87JiY8X7uHcDJFJ9wOqRg3et7pv40Y2ew5bvWykNRoE8fcrws0g3KdoxV5A21a8BaGjopYb4MhXvMVXxV2SbmwPhnDVGPZIU77sG9WzUCCvx5LiPo/AIjMqHEhspi/pVGVVImC5haDcXTGBCouU+UdhLtS6M61jMq3s2BNyU6xd63QoPJtn0xewc7MyRk/7yvX0CQ5KnheZvfl/DmRljhHxJYvNg6YxIcFOzQtVxrA==
1649,钱博文正阳,男,440111197807170077,LOx3NegnRGGV,#%j3KU/.l:,ekLq8mQVNxPUdx5ytSh08F8JL2quiH8kt6jN+Pc4QLmfLAyGXBCpRGBaLNze970cdXKLueaI30JXuqV/MAI+gq9ockHvcGXIexzGk2B0GK+kOB5OUaoY8bFm7gOITa3lOlK2iSenrzPPIWKh2NwJKEuwEearKMa638mqkXd76us7JmY1RHagm9vPCzqzsRoBseNjRcoDQylpU1WwT/COiUQ8QBHByOIt4IQmi2zLCpTagngBx8Xcy+APbgrBciwQw+HUpj8eqVAWDvjqbTWfAEmT3/z3dD/53omCiyhCjmQ3qsLCl+Z9kCuB00IenyvlphdudQoj3pBy78tZzUFwPg==
1650,颜曼妮,女,440111196907194303,fTf0dWPb5,4rQ-R7T[alyZ<O,AM2XbQ5w4F7AYJcjXA0pZJbelOM49kyOdLkGn3KKZhWJYxv9e5VgREC/fcz+iqPEqs+KveppBXYWG0MZ3DY6J/LlJNvR9gfR4b5bPaKWoV+lTG6vEXgKUSlM7ulFnxz9dAgXJV1yq0doxANF4G9znN5eUFKer8KjDhOTl+Ii14AHJNwGlUeILTh87T41NyCxzlOM81f6HSGF1WaL53PVo4kWZN8E6tKs0UcHLtimW47HCgjenGsHDC6KsM48CtlXGxsYsHaJOtHaPBZLSZt5KuysxjDFo8DFTcXLg52dW2zcUy7z7t/Or8xXXLlwZivCXRRH4/CVa824vhUdIDmwAA==
1651,袁佳慧,女,440111198410206064,xVoUO8gUKv,^ewKXd?},BXuzwAXyGvqKFwqFFzsJXri3eLelS92hyzHLNg5oK4bnRj2WJ1RXIYNVAVii22lw2a/VUvWz6LJ63bdJYmr4GuafkJicE8J04ieyTvlIt8bMZ4tOG115fUTKkP5N3NRfc5SxS9lJCBFu9mVxRjpOSCUNcgybfWPdSH58/5tg9AgnVDiiIaFS9UsDQWhsT6kemEwGHvoG9ZeB8s/0rtgrDVJOXD4mWAyos5vfaSDYVP94RHg89qPN+oEoIHnhpkKOU5qW41luJNP4j6MHEbZaashhefmW4WXpI4rSLTyCEjp0xmb1jtAXMud7H8V3QPhtDdzljKkEStojTUHQRMJmog==
1652,葛舒雅红,女,440111199407046922,h01MZ8RH,}\X9/NVg8,eIOzDohBkD4nALNXdMx2Ch1Vp4qEKRJ+PrZL3OJsOCVWj4fe0T2bDV01+vvbft84gxWpCPGVEYx43ktVq2lY+tbGS82b2onLnpgf92iQJmlE4xKvGFgDlVRb8xSSbHD9rDGXsKCMlrYSljLXB9qpUq7Zf6klvKK93zfeIN1lbAe3bQdYjAGUI2+NrDaZxvaVCuSuwlnyt6ySbVL5r+iRkf7BrPVU/C+A7Ja33hgsOrfYx6tZMz2RTC5dYG8ndNy4tsZLjvirAJaR611avpzcMpSWvONJy7I06/RBzesIr0DY07CTnoUgUhQoHFYdFV9ffcwggAXfE5/VGL5Ga50Ieg==
1653,闫雅雯丽,女,440111199208160941,RDWgrl,`zH<%17\sXQHxJ,lharcgIceTADAlP824E+XmHwdS7zCOT+t4JMglFPWUImfDxocCAD12iJ8MUFlRQvlY6o3Pv18CptzBjpmYCGROQTolzH+e456tY8w+zZZsNReKnRQwJhfxXYgY3s2pzp6/OzvtaGt7IEc5pHIl8+T+KGtQaApzBMovPjsxf5K72VZLeBg0FmzjqDaannUaV3gchwn86UCOmzvZ0FE3cGm/AyTlhEUHqHH/XqBXx4iZV8GNcbWX4xcWmyJvYWKgagU4FmlwAX2EmvSathmTH+Iu69QyHKbmT1hikUIF3/7RzNg9qoMeFLsgQd0BKWP93ITDmpNH2mvWtl1Zz6QaMiKg==
1654,管晓彤,女,440111198101023125,b9zYcLDYb,R}dJUO*D,fRNbY1atYHnhBrcNELh9rOUPatqUrDStNYEkSBW8cqvY5ybM/8KqY0Pfqkmj4w+u7UCY87s9phYLCFelfmsdKwmXWrtE4EkyQL8t7U05dlDw+FK5NozgwzT/is2a8J0YDU9LgkMXpLSioBHya6AxLsc2XxAnMJu1bvyAqud3D6zURd4gBpRGTMmN4u2Xam6KIEDzjHGdSWHcItZXqfSd+xYe0UrOuSGie6ZRYmxDnQHmUILvHx/AHerUZUKik0w2agwQ7/P2QnH8T8VwOtuyUN7w2mmUVbBjcRBc1Bh65C8CJAeDiwBQ3TkhuwB7UaMOrCLfB2DzHo2cObEcoTfKfA==
1655,蒋建国英杰,男,440111199502177939,ESo9TYjMpoFd,=~kW@ylr!p,PYW/0KNqntUb8/fFL/TqrcEIgWhfvTv4KDTW8Rnfx4hyKEXD2a6/YXvz/hEBCVJ9ZyeGINSnX2AZ8hd86ustaWC/hpUyrDTrKgX4zIJQG9sKx8hRuE/HYnkQgUIWKpuXqizoipCnnVplSXnULLFIEvjXqoC4G6yGeGCwzi+UkrbkSV8hkU0AHKZJvw651pX83Y1iXkucxApw10zncwMW04PJjOV6CE2SaZ6HhIno642HYuwLiNtuUCUlC8OFL+z4CX3V2CEcTXAF83vLOWqfAj6gOs1VBZui95199hj6IH17FL/Jv3/D40TJdebufPjDIKhBiFzZHXTaX4AeOfUeJQ==
1656,翟君,女,44011119800710034X,fP4Zr0Cj8w,1fU|fg\.L,nc6PB2/5COU8gXtSdit38Za5ZYEZfE0FdXU2D13xpr6jL6iznohlLAhuN5JovehHgWpHr7umdhjQGh/15cZ68OPCCHF3HNF+z4xBoO0gD08ZI5iongqoEBGGTmox5w18jsh179J8JpHyU+wKLdrnOay7jUQlXd+TExWO6RPiZBI8hlKcBq0TisL1McwKCWad8dC/wBJEMjxHmvLbOfgVBd2UTcq4fLXf3OSJ4s6H6viS4GRKKyGxXbEWWFWrlq98y6nfJ6X6dnTbd9H8eC01tG7VSO3kCFUmM4sVCg0GI4snPq2Gk0J5SYMg9DXH5Rt3KI3Y4m2SAVZWTsvjf1ZRkg==
1657,谭雁,女,440111199505098048,bDWZKtZ,E&\UwZ2:_t}^Q,GuAL3RNIwesegHztz6cwK26cdu0roJFsUFFfAbreyj0mxNU5vTKwJ6Wl9xNhhn5NgGHVhPoteiOGRYFE7GSUy7zcJeTIGCZEjRF+LPBMuHEI5VnLtYG37VzkuUY9e37OZX7M14uK7bpzd8XRK5rSOJXxv2w8uTvZPCHDwBYEAGk5uQt2GM1wukhlG3cvKH426kGdv0wQUUlNR1b8BHdJfc5rI6P+sfBLXR3/UC01loCo7k0iausvpXR1OtnDODSMtahHKvK4GwDctAuTchUl3kNJBQ46isKd+6H9Mj6tFhZwQENUOxcnb+8BxaRynT72OgBCdAXHll+jb+uUh4cK5w==
1658,甘美玲,女,440111198305302628,Ixy87evdz,8DA0|bh&>R-PEWU,XBUslr/9OWX+ldbFf3MjyMTUPMAtnUZOKbqFBRalTRaBt5uVxG8+Sm19LQsHXRAp8ND81HggNwUXBjURpn3F5ZjWkF4oL74St2dtZJ/fcAV7fxELW97QyJgVvfTQ4K8p4mc3eCSdYWV7iEjih0jjiiN/0F8bFLUOEODKPLdQv5NGpgYKkSHYH12TahYrScA/hsB7tu21fAcr1Eo32picA/4JwGd2PS+QPps8ipwft7xJtSd9jvw/8s6paeW8NDNLxk2qsHaFr7xPwbkjajMHjHCMpKZFB2Wrq2R+qZtOZUVf9+5/6tCKyMt7dLeZ/93XhPwqUyME82zLA1R+XVyG4g==
1659,谭语桐,女,440111199612188727,u7qtEWqR9vM,lARCdC#jSqMbZi%9,H1EtTN9GLMAxqY5S6ETgJm/37Y7wqtdG+8uVVuhwYtytB0/3/YnT8i+S03gtkW9VO0dF00orPWntXD02AVg8gAqH1pgxrUXbxJFIr33m51b7fmZwXTjJs4PlZGbN9SCsljPs9sTg1LWnanB2GtqhiQuPwhc91x+qh+ChQUDhxuy2+BGQF3hOVa4GrbN6PNObUEsnYNw5wNTegUWLPA5Z82bvxZYhwfzQMFiQ51SXNCsG9OfvrMCSsDVIhapIPpAeG+H6gijF5+eg6ne8rWvBFjVG9A5tyF3pD5dlPTmAawENMG0bAXazpEBoswolvC6psLwP+S+v5h0S4eVewt/60Q==
1660,孙平,男,440111198002101052,OV164txLP,w`=hlnogfh|=9(,oKhmSTvnIpyRZxqi1ucVxjbJ5gtd20FDOw9IfRfrX6RA0NaH0prC4MpsZCIeD6puW1DjHkO2CcSCd46r3MHXTw//hMRG5vKCBPyo7AgbtBi74KQr0Y9SGKoxeeltn2Df50dNEiHtj2rBEPxCn52qxzsUYUSJUpd9grsAgMnVn24r6zDQbCpSC+mQg8KbvCWJmYJRYfbejV5Fntq+91380ZBrTHcEOmLOz0DGILvhJWwFuhXusyOwxNbD8llDnSd+Nrz2I/XDWxOK3wVR/2tKuyAcQMBNkI4diLL9NuwT28LDENNXx6G7HKm3uveRTw8VnFENpiF9nyVNx/kreyUvBA==
1661,柯佩兰,女,440111199903276428,gHQg04yJ,vDrMEZXBHWsR7:A7,4B3EdUy21Y3qPthAPVQoaaBPshDQA8BSCasZTi/w+0849GUSwS4pkzNJWaq1N2sQGBWTFPNXRJ4AIT0BUiWGQQ4GNcjis4U30R+Nz/UBaNrYqX+ny0rdJ5/iPcUuKnrFSaO9OatC3TKzVtzAyBt2Uc3My/TWHk2ib2PuyxbZo1UYnXAy4ZdK6LOSds8vCVOj6LecoI+oZlOruiSThI/P6DejB4USloCFLGcRSp8U72cfV9Juv3Qvn6WlfXthU1kU2Io/ocbHOABJbMBLij8+ExucCwRazGs/erLWdoCQW776HGOEsq/ai2gnnnH7VtqKSP2TJbwPpbgItP10sOqy7Q==
1662,董帆达,男,44011119990912357X,sBPqL27FqkU0,2liw`dhWb}<h38,g7iytSX+hA9ZoN3wtUK/cTQ/pg+HUtdjLFMhtIZq72v6IzANCNAA+xxKT9wuSo0eGLOG1JoEqN6PxMlfEw712yW8/wImBd+MHPmUBDmAXremN1nvn5p/UIox0SEEOxbwI8ffzi3crNtEc+SrDY/2BzvO8GPWb5hIY4I2cnwvopQsDawGFXudS7ql49now7w+OTCbxqQ1Y5ucKevZcHOXgkAvGo5b1qjhug3ZT+xvyc3FFm1MaAmJVC7URHS9PrV2yrtGLvXuHoUaAUcUafRaKeV8x7a4uzfAvEKB6Ee0+HcGviIwiXiRAl5neEKVQCAtPlOyVN9nZ21Gz3CQVQDW7Q==
1663,薛敏学,男,440111198505083298,NNxADsFbRQI,oBq>94ka]8rI>:.3,10GKzzt4qtRMLW0RnFt4IgerZMyRmxwFmxX6u8jqx+cKVpHJigb1tRJ+DmIR87iaBVc+3gpaoANMxDkPOn4E+Vvqyf4uX9rk3HMlF3krGrEnaDkz12gVOXi0scbw/xfGQ6nMU8NlMX/vvjSVF6kq8n+QBFKjL4vW4a4H964GrJrRGPGeEyDto48EedzWWbIqy/23EA0d0jT7u5OxJBP32qrdNFVl45EH/UVphv6ANT2FFhtcAZXnY2jqkBXOKkjdxDyuMHWHE+MSUQVtq9hT2Zpc4mHWgYdnHzozuIyol+KV2AiX7FXIC0Pnm4K/cpkGEICRMtkwJYSy2EJzIkAKYg==
1664,伍瑾萱丹,女,440111197203282828,3UboQdp3BSTnL,}M/#4GuwOE,RtEbLRm7lgmxn9r8AyOBDJK5IyY8fBtmfRx4r30H2S0nS1qDhmRkZiM4jO/zgZZE+d6jkeDQ2aL2hKeUbE117JLcZ5+PvpACK8iWJG32GFyh5hZIFJgd5C9mgZFR8zRPC5bumQYyg4HbrZ9ibA3Ggm4G7ILolXKB6yIQujzHX/41y6utVYwS9H3CcGkl5yof6bnYrnDi3kzcGcqmHp4Szea7gWFqBTW5PC7Xb7eSAlH4xdgowWmrhh1CCfcRbp58TXdc8S8sDQq6+zchlCRBkEZn0oM8KC0+a3Rgs5a4wugaSFodLf8KiyoD0CS+0je5OCyLOfq1gsSItD1KmkKcKw==
1665,龙妍晓燕,女,440111198706023988,ieo4NOYKdsQ2,IC-HpvL&h@,SVGPO82qNvwycsuC/gkHnD4tsjit1EK26AzReVNqCcmcCPq9A6kkvjCnD2PpUhzKYvgzKgLzzp5/0HED67t6lzRCVBHMBLO5dss8JIsMJI40oKhTxblDFMWaRZKiupINJyhevA0Co1iodP7POZYNu46zLr+5goUEFLMmoc3UqgwQZTNysczugXVVfcNLkr09KSaB+h0fJnHMVb8UVXkeOCZsk9MZXBQod4Z9dzMsQAS/3PMzFhjWQA40tkiEJSYfRR86sWGsOiDS48Afq/Xw2AnE9SwII136kbcl8+d47jOBkv8GDaDQoWZ2quOlB8LgZ6J/QFfQ19afbynpE4BDqQ==
1666,许永强,男,440111197709124931,MAyiAU5I,#A1^u]zrBJ;g\4,AKG5PHi643HZCAYzS3sCFwHMaFBkS7o7ZNrDuZuuZonfBHJ3GrH5Iu32Vd0gDiqecelqLm+ZxQu7EQxG5ZiowT25ZNL5QhiedKZr30jRiorcjEw/fGV0ndqgReCbk3rpBrYM/b/D0LQspzlvyjH9StHylDx0yezAR6oVCR1uMZ94IEks9P0GZgLWMWDMyk9j4YKmOrxZml3S8lz+YD2tsBPaB/dge6RR6/cdbAJ8vjZoPdOs6AOSZIdkhzhXAEhvA++IEJ9KCm7I4L0nMgz6DZ0f0yg3dVKPoxXoJtJ6t4HlIXhN17bjiswi31UIvx++qvHBrrAn3OcaCwKYkFnzDw==
1667,康超博文,男,440111197608227157,mFUSJXqy,WE[C.@0|e,EHSnZhS3+S3xOXbodL4nuOqu2IfbXWpieEDS5/FwYsV65fE8mo8wAHvGoDoDKF7kYCYfrIcrZ/wXmI6CsXgCg2cah/vx92GnGdVKGUccb/eIClY+HzevxyyzS99NlF4Oy7Zk3Pqrj+BwIrT5lb+FaR7Av6UQK4Y7+ap9B+JVcjHDXK7EEPjJuwBHy7kRRC3x2CTmwO+sSqSXCG963iGA9I8t53/zGP62s5HBJ6QLOYLT4rLzyEEgIx6EJpiDvmJ6XWn2B0//3mpRdyCZpWP9BJx9Db2KkOhMeVg/J+Y19jcqr8rh5kCUEG2XLIOvBh+gau5VXr4aJ6cgm57y+Nq1nw==
1668,樊亮泰和,男,440111196512059772,qqKoox,IW:wly/!p8ctv6,YfVpoG+1OLhuBC5AA+KqZJYo4BkiS056+AUZuJ1BVF28jpV9xDq49sAODCixazH31DROjrTe9C22ZAwvghZwcokTtR/bcx+iVufp7nSvy8M1nthR483juiNhvQfZCx7ABThQuSWf2pV3YJGGIs5aMMot+ujXRtN22cfHa/WPo2AsJqW6xhg/MS1unOVAUV2nLNKnj1Hrs4ClSgKEB5zaJoEG6QSZQOzDANBHnxkPzdMpFZrbZxl4cj/gLXUUofuanhcuHfUD9tZPlcElZV6jFn1vfOJlaGo5/QDsaRXkDIG7X0bMRqCu/Tn5gV9sZ2STa2YZtDxktc8QR+PMPg0JSQ==
1669,田小红,女,44011120030622916X,NZuVUOMSEODU,}Ne#`SZ2,Nkbt8tJTeVIbsLOUlcWdxspvhCiZ5rLpLYif5TPXkjs0VxKRSrE/JoS4NtmwN20Aj2GBJJSS9dBr3FEWSBZ/OPIrDwmcx919TcZV01d96Rrn0JjJyvO1Ai+GP/o4vnD/HOSjMLTaCt9xwECiCRWg+mYbTNWp/yeKRQR0axNPQZ24QFTLY0VUkGHv2Vxj9r6hME5GIFVi8SsjpacP2vmetM/jLJiQsnbyIxeHoARaHDI1BbnfsBH1AdljNI2teTtvurXSSOkvOfBP1gVTMwoaQtVPUhl66fvzVS/ZAqL92WUlq/ggvN2yMBsN6Achq0AzQpVDosD2RScpU0leqX4+DA==
1670,韩兰,女,440111199309134240,QUr3VGokLB,.@%yC2/[F,Aw/qfp8/zVmQfqwQ88mPn6DTIkMm/gY+UCiP7Rj7ym5UqrtHFGNyYve1Ze4e56lO+18XWOUAU++Pmeyj/FhCv0mrDGpz9qa7ht4uIeJ7h9UHIg+7/0c/+WiqSv5aA+4Iy4UTfSvCMHq8b5av8iGBLrP3+E+nUO7Ss/whgQ2y+RIqTJ5lTgIsYoGXQAGJbvPRAzFHbXMItebPBeYiTOva7/4RqaH8UvNqh3kSLKkX4hP5qgEhrPpPAwYsU1Qu0nu/WK5vbxOq146ncplhDAq7aNKJIv8JxdujiBRZTmIL1T0BqRKDLV4b+cKN9VzlBwZkSxe6G9OQ5yqwB7tcKBDumw==
1671,付瑞芬,女,440111200005213842,0tC19FiaYw,XBVneW)R&Jce7H),kTXrShT91VV3buzvOXqSCo2ODXJyWgLGNTGRihpZXMPMl3qtxKCbr73XPP59Bk2Uh8EBB7i4ucDycF0UKUea5N1mNJwHdzqT+aDCBSidkMFTQ9nEAa0malDT6TQe2ujtDfEVbkzyDS/aVR+hNO+AcNIBD7o9atLz7ywBmyKAqvfKeTXm8Zs1OxYjgDJd/kGt+7Cw2MxeXwE3YWFYEgLHrL0+XiAg2uGu6hTCH3G+oP8vgSRjsbiPRhUW5AsBsawTXFMrqVBsW8u+eijmDN6/cDktjQYrbbbpPhuW7Cc/VLg1AP+3IQsK+uNdzGMgOiQx86HmDHYJH3x8ROFZPNRDHw==
1672,房蓉,女,440111198605221408,O6egG8vom,]q{45UA2}VG,RRA7lNeekN3xpI68gVqrsmeJgqjJJE5DM+OfqroQNmntIxsihsufpGUfGXhakoJigRK8CgQpeFKathk2wizugzUFsQOePp6MF6MbU+6PQAEPwOMP8jsQAd/q1Pgo+3nfAHRyRqjKUt3/ZmHIj9LFzzDnKDKooXzMe4cHZK/vGOqJyrqLd9VivIB7eOv8V/MC7TOoJTutSzDvvlSVyIZXwq8nge5evLcUglPRP0bJaoCaK8FpG4hNDtJMIkj0onNHX8ypfBbOn4f/tsH0A3UiFhjN4Wtf7703McI630qjZADjhBd7dQAekhPctBrNOQiceG3vQxiOA6oPro+CtvYMMg==
1673,钟融,女,440111200505066543,ZcU0qvhE,OG-f!%@Uvl{F,T2HTRo3tsfsWgTE1HqcOM/3zdvHrCq6WcgGYBAxv0twQlnX/Pl9kusaeoRmYjDbrmyRgxgzLo4oFIy+ybmVglAoUYEcZb+CdM69y3dEqI9Ac3ZCDxz+E/m7atXRarzouG5dMC2v1cQy68moSSVsfe77hk9kQajjMahtbjr37cMnbfCBgxi8euJaBroExtk4OnngGBKhB7ItQwlSfjUNQvyrEbu19jdSb5gczqy12eY4akirlkPd5hflQIJp+uLvHsrERrc70wgreH0zQrs6QqYuG5jVtXA5L9nmqieu9+flBt3O8OIUydQWJV6xok1lpM1Z4jDtlVaxgav5rmUCkjA==
1674,殷文博,男,440111199201066178,q9CDTo,rnCjuwkJK,LqOv95gPeR/ADnGf29EBOeTSFz9Y2afPcj5Jf5D5wjKRNlmtmGKM4EelzgeVtWLw72Qx04JDpo5m7hf2dWg7tITQW3ephk1Tw9l/5TSPTlKOGTGuXB7A/GlBZCrRUTLcxg9iWonCKl4PwIOc0Lx+ai6Ga00NrcLlqhAby0/NCMcnoL/rwjerOvM1kEeJSOGuAcZ9GITWf6Wy277XQOuLQEbXHaY9g1XzkHBoxC/Axd6GsKgffW73yaTt0z2QmYtSPKwihFpOC1h2MTPS/ZkTdxKLECCovMZifcrkpQ68SvquoSv6/1qhqILR2latIr1x4dY1ZQBq74cvIYs+IZDs7A==
1675,齐艳爽,女,440111197907115286,NJj9J5h,PdPFLN{uy2+,mO30X1XjGM0/9f3kdXepiSGqMxTfaTXLjQT4vOi8prD/1iNUH0GsH2jd6FdtlfsmD9sRapiUwu6ckVMv9AcxpVw7droam6hEXeh8wZGqPy1RXGRZ7IVivU9MmJ/DGwGWOJi6fC1pbh6cKiOIEaqTvC8+SQj23m4rzN5K/RGyKZbVghBtixLTR/zKCsb4UJEJrfu/X5wWw8wQ4aarpc41V043OnllM/VeaD9WnmdYuOkvWMDIlbftJ13n+rljKLF6uG1OFW/OWKPh6Jpa4M1qYFj5WppROi1DyMO1PTZUoBpbXpsooINCLaVeAFM2iR7Ul7LFeoR+O8CdKOtdouMUMA==
1676,白瑗涵,女,440111197712250525,UueiTK,W){L!JdH[gO;S>O,nl6O4TLl7sjDPPwtvOqbyvUeW3NdzYWyLA/ItwIBw0PkzAxzlKX4uPxclfQDrZ1Yv+usLrR5ksthZewJfW5qr3BP4AwTe5cGu99vI3wAv0WxIBtYkLhzY5yli5ldZUFWr5MOwU3mlWZCG2gAttRUJxVPNRI40uu7lZO/Bg/vPXZlEaAU2vn2D3t4mA6+IEWjhsHOiA4fpzWxXyk6DQ5BQ135MLBTHWPm7ODNDef9QLNGxANDI2zmw6hughGTx7/pMqK+YkX8xXR+Er2YVYTu7GwdtSqPMhbLXEbei51qtvaXFK9yC8wx93Ax3TrZbIC18jpVYRyAfTE1hbF0G2rdQQ==
1677,钱德明林,男,440111198608150350,ceYKPSf4,utR01}z>,VABh6vimcdUFb+mWEmUHPL2CbQmskRSpMpcsV1sQEnwOpvhkC4ljK2OIvAHWm0U9WFH2FfP15z7HOIskpVX33+VjuM/uNW0yqOn8FrSUOBq+hnGhhXAU6lycOlcrZw612uZm0QqKlLCu1eTKLazUgmlCksIMwaRYkgFGRgnblZwrsCO2PadmkEyyvBLfTxixz8ETkVEvcD0a6o4ulpx9iR/G+xnrv1UIzyVW6VddxXGV69KQJ4XmDyxxzBHS5/10DHEjytX0W3Wwg8+zIE4L0taCgQga18nHeElDeOF8EfqEU5MvlhZUrG+WFeGPBiOPGq6dQcaa9PxuKMMfvTBfeg==
1678,林嘉祥宁,男,440111197412079279,rrV4HVpkB3,@aR<?8()>OOp,iY6WBaMHZR0GobyBJiN03nUbFV1uzJhR+yjMJKxgynTnIcvsrdheGolIjdg45KXUupx4gxAh5TOj6eL8xbw9iq7B7DpSTIUy/CMn7R7wUPJ64JoRsA6La46mCeNQtrOEK2Ix1I1rNzLX15JEpqyeOOubaG1xyFUrWtJC2lTraE173ziH1kXU7N1oBWg1vnx9m9jCg2rTrz3RIFKvcje8pdKMRLUGSmhzzEEEHtGd+nXCyihScQ58D9qror/afDZds4mDBs0fSvphxbGjfxgTKOm+QzW5U85iuk/etml8vPd+L4Z7fhQpmmb84iS72k/touQxKnDhk8f1svwV9CdEKA==
1679,郭明哲亮,男,440111200502287738,BdKthxM2uEwL,s~)oX.)B,iDTDQNtu46JHoVS3/S5ACgARnU6XowF1KYUZ53DYoY4vq+zTCFOJMzGLx2/nNjlAFZ03O2r6Jhbcm0DR2G7h1cVCz7U9baMkT6+G7CBQJqhR/D5ZL49BdchSUzM/n9YTyY+yG/sT+CXvty7PsuVhA/SL4c3o8fvBjUOAYoFShhnsYFpHqVmNa9z4wcTEpKGQsj3B9IIZl+hNrrNWcxtYlnmpT+KkBh62knQ9/VmUCc1WIce9qOCn16PtKiH109VKgBPEQcUt5ILoBPllR+81pI5DDfZ0MfjwPpC1defcigQovMh8U3vQkhe08aA9I1iwSiOjd/D1ZdSCA+XCAeISvA==
1680,钱咏娟,女,440111198903309723,tUu9WK2Aydt,/EJ:pQ0>_,1jUo2nQqjYaw7zggGVCkxIQFzVSlqDE8Pwjla6c/Z+ISq3YW8j4DKmKvoBnCkQH0rOpc/+HXYxq9QEmp2BeCVKTl5YWL3E/kJ0A41cp/6COxxRhnpXNoJgt7yDSHA1ii9yerD62Jde0yCsei5W/NfwywjAzBkVK8ogGs2i2bEGJ0B9zJA0LCcvK/0nT0o+MPwOxsiQbsmZTXMHwkM2DZEHz7GuV0/mkr7I/SH0nEmQen3rJ461Nq2lCaY+cHH2lDMfr2AEpZMmv52bdT8fv4qcgDKQNuThb9lBnkavmhkkycQ4t/hSThLnh1S+RxlCJ+xSgyWLF3obGkJdus8G2LsA==
1681,岳彪,男,440111199111170318,sJqFrSyFAMu,J)UT|Z>s,KssoZdjnbpFwmovYpYMcyxHWRBsLIOhJEi0VI/+VfdUxaRjGVbEYRRgadGCotMrpMtpQKUAvu1XGGXrBswLRGFbNvYXe0WcPlYUu73LAWPwdzM+vRf0knmTvf25kcrAf//bRzT+Ff2fyZx7inyZmFF8Dqo/wuyKT7nk78q/Uy9nnnva2c39EBU1Nmy60W//NGpFIooPD+L5GqTWuagZiADy5qB6q3KGjrlbA3rtxoROtJcTD6IxzZo78ssraVFsjgsKjNr9zJu01YRvLOOp+1MsQIofPo/wpdztqLuQ499EO8JLbE2onTdufwzWJt6QlzKBZjqtdOn0x+HJPDMLPfg==
1682,岳浩楠,男,440111198501251856,O8CRf2nVFEDW,3SB0cwj24M8)d,Fw9pLeBR6u8ZS7Gve39e4I2/TwvgDZiVhE41e+7rEih8I0iOhwrLjjaaxzldoQTJDBVGb7aazRrE4TRyZtA1DqUI2NbjNSLFfC6gGQwxNTnPy+L67ytyDYsjgghtCKpr/VGApsd6EfIBBTSsv+q9SQnhU+OYCESuDWQkJxRp5TuVddz3J+P98rcWwf8/yhy73LVc7IdT5V/s2xUvBPKZ4GrZJQoue1lQROQTPU8EJ7iacUbu9cXWllgCigxYJ4qHK9EDtCBT+Vuz9N1KrpzpLfcO0zqD1Qzbbh5plgq5ozC61frHC857ZkJl+4wxPN1pQZkpWxfk2gnARkyM4OEUTQ==
1683,金安娜,女,440111199811026667,Om0ofUadE9,c~GiwB4mP8_,yvye/RdjPybeQ8fFw+M+uvlmOAfKDBa/d+OAowVfReorQNEwjSIdaNuQe7fKFeCOJ8bTlYXM5pmTBECvjrqTD+gXnxu9VXhVcL94A1YDYCiGKJ6YCxel4Qj/6KbFY1gKlMScM/Kv+14mHWAL18r0N66W6HWwrSMOKNiEwhPknf2C4tXFVBSGmL8dmXA9ke2KptEgcL8eSjerQ0OAz41PTS6IjTRFfcHIe1X5IqJs+w6X2WSFp+Y4VziQJjGWO3KJXNh7dP4+qsATW5YfYKE6Eu3XhyCaxnrSjNwgQuti3HPhNjrMFMlGOOKf6wkDsZaH84qSrDnH9aqHWNUX+6AolA==
1684,魏芷涵,女,440111200307015382,mesQTy89VX,OA~dblRpD}jgK0^_,QtW4KzwKIlndY1SigLTYXqDElPkD29WkjaAeLVMkgf0GPaAx9dOnghuXn7o6z8Ptvr8kOVSDGUiXS7r93mWgBJ/JMppKBv/OEVLU1dQ88bGJzQQTEmZoPPuM2ZP02nQlP83VlLeMnMycETFFL9Q7gL0dRpl+QNpVhkkRV2DeYR9oK8h0Rcbi5PK73x+EpggVx1YvGNNuLhpdznDsL0E9qIUP3t1ljk8PIaXn33YvaZpW86+LL/lP4de7pAbn0rnN65Btvw3pvTM3SHnf/Zo1CL1w4hKrx8WZTALj6obSgrbjyvJfntHHO/UzGr5qXzZm4ZHtPfRp3IDGB7Gfz5UAtA==
1685,冯如意,女,440111197806037768,IFHUdLXOjg,$G!Y^NJ}A:X9,JkqqkzDdM5umGRkOo7lcR+dyAS+R+kQBAHQDzGabmcvD4Wh3EMmgnGBl3EbA8GCTkUPsP8zi2gZ9AKLG7D5iWLy9Lf9/GAJrEDcbLKZkyuyMGfUrZjloptZdw7NY6YenKmbc1ITas98BqZQqaKWwAYQMVG0UMssZo/7wRHpgU/5CWn7aWq/s4MHuvARVUAlww4CyCRFe1rmZWkfEbrdQtaEh9CC366KmSK1Z3PxiwQYLPyfzyhGsDB05wHfeDZrafdx5dqVEjjpZn+0By+XBWfZN/v9EYSEAfnc4u6ld1CPQIXm/uWdTwJfAWg0f0a/fGjEQw3cm7MhvPQeiVikM9w==
1686,覃浩,男,440111200503030678,XqWsBCamHQJ,>.(f-e0MG~3,oJ7qEstZ3mN41ACxpPAvPijc0rjX0C/3+u7ZpS29JcRSA2h661EGtl4iJFPG8vmq5zNebdqCw4XO77LuS1eTMJyLwpuK+vJXiEZFpMWwZ5GpL8ibmVACBRBCitceg1HyItZqrKl88z6SlBdz0rLSDf+gTtoH7d9MlNO2/XwQyiT69ZCUDrZRdKpqDdPYLZhu1kTHffOlT/N6XV7pGHUDKLm/9TOFGH7kwdA0D59tTAvLG/syDzdi0aFTLpeT9uX3IYarVNHHYvClufT8Mzb44LUAMuzDZNznbU+9M4gSGwq75r8W7EXsJt5ZBGV9lK/ItA2TZtGZmweQFv9Pz+isdw==
1687,左梦,女,44011119971114288X,Ly9MFp8,>+s?poK_,4iimRijxO3wmex9uQN2rwbSXjizNeGoHY2iQms0qYf+frl60mWyrvkZBs79EIbG5WreTy18dvQAQByLrIu1JLUOUARIl0OecLbYnabyA+2ikmpBC/EsmB5iU062fXmYff1dOlGInaZ3aINOOwObfY87/tWSkKID/jdyuEb9ZI9q5in49CEo/5meurQr7ARnL0DP2ZdYxuQEWtAYyvEkbFB7avTX1+HHA1yKJuhwszhCKeDVI3RoubVkbt2C2p9/drkdinrF7bKIqvya/I8xJu3Th64m0lTq0J2N4BBZrwbaqGLoiCEr7cuGqjd+uIU1GMAr/XrFL3aDl7yojsC90Tw==
1688,徐鹏,男,440111196805188711,KjpeCkhCt,p;!]g6%!Z9<jo=,lMPGKkBno7pS7oNoCUbjifMR1OarYfVC5Mlld2LlgKENv4kKYn4Tlx1q4DbU8WddSIm9Hu5ci+JegUjjUjQuqml2/uMx7XiNq9TASdd9vJ1o0BsyU/cY9FChhg9bPpJ4nW4Cj0SOxOf9igxlZ3Dmex1cjn7s1IVE39Vf4cfb91lui60bmGxEUBkCiO854iHP4WXxCXJazkLKEj7b5MGeD+76FgWLdJrw5WwyVS76kUUf5la7HqL6ZuwS4Ou7xjMDlaOFdUcL/PSJK67ILf72XAAjJkxQYNw1YhmbohAnVSryX2pVkBufn5PEhtENfJ6BNZvJKyMEQSLOlPZBaw0O/A==
1689,倪琼,女,440111197711270583,puAVE0Ms9f,A}G@LAen!,Jia4joyVOgbyurgnVs06WIOSsELiL4Vh5v9CLL8k4O2JRq1/ykD0WY05bmzlk30yQ6HomylPX0OWGyDxYogtfjD52H/rXASAEiafUJh6ytFxgWGOPpyci9bqjy6+MVQEbq919N5eckt/Ehh+HgdGYjMSpEppiRC2hmNGwaQHXnWnJuDIZuBLsTRolOy17/nEFey5qO+JGO7QjmhpUKATr/7Ju0ci7Kox8i9ID2A2UCbGDPXXsLmCG7dpOhBCFyko99sziGd2xOE7N0Wha13DVEzGKp9nCj9mnMZfZj57sygkHd/W9lNrdtjEBVTX+ZOeuEIt8mpHCA1yNg2QI5gN0g==
1690,金飞宇子涵,男,440111197808278012,ihWoa0lQ,)$degbm(<9.<2c9k,gs7Jp9jWvvN4SDKUK4LWETjEAqux4eg9SbrLXr0DuZ3dPQcFAdPxXwL/+u7fEsJw06lRayTu3pHU0EGmawu+xRPg2i4biDAzwChPWL6ewFXkZtp4IMHribWbL2YiXb9WkHJubhU2q8AM5FGFSeF0+DVkWVoVyRBcLhKk6C85/ahrW45I85ePnMjJ63ijPPiRuNlOmEJqLRmvrB8uxhoLcSuY7J1PJ+Gp5x723HvtkpqCZ7DqOankYF+IbGztA2eLm8xSKL+pOH0+QT8nwat+nj8QGdp4rm5stkij2eGw7cCqu87cW2Nq/5oJnDSqnIHiPQmyP3oyOX1wLJ/gWB7lNQ==
1691,韩丹妮,女,44011120001225890X,q2ZTEEAFzs,}:]xQ>g3F@dt7X.,ezXxswR6umTJGrFF5YkwMk02JvO8do+3uvv99l+4unkWG+CiG1alKYyhLSeQjERFgwx9sCu9IklPnP86VGaJb1kjI5gIsoXpptBg+s62T+owP8BonHUvG+SZRH5OrPJGr5+vDAgb/A/4PZn9eNGlXrnIplwPgW44BMrK+kTcRz5H1wQlkv0ZOZJcW1MEhaPzpd+hqT306TKkFiqbEuJytrE42PVGEkDeiqYJmKKkMDVOXuEYrUFXQ2q/3u9p7HqF0KHtUhTx8PhfG/YIiMK7InYYCHxcH5iRL6zkM3l667Fr/HAnn34E8Fc52gc2BQ149cYkcXCg/ZtZUVo3cm7gzg==
1692,赵思涵娜,女,440111197507272186,d03I5gNepK,f@HmN(LX,BNxvCFYwMiiynjWpa7osXpQfpB7S9nnENsvkzaGnm+l1x1EcNoenaG6I9TBisfTTBOt+gVGwfTz/YhRk97PP3cTgcTxR/Z5LSffjCCdHMr+XU1JlVQ6s8nRTvWrt/cM21BEN+qBrm1bA+XHB27o9ZLAtbPXrVhQYrDkXv/p+uxw/5mLOup24wgfn76tmTwxAC4EAGl1iKmvgcEf7ArDm/7PcZQQWdWKOBv9Vk4IRBmlmCW9K9rfg2SkJyQJEluRUzrC80os1TDbw/XsYqyMZw9z8Fa2T1/urD7YyCkwF5IU8piASJmCizSq19R0ISuFCVa7r3AehpwRdwgLEGCBGsg==
1693,欧秀,女,440111198204269523,KoZkRsYA7,xIN\>zKQKK,HQbCuPeHWiZdV/a/BXczmMxUnVkkfWeYvJnwwgCCiM0gq2tpPy+eCfCqOrqcGBwfY+PIGtEQB8oo4x5ntLHCa/RfrInPufIAvjRqhjZpGdC9cg2OCcOcvgDhqNz6fPWIzAEVAKfVty5iGpVcP9DwzEDnyQREAWTn5B/66WipHe4hQfmPBqsT8rN+rfREhQdTbDgKzC+s9obyRYVjDJhLMtRAGfpw4xVvNPAO0Sef4Wt8wJQBAa2kyy84KZiAVdBuAa5eRs5kyWB55gQht9bkR3EDSjgUzoV97y27EA9FtvazQx9PMXrPwyur3voT0G7ZAUMtHd67ojKdI9NoHBzrJQ==
1694,方瑗莎,女,440111198207046245,UAk4JxiGp,3e>1?=D~8r4zCU,L90vE3G49fuOXK6w6sM5YRdjIxlnpMRSwJp/hc+7KVRI3+xBeVLVMwMdN96nC7KHOtRuBoX+4C1GGpkq9WefLz1aRjcOzmU2b0QmWC5xRr5lqXZxHnx77d42YCg5fCzBk/nEaQVPHUTlE4D0vu6RvD9hDBSyNsZ25eG/0QHxdeHuNTqFwtWJUzbkUUfvhiU+7V1xr4G/eAsxVltklP40pN9+jQJF56mrZJWLn7WtkuLFZnus84Mdzjs+7fvp6GwESc5WWjqDtu+x/Ns4CXhFgFYtlpvK6fT4B26JuhXCl8aMxqaG02FaxlZvpx1FXBlPSp/HUcUnjlcQj4WcjeeqNw==
1695,乔融,女,44011120020503892X,y3PAHv9EYA,Ckidkzb^,R6Jafu45/0DAciHeddhVGiJ6FIDGDC9KAkyb5rkx2aGQ2z8K7Y3aZPDAsUXpp0/vOt6cfLzCTgQCAfIhbDIYKTxw1fbA4Xx69qeN73CmMLqX9N24uVDk6tD4VNUxTIOi/fENtABLiZqUtMTV0IU1KPMYDU40TFr2xZKL2D+ClK4XX/S9qGUZESHFYub82cr34Aev2/kkHfL2RUilp1MczFbbQAsJtk7vusCfkv69YjVgliR6fVmxb1/IPZ4hDm116TpfnN7NntJnZxlYoZJRRO68VL5h5MoFov0gPyuPMId+5DvtCjk1aifGRIaWKbJOrV9fuxgp3CUYODx39C/bsQ==
1696,崔珊珊,女,440111200209030909,Gw9MrC9VeP,oJ[;k6F6KZr,Pzn4UVnasbJ0ZVnYKRE1Vn4IEHq6cDLQNbdK49xJkiIm++XndaUZwq67LsjtrxyFm7JbKjEIsBqfsbdAROlm7QIPpgN/8f7n/St3BlvzEiU9OVcQJKDtx0Sw88D9ig0MHtj+X7r/Qi5mderlT00GvYrf1VgQmm+cCurQ3rnZBUv6XRbmg6zS5vqeD0jAlECMtSVZdzQEolqnKqbxDRPezNZxakXsDIFW4RMth/55B9thd4kxlVxuM3nq97gNHe+0o0cl+3fJ5iwkRCNm1m4Fw6cWJjpo/NmaBK9c9RzLrkAwOPdUeqD9JyGH21kWZynSVdjYaR5fXdsJvT5QTj5/tQ==
1697,莫诗琪蓉,女,440111199203314948,E6ywgOD2,xzzOL26c{s,Itq4asu2LPPJ3gMRtm+ULMC0mng7FRlkToIb6d6jUrrtBAAd45fsfNJ8P8iVj56mxh03JcVNgNyLVvkOfhq/MB79PuKkhe+WwXtuLATVHBjQnctKZMGXpVkgxuC7TfCdf/IAFFFl1lvB2TmIhLK6CRzCXaO5z/lGlkYvZSjjbjp0gfDnjh3gl3ePgYTarMDZxkaCKwN9YzRduvKL2/8nmXHZEXZrBu7ES4fZ5TCcG/aQDwvJBYwjbYxB1+ACi3rA33N4VbrUKeHMRrJoxkPRcVEW6UZTi5Btw1AvsgfUQh3duzye13UQwtv9IJ10r7WFmOxdBk5yLblNlvxNmbCQjA==
1698,时安娜依娜,女,440111199107071325,ilQgHvu,tNlx}4G7oCgaI03,MPrk9WJY0bG0CvRrwpg0aEKxQDan9UPD3SCiH9rUwcfl7CijrmMYv35Sg44/Ka+A7UU93Eg7nmhyJRCdd4EVVR35Iu04gBriV8cx9uUkygq+STPZYisoJ53ZRnk0T1WA9Pq/18tkeeYLdBQxQb5su1T+lLE+9kUsCAutctYcAnXMNEoTQRZp4pEgGWRjS08RX545VlJG2ZQrd95jQzx35EW1+HeJVPb3m86ckkewhvjgL4Jq/28cFOxx18/9umV9UyiuNjsfZCa8v5peeQB8ziWfM7zsoJTUIw2HsX+ETsNMHYVIFvjhYKmbZ/zTaszdoWWYNcADcC5uE31QYluhkQ==
1699,解秀静蕾,女,440111200001059024,KvH4bEs,Q_!V=xhYn{4SM,L5uGuVePc33CQOvRMyEH+haYy2ubUnQ5kRXUv68HG+pbAtMFRLfIuZUPO7zZmKC9a38zAQwJoZqqbhXyCZE2+Cgnr4PgnBSh6jgbN57n/bn8TB0BKol52qA2IdyARO968wyuQYgiocA4DbzYNRh7f6Z9JXWmXaIajgCo0CSi+fhHmUOBwA5YWyozqHhhDCmbaH7jUapZzzwat/Ib31hrYHggelEcCixMYkZjKOi3RU/65bGEbUfDvLiYucEZ0dKfaPVJ/gB2LpsdjcwqGyYPAG36iPXOyNI4NMZOrS7mDH5TH28MC8HarXf5c5DX9aCIJHZV2CLlzeQjpzasRwOp2w==
1700,肖智泽,男,440111200111296530,XrVnF3KyEzaL,~iYi)e*egs9geSw5,fc8SsThgwHQ0Q7rpGa+8Ugb6MAqKGLtobBh3YF7LIMFpCOZlV+UU3DuU0iz0OAS/LL4tPJAJeFUEY/6/SzLqoJHek5KWoc40zct77Ysc7v8DCUZ4jrqt1SUgTBOzWNInIcv6XB7DpavZyyCK4dii7t18Qhw2wMcwKTjZJMoffY/Bp8Ywd3r30Vxmmh2G2MlHXvA4CBaVJP7/+5JhSQ8s45Tmz6VnlS0dv0msKL3AR7jS2gryDvafZyq5ooSPj6o+isBTo8an18466dAPEraTuxBcps4p9GUFsr80qMYxz5BXbchBCS8+0iF85TuJKfJaXCgJVUqOxc7gMg8EWXfN0w==
1701,邢龙,男,440111197108073956,c5Hw1OeXqDMS,V}:i^Uh%`zf0@Eoc,rFndNDg0tMd8CgJY03asSL+OKIWkHVjtkkxtMn9Cn60YzKw+SKoj7PUxc+Np31JzLy4iIM/PN3tBXjqgclsFnnzQ3b67JLCtr9YJWRVLPnIPIp0oXepvezDis/BQNn+0Npin9djqvj0Uxya715x5Bda0CmoPUEmO4bJ+QC0nsgPkQnfw7f9aNIPE2P7Kw/ucEPzV2USaAGro/sjUYnm57YdxbrcTcYquSrtwhuvX9RAaiwxeJu8iHDUXdPg+a59kXU0QudgI7V2Ql9pPNrHvCGhisMdQ2UjaywhIhUWynl0D4EKirGi0lQ54P03C8WzcF5k0BAad3i1rX2AeiSnJKA==
1702,毛舒雅,女,440111196507271883,vXltxsxrPH,+~`~M9sWJp=,MhJY08sFMhDLs+Wu1MEWDQocDfQlfeCdcEo2qyAyy3f2thy02KdNmv4FaqCCfPLhwNq6js1IHVJj9KTDCHeyTN+HL62vo064qQk8HhgYTlsOki/Ukiu41+Eg0ulQA4cuNI/YWyt5Z1wiE//eoMFnSZKbK9UoMCHtjmBWvixWRALH+KYTeHOMRXz6V4gOAhIZKNS9gAWcEwYTEBzFkXUYUdTuPFQdEo8F5OoOJvlI5y5fD4mP2m4RZRZGUXES7LH5Jm9Pk/eiEanARuhxVB6pLJbV6m8Ef5ro2BovqlaQj7riWXfGiYczQ8mOVb+XpBLtIX0AJ3NlkeslHhr3J4XfOQ==
1703,曾眉仪,女,440111200001144069,yOtixuqhX5,\MctcO2ifk?,XODU0jEImvL+bUI3CByVPGFt/md3xCKKnCUhqS7PaKzdNWSy3TUzKtxCDlTV2+9/Sm1Qa6wxUVbLx5C494A6crCqZzP72p5alnSBW+jQ9TWhfETUjIrcxiF55WAJTMVLcslmWcheAbJ3T5rRyf06FwJspjK3gHZtTpvx9Wr7iN8uKAOXUuorKG8B7bMdnd9ZFKy9l455xOJu3wEtolNAkpGv2pO+a1y37JEhCzjqXTXXGERhgmwaAOoEYu0ipxRxreW7diMVbqx4AQ1HSBMg3g/16ae+rDcV8gHPgO09azj5hxAguOVWIjLFw7is8n6etyKqFid9DiksFMvcB6683g==
1704,涂世杰洋,男,440111198308018972,fRUteVO7,%Ce+-7<GU,PAy+bIVhBPG9xmD5b6aje09Z0HhaArJLd28Fteuz8/I0FlHpW3LsWoZyRgWU2oxF0q8abBs1j1Up2y7EczKiYY628FREsuQd6RO24SZF7/BoRq2Cs8GmKVtmzt1GbECTwbqtHoutP3Vj9FE++tBs4pMGbThLug7q/1KJX7VgqjzkuZJ1tPZnmVl85rlQELt6y8EM2tBB048h2GShkX3ywVeIq3nLJtNFNiLpggKJ8vSHwKrfzIaV/60e3o7ppBpN1daLqWpQLovsNIPFUVR+YyhmkWAM+rg08TBXIHMdXcgntIPmUuW0bcgRMmNCdrG5tfgTA9xvVyQoIUsBOTQ4OQ==
1705,颜琳咏,女,440111197803159022,wUiSwvi,:Z;!)gGmm=kst,5sEm0mH4k7J3jNqD2g9wInX3gEYqOi49bw2ycGFNKNhZfKTQ1qFem5ew2Jg9d1cCIryT27LeG1u67+ESTSt/UnV+2ws6N2xlbRVXJX0UvkYUzdRv1331bq0Mh0c5i70nae1NlfehoEaNDQUDGsuz8pWsV9xBzMWBfkOglB5bQZvxS3xZV8c4Cm4lc+mAvr7eEO34KpuwkJKeOmaJFTzVi2xKkBx7/x7CgTA1dA8rw48hhZCDOctXTXd641iWFOrFRdjvPwOqleDZvYtTJ1FGHtOBemwLkjxA+71Gy/gnjW6n4aDohiEoY+SBExc+kApWyCgusvF37eTXP2bynph1bQ==
1706,余超洋,男,440111198608147290,olFhdxIbO8f,;TA@HUL%rE],qWccdm+n9s+XARp0YiEMsadMyakKklCM3dfPaO5fbj+AbA2U7ujzzi2dPsZBap+BMFSnQnACOKQ48ZQ43kZwqL6EPAOrITPwDOYJRAzH63qTJ6+yDWjAh76WdLAyEGpGemLKybo6dB5geJFP77bBULHlG/btdGeJr7tN/5Nv/06BBDehi7hiNRNFpkkUd51au1p6FCRizRFh4GnP2xoXn2lkF0pOg48xOtEMHLRBIjQ6yKvMYM7rceA5zHHVlda8Dt/lXZ+BVvfBaVemn9nPnXZqHJ/AYkUll4OJXxE9wyyr7J8x93S2xDGYpCwSW7GHwT5r7iCv2M2sj6IwY4pC0A==
1707,崔俊杰翔,男,440111198510313836,uIpwNgF2if0o,*rZxdxj~9SOe6\Qi,C/mf8P6xt3YQGeiKhO9Y20snnJEMWyila7xHgwy4vWxVx/prI8m43rd7scjU1mxWr4TM+MTHmtRXVQ6EYdVLnrnmCZnvGKP0h0iD9RQyVnyWbtenhVehOC4MsMubTutUyXUGJ1yGcxdGz/cM8ObhSRKNJQZStHQGipL5tsORbZqtaPi0Utw89CJ8uQJUvMWkcS2AtOi1oLpCDr7b/RrbUiYqhtZ5q2NRW0Jt93X6W+erJyPhKS2p1QZNe2+Qz9qFZmSSAcgqXQNf/HwhOR34MOeDtgT3aBKJomLyt//jr2FPAfvM24ohupxn6VfdcS109wwVz97fJSBr56rvBZpiEQ==
1708,朱诗涵,女,440111197302264123,WrxyqhW,DzOl1bP2nrnze[F,pT9PZStmu6Wv8clguQSZj8rYpqkxfJ+wTiM1irhb/yuE0zJIpVkpHHQkZugz0vPYVZVAO0xWT0XfBiBXOSlSo1B6vFX7NcKSitEyX5r8Y/dR9GzgcfByUcmLDDtB4U4VQcF6mswlluFkXyV3m9t3M1rnSdX+tY5hIOO6TUCgIX/F9h+YioJ1BTQDw8BS2HfNlV+TEow5yhHCr/h843tGBHkJAE+8kQqKOMj0WvK3E5xO3HbmUBkzMQ8iPn7BG6+42fvV6zE8no5g5iQ4UuVCsFxcKQ1TJjaZpD7l9ZrQ5DYnk93IqsWDR4h7j2wBuALjzSntfBAE2tN0z7nCzfvZug==
1709,余若瑄,女,440111196907060444,niNkrGeeppUJ,FNt25+ZuWx%P5TB,c/lDTkDJhSjH1iS1FMCN+doclmLxyDnZ8/X7w9fFtmT+BV3mH8IiH31il84Em4phHromhJc9SG/kfbYq8BP3m8o0PVMMTDphK0GvUK768I/1OR/WPGqunFLF0oxYcwk5fkRx3DVNGQxMP0Cn6Y/hLD4aYswsnghdO8ph1g/OLLUYRQr31eVbeEhVaxhmMgUE1do45NJWtgUtn4WWA63AVajBadoj9d0jQ0IY4/k0kr7KZoq/w7oMCvEVnQzpwqalMRnhuu7MEWuxOwzm9ElruCEDa/L1kDBMTjXsKAYott1mHMv2nNne98qF/6gZyVMLeXt+as7DEBosqx/TDdcC6Q==
1710,金小红语桐,女,440111198704089086,NNpJWMEM3pV,%wl6{if9{DKI,VUADQe9kUtvtrk17QztAOU35khQg1gRWK7iXEAysymALx63EuqCHzpX0iMLv5tYWaYqJZ3aMnOPod10tZkDLGHaFus8Tya5uMvLiGfCK7XXOaRb3qaAFZ8OFvz91Lc2VttNGZiHPOh1oH1+gXmOPhgUh/JlQrci65uqCLjwI5LVCDTNtegdasBkKwZzbOOXLYftbM5bPzExTQlQnYJ2Ze6cpT4eehFaCB5s+YwX19uYjW+x1l4JRXNk5OtkwWCmW/ZjLaAIOGmIMlowxJmb2BmQMNMOHm4uGneSz7QhuXTL2801c0TZxrjsJjjQqflDtqiLNvMZi+tqN/XgVCdkiQA==
1711,殷博文元嘉,男,440111197001300979,LJ1iyRP,ktm^rEh$UxO$Dh^h,hqkuv93v/Qonq94TVuHav3qE8laQTgsdQ+KaIHkylIhNkMrSF54KjgTWl5G+Xic7XbN+G8aTQLLmPrsEPmxsPP+AayxYuZ0MeGT3zTJwebzxusIzKGB21BZNGl68vIfPWfnd/bIfJM+n+a9SfR4VBDcQrRd2DUCWXpkKFja1xz4M9wevNAIPd6Uw0WXd/pK5ou3O0NQKqbSad/2/fhIVSmkBLFvTVuNVLLo4Phrg7LjfNDa5iq3954ckTABxDtAvE13OuUSqIWDD4g8vPW/RbuwJXPLDiGFmkIa6+BHHGv46INCjZVK1rKGZUzDrWLoBAuUVlGml3GEn7CezPcxr3Q==
1712,金晓峰,男,440111199806294253,jLuXHs,pQb#-_}o,RdW5caJ6YC48XKhq/8A1N4KtWUkIp8G+CINQHWPF2FPpM4XQ7MVlZ1eXn1ReKR++FBDwwuD1PuAZM4V2c120xey7UsXubbjKkVu6oWLAC5Q5ZT8fKoFKABt5ES6xvVNbt/gj+yHtcIRh0maG/p1WSLD/VxzGrnU+s5tTFoLesJwmXuZOZ+PI3nT8l6BOdL0nFz4pezJeOEBf/zG+yb6N58oTkmitYLTyqltIrlORyqRUS75vbi7NjqBNJHQjaGWgjR+XM0q2Qfmvcti95daTMrh320fUQWgUYkpndTMhxDGvkKOUqohEFuv5oT5rlmW0H3y3XWdFjzKkcy3kYHciyQ==
1713,祝凯,男,440111197504273159,AYy0U09Aubfd,ab(-!gy28,kZRz6QYVz/vRRNmzRI0hEBQjhuNS/V6/br4Ed2BqytaukHBaEuvsOk9ZmaNvjyFDR4UnHV0fQqmHVJcXevkDwlsb0EmuFcwW3UeGYt5eaKWM5KAzE/5MPGRtwX1y9nIuttO5DjKpsB5UcD4CVuoVhBHraERgkH8/IsqmtiuvbrCZWZys0ipnnw1N2z4urUIpGGM5Weo8Jl4SGfwBYbg7vdtyhmv0ycUFYwGKyUCnJAP5U/5n+1JcRqoYYw0fVWZZrRI34uGocp5SDnDz/LazImg9H+4rk3o9CS2xdL5U+oPdJjinV6tiE+NhzbZRpXqcFNen5h3eskRiU6M6Uaz2tA==
1714,万明航,男,440111197508284250,PWjp6Dgn1,[Qd|7_D4yG/F,Fp1xXj8pzTrpIMVWI81RnS3pkeDueUQkSHG7KuPtGFHddnCULErUtMh/rJ0lynQhWrJ7QsW0BTPwgr61PU2eMwBgNwiUga2QrY+6ge+FAbqbn09OW/futwuY2KN4K71cqBVjBT1dhzYDZ1X80iHbwLxNXfQLVOPq75yPhrEk4TJMiWtv+FibE8fry6vVCdYBTCC2kdfUGVEstX/vQwdmxKRz/igvX6dyZmN+Fvs0FDK+UaUAncCc42lVKY4TVAG7aJUbfhCeUThHUDF+kM8MHQ2JR1rtQF90VMAUjhvWfGoH47ExcbN2gwvsxHLzxFrI+oHL4sBorHwELtB9gixevA==
1715,谭颖露,女,440111200010297665,qi4eicYhV,P/c7G0iu/+,cU4TsI9dqmJojT1FYMCSx0ah34xv9YxRVbk+P33mEorFCWLo1e7c/wySeqERArz4/F286tnHKwFGs6iAt0SLhlpbqF+tZ4zW8jEeerMjr+VSsSdxNTXzqkWHSwLMQWwRsYcBnBxjanENv31on0Ek4dYfcTFvJzhu2dMPMnqiYaI96PbzM60Vd8KtzzfNLlCWfPqAWOwNzcV5Op+MLmbkDDKHsMxVMnu3Y5iv83AMmyRbXIdeMDIlar6mZ/sDdXBfqtvsMnaNOEoQ9hlnh2mm3C9t005kJpcaHBX3AJQCq8yIBSur+wwPOfFZPZlwa2iRvSOjVmodIMIJSoWzohIABw==
1716,范乐山,男,440111199612248638,Vbhy9duCyq,;VjE;htSC}Tn7r?1,G+tVAx6P29iDfoshUj8s75zAKwW0hYVqvXYlgpnq4oShgyntzmj7qZDYUoWpKYTA4xlQMXEBUM17OwQQVyVbAlerOXGssxUCXlPhpWMShLbVZhHpknFLWNDT64I8ALaM6tj1BK6vh6bybZuO/7/Mv4h4rwjTV498hBQfhuwP60xSFPQkPxSjHsoZIPWHU3wQ4xqm4QGP5kageam4NdfO41YD2cPHFBSvqGBbv8/8ScFhZp3hjpwU1TEQKGtxcHNplYE6STOLqO75dxy/m/0LtczxKfDcPgcN3NSkwwicdcwXJj/hqYE6OKV48L8FTEN8UNPlvbL6ImhICK8HOZiRYQ==
1717,金娜静蕾,女,440111199410171687,GVCGlgRZ,<]VF-~C)Xs1e*$*/,MBUibERiKqJ6mynAcPud6wDHnNXN/G8A6NFeARdBrRVOzHIY8wGJnuKiNR1sWgnMJbjcIGmnquzYCpX+reMbKoZTjhYzNR3xlowIzY3HdVtyB6BzvkX+/i4H1BbD5oTr+D9jdp4kAQs+6uffqKrvhC1RW9KM67K5s5AoGXNW09pmsz1k/1CuQcv+1rbN5CQOHlJ8HTjKUpWaXJrhZ7TONUZLP4wvjP5zVCL79hEz0XVEty/XbGR4Cd/rh2CefRymaLb9xfwGC5iXaej0sB6vho0Lv3Xc9eLGeVL9BVyXGyJmHzZwp7J0C+aT4npqS5YlAJoilpxSUUMPrh+1FI/xjg==
1718,毛怡娜,女,440111197707115222,P50JwEYSa,(n4ez^y\<M/`=,WkYAGxqx791gwwSPTrOu8KylQo51rHJlmQxByMXEP0DbrkiWnjBdgWrgRrkwzk8+uT5E7/0UtNx4eBY5kmKVx2BotM5hVn6J2SchAQRrwKF3kw8ne4f6oq9yJaweTP+g2kVBkoE5XEdcYu25D5Ew0cQIEc07fviZTxN4RczVP2hLsud1CCWSTwP5hrHTG+WqIg5zpRJ4WnQ5e/llQvJK5UjrZNCq7HNJuMMxqYBptjHztPVC3CJVrOVP+75STKzxgVnQBmQUSuVS7hJvbVqO5QT0Chezh9Uli+TzaPltXxXPdVl6xCOPsOq1DMQzvn40zWlX4NOK5iv9bkyDIYY6lQ==
1719,翟嘉祥松,男,440111200409082631,lJLYBwduGW2,x*GMh=ugcnEtR,ECJW06EmUWOSbMmNmCupWz0slGwofo+wU4TrB4n9Es4b3PQE5a0TkvwX3IgTagZziI/+WWrUsMBh9jhdYhXzJeKSRmu2hrUD9s2CVe7ftOW+Dz5ObWEF7BMlkO3JADk5oV1HO31HN05ooJc/G9PqSWyWbB4GsBtcOwiARxLfCoS54MNPRINUt8fus4cBgk0S7DmLQrsjBtB2+BSCEZ7uMN7RGg0hjj/gu7u2hkj6aoDicP5oxfasBTVPq6eWVvwb5HHI0BpEzoev0xdIsKutW1N51Y1cR9fBhRiIVB5MKeyXU5AoScNSxlH3X5amaumxiu8EYqt0O8n8q8SbNolJZw==
1720,齐磊,男,440111199906205756,fgwLY7JwYmNi,L8y&Jo1U0=TPj,gtLWS+W0jkwuwUDDiL7ei271VmMOZW/hSw6LIwYjJqp5BU0UKpaUjSF3uFADCMHgXG8GoMcD1RFHCEjGak8h9D8rDx0wQ+DO3X7fzW3Ju33bUif5cHhvTTKalHPDfB4E93Rn5BqlpaRpYD50oRV/qHXTyddTbLcrkH6kIQEf/VXS1h/he1MQMcGgFbtiKhn7LH20VNfH8cgY4B3NS4dBi9FFt3wIHE3JZ2CeeC6Wepl+zmCfprdvmisHFAZ4DUjWadXURmIoSkZm7JMBF/MtvnBBUuebTVuX/apvvDxP/miQfxpVjazcPi0E50ruwkbfGk5nvCNz/23Fwf0XaeddSQ==
1721,薛瑾仪,女,44011119690508256X,whGIl14i8v,dLVWllXDd,sC/8vv8TEgiAx1WmrN2G9WHS8TSFYpbOzgUhs5v/GVI8jlXOmgEHUp0IcTIrNgs/F6eVWVTqZ1IesYlcL4j6I5Fkfm/Z3BVy1N5tVWBL41HsiksxCGhQlSnQGMXh6Vfy6/js+rw6dEfn8IzxzFpVbN9VnW2ZiwnB8C9ofv0Lc3WSXtlWnIjnjhl7XBWWe14/X5J0kGP2InZdIVqKPpjY8yx8ZEcp43FPGV+RM8Vkg7ruFsfHCFyxKROjxAwzqR4eWortD4nT8lP5vF8bubBQNjEFGm3rHwWXGZ49MRivJR0zYPfZDIJN5Skr4H/PeYFaWlpnMJyYGk284myE7RSyww==
1722,龙银龙,男,440111200504208976,Q8in2tGMFg,KHQxeH.%]v}558D,iYJMlmvKq4BRO7YkSmzLjwH8Abw6OzHkphd5y1I1KrzqtvkQUKKMS3Cq1zXXebwaBWSjJJS/pC2mdZiMJ4YDO00CR0DrPi51b00DJrWwpfWh3guJ1y/6HeS8MGlimV6+QaIxqrhhYnlTPESMqIQVerLbOSN/ekK7A/qRVnoaJODvH6E3oKP0Qv99L4zBJrC4Ad21nzLJXBLa0YJbCv7K9p++2iQg1bBecw82wF1hEB1lF95tIuBR9pJbsTgBAYkAZGEsDYe2R68XfStYD3XCfXGvjhUX0WcnwZeUopdWuuropOqgA+j54dtuVfIs/JhH7CFRSZuCc0Tj8ZryVEydhQ==
1723,汤子轩,男,440111199011118838,d4sPiCXJ,La/yaB8!vr,B9GhDuliHZxkDece6W+Z2ojoyuQvkfF1RW0Xi1b44aapNnui7NbF7zPPvlLQFyVdT8z54KQ5VSdt0B2wDiIhqaXtewdcPuK6pEehMg43XwUorDvBjL79v8o9iOgOLPJd4fauD5kbB+QnAfsj/wTKowwEVxGlCU1rrKLSPaTY+ymOxGXusd6m+LpgJCNY7XVZsnciandPW1csuWFi3WcOmMWBk7NO6L5ze9xoq8vtBVIpzlUMIVg3+L5YTlGmhDDW345mVUq2kMUozT8D79B0mLGRrt6Swn36XmpDJn6GyuoKl2eDKQxIvhwWkhinKi1vnSUTHFXxTdrX3Ao0tojgbQ==
1724,项语桐薇,女,440111197404153221,L6MgyFPFBvgN,uR+T1TmN#),wjmHgDlbG0vYXXeiLI2BudaK9hftIe/at6Lp9oDaAcV9E9eFkrXbFVMTtuo2SJlPF98oc3LUKy3s4fJYxUiVcdo8ZGQOCMjX+/m/sLpuR9kYo/6ZGK9UonHSxoLsPwUiI4w3kPXNiaCDuaZW7ctNQ3uCde9WkOA4Xhuvz3HCHfscomdUaBzBn6JZ9AhHurNwfJifsIR1fvITiI1amD9moxO97Gf4zRlw59X/H+6j/XJsDZCqhQ7r7QQroB0vlwDI9WiRp26XFFo3+Y0O4PXwiIhIQS+6v/7LAkGE/5Vhdi4eS+QCw8tjNn4hL9d+JAsmdK++sYQlkVsryAr/g4wBsQ==
1725,屈瑾,女,440111198411049742,uQKzZ4FGP4iC,.{;H!Pk5a0MjRMG&,LNhPpi7na+yj8yeD6X6J347Zs7VDmLp/i6DQaY1WEzdBVuDEvhurNV0X5515CvqqKtWLsKCwN26BSrc+I+sX7e1n2xsToqArhEEvBhiZbTwcOqHkQ+GIIIwAlHfGIbaPlK2v43aPgagLiObmOfXdNPMyj31I/8tk0VKy6Ka8DnKoaz3ZnZaZjeM4nUq+EAHOn6PBbZvUGTh8GQ978N5DQjfUofhRUONy1spb9xV9JVYEEluKoGGgJhqsTHqURdbdjxJCUUaF0Ih113HSWxr7pBM5o23BRp2l3NItpIe9m/dvp5FHDCnPW8W6BDFwGoQnFCp2GoZQC8GD7UVkR5Z2nA==
1726,赵琪丽华,女,440111200610133867,lHkymVDp6,!!{]v?C&ea@,UBpjMcxQljHTovixUUqj+M0wHOsw5qzFjJkKnNUrfoKkfgvSfGm0tJWudvfpO8X7ckBM4Foi9MDsl5Xn7ItdzWxBuf4IwX9FPOtVGchIAXGkFRNZInF17oYdl63ylNrcDLfFTa0tr/Q6h6WbjQoF6YQCCNHovLI1yOmsZoSK9phhhKvaIsuETpTIAj1oDbzi/H4UpowsS1PjOuKLbiCY9IMrs2UjVtb1NgXMYbvtfSOUyLdQOCjrnLnzhdmq0oAMmL5esAiRXp2pOh2MVTQRNx23YuDdLIQ0tL7YkAAMZWecWDVlsLsx8lM6dOEGiwmlYx5ObSwETxKEgd4BHwynaA==
1727,翟振华,男,440111200703219715,MJvo1ucz,cexZ+|sRz@{,L2NlbgoKSJE6CmCE0O7f8p9TGeuZ7mU7qmRArgiVl/H3ai7LzX0HI6YeUFdOAm/L2Ggurw3TceBLXpl8o9G678e6co5kVSZj/3bUpEvDi+U768LvWSm5XO/EVW5re6hurIyBGlC9ZxgcKdaeA+s2QpPKyZMAi8zh0u0gDXcpJyYdV5w070DGzGwYwyxOCIel7enZxONrA7suNEMUUcU1VT5fuPhP500Ui/yQqTZfBQfmU8PTPcNhbzD6jxxMsdqZRr/MibfwJHaokqHx2PI3mvwwLXl3G0lqleSZE8p3uCaniJU5paqfe/dkn85TV8CyYJAut48oMqWSnPZ1ATie0A==
1728,段颖,女,440111197712263465,Z4fbfO9nsoL5,c6*o9*pxLb_,KXVpIZ34RBmqcjrGuXNOvk3qe7Qagk/5rgzuE/2zAzA23uP7s8GinIn0FxEBz1MBxdGGVF0vvMLeZEIl7O6D1Bz6M/6YQ65ChB7hZ7Rk4L9HUsPUidVWWNZE3dRB3NXYKKBxCKycZzi5W5pJWgMdaiQaS6HEwhTW+vuYbJoNBuRmDI5PmDdbtVNLuYX0mKpFcDE/uihYDK4ps03D0ts2O0by9kweXW9cg5lDI7yJdoYVbHYQqEpg0Mt6WC6SjcnVhvHRjVcC8LXV/ZohJCkuC+cRjehguqFEq5vO2BbSrdIlfTeVyP26WqyPPTDza3AVtkGo1p3iihsUwFak3fRM0Q==
1729,田梓涵瑞雪,女,440111199308286787,dMdvx5,L`(8d%1|P!ipSR,SioIG4tEG6KKipHSaB567WomTji5X7pEhKyCZ14esmCW6W8DHiYaY10/TnB2nfl0PaC6WoDVcYcd8Cgb/GxfJ8fPzy5eNyz71Y6YOm9toKvjaqn7N3NfQFsRfSX+MJgBEzFxBNUO3qwZST/HIfe4VioVxaxqS8QjhmkpGJKzg1GFepuNcQ9VSxUfJMp62MIxTu4c8rumnq0rr1qOcT0RUw6T8M81tSb7qeZi8G0/ru1PDgfOnphARk9aFmX47HrHe3gNHS5Ue9DXVRCW12GKSzgjNebwAmubny1fucdtuGTAEJGjf/fwdDbzVYZcPQC4TcsiF2YlrbeoYNGmRtO0hg==
1730,史明轩伟强Y,男,440111199506074718,wDolmrYW,VbwPkOJ0I,DlTIM2/ExuMaUKKqfAoBJ52CNWueckmMSaWE484MNV3QTObDONRGZ5UlFh9nojtynAU4LqVrqpb/mSwmX9Zwp8M8AunA4rLoTvKdEmp2pbnXVKfGBaFQHcazIMMl2dIj4nhMHHDlWeA+0rNYpc+rNvQxklOODbGpa04g7gZjFRqgs2ApQlyZtQIJPZFYKbLxBgFEpUz/bvJn3ypJZwAZOmqmxqY7huTqw4DvjaAKfgwV8drLfRXazEnz9ixG4PCBFTco5FDzke9JRWQvAYq5BA7NCox8MxIdif97QO5j3lnUzr0K7KfHsojuAJ2ZVLQp/NruvxIJL7TTUDYp3JBw3Q==
1731,于芸,女,440111199301075645,JDDfWXkSGakZ,@1!RQsaML,jxAaLlF94yxAB6Pn4zARb6ETq/CIGelxLnw2V/p3Z15rwXNJeRd1qMgLKf0yiGYLNJk70C1tA2DKoT4zMg6R27d1keBasYJfIOpoMYXZAmM72NiX/bzdHksA7ENlb1M9zE4u2eg+A/nkoeIrh2W7ELD5wfYbHhlV55MRrqnKUNQbrwMuBCrbFJHvJDjUwvLfSs1WB4jndU1/7U/BUkT1iqjiG9BLYaRRBbZLYGzKymt5GgrsmIubEzoJ9DPi82pPMp5wdW3jFrnA84tPTmxVuuc1M0lPWufC24CXiYRS7LH23P3DaB+qQ5ONDLsMkqnxw7tMpZW+7dhEpHzKAzJQGw==
1732,项帅博文,男,440111200505058113,iWs2XN,hT|>6?V5><b,LCU2Y6CTfSFZl2Cv8LGS4sPee0t25gg6BVbYuSQfyC+RuQUKToeXaHqY3Gagr5fLx9H1yZANkOamfpOulOTlnRj+3cfIYVuQqTEcAADzvSKf+jfiFryImHAtegfapgOmS3wooyh27XpJol3i/rD+5FZ9zLziGZl0rYzEsU1IHV/J1o1Tb/fELZ4uebvp+5h3AhXx3TIQGv87iTPhNLk8Np7ebiOorysgFaUYRjtbKrH6evvVkjm7a2h1ETO06lApyFs595szTp3blx5k2NdM6Q+pdJDCG+lPm2mNZVeXu3b6czLo6fO6atvz2tWM05ILH/EZqcy0w/jpvHVy2ypHfg==
1733,薛琪紫薇,女,440111199612234885,htoXcfL6hv,XdoDpJ%nvG?=X,p1o1UFypH8MDfgQ9o+gVP4eaCPIjeGOYOMdOCAJLN/RdKmAjjM7btzaEUjTO3OXgzHPpmQREn/xpi7d3syjvG9lMvxfjqLUKvMb6TZym7iScL1e8wHPYumEW/ZTMPBYgHf3F0o5RqFkSVrZZCkE9TPSIlJpJFh1V+TFOXEdOd3YfJhF1cBoHbNXjNfnYAoLFe/Ja0eFi9zrnf/aNq+SDrWMvOAANnnudUZoc+1fHOSYDbOBxot4p3p+iXcjuBrUR48TSx5n9dhrCKw799WYH8/4cIR7x3jKWpQ7Ho7cvW9WnAdkqGTN9uBjTSIO+fMHRj+tUiDCPRXhCgb6c28Nw7w==
1734,胡露颖,女,440111198904307922,IKtHfDjG,$Pi+5/=hA3s7X,OQbB2leSPUoiNZbebnWU3w10/oApqgbEdO6MYyhKRXZoR7MxwZn5qI1auyYynAlPdXdI3Tvb1rHbI3gIvomMe/Us4VBrWAmmsrX27+n8AZCMAyjAEPzGM+qMadyh3VxGUMmkrA7RXDy6ZESnkDeR8azvosb5HlNDEps2sJhr6DXTmTZX9tpfBAdYqo0ytFCNLao+EUxLSmbsLU/+pJx5BrVdzjNZ7hUgiI6iGElbZ284DfXaP4yTxp7kd0+w9FXQNqcOvsYIPA8YN0ItfETFEvlRmV9hw/4z8XTuaa5K7Vk4q2rW1Xt+Gn5clxVeb/vh28acLuj7Qxg8PiN71726eQ==
1735,罗石,男,440111197001303918,OBtdPKX,r/#iB[ybxn(,cPIl1eFAn4TBkmfZ/YuEfxxQdDvOEvnfFLDs9CB5vTl7VbEONUDfPTtcZGB57UlOct0s+3SZz6vmxiWyhfIf7eQlqREsc3dcWTA0aC2ug5L060uzc37ZXOMhPQZtAbI/iTh0U3xJO21hSX9ikTAGu5GUV0yJps7XaBgIcG2yP46Qz95IyasE76olfzCAMjmM9rX5j7ftoswKrR5k9ex+b+ERsQJP0JfJds1/6RmWnxrDanjF/5ZxJ8TMUyJh6tND9x1AhxZ8Hix/Lli48stdOMsmE61Kb7wGDkb6Y7UBAxQbQj5WxAZbZyUdaxkWciQv1auj8Pzz/4YabUc7thiVsw==
1736,江子璇佩兰,女,440111199210214208,rkjT6LiIje,KJb%BzIb30Ol,J9Ryaet0IVm0H1asE/T7SwlkG7FCGtDmKA7CZmn7oy3nq83RPycd2PMK8DHByR3Wz13VUi+2ZxnDcPb+A3e1yfDaVcmaZ0geYoxKASiKp98pTY2DZjpxwaBaM0e/bbnGDa2o2xX2XS4YxHJvoauud58Kr0EMWxQrN2pNzbZBGVjR2XHxegRGDRDs0ha8b0Pk5hcOWzYBZA/K6rcFbQi097m40lCT3K6IptlZsl4pyrIFqjTToWFaR99F6puYnn+VM1CyP5UymRZ3k1LNJSQCfiA2mdotKWP8jc07IeTUwy+XqczSUnsrDcfW3e0yFetY3QJkP4eNWAuuq6TaUr6Elw==
1737,肖胜,男,440111198607296075,NmnfOO,#Jz\r`1aSh@,J/qMS8PKmNZVyGub/ZBao4gnZtb4tHyXLAq7Hr3f8Tf/T14p5wRZSaH4nvncv0ldpEKkWxxRgyfOx1/ArIVYVbsS+wgxO5ZqEC1DnqWP9bN8ig98MsdEVVNV7Voa67J27fwPXPbsXWg9fL7dAUHaP/hzjy+V1IdCQDwVq/+xKZsXFChTmqzFl3ziZlIZmSb5fkJgUxp7ohwWh/yB8IA34qsCjsbyGStK8umFLOTWgqhsW3t9ZiCGUeyso8mAtsItJfgrBLHYIC99Pwlsof0INf9lK784Z8MQf5R3Xwe4r4X8rOQwieK7vQog/5oX7TYaW2U91wk1Ewe431Hi7JyqIg==
1738,左波文涛,男,440111199206206053,uCTfJ5,FZq$=^;I*]fu$\Bo,KMOlEm1wpEJAT+GaIlnU8yyjDyWn5BTr5GzYSOEBgEi6rOXmqL4EyAHHLZikwNMIZr3cG6aL5lmi1TICzr7ZhKlVO08hWeQBzQL9da2gNWuhObMdzUhKb/64RYnFrFfKgbvzXsuJSGUdy9SABKcVtsl3uX7aRKSKC1Ys3coFf870tGXX4tWI+i8waYVCFRIDknnu4AoOMz6IY1G6xW+3a+r80C2cAU05w/55cE/qH/6x1bYZDdrYdk5wrNPU4+qUw7WHc6brqNCc1+oyvfN7eHGKzW/XD9MzybouL98wDbLTugth8bKT0vIW8Vgxs1LrrmoK+XF72ztoT/7xhpviHw==
1739,赵志强,男,440111197911103237,IkJM305,\6=AViL-ZLi,FOTbQf/efQaIT/J1Bb5t69lpIndiCeMKg35lKhEGl8aJ2I39rwYbdyidYwpYBK0/InUY/46y4Q/3URPHdrak6HlaMIgz8lZI0hgI9aeB/INPpc5BvUWngP7ZU/q5ZqRQQGbt71Iy9tEjzmnxKmPxx62E0NaREWz1h6DFuEATwMsVhMTan4eeEfpQFdcHUi0F91fhGxOVcm/iNzPPgKazsPO99endav6TTPuxqpExRcaSCkVd2CkORR2WWGwzzvO+ESYAJY0U7ETghEG4ckWPDin8EYvwO4dBsBPax30SlxnFl35bXSqh6AaR0PaDLdcUNflHFtlv8Xyqq/4cKuwBSg==
1740,蒲若瑄婉婷,女,440111200602260161,UvfEyanUoOMn,v(=zBKeC,LPl9VgGN+z1eIqfruTlYPeQu+6iHTQknAkCpsaiG3G/XAsBsvgI28yOsAXCe1iBzpmzFJa2BD24MHUHk0Lvf1QFRwTc+ZxxC3beOr6QgmH7o/7JdYTBfvF9gK1UfumioDuayHo8S3I8BRmw5KDG4e4xZTmLMQhvGj/p1SbuAwDA4EJ2cvqnsYBG7hiYEf6U7hVCFpFOC/74iXo391yY0QKLOIS356UsBGc4VU6Hn2RSueDj4L43c8WFqtgsCoRhzFzWWi+yqBMsApfuoev+1izUjQpE8y4EMlN5RzGxSHnswi35KETN8OljhcH4kpgw8jE/NyZ8LWinZA9/l4+RR2g==
1741,童达,男,440111198606298239,N16izk,.(LAyl)p@=,Tgv+HfZ3a5t+A6YP9P6ApraoRScrDpYubnjwWGq2C3SIXGqS17ruPE3PermtS0wUmeXxmoMyVY+mPmc6Aq5gxZIwMdfOZ+qmgDis9JQNYOPvD76CWp9TL886BVumYwvRCwxH3SH7cqeJD7XzUboQwCYhqeFiQfrZCskFNYQN+qdEznJbTPjfFoG4D8ql9ZEKwAwtPRQOyCy1TPbWyqykkR1zR3zKKlGxZIpp9JDJtmy+FeFC4A42ir598sQISDuaBW1qgDeAaaknTm/eT+73h+pi3GQM/MyTBGBy+M66igYdkt8brterSdu8Pn2/BfWJFOCEXcn8II2499uprmkz8Q==
1742,孟晨阳锐,男,440111199602158110,KwAlGb5URd,*stO.!N^_s~Z&G,p+iy9zz7r+aX9ggsfhPY1azAAR2/bFig6g4Nw46yXtdEO4D4CdyrWBPtl4F2NTZF48CGrWYM6IHeOV92Aaop+03TihF/JWitQVkEX9ibvnZYmp53sNKVxWiT/G1DERw1wCCx8vNDlOZib6XeK3GhKVt7qyYTr80vDY3Vq0JnEBVaFpoIJH6eVszo31bx4M+76/oeO9rIW5I0CDPQnela0WDKRz+R4Ddo/GV/83UOYE+5Do2z3ri3sppguwmsGUMW+YpSfR/Eb+xG6sMmawiieAt9sL9284vsPu+T4LJvT6dVYziyNPjp3zdvGexyohhyZ4htkS5FAyCCXXC5xb8nfg==
1743,沈和平,男,440111198812291839,DNNWHjZThqV,djg8@9;`(OO,fSP+3HhDaX3HlvL7rPYbnuUzMycVJnH5KWag8VvMBZnJM/ZVz9DoYvVUXy8PNR8R+DmBvpNlHQoJl2CSCVD2R3ntOMyplwfh9G807IK1qwAm5LeewYcxiLJNnnDPLkL1cXolpR8QDqdkzhI33ljV/eaNAf1cDc05ki00jp/BeqDopnpUSDHpsUV+3WalizYh7i1SVho4MOX6/7TxqNAit4sFnlWjzkbs1qduOko2UMeD2Ufz2tF3+6htQRHZIdMoFbjwQBb+qY9+3rb27HdYqhx/GcVy+XQpKF36FRPut+W/yoCe/lhzhn8cKgFhCGmYQr6N73JZhBqOnMmhjMJePQ==
1744,汤荷秋菊,女,440111199903314500,QrPGmK3Mmw80,^(FdmfD2Y,g5dnB6gJ+ShaAnIndiSWODvAlEL8ybABLAgqvlpdBw40DIMeCch1lAwKjenU/dHWGTKHpYBFBzRq57CSCLG6WHGlcjU/YX1JEI7iFWFB0C5UyRjt+kgaRP2GezdBe3OCB7ip7qJVSeCRpDJPBm73DegGpXbxY+BueZJf80GdyTD/rsh48CEG02Fr7nr33MR84xe/fkMnPWfQKIRVGFBvASiT6tdPILnIZajO1IgIUa9X9K4ZmeJthDSldgYr4rFjEhqqzlQhto0XWKP1dtxKWojZDWcR2rG+WFJbH1ihi4WzxRJ04y+HuqWMzl4iqB2A/Fn95nhWYNU4jZDH2EJWhA==
1745,童锐利,男,440111197609016837,YgpHfGGz,oCY*me?8Z@cB,jEL8ux4a09LvlYImyZtBRiq+J5+65aDBgyT4QNKegzmdbNHD0qMaDiTHfBsjqn99x6ItcxUW/9P0UnJR9/99BZMpS+T9y+gQ7LBn7AaHm9jM6OaWLkfsQI+VT+sBsUZEQV6eUjBb0TBhKQ29LXFEjt0zheYQO4fiax7oubbFj/urGPcdt3PI2FqBbgoS2mEx6nbaU7J1xv6fQLfwrHFPO8TGhoYLjVhzjYQhDC9MKpAjH9CWTgrD1G34li+4jygvhcUqeGtWeYEScgoFB1mjZ4XMjKhSy7Fh/+ruu/eXVTGj+GL1uFDlo9HXD1HBYbEZnuqDLL9gF5RlCqiKpBwdjA==
1746,祝龙,男,440111197006271134,I3SOcBBNKDI,rf/Smo-5^7$+w,YICNIS7TdNAjzvYrTxXxKkwFFG78tGnz24zUJD8MgtjTHqe2hdrUOaK0SdTSD0OuN0KMm4pfnfkgnHV5YgnMVhdMnnG3WoajrRyJI5QMkuRtXxT9nFrz4kFa3h5Kt17Pr4ePj91OCbvIRUCaOll8r8sza66Tq6Bw/KH3q//uA/fMmBT61n2zr+yZhCH5RZuus1dUACCFa0Io2U3nL3XrBlXW3acLoiFZNf8kwDsFYco59q51r4QZhvnpP3nXc/c1GW/Sei6l9iJFXoGKgefWWqFVKFR9JJEVx9HpPKxxKPDRJRD3RcgTwJBIllcRz39hHdJQgd0znvFNfxBjNTaecw==
1747,武文涛星河,男,440111197606247437,Y1L2IkXuDd8V,)n6s%v(|0$gPs$x5,OWIKOLi9FQE0TP3eDyqgpSC+CsRP2Od/re3fOZ/LfZnnZ3hVKnd7xlO7xVgQ5dFS+Wl2NQcEh29e5ojDsWxJtL05JOMnbmxXKdj1FhV3tYW1klU5nBi7R7JWsSIVHy15rKVPqqqErMHXeoWm1D77bqlSjTR6plT3AWUo7VjWXHm8FOkaJwmV3EFcLNFVtIrK8JEafMeGjwt3w435gN/iGACXho/kPlh9LLtGvNFTuATm3xuEW993DMw8opdVDgSFo3d0ad7wAxs+T1LSdK2wkIzRLIbkFTTCnXUwK/tcdaMOxZ3NPy+rF82cFBo4A2pTMwuY9J1K89eHvLGetGNlnQ==
1748,欧怡,女,440111200008200369,xebT0P8,x={fhG30,gwucgsn4WGttGbok6Gqbdb84YiVqT5wzOYrhgHFP0ymM39h0Wmn5xtg9LKuqlG12Oiqn7BqkwuuocVQ8rFmHrRnyH6jGrAEpaRzu04vGwd7LfOFbXtumXCXyeKk0zcHymOMnLIBmfiB2kAPA997eC6TpgyCJ4eaHcMzuNS0+yneOBm3NcDIiu2xSNf1SEPTIaRtQ1cR+XZHz6aWK1Ku55kk7loda9sGrhPmEc/28Mp+/orpH+OIR2wlch5X7Xeaj/JMJdMmwbkj70Gb0tFF0g50v9WxjDtR9yWxWrXbsIJQKxgLCX3D+ArXUFUXrBztZtEwK0X0ry+96zdVEsK19NQ==
1749,庞婵语嫣,女,440111198101230028,GRR8ykDh5,tR~`G:n2-)/&n,d6j5LhkO4Icdk2JsQiNXkuRllPLKR6reNneJO/zIdKChxmw243nf2CU+QBPBUl9d7LNTRcQAasrEc8L1PBkFxFOVXC/DscguMAcSBcBRTPanQQ8cSi85+5cp3oMavQten0NDvZlY5hdGxkIzaGHKOTah7Xim0Mxn1jmk+Xc70QgdA8vVh+VQCiQvlTvHmzdMqFejY30GM526aaLrvashbslnh1H3i+0zFRjD8HyIDni+Ih28jsdXrdB7yI32N3CSR05FDMe5+5a9PTG5d4rGJ5G4w5sEn5J0fTYjeivrR3m6LR87/NnaK54M2E5vVQGjat/qbv/ekX1XXDhoRiZp3A==
1750,阮彦博荣轩,男,440111198411189657,QTCN32EYPUCG,R|bmv2+*seh,lFnTPSLUVkXxPpMn59/4gLEuGan6E4Yf+GFLZTIMTqwG+MiKl7noyUQXziOewDVz91teTP+2B9m61/67IHqZKPwVgPpWzXBSu7T5R3ECijtjMStTpcq2/bATx0Ay587CC8vUGMmgeFlVlKxr+5ORhlk6+n0Xy+Yd01RVQ0RGz6VkvdKE/VtvReFUwvpmQWwP1ODumP+r4NMAodjQt+1cqUWAYFpwBbVzNMrGaBjQV99uaBGHO+NjhWgdToYkcQ9LbRsFJ+e3QxPtI03phVdiGQmq/SMzVEBgY5LEpzEh4NC5IQCxRF2Zd5lRAlEI4nQKk/QXZ3KRdvVZDi/jjHt65Q==
1751,石婵蓉,女,44011119670706642X,MmQcwHgxlrJd,0esspD&63#_,HsOXhzxQmO0B4DogeGqoGfIaAlpnw++jyKET4NupsOmnybRHeIo4S2+s3vS/HL0icdh9qd6YobuaeaQyb/mTxCU/9lVoLglOtKPJ7o3/gK3D/VfHzeo4TQRxlcwDzt5PAb5B6ulfSGMgdKKfvBEXbaZ76qWnxjpOToT4lJoQ2Bh0Gm0wvSeD9E74vgzhXqvR76UuACx9CocOOAC4ANVqrFSGNFYAZfZniWcxUQQkj4Qo8ermnRwcSMqYhaCF7F/vOmtpOsSVV6eK8WFcpgcBzgqherTfHotzuJGHn90dLyj4XiAeQfrKxP7Ae5+ebhQCMoSJrSVahYA3zR/4dFVJqw==
1752,程慧敏婉,女,440111197602082882,Cmoqg6nSm,WyDf#q(Jqqku{qFm,CIm83Wa2Wsj/doftbIp7FJ3qmXmaQZ/UN3nR881qifB6KUmnOwV4eZEmkwwj8fzqPxWuje309osyvbrxHmkn9E/WXBgYbP90x/CNGDMUurf5uabTOrWCa7gphkmhOtUxia6JjwkJgEOZ3Ka+ONkkrt8FChOGeg7JAVLLLxnJcLQIn7uNzu5tk7VINwHLEaSsIZ2osmLjj4KEuWeUicJ0+7KaLnYdfpTI1x8aHXZY4HubmJ3g0ynzTqTMPT+c1tcY6Dok6Bbwj9hGgpypDP3XwfEOY8gNtVMVzqjtkDcbZZaO26dDnk3vQRdbjokCIG/bvOOXc9oHzjtGixsLklgL/Q==
1753,管帅,男,440111199006098414,thePf1Nhv8FN,GA3xMTLFmg^l{,dN8KBUz7b1IlXG2KT9ImOjR3hw/DbAldPhOOchGw8svZvgEPCbqK5NnHcgVz/tlWw6ZXvhWncONB+rPungNC5m6bAXb+8pq+dsU8i0mU6kjuPdptj3O6SuxZpgejwwm0zzoeddG2VXOjEULCiIdH2uVzUsYNRXBk8a0hU3nccsBY6X/AoqLdynJlDM8ff9XBGvpus+Tg2IMmwwKsDMKz94sYuyfbs+oW1CidmhIAEkgu6ZSYp6u2KAyRKv4nJFfb+BBmTj1nXSZlg33cwLxZ45b/0QwBEbkwMTwZ2JQXykP6IeWaRFnp+Pex7gEtCvgZ2MHh/l4XeQvH2Lm2Tb5+Fw==
1754,梁晨阳博,男,440111197212153112,MrU2lnJ0,dCwscfN\c=kPf,vg1EAY+MzcdOs0iNIKviUJ27jOPDXKV3rXADcxmyfX5G5oz5/vMd/Iiav2E5yFC8ZsmyHm8VXL043LX+MlOHhKx7p2Rzk5AQOp/gNQyu1pe5iqZVCuhOG84sBHy+RNkJsW2OjHv5XL9ZStzmGECQpfV8dQY2Txc4y93ludVGiMsA26YptF1wWCRBfmVDaozUteJCI2u6dzw9HHGR4hgHBW+/jOpVuutW3bWYBNBYQaV5uQ4U2GD8VXL/M4sn9b8KGDbyLfoMpizyD8j2ziHNm0Ozwk+IrjxKhdOah2oxSNfbNIJ0QkH1NtxBFTNHIN8d/hc0Dy5TAxMVVrHuz+GufQ==
1755,潘雨涵,女,440111196711099582,0yOR1e65,:>1g-Hqx3yf+el<,jCMZqCNlJs8+XfNHvf0SJUf56RXmuBJQ7V6ibZ8hItxo8qlF7yzWtpArVNIHZc4T1/9Lo+ynV4hiXSkgAwNaMoWmRFcg0EVnXG8Ds2TVT9QvGPrAK6gTqvn2wmpXaLvUMOWSzSkivIHQDHOToEE2hrkUvx7z4zoDvE3mTHXavVOHw3yPiG2USZLFaE2leSX3A708kcpM2lu61MHtIdx2KZGOaRxDhP0F4L0moAtHhNrELm5towoNaJ3Yc2+IOjHzzup9EvfySgXam5EfDmG3mq89BylwB4DDHaL7zwEwfC42XzFcZMW7bvj5WK0+hWy0LaQGBO9FQ/vSWvJ2JgifAg==
1756,陶晓月,女,440111199304213409,Ggd5ksz,|j=zEE_biy&yff,U+MGoZoaOzABh0DMA/q2NYcjTeFQaPKfH3GTc6zQTV/Y9hIHkgb3mxn/aGPfLxtBbd8n+uW4YEh/rzFPkgGZa8uvyt+qnqu1IBR2U6/v7GyCr/2t7nBzDIrcATO6pxJH1xqbdkqUntaO9Mkflsi3z6naBTSlIZN9uj7HtkDUvPGnBYQxHhxxlSKJh65SeU3p3L4yknUK8j4yydmHpzoRkMQZacA8IGNWMAe1rR3hhD5NpyE6by/qyB9GZ8NuMMLWQVj0O3zLn3/apfBdDHpsqHP8ZesG/HEHASe31HkuiuRrAYIg5IMuOmun9sLC9TNWDJB72+QueSVmhFpIpZlqhg==
1757,詹启明,男,44011119841120911X,ATyPE9,-i7L91aYOp_MADe9,TUVZcy1PMHWthJSt05bJ7OW5XIS9PQzbs8tQhPvKh4X6FMZZVpk2C9bTl/FPh24c1A3a8+0/lor5S8dZJx9lqtJzK6Kzm9y+b2XzjYE+BwEVTXRSv1ka365I1bXNpJ7o5GSX29kM6WGbQnai4KIbJXzCUXbGjQWlGn9i0yIaGS28D+/EyToWvRSjelKcy9SHN09pH/uVheX5/7hhgPygTT3K+c9H4XyE/+f050HPD1+wGLWl0GUWvYdaZZHW0S2+z9iWmuChH4xuOth4/fhzkgqD4Sj54nYt42CcQwYjNMQbOHv9nArG1tg8WVy+PbxOtnB+s3Mjw3SANWAlYuCYyw==
1758,白子涵,男,440111200604019072,J6yngWyLMp,LpK/6-0Q!~HVdq;,LdDSMoS+Pwhsd2a98DY23i9Y7VbZuXlnsJNnpMxt+e1P4J0bWSFZZm4qSOmU1e3CWgNOjrsM6quRXA9rUVGuqG0cwrZdkyD8EYtCsZAouSzjMV7v134B943mHkLJZlse1/34FDq0+aUg2OPQnTHtrC888doULrmfcdntotp2zXMGDpM1/tCNHtUIqg33xF7aTZOGEygnaQjK2rEEb9hXMWslEq/jYyHVvbVRozSBLg62mMKsXvnUu0gtus74lSHI2r7PeJHMqPZ9qTlSf70F2fkH67ahkM6sFY+Mfi6jNE4kHeHDBQZHl/DHqHn99FzK3kvEGeNzbcqAYQdJJ0SK7w==
1759,房书瑶雁,女,440111197701316584,pKA4WVWOc,v*bwHCq7G&},EAL3FFcu4bn1RDq31Tu/eRA9yPxm0uMRt1zF3DAX0b5TYHwhkZTO8PqV5s2yTA5lzDpr1PKzXSUC3cqHwdtlj0D7qTDbGhJzlPBECqnifYenuYaO9NksgNq7fNg3IBF0mQ5mZeLFPJBaqIEo42qDZR/i0zCdFxflxb79nfPjo7XDtdMBG1hxEyTLhW3C+snG7QoT4MEatHy2CFjHQV0ulQ/oA56Pu7rFNVlrmV4tv6cods+M3jDgjUeOHU68FZXNDuSP9ykFz9lF5iojvPigqqMWh2kwHJs6KDOTi9KTv/FGHrjE8NooOMuvBUFZ9/A7CqZl45qWnZ3FC7B9K3aqoA==
1760,吴宇航天宇,男,440111200206197578,Lv6INnue,][gdv@PtPG!E*,EjLJMG/y6QOHoVELW7moVeSNYSejUDCe6kPSiHUT/VSH5Nq8roLpJlRO+80qvtM77avx9ZFjvZPmMXq6EYUE8AlPlLidgVdyIj80eTNdvAzdk3tb6fBNZmPDCyAwj/GlZqy1pMXm/3fQ1gZkwaMoFppyFnd87COJjgMnYWPphMyJ94f5wbKeIRpYBbDpFh6TSEBEOrY1m1M8+f5FswoZ37Zqh7AyJzRxB7Ip7tJI6Hyh0GtjmlziNzg1E5NNWeYo0+OspmU5lwEtZ0psK79O3WT81y5mbumg7rVbvE3kXTFQe29XvbJdVTdPr5GL4YOdkIgjMSIYaetMJr1jmrydeg==
1761,闫建平睿,男,440111200510116031,xRgy6zYy,KDNvc6@6:*,A9cjKKDSHlq+FwMKqPoK9vYHswFyGTWA9uZRuQvsVi1AC4ShYrXbC730wYv5vPanLmqIoA2n4QlQ3fdHFzhcb4J1FOv4Y7JAkgB/vuGafmuhip1x88DlzWr5uDe2CKI6zK5vvLwwm3Hm4H5VIy7yC8dcrFyqk5Fas28cwEXmzQG2SOlh6+TsKk8gxr9kaSrWAjELuOgoPyi0DYKnlFSK8Jo+5HDhC/K3uL/XtyTCwHRObZj0086yvEmzOzPySoDW45NIIXlNrsAcDrurtGsUUzevSagE01LxHRcaqquLnFZRToK6vf896HY64W9xNKbuGPzRW9URnr/iFt58BrI7zA==
1762,闫琼丽,女,440111198605264723,zip3X8xC,MlI;Ox}[qd,aerSicIjIdxF/iVAndO9fOfo8e7y/JP/QiiFXxCdbVwGmc04BTNobJuunPzs1swn8XiDUFf5hzqjgSpDiR49WomAPGik2k2G4m4c/phhrgSgOyTURgQ8z68tcpJaozI/o9EVPGT+8VLNs2LoYsUiFskEw4PIY74beoUYKhKVvYitByZvK0LVPNn7YN+hVKqFQIF2Oe6LpIya5oRnhslRnPVQ/fjZjVSdcr9qb2Z8T5Cb2oYBqK9RK2cFyIcOCB57Yg2aWPDDP8Tw8/VoJA6XEcKDOC9m/dvWB5N5RaCZHygNuVOI9pNhB+EB7GcUH/i/ZkHWUKSCQI1bh2OVFGoY9Q==
1763,房媛梓涵,女,440111196605017969,mO2Qmr,8zDNvls>iYi,WY6yP7I7XAYlZvAO4EmgiWhTiqg0+fkaVaiUnqOnuGQEWoXbBxCKxmBJb8r9tUm1Aad0EdNBzlAoxKyIh9nTjLuOM9hzsG3sIv+rk6d7Oh/r4WpACruljsRsYcwUQ2bA68N8BpoeN5PSI4slgswrlIbyOrorFLjIPqYEI1GMCk7vYoeFvtrsOnUchyyfzfYjmJowGMFt8ZTik+nTSu90Lc6NL1UbUlCaM1+DDTB4/rqcZKwH0BjjHkCvNIKf8+OA0Q984GQ57Qxy796gBZ9rz+ytKGk8pzFQv0zAn2JfsAChnS74q2sujoNSQy524C83DejiPP3ZErraqdkWIsR3ZA==
1764,姚苑,女,440111198109205046,uVPfm3Bsr,E%df8LdxAw+e8,M/oEYbEHygJk1j0pgbexbWsuzykvp8jsC2g9I2XivgcFpoUgex5lQFTXUwvUGSR8qFzJoqGWypFYy3b3lpcUoFXNM1dy0sxAvN29Cy2lFnNrWCqy4TdW9KMvVO32jrroxCgsDBQxLHJsWhDNG4RPEuQygkfkNFRkS14AAs48VnLOoeSGXURsQ3kD1DPxdr4CN0EJxugJRn5eoGi1yyPgpdaBlz7SfGOZF6+JV5zYthlmr4bDEFXcTpLjAXsc8mpO0z6NeSHAfU41Qj+WykpVbTKBA6sfpoKS5UR80tDcXV5/Xxbg2nifU8/gNqFjkQfQsOTaLIuBSGpY5BYd/vYtsQ==
1765,欧思成,男,440111200004200310,bOPXESoHrOE,2<.=xHC=RtY.1,OClYqGI/24kc47QrriW9CIyTmrpBOHHO9SllPyTwJqNFNhkq8mkfamV1S+6N4F0KAwYvGJrZtKuNfe/+OmrK35HDqHjSaQbGdwRgTILex9hT1hrN7r4FK3qUIbhl3C4WBngD+/KFupQ6q3kctsC8Pgc4ahTXxLRN4mKkpXrI+qW9Hyk3gNZy8FifSe+p+59HRE0ia4g0Ya5o8b9OKjkVzmKTDCDMf3VgIFTtScOkzAVptb6C+qXum0sJ+BKMyReSa848WANOj+hTRGYIbyoHHCwYA/iv0OWDg8idvBZIrcygDcsls0WzGY59+iFcJPpTzNzxgWlETU40trkqWsoQOQ==
1766,庞建军,男,440111196508256191,M3Hrbo,#VM/{7A*.,dFWn2DwD6KYshFGEJE7McNEcFtgam5BflzeqoT7q7Cki95HOSvOOWxUwq0LedG09sLJhaEA1c/IFWb+zYt5HWezjSD8lWGoytaiqxCz8NiJgix8P8j9z/jIO7H9Te2X9RcP91AzVjijWMOOttyAMhFj70K7Z0+RaMbjag9T9XM+ONvSQmYOJ7EvTHVZ94afplmexeMl/y8NTvCmkUbHuZdc8Uy3JTAECs0JXhh3pK9lw0P0lPnbFJvzCzBle8w2RnGbASvp9JjgXghLKvwXUIHT1YYSgU9wGpHeE+b6+ajEoC/PEAjmFD2lEr9uMzz7PToUEMYm/lHMOeIE3WykJfw==
1767,韦光辉文,男,440111197706052012,Fcqq2r,-@1gSc52PVT,JGMp2APqBwp5ZNipYmsblEe4txhIS9j5yWtjEWVA6DytruLmItmtOspcEpzZt5dsA3y8rHXEI2VEkx3sLHm/hly3ByEsxGYfw6Tx31JE8HXkVWVKzUku8aQLbmePvWwExAW19uBTJdr9i78CJihLIck2MnpW/CeRl1EacCrdQgpli0cq3/RQIunXmkvD9hEFqHBUKDx76SOpxpbmtQQlxJuM0/2GTt/KSSzEqgVIIgq0ICew7OtdfFO3X1s5ZHhLVWEndm6sVs7XPK+4DE712hbsjerkkxMc/4nF3DyaTk8Vw4GEygjRlrurWty7RGijIev4LqU1fKVHf1AFN3kDpA==
1768,石瑞雪,女,44011119780614992X,oDCwxMTzAE,*/5@Z:w`zpz|x?,Mz+suaXeKHH0Jc0kDqaZJ8vKHtNmH2uxMRllrmRTN2TuHJ2VEqgnoCUji2HrJncbDU5F8dBg9+vRCmzi2Fu9vuRqfVOFjM7hgbujgJ3zGTfub3L+tAx0hfRkjtUKFQWDhQxG0EpeLKH7XSykx9+lWiLPpHPMY3t9bURhZrX5mzlZlba4MGDGZ/I7UjbZFYGk1u1hL7E9WCgqPfSHeFSgnHj/5YagBI3hvknBsFm1NisiakCl3fSRz3/VLB2KsQ9zz4TXmHWY5fseR1GhgVNzJSCmfmDr6+YHjfjS+nu/L/MQ7aBhJCxdnYw1rlewUDWxFIdQyc8SW2y/CM1/T4+Gcg==
1769,邱承志,男,440111197308252131,T0NIuY4LL2aU,8^l&7yGHY,AMdCgoInYZw80oaReozJ6RKg908EJBjHZxAbI9D5A0R4buLPTGljoszDmj1h3qe1WMOsZSoXRpcTYxSZWJS2+nA8A00/AJTppbKdulKyIJ9y6VtVGPaEwoA9tGV9rH18RSsIu/4eDJOcga8ltOrdgZ8LZjNVglgzW74NWPo14SObODDqPWKYoeGPss80f4+62I65KLvzkqugggnPZzfXrD3ax1DHR0u8vxfUdlej9lrXfjqEGk4RrXw8WKAw0sq//gdPC5zyedV1cmzoEoGVFQVVbp2TR8Hhw5dNPYF1TnRyQs9H9CQiytSvJ0D37t7wZGqos+pkQtxvyp4xJZyq0A==
1770,李博涛,男,440111199709224739,gx3baBO2,\>)xq}~H=drO,HE6YN8+t/cvfZiVIFdmbLfFkB04Lq8vXipAtc6Usr7qxth+5UmqWtEv2QPAIiqDqI2zvybdX87E42csIoldF77KXEpX6Kxb2SEdTDq4UaBYTrbcxaH5b3BFlQDJoCIQHgzEQtsKQCJ1JVGfQz/W4m3E2PVIlFDD5avQAdfVBfH/nV3F6gVD9CiefCGxwJAMZZva3KqIl9/2hm+frsI6FM2OE47D8j8z/nxOaLE1W7FCbeBhbOUselx+2sOIABQ55k5bplb809uULjMJgwaBme+SceqTOGPgYhIVkZrek6mYkCX+/HtKRMaatofNT3izJ3KDi9Ebf4lAdxOLXn48P6w==
1771,陈玲,女,440111198301255262,gg3hmQNn0M,{nsCH]Xy6V7i7,N7DDCYtbWJECsHPkTLFWzbuendaU3uu4+MS9jD58SAOaS0P1yTYGZbK1KZuJySqxI5LB0DRH+iczZNdsRwU02jskxzHYUuj4dSE680nN472M4akDH90b8FpcTf8mdcG6Faww6PUO2CeaAmZ/cPgqD1NPHe5Gi9Gf2CdcLfOyHtbYAi8ieqs9cbvRnxnSKW4FspJ0BWY5xGxxBhHj1arCTIdH38v6o3KR8WVNtnpL8M5X2FBii7xslR7a5f5xJ47m3L7spTYV55t0k9lizEGMCDwwA6ddK+mWcZUJahxmykm0d8tZnvGoRpOBUBPnjTONbNvFetodca1/ClvqFlxxIg==
1772,丁磊宁静,男,440111199812240153,oI6dZC6HV,U+^->Ydml!geVg~,QbzPeldOdfHspem1jbOssIAo4IE0bgbg98EvTfbAqFvIraC2Tzqc7qqnaHeJNnRRQJmQ1mUF5+a6DnhFqjUI53zeGIHGTEGPHl1hI0i3bLC7qdbhdDXBNnQoP4sUWEMoqFCTyO86FYSwCBLq5+GrNtbsZVIHQRy0+9FDo5X/3fhflRvRb+5hP0wamIrYH0cRZq4A+aaBzUtSYn76OAeEBevCqiHNxDgmawDXiR2LXLaTkfCpLfYZdLxPk+g4HRte11M0KzIeEHA6RIp9LJ+dEl7hDOaakuwmW422gdYt5WQAXvqiQC2TA3sOas0yPKyivv/m2XiaEfHMmxibrSuGkw==
1773,解文博元嘉,男,440111197407028311,ZlD3BK,[ZFe;b[W9W,fiA6VUW9SLZJ56u9f9bBnfTHamrWycLZf4Jt1CnYYQDv75fQHGe20aeFqaBKSRuSfMdOZ7fdvgyXYIeFwrVJ2Zsu31OODgKxw/uwi+u3PUIdP5nxPXZzs5wPz6aQr605dFq6r8NhIkYZuHT8NdsiONz+IyJ2Mi9fNBEMIsqBJoFxxi6kDp50+pRDpkh2aMPN4oLgKs22CNBWctN9NCoZSNkYR9oZJaIqM2GxJrh8n4IJTrtOCXenSeXCxG6J1mYw9zZzIZAEy34L3TUR9N9A7lB74u3wOJdA3LMUX8W/ns3Umcyp8CLDJ/KM+aXu58XhwWvM6J9XdRVkpgQyFDJ2sA==
1774,屈瑾爽,女,440111200410102361,MRj4yC,5q1xDV>[N;Xt^Y,ymZisGSkMOo/2r3mXvIHjAiksw9FGLWcAUYz0J9Hnm2K5H18a+RbCRL2EcQ5HvY3ti4SivtE0ohNIAzwPwgoGwPNjt8VIA+bKHftwPzyNl2E5zX9Z7FAudtUl+G3rOPtkKYzGfc8YbDe8HYTOwX8Pw1mqSjrW2U3qzxwh/Ha3gSo4+CfBxArNyeNXAu+giicBLyGVEYepOvQkV949UGkhKRURKisx1f+IUgk69GSY43D2vqYn4TVaVoRihfLrN9KiIoh8xLXiLMdQ7xOZ4hIAvZpQpuxRe5NeOo3pMBWUo8/6fUXCL5hcHILDuFM1jn55ScXdNEECQ+ULG1nfYr2zQ==
1775,方晓燕露,女,440111197210146162,FvR5X8ktf,r+}C`tf}`YPJ3Exz,ND4d7StXt7qDFy1fyzF30TMYpOj2DBmQcPtBzWRFLpeVpybCqsx8eDVGq2gAmmjxeDKK0Im6xzBug119289gWeaLhfKq5N0KNs/lZYCwZAFMGarA0ptjg/6i+X0RASJ/keRRtr9hpkY1VgdZxijxIvkjybtCOOxs/C3WMBHxipDEE5D7zvNMlSEuTCN6/h65IhqWVcNQDulJjsQGx/MOmhi2YX4iObgOjH3I00EWXXv63+C/ziXywKmQ/a/Q30xovPvhHb8wzgzkmMgpgqU4NMgskxI0jnTKZtheGUXq9BjvAPme6SHRZZJSRHwtB0z2Snxa/zyfQpOORSBFSIoLHg==
1776,韩佳慧雨薇,女,440111199605015262,KGfFXlKLJR,`|8@}|hu%G,bk4iY0NYkzjfwF65QBNwE/jkf0S94Kf7zUhMhBBqOzmUsXBJbFIlJWY7oQFncODDfRF+j5JZz59Mj6DBxwX8nJYY5SmaYOlmIgl97feB3Y/jqxPxt6KExxc/8PU5uGpTJzdQBBof2KYaeF+HFWqioeSPh5toC7fKAKzgp8jPVxBQLsPon4RScis4XHKiDviH/wVXxGjUNvZ3AbfF6SbWXx4oP90xK1MSOeU0wkwaXnvIe9CxgPuHFrE6qnwIFGybEGoWxFFFLsnoNLQ8Eb1M9YSo53CvHKNzd2aH288HFYT9eQBGKltVMvTMvexiX7SurHkbXNmhfaq+Rh4wTD7OHA==
1777,蔡霞媛,女,440111197706035722,NCTbY0m,NPSKr{mF;_Nkv,VKPHqm2htkBjZ/9x5NFcjI/Vi7pjp0rehAiWsoSLLLHOSIkMSZWj4u/aIYp1p2+QNuWgfJMkj+d/8Sm18AgRAiKfuwII6J6ESxQbeogZGy+ZCO4zhuBhkLnoJGng9LSV9xH61zI3H8pU72/GFqVyqIZs2O+fL/xpkjMAQTKkluf4nvd+amXwiHrg/edPXOciCYc/zPuc6HXeldgchYVJvXfp13ruk7s8xwm0/92L3e73gL+zar+0UcFE7XTs4wWVWDW/mUXkTLIS19cD15rASwdnWyUQY7tB/Lw6fw5n/rWjQN5B2SKHrHsDdtQCYOZvVA87BiziYUkjzCrARciZDA==
1778,童依诺,女,44011119950304648X,W84uyue,9xn6xIQpq*oq(r,eCh/DKVSzaEOG/AbBzeHfOgOJqoxYZqAXlMHxXIzVTCBIHG0CVq6I6/110cMfIn04xndvYy0ChiWm6u2bRdS0KpmInSTx2NWArE89JThCKQpUJAxOkPYHBFkhPTGhxzC3UYsGA4a2h71H4haYvkTG5+C0AU1nsSujrYjPZRoDXEXXa6pf0WqmdKCHdvla7eclyZGK0f34ye1SGwvCWrIVZ/sej663ifQMAAfc7eep7yDki9hMBDya39prKnQ0CzFYzHzgnCmlcgtr6mBaHfWLNeMjkt7Y8iV8kosze26qaJBfTT39cj+rxlEyceLduoo2RfGAi9XbjXl/6S8o5TimQ==
1779,毛慧,女,440111197311287562,ISzgmkkHh,5OXQoW)5_ewV,ZCx3WHAK/jsdbF/S4+0BGNTPvUZnisctQCyXOK1UIPqHJj/nuYVp59NIRPUqIuKt6CcW4J1dJXjp7z5CFTbEmkg9Pp7TUktEYYAZXSMmG+UJcDBwEfa4UBvcSQd9/8WvoC9APKCa+zGKHStx0Nci6PciF+FsjsFxJVW55y3WEM7pbuu5R4/6Yb5W45lY9dR2FR+K2YE9RWoFUSHydfjycYploauZugqIqVPW39+vvkH7KX4IPUJSx74umDg48E3Y8qmItrNcpdg67aYHfbv9qp5OzFTx3cj9ZhvJZs8oc6Hm0zlrzXOrDEIYmEsiBJUprBdG2415yj5opdxriroj7g==
1780,徐雨涵,女,440111197202148248,NDTO4Pij,f8Bdam!!G7d9N.Ya,ExvIYTkIDnMmX4clt0s3EsKHz2wHqyoXDbfooZeKqlfgk8m45ZPBFU1x7G90cspIf17wf+ckxcCX9SfBSmy2zFk9h7lSJoAawMLN9Acg9ZYm0v4s8lU6QEJxo6jaFZEZKK25zz8eZSJfUndKhsuSOsQu5UJE/gaC6JboYwPxYjqUx24bs7SNAyohtvFlRbuByCH3nR03JARrfCcRcJQWg+0hfINHWeusESrnuljvKru5rSam5TyFvCv4sw6o7N3qoDple65uycqDpqQ52g1fSCemQJ1oIXi8Dr/+4RbJBe700IzI2W1OVS660iFvkrl+kiHbeLhW1RLFgtuC6NXMBw==
1781,潘鑫,男,440111198509034039,UPQf8tcK,+w(hMb[DZ8,KZJPc5la+rfMkGR9G/2GnUiSuZzwr6Fu1IczdRjCb5nZKH9Oc3ubLD9/zvQZWHA7Bjk2mhFEmC+T5L1Ypvf1xIC+/0Djp/0YuxfvcXHMm3W7Hh08WHzHMaRdFl78ozc+z6/lSCUyCyu/Y5iKiZHwIdMMzItYG/Uw466lk4tmX+HL1Ne/66KRXmIEWwRPojplrkZnsKKQwJt8TcjWR68gD/hh3mgSRFMEiJC3W4M+qYp9A6P568/PYkxuEgaSSr01ufnCLdtfEJgUW7iP+1bdmPv7SOhrIuNvZPmuI4irvT3wcOEQv6xT5vJgdRxpff4FSq8yQ5l+3/wOOi1oy3sH3Q==
1782,徐晓明鑫,男,440111196910104751,VJvJDRrLOGj1,uzK9WB$KS\~.v}T,uCQBbeUcA6Fp4Q98qZXEJWbpN0SBOhN8gAxTyw6eGlH1olXMO4FhOjT/BPJFKBtf9rMi4nFIq0brlmoj0bvHhpktpKE7Kr/a1harwvYXqZRCgxX6DSgIkVf0iOmYe/jZwtf41azftA9RuaOvWvj3J1+DF3LoYoRYkvL9pVheMs2n1mYuonjUOunj26VQLZbPvDppBh7PHOmW1ogJUMVB6oihP69O4bRoMoPAen36gRkkNfJ6LFXGjy6gMkwk9yc5CRqdFg7gKc4Fvy4G1o0C5ecUoi73knVlQMWlJ0xLZY9JLI7fSxvmNO1smNnH0h/pph3b0wdoobyhN4G21l50mg==
1783,方眉,女,440111197704182147,jBwDOj,HjP.o|GN*f|Zf,mLtOxxPsgi8JN4DEW43+nQ3dgh7YygVapf8BGB4yanp2+eHu4RpNlhB1MCZHUPxXyW7RpxEQ5OEV/dVVvljYlO90hL0JGJfPMs8zJTUT2JF8QRN5PKXjjMIDRH3pDR5SReT02blbcxjgLmISM4lXts7tywOxkCuCeDYpDqJJOnTIuzYWujtvZ1/cCRIEkHH/Ag7RYbCFx6UM1KpHFm5O7gPFfjEEiWt5ErPRYob9IRUganmc2BLcXNwoAs+Ms64pXW8QD/QY1uJAcgKZ272+HTVe2l/BgSiywblhsENlV0UykuLmcmotC+YYOhg1tttpxiXranX+ABIWcQkjnrPZeg==
1784,邢紫薇梓涵,女,440111199109152081,z2mQEr7feX,~:^/$R||<h+qT|,es4keZ8Rt9VB9VFey9s2dcwnAOPxb5AVkOsZknhIHdFtGDTDNmoslR/Sxia6f9p4R4Fdt+BtIVwSuXrW2fRi3+uauKxLjH/M/wqnEqpG/BAH4kQvVbvYRS7A+uS1hwVjqIHeMAVkeOs0BkAy+S+3DsksalWDgSechO/u8cN5bHuxhvpE0scA7bSniTsfXh1H8vwdSjpTdXwlBUlebiGn3DaeF/p/+37B1dyYC3Qu+g96AUYE3hjXQMLuJg1lVcwdJ0V20aa8QMJNTJXEgSTEWxLcq9i1MaS/EU+XzHDyBzJOhg0i5xwgRk5V45Jrn+dE5CF988AGyAVSFzgtv4QnVA==
1785,魏晓燕丹,女,440111200405297467,CPvsASBRa,*]9q4v?N%\h@;w,F1BQBC6SMYAeneidjZ+Q4viqM6lV9DkkVBjE9TVlSQbtlfU2QQ1aktKTMGIYaUhEUvyLa+0ARqivj+89Op7w45PqNGA2X8WOwzq7+S420j/yo3HxYIJd176vLR2Pq4aXVIZtaWGy7sVtMbjpJb/dS9XL3P7r6ks49ksazXnGs/Ioo2wXgggbVnxCsHlk3KkGnmE0CDcgfzQIGTTtcRNntTz94PjYD9PVqZVyUWGaHAEuCd13E2pmVaIiUqEh9bqU7hidRmrhnWuDIKVjoI6p9lz2+sJS+uJJ8UCcz+wY8IliI6ZwVU2389VnT4uKRiwB9+5Clc7+zVVU5FuU/4a2ow==
1786,钱睿智,男,440111197112039275,gaUsaHaJY,Fz}G0RYq)Xc[lk_q,LaxAKqyf3I9ExjjXGzcdIojTuE2yx4CMAlqux+TQkvgqOqpGi6KRNga4KObaIp85KZyKWgK35Y6ktdRU0ehBlmNCszqa8EA1Gvg+EmPIu1+aXQH+wjl/AezgqMMCmjjsmsZMHrQiYu84MCqNFaD7AAM3iH6EJe+XSit1yllpi1rx/P7UKroG7tnoJhnTmHwrUItiGT5lfMlcY31UGMWWRAkYmyroyISOgWytUKdpr8GcpjMR0F/gKkJWGkQfxyxFArkmX4owIcVIjPWKJtzNkpijzc6SWExeLpKYa0MlTonJWU3egeD+cb+dzBGJAk9tsUtbO1qgIrv/ca5oIpCX7Q==
1787,岳曼殊颖,女,440111197905241481,FrELdZPPkRQ,kF;h+aB[?XHm,mA3w6cQxlQk+VgrrpUEvNXavKGbVpMMJy52RipJ1ut2Is25nqki9cOW/pXmwDchZYziwxQIUYeVWWSeZ9ia+YS8VHyqXHaCfnEESa9NIPZ4F83142HJXojAhYzJca8hP8YUlat8bLsA6I6d+W2CGHqUCmKM6jn4RVI5hTjSzJXkGcuStPcw3jlbN5+YOJOO/Nduda5mDkC955qXgfV1gIs5M7aWSRkneXW1DlBRAcAPGv1IR0WK6GDX5lYjSDvyf6715EtH+LBMBCwieUjCtEuqJymroA5wnTgSC+go8VlLfBis5BTJHt5si4vorpcmSoMqjpx3s3WMDbEdRCj5Sdw==
1788,蒋芳艳,女,440111200502175867,fgzcOT341,|qI{Jx04,PxjA1ZMHaoz5nX/Q+ANRDRm0pvTZxwkf2CVcejXE5FaJQ20y6ydJdwcGOTLo8oCgDaSHUwAFEg/+zPFaUhf3ruF0sXkaieUdQIWGcyoi3Q4Kt7ddnslYhqRveOw0bUtUfvyEqyECNAKUTeVk3NRh3qA6WIjBjneUHdZU4S9f0FMJqlMD4tYPvV0GC3Ckqyr1oHP0ayh412B625S5S6RiOuwn5U7DjR8SyMCu7KCR2/Oj/bhjcRYHbpGhy1rJ3CiUszm2s8rmwe3uSaqGQnTi9KXBqFd5meCL9yqSe1DjIZbW7XKuq1UwAiVP0mWQiJldEetggGIbPfKDzJmV4u95nQ==
1789,倪瑶琳,女,440111199711268589,jJvnnhLSdFjU,wrX>*/pl|yv(7%E?,ZWqqQddT8ZFlPj5r9j5psMz+hCMEVUcpeEKaflICCA6yvJh+45bpEhZxkH9Fm8UUw5Aq0rOrNJuH/krKalxe7vKraLel7viephDxbypiQ1VIjtmx3Md+iR3jFwwVcagod/jLsT/rZVgqsiIkglBcBIMo2Q/qvV1bYugj9ll6FWQEyHSR4qnfHbLNCHFMIDlMOlnn2OkLHa6mhs5WomwhBYkj5vWE+Us+aqqgueaRIJVl/7yz5RQ/70UsnBZp1e1Q7jBLDwWcsRKxDrD4HoK8VdqcvX1UFTlL/Q/6DWgnFz9apd1gx0SGntL0gcqDxn1vzjklm9xZKhg/OnYENPPGJg==
1790,黄琴,女,440111198010186121,XB7tiNJZjGu8,C%#J}Y=f+=1,F/mGdT1iAcCOXodznywZZcdZusImDjj+sIrAhJDPrVWwUw8vo0ChXheVGepiKhbh/R88OXh8P4QHg4xQWQKZQMi5AXSsJ1i7QABcLtfLAW2J0/Ettsl+3eWkiXVsziaQFl1yomsphn7zgiPPaIQhwtY02QpIYyoADTQnQ6zpTObWprOCtf40Mjp+/8nGp0BoM5bxJ3xLE8zKWC/uVqH3HtL3TslAFO//K6GHgc9Eyxc4LgVc+Yz+HU3A99utwHt1eazPPFH7XPEVJSNAHO4c6p/LkmyCZ6olg7c48dLZ2/QURRIOn3P1BYeXqMQ+HXPlb5UtNN7kfFeuj+3wg5d0Vw==
1791,何海伦,女,440111200608074669,MXgkRpu3L2,@z[B*R3E.q@,gbSQQ3UcnceY2hq2Yx2g0G4ByxuPl4kXsgzC0I5AShjYRYDzRvO0EVQCD1LDc3uXnFvbpQ+4WJP+z0HDUodGKPC+iJqyHzRwglYFiaif1CWWfIjYojohL7gt5ffyz8QKcGPsvSL4DECfk7nzD888bMXHNLIoPv3Roh6cWkgekWnF/m1tkn4V07zifupag0Wq3G0crm7EnYyv9fcIalF677kOYElbPTSjXXaJOCdObotRbPs8NJBuY+RqCI3pqDwkrBVPRAwErv9B7eq5RC+MiFh2b2QGE0xGt+NHAG01kcQsFyM8yO6bXiNyGoGAUxBPJlB5Rf3JeTrMq1il8UcJdg==
1792,郝茂林,男,440111198410279917,WgIyC0,kk0wp/176:6?y-v,W20U/lvzwQuL0RCKXvBiWfznjvIy07vWVvkYyAOfbxauPlCWfZz12oTuJrt1XGJ4mL1MC9WLR/JaVVMH23rrzMkT4BOAX4BGhBI1sPkZdwvi36meM88h/lkWAHHKehUpASBegZtwrGyONkhnz8ti/QF8Q/7Iuo9XC7WNi1jOucVCpu3YPWP/Fxz+x0ABln5ol7RwsW44QNzb4101xL3xg9tpv9ygpRiiPb+h3sXSAx5hVzlNH7ag+OpO9E1XhYdeQffcZIakH6XRkw1PsJ/SCGb/f7TTvCqBB9k38aBC3lm3ILfTy2hlCEHTWJE4AgVZoyihoVLmieS/pk1WnI67Ew==
1793,韩菊芸萱,女,440111196610165747,mbBY6ISH,VWP%\(NnMWVFs3P,JvhDwEjamzFxciiCzUP/LZur6rgVrkvcxKRmj/iCQpo3lXyylp/xHuBB2VDp3Kr+zSCKPx+OroHFx6Y5pvLSjO5KeR9WKPt+viFVsBRF+Ngl08RYeROU/Ti06EKq1AIu91enOOy81ZakGaRznW3AANzHOv6JHNNaYFhJfbYHJompN2prIcoV+Jd2YwbTMcoFUfwcGV0Dpo4H4Lx+iOX76WvLhrZ3pPfKBUYAuh3D2Jho9bwF50gU8LZUU7pLTOl3gsFPYGnk9DXkh/wRS+3syqwfjuzCk/m20hueAD8HL+s995XxuHJ0HxGaQusZx69hIPC8427v1WaWUqR9wfSBrg==
1794,万婉如仪,女,440111197002121761,Gl5hTYa,f\WvMdnOJkC,WZwxxuFj5ohKKIhR4Wp8NM3G0iBoqhF8E++JSPFMBihn5iOG6GEx9HxyCfClS4exrlLvZ1Ct5bKhG+LRCNtaSK9FRddEMbsNlKoQ0EdLm02G9voCjXbb2/EUYzAXQiFABlk8aiHWoXc16q6wXAWxm3BHKsq9yuXDL2us0TNKNNELaq4CLF/hw8AnGW+0ugWtibd9WKwOlD2+FCZ5y6MWPiswgeBmkPiek11gRkpbgq13Bv8FiX9AfE1OjDFqHU/8Up+z5xFuaZoZSqcWr/EYwZlEmrpWDoEEtx4qiVb4nuG9gXDJmzjvW9xpEpD5aHt9Vm7Dt0DneofnmA6IqZeIUw==
1795,雷曼妮,女,440111197403309482,t2Q876,]adK@qNm,Sz4BswN6NCN/xIIXXdkQxBkvRKFbACDpmWm3GzkEu8Lg3+kDPmOAdHmMm6EvMxieGJQ3gneppzk4Q3xLh00be7NVARdazx71ri2P9kJiUhtwqlNPmxhvG59d9W2/X+Se+IQA7JWm53pJsODYwJWtX/2hwH0au3aGiBZZQQOZQm0Py+XjdVPGYbOAjzlutom7xTrZ8Prxkzal7o5GAXoWDKjBV8x9vww+tbIXYDgkIaN6QNN69wJ1MpbTsRkIH6/mbkseNKkzVwPlBDzZnRfy9keVtAN5myzl/GIFdgIisIyIEBGwGIPwxfFpccOXav8VhlEg/0Nj0Nv4pJw62vXBhA==
1796,汤红,女,440111196705307285,vhOMUW5g26s,q*V:VU0&~dS,WS4BVPXpAuhCB0PlB+j8JFFaE40pOq3V0JcZZDGNDcgELnriPXR+SB7QQ87X2dOMVMhno2PzzGLYcvTHNw/PN9sV0pCR5YTlxGQM3mOelU+4dVghaGJEYOoSQQ2p4uthgA5ByGXNmPswyNkrXEHJTi3XRBN40/RTBw2QKg96F9w3+BlNMdszUO3As2Slkh+cBTFvYqgQG29u+Nsi8NNJsGyuGGrVzaggFVw/WHPHJOEuD7S3rruCoYTZgJBwPFW379dqHJwc8G9b51d9iwNqCtM4nT/lAlv5Jp1DiP6ML95s4XgkEujb8RrOQlIJAkvtCz4+JB+PKzcWf1p/d6plbA==
1797,曹辉,男,440111197505067736,QtBUd3J,r1(bj07ENxJqW(J,j1LTOQL3CTynjmd0+lUFnIsn/tYmxJzd/GhvtRscfMxNFp88cVMohzUOjAUOQD5s4gmLMZw+KSb6RGr+UwrhMbpAmkv6mozkpBIZr5Gw+qDcLApyjZ7tt6hiSx+nGFb0DhYwGeGu3GdDQSPDFZWGILZ9/rf50wdTB03NsJtmAK3UWt+FKaWAw4TTWy8czgeuAQ8tLFNFWmHoDSYF1YwH5S8/gP64br3au3A8rVbo6JkMXDH+S+LDFDS/bYjYfAwY/I0Cxykoddv9YjQmnU5RcbPczJcmFnbxdVU2GzVzsEPXz652GLb8TYg34eukrMY8WSesEljUe19HJmq6AjKLUg==
1798,车倩雨薇,女,440111199607127145,XDQD9hiv,DH=o7q*_H,cFqPG5R7+itjvtWdjccu8wdWm/xhEgmSX0FZ5xClBJ5GR8vSwVTL999QdgjNJrWDhgrFmu891eY3UFiRw1+k/8Ar5MaWlPEaBnsOEuHR4cvBuY5LWVU5w3UH1bYkpsR9Q89+YgsFjf08Wjwag2EyqQL5sr4Gxqk4gF3lf2vQc3IPr1UyscfMvtH2Tdu5Av4vugcQ8NoDHjJJ/KUYPZFE2CRia522xwXEwdb3BdW/H/ufuPEpKM7gtPAA3zWnBTpT8nXVu3kgYSxWI0Uu1JZQrembTvfgEuiujW/9c8adimrEbmPA7uNg3WCG29rysJWE9EdQzynlgSyGsVWvKlmpZg==
1799,江泰和,男,440111199305183571,twRrsHZ52oZ,T}KDA)#&S,GNXONzZeXhzaZpX3lTMM32YrpP3rq9qVEfspueGA58XGNpAa5hQaMR0r/OydqAgiApzHaWSOu9sU/pdHL5y5xIRdCC8/cvcVFL0MXqI2ofY7fvHOJbD0UyivwUXbtKqiBOZgFREGZJVtd1ELIODAg44dQfypHmVdwABj94FpJqWMLQv51qIfE/cRmA2y9MwqJ0FLX8Y6dCn6Zd0ARLFFRfARqB4dkSUefz5zVef/sdE3DSU6j1FzRzNLV6uooh9mT5pcKGX66FVrCWXf8IE4n0K6/zk28eCczTy55KGKgKs3F9yp/d07y/Y+pVsm5dab1t5JPtxJKjPKSevoQq4j+Q==
1800,杜彦博子轩,男,440111197304291897,tuuui31,OA&Z-+UV552%,awobHtRvIPPnKF7y55Q6/UlG2OkzW8aL9ZRGLUzANE74kaiEF3UpHBD6xCTCRsrbi4CwDPmpMkfpaNf57+LZxgw6W/s46OEz7Mz5NAoICjNRBItayUHAlxidYmCPznfX8yx5QsArbRsZs42mlw2vx8oe4ITvusOM0SYsu2bRwg+f0NKt7EcI2VdBVv48Ii8U/VRs1xxDlVoOf7q7G01Ts36aKfsNNZHUhgo7PvEPzGk0bOaV/oeHgEiZzJbBAUYoCNUDhinhe5qC2/CPTHLq7dGr194oXNqTjiV2wttfcylo5ZEIuw2rwLOwEp3n7Mx6Hfq8YUQdf4B9QWL9tEPdyg==
1801,殷航,男,440111197704115577,liIVpeDyws5,6(be0t$prIHJ4t=,txR9JI6Aa7CKwgdJMMhKChSekgSH1sBCMKomrZsSbfzpN10Q97C2sfp2JL76f8yxz9a6u+X/2tfpfSKR2zdnLHC7pmZO3aBIiIgOZwZu/whHinh38tZ2raF4EzwZuNu+c5E2SVhotY1rG46aDFCXdxkjGey+YuJGQRGVf84LLDyevvf7qnHOQdsaIUJ6iMpXHhsJz0kA38k08PXaS7uphC5kEWK6Mx8bJHLZcJn6b0eekF75NqUIx0/OK3vBEvNL9XaE/tnE5iMvX6Ik0uiONqOqRWjHEDIzmrac2nW/H+j53qQKoax9rD/YDaJ9NeLhW00zTsNEpfcAE2L1rxL6ww==
1802,姜超银,男,440111198906016977,l2LVuez,[d~|7d}jWN5x*,nexNJp+JgbeNtKb++QneFFhI+iUXmUjB0ei6b72yRXMQ2WCUgi7CtheCToCByac0t0+7IH87f2R8UNOwEgxRne5S5aMfV4QineobfZxDWg7ahtvbMRSKVwXMimx/4DPcJCAjRHpZXWyOHcHmz7yp3tyEA7jlhS9tcKTVI7AjRBBX/vCk40rhKArVF6fMuq8JCebYvu9EvfjxRNORcU92H+eGZUx8hGqWiVVz7ZtGysc+aV+TiFsQ13EfW9eweOWVXFPc/LokjnwlLpHginUGF7snHM6NO45dtrUlkyI0SAXOJtjYa0SaAdPR93sUgM4LvrVkuDk+Y01nMnI7pBPe8g==
1803,庄乐怡,女,440111197204204944,Mcs3fH8p4Frz,n-!qj<&LM_i]s,lt4HSL164s5V+2205MESFtjMAFxUZ/BqPNxHljpHwF8LMbMgSQJAZP1DXwon27xQ0RvOKizUXJBI7rczwEA7dDreKI0Rcgla97IECU6JdsTrJWT+KnqfUhRWZ/Z6vFKeREWuv7Lg8StPGrQKUP39bz+sdxqtQvNSfx+9KecdMVQ5OVJlUk2Zo28fhMw803uDf5gWdDhuatWf0FfLBCXxZC+JRdA1C/KvZs7fN0wMP+iLhqatVpI492Y4iZ1oFosEa12pSwvWaStCpTXzdlbQaL1mqyne0azfdv4UfwOEkQ0kHSgRjEOpfEkJMBwIycihcSFB9noij6tbjSPLe4J/1Q==
1804,冯嘉伦,男,440111197502171852,Uxom6E2Np,bIIy?KTN3nsnkI,HhEAgSNNll7XK0m1N1cnJ/gRV68tk90xm+ZiCm9S/f8TI11XsOoSGy4yaf7cMyCVUvuNDSKkdBNunVte+yi6bHT0EC6dIAUeuX4ge21nZ2z0Xsflg+pzt1yWzqkQCFl24EgSXv3F5SSQzv6da/gt5p8yyqL4SWokt96ghasYL91TeXomqykfShmkdWnST1IAsL4Iw4PsG+WYXTVZ6qkDr5x5nIHvhmbV/sC5LLhYTAs2gHa1BKCYc619y5TWyPpit4zACzx7dLLNNLRjk53wxUQuzIA4I6FEoPxdIhRBaa7AyooZbAsu+WQqe42TXmcUhmsJZwoIXlP2pHcH8zF1og==
1805,熊卿妮,女,440111198305120701,Q7IAHHnoPe8,SPTHZHY;Z;N,mxLJt9qx4KW6oK4YUBDqSmDSEyqhyqev3FmjNUDYvUMRMxJrmOBlpT+dKW3F+RgNUxnkD8jG52T0Wh9B4wjGceHOlJYdvimp8t4NTpkrrMsyB2z2Ziv+dovOME8Nl5AovMBkjOQKpQzLJoZ+UIUVh6zSMyJAr+EnMkrQz39EOlEHuRjLbQCHbVbDgWLJ3FGCVwq7aPi81hMPgKJbhJVYXVHMVerQxnEvBxNqaNIuTPL2+yH4spw46BuXbKc4nwkXH/QIskSDO3X62chvM2yxDoGbz+qLRNMlHjSoF5OQj5mrzf+EI2BZyPZeBelyQONmF6KGZFhrPwdVcF1AGasPfA==
1806,任安琪舒畅,女,440111197009148422,opjE8QQoR,!CMP}k$J;k9BC,NFvWu621A1llU3pK6gQc8LhWDnj7ocmHzkc9qjKi94k8/3XIuZai34b9Fv5e+IXjlUGMKrHBpjYltNW/p8RnAr4KgI4/KzeJwFnvYO/5WkyldCkWxCuAhPqqn0aMjj0pgmD6M3bSzU9o2TjHieU7cpJmLOm/ULaEsLFh0JX5dCV2cVS0fFfuKMMmWUJvXjbkBUgBhPWTSR+6dlRN8Ck+3YeLvA5zHlJgUdIA0p3vrKNAZcK4p4Zsz8R7wjAmuZlEh9Z4ngMniQshuyD89T7/3734+KDJdhxQFIgFKEt+g2gAOxzhrgmW4eyKXRxEX+meBx5jKAWwr7EIKT297qUJrQ==
1807,叶文涛家辉,男,440111198008293278,Gd9se6stsa1,TMJ)xxEs_1,UBgVCNdwXlZf3vhn1uBkjN3uLydzMWSMV0t2VZoMh5HCbpmEP/yflh0iok30XkR9CzJLPfGv24HX/fq65m/XDLPtPkrnSjdzPdIB+tyR8G5i+B+nr+KkOTAMWZVloQyHwiErEFx8KI0uJpzyDUJIMxoOlj93NJm9IoQ7koAiaR8vBgt4n04MGtFCPSTXtHAL6j6JnM0Q4ZA5Aj6L4cnbitXhQMyFfs1oD1yMFG8QwpiWJ8WtTUwycHaOQdpW+H6U2Ay4nNOD91mvgOejGnK0hf8zeWKeJaMHXp55BMIQV4egLcKjfedCQNuaCtA40FNzonxWQQQlkt8FWM+gfIpFAA==
1808,向海燕萍,女,440111199902222866,xkSo0kc,7ck;UV[Hrw:^U,O7qBq/dCxLkKFh75HbmlBQ0npbZjQjhxxuoTx5AmIkM02a7EbxRfo8tuHmJYQ1ziggrV+toPWPiYCszTzmW8pTAYKZytZoTz4dTjgbAbE26MUtARG7pZkGcT07//iKCpTOy3h55v7eSeYsG5UYWyKkhY2fKkeOO3XW4TcYxIUyfZW0qkN+M00vI7R2c8vak6O3qonvKVLmqnrFtgbmSl8xZ4QdwVfOfhYa4mW4k0wqWhS0x2/JEByQULyaQ4lqZAg7Z+XZMFdpD/UL48qWn9wWetF/W4VtbNUqOc3JqOkVN2l55BR3JdQcA83qPdwzON+U58A21p8hz+5tHIfpOV7A==
1809,范书豪霖,男,440111198407128333,NmjQA965K,/9<N]zA\W]Tzq3[,GEKKxwuIAicGnYQkCB6mSyVCqSzkD0w+MWzClu4KyQYW02D/6LpHvr8TdnV7c0spdp9VLvT7mu9SGGSh5ChMfIsxShdQdulTuTA9oAUrqCAKUuJHvxFtaixgiQPoSllj2y8uXUIlpU4X+RDddf9eGVWQOt0kHvRvVdtE16SOGAfWQj4KyxNnD3scHX2pALlYQ2Tt4vUBM4iWSmDHml3qen91W4S06rk9f9kav9zCm9sCVsqmbsn6knjkRMRfTiSxlEtKsBXWFMlfp2PeaKSNKEkKqwSBn1kFXzJPAqL3PioCYwAKwMMgOwnyaxcRqb1DbsFQ6nRgh4Fi+wRkqPsvgg==
1810,张如意,女,440111198706053247,OdkH17z8O,h*/<|)nVP])<[,eR6fVXDVj+Jx/yKDxKl06g4L7mgQvNhjxUqWo7kRE9smAlX7zaERY6AA9CsE4gbzkjvL/uwZVCBB7JYkP9f5+tsXvK4Bj3BstIF3215qhquyAh32dnM3anJwKR5uTd75wkHRnHazYlAVsfOzrRdrR22PN/nqciv8sf6nRoEPneEXd4jWoP4lKcSYLP0R9OapzSCNxT27zZl63rs5Bs6No7PIK88Aib69BHeyNHTs7mCHbQHcq+8Og/mR/eaHd0C5hY1IyUovrwrD7bm+klW0o4MZYzVEfxiQ85R8ASUQNzAf7HzzgERAPmnE75R+mh2TIwr0RxzD7jxs9LY+vPGu6Q==
1811,霍莉雪,女,440111200105160725,bGV1kj95ue,ldfQ\N9|_X.:BK,C0FP0sX1lbUYxls4dSFpNSpfomwbUUe6BezLljPRgE/60f+yf2WhAUWjni0Q9qeXrTt9wSWXe/b8ar9tayj0DePWBE/oZxqLf3icjmA3qACUUmuyRl/m4cnLJG0GdnD/kyv1PZlbxPYDfaRfSjPQfDQeWEovSNbduR2bLBjLCDidzkC+WW46+Wbecz4O6V4bkiZUn7bDkwyOHa941yx1Q9y3b/hvYXaTAGx00Q07d7sBwIEugrGHQbhy8PRLWevWlNz8uXa9sLsvgfrBD+vHRM3kPoQi7Nfml5xlbogld7cB+fMYbjHrM6Rtkf/jSBh2dUwumUo44imP9Ikzmuofeg==
1812,樊哲,男,440111197108072451,LjCADoGOPfH9,BBHY%xvDm,Tuzh/fp7YV4Z0174JSJcOCdIsPHJaAQBnwcon51spWWe20aB9qTz5sBikPmibosPGJKCbp0PwLIRaSfdRL9Ym7tzafZb4F/HDq8vyVsg6mn47tQHqyQCB7XXO/j24+rFEFjeTcv5TYh6myOCnDhX4xNzlvZhBy+WjA6j0uZXZaAmR6U0CmUs3b4u8qh03eJH9a+fUhXIA6kaE7B6mIEvboLfZvgXvgq3OddXb0wN7mTN1eJdEf31h2mX9EW/kD7HsfghHNOTChrAz54U3rdw5B7gouMx8HCqWFNjynxnOert2MHuw7pWNRgH+bWTKauH1eTfNrzxujMWXElrWobsPQ==
1813,李浩然,男,440111197311010010,B7X0EBBmF,hyb*%8<d5%N3,Y2K1eCAi8RuQzoYtQinJxin+rqWCxHo4Vvo4ygznVI+SPa3oK+901bAvzjfwwQLJtR5SSekAdEWrtIUm+scxcNNpB8K0dKu4yj3CucqbLBPqbVmsX/20mdroFoEAMF5++8XduI/RYq2b++lgiiv0YOjUqi3NS7Ul093ZRwfEaBrCbox3ch/HApbssYvDPvZFeEniOH+9OFhitrWSCQ+yu2L6+r+Ki+QQ1rhexz1+pjwabhubmATnkHs+ihzJh/tk7UA75Q8xVBYyA20xsc2yY6F3SuFFQrm8JHHIaY84zWFWPIfPVpppG/gZ9k1PsVVqu2vrBy5Yr0KQIaAjRpBPkg==
1814,崔彭祖锐利,男,440111198108039074,xId6f3U,1?H0\Yv}(0hhas6,VT9v/5MK9Rtoa1qgp32lGJ0rK880YAqELKRp8hJvRXl5mkAijsqahX2MTaVwPX3zIijKDsvKIbUG92C88ViwEEMFW3PRsS1kY+bhNa3qmNVwjThv+pV84TTsITt12NH5axKXLmdrZJK08Dv/hEtkzOgss5wQJ+KuLR72nyCghVwEU6lElTyJmkucy4lmLrnOfNfncQ7zRs1JX6cpV8Zk8+yzupEk+tBxnmWyQ/uxyqnKJyLZNtazTjfOxqT6qEY1A79yIO1sOl5mDjyYEIsH0/rEOmL3qq4gf9ApYG9YDuptYdDNEB5+XXmBHhzM7Ynfo4xViTFE3f6ZsGlMckHT3A==
1815,王淑芬,女,440111200205208140,t84tOM7Zr1,N2ucqog>|HD(4>k!,Q1NN41wJNl3LnW+TY4E7NWgWY/XrkVvwVqLY7sLn5mUZwG8NmHHU3Ov0zA5N/hB6y713ilJVhSk17l++xD/qAyAx9rVfSpRv7iRMKoLppvZX7ttEHfHz3kaheQ5VhkF+jyxSnT8QTCsWc1xGPPWee+NGuYCVpJ/XzcQoZNd/DdtqehUYkmw/p9G9ym1TE8uA7wHOS6+JP3RB7Yns9W+2WVtry4wMulwskkEIL6Ejok2vKFdwaxOeBIKJzUeEF1GbheOLUbCiq5EwSW1QPpNw5m+brab9VOFvIIE2+8sxzb9suoLzOl59UbPGY1vxmc5YiwJ7bB0f3nMz9dIRb8KvYw==
1816,汪高远晨阳,男,440111197203225137,HugIi1,/4D!?k>!i(XTta3,FtuYWVnbJQvxX6chqYm93e9N7iBQcyEkLJBQxSmdjtjQ2wfT1Ry3GVwdpbrYCi4XMZfuXPZBA2rPuSF7R+HH6xL5TEYjXuzcb3mHc9WpLAYM52SQODdrja4C98nu/TJw38MqHWK5roJPSIlINqhkpPASLqDSmNTELWZhgZ8bgO1ID/ZvB95DCj0a2JHEucSzooAzHkamaoW/Y4+MofiS+UI1I+NE/M8liI/nFR4+U6D6gxPN3S3UJZAknkiuOzJrPfQA57qaYCdsr+rvxHUYFxX9HTUhFmBpUkJZGOvqkVXUVDFqIuRBxbB3QGnxfNXBR75LFZUX86gvPd4mx7nKGA==
1817,韦智,男,440111199105243576,JoKdF0YikUo3,|jc(xl[R,Y73exCgO7vbquOTpZZ8S7hRB2nJF8jNxaynzQe5vBa5SyuV7so8F2VRXWvD0iVyk56TDYZuxCzh1XeATtSZMXRStGBrp14V7kegyqk3KU3CtVeWwhsDSYEsHgb5QyqJ8Y5Dnpw7BCUuTUdxAAhg/qyBlLRSQ1wms/mym5dFwrV97fAzaw2IfVIHADv1r40yY+xFVO9qSZZim2AdUlq6IENu7MxcLeNhj4U7BEwMY9qX8szrpc6u+AxAS9sBduXpV+CVDJiqY8LjyJqtTrB+3rHsW1ZoLcTdnziOpbk1pdvzFRE7uYhRizzu2qr05gzMWuuEN+276WoDZCUzLQCywMw==
1818,闫紫薇慧敏,女,440111197608185540,dghsfoY1AEr,fUGr~kU$c=EjI,fdIt87tgbU7Awhqj3JIdIdkC1QzZUIDm8ZCU6NjfKvILbUQV+GLeh4UX+dFIvIyFgrR5KCgKRGbBZNIKi7IS+zdLW4AwujWamELcwY5VwhO9Ur/3BYcHT3gu6znqrmu3hyYbkdThObc2XvG2vz9Iy8MhmGP+HDvyyNK5hif1gmlJMxlRmcNPEgslZShjXgnnzaJLEsvYNSOpR9ZEC8Mw5UzLAGmdKwfV7il1lbibaHkd4Waa7vgk/4RRF6IOvxvCMyXkz2JIKLxbNCt6t1HxmyvhQLKr2fTYc25LIetsEJTKhhtUI8rPKti4GesNf4gTizaeGo1vpd8aFIaN6y4BTA==
1819,欧银,男,440111196608204911,O5abjL8v0w,_oLGb\F[454KMf,Siwe8mifNlfW29cHysMXDFOP1f4tFNwTwshAUzJ+1fKSYS7KYlnY7c7FgZuPscuz/+P4+7vVGKa4HQZf4cLlQtUNZmV359UVBjBWm98pwG0xv9fAyo1iQoU7V+5QJ/4NhalZa4j4/ESE2RFFZyRQkE5Kz0mAvJ2PvhCp9+8Gnyx/9sqV+9bBwdIWP7ntn4YZ44ivcNDKYCGndnnvnKF4tu1Usde7A7+IicNFcmkPwG4qmBj+DzSlJFIwHK1zizLvmDa9s/B7tdpYFe+AMiiBLiuqtAb7w9gCK+5qLDh+IOp6o/NfAykSNEUT5BwED10BFl+mlQ///K+1ZJhcAe0lAQ==
1820,鲁菁爽,女,440111196705122969,auaAecZ,=iJFQ6G[+,VSALRWE9i/r7grHNPBIL47tLqsEKr4YtqJPqXEBeTP8bmEkKEC2zcZ+Uw9yt6V7OR+3X5/z1pM5FtqAhAO7PMzHXRN6iN61aHCwwAn7apQCpkZnT79M1ze5HDT6kdQK4qC5XuKECGwrGXXCnW1TubT4+8JAn0poaj7WqFQEn7HR/50uR+3b4vO2w63YTJuj3nlansuP92sGh6aNZ7YbZlrdBwRaRVRBPz2F4v1I+vvqr6jJmGzCBVe1Huz3gT6gCEJVSFI/v6BB6j4TSjR8J1HxjDPGghNIFEBdKPXIyWnqT4111B0hvyeAEfMlr11W354n/9VClSFHGsexO+yOrew==
1821,邢念慈怡,女,440111198404035262,ozirmP1,]XYw&/]F[=s},kPu/GJ5sgeHx1EkrVJAAPTwFARL0mZK4YGI9EhjG0tfdiTQnRe8j5aCF7sxB/iVLQkA5WNOBUrXOdCFw3J4B86Wn6CJO3UT7noamYDc/2WldNO5Rpu6gp2C7lKDx1z9Q3aQAi8CK6yZpXbJS/Vq7OEXvJXViT0H5T4qxMyDhZyKruVjiEgaqJvFaiAjeqrRFaIbPzznWplY/sKbgov7G/qNUiWcrF4xkW1Bpg6VJyMPcJ0Z1WhFpNfH50diWuW2MNJnkvPLnV1clAyIMXsh/exEnSOSrvXzl6JheO35ceVmxko4gxQOOoBPFShbfz2z/An+/sy5Q1qwUw5/v5+ULrg==
1822,安晨,男,440111198802178859,HIBfQV,_H5)eYQVE%4H,FnvUYwlBQhOu7lx37LWrDsy7lXmLcB8xsktTclckiumYFpxtSjsi0fgEV2bBAgbmQzCyi32QYmDMVZlFfE9J7vR4RAYQSgbq59/nE25dyb++hbDnv4aqp1JuPpGpuMaGvxnmmc05tsoCpTMvyWultxisHZosia5Tv1To50+HCVul6NT3glG9Nw+OfY7eXAV/khLdDpD8mD7jQo6xf/5KqcGN0EsKpKWV4bfb2athmCkUwd2Aqt6KMcIxmMmq5B6SUts9uyS0WxEsiJeLFlkXpjaS61GyribtynszJTA/4vFj5gPJmSR7aypUtBFjbX+AYjNCTioRxdaA9lJ2nWOlxQ==
1823,熊诗涵梦,女,440111199212185180,zMpGmfVLX,Rf[k+7X1ZYk3k02,IuyUwSwTqYmumm1FzhjLUp53Bbik5rUHjgWIJ/2nCwxDQntboPDadE6XPQJty8kiVA2PUAlufBUGmbmKTcFHNkRHIQItCz/Ym1ghqp76/LYE9BdRTDJZZpqvKz4i4jKaKTNTe9tL1ylMLpk9MF7Uo3ON0FrBd1yMCbxITzUiqrlHfxbDnFi+shZH+6JEqPtThloDNIJsKkpFT1unZ014bH66xUAT7rjg8v9I7nsg61Hvhf9onN/jEtj2EmB3ybhfjkh7TSxTTwDwGCWDI5pW3YEw7g1Yak5wHQolbOcWvgfJ4wtlGwepcHDVnA8AgtcV1ODGMRp3vKPe2arOkOzE4A==
1824,屈同和,男,44011119730703559X,gBBC34KAt2,f_@X@Iu=arhVI*<,fteiI/eysv52Q5YOTHhpND+LvUIMrqVHg4J1Y9sD46wieUIFGoquAvEmyy2Ua+LlFC0cQG0wTKyRw3d4cZzrH4+CLXDe31ZmwNXARXHjgqB1vfO67VJpxl3HjcxY916Sbd6FTEzSZzbSEwVPhkD5uLhmGV9QNMd86D062LthUaxDhdeMXuVO7hA/W4ryN6TRX8iT+KYS158n3XzQ5lA/wfOBsC+vjmN8Eq67T09we/MYECPsYTKCvovYaiPJrzweaZB+16iV+99mhsLJKcsVS0a49qbMOF3ktFsQMurlOzzsKT5lvCudhzvyKx+kZJ5v3fIUBGapp3SZdASN2wMKbw==
1825,莫媛,女,440111200604034520,I8cgWTAzb5g,+)yO=O3yve93RfX,388b0nJh0O/9riHUTne4v7AiVOYJffk45UR9NOs26yB539gy/30GSP/gsyuHXZ06EF6aOulbZ1JhAbBJXtmsoFUNUBp9Cyc2N1dQgY2oN5hnM4D03UQobkwJ0lwhEbmoXBlW3eB8Rgo+5+cq36ZwuqlwAWUffIT58QCfyER715LuItAbiYnYfLZL8DoQ5CdzHIJwAlx6bOequiIGB+QV1NEk3gHE0v5ITHrFPyFW0S/DvZgvAzHG6xMajOQ+rX+rv0iC9vozHhYNzXudJH1lGHPdy0Sd4YjjHBCGFLwMF4gZJYQxTSRf2JeF3XbdvPyJhhKB2eRbvfGzvNY5cpz8lA==
1826,夏丽华梦瑶,女,440111199804121324,JgUxuAp5,D|N5{^xMjZq{i,hYpeG9X3JshY3q4IzJC/pMlWLh7al1QAKCs24ykYROAokcx1wz+K3d2m8lyhs6sVh4zpaE4Z3ejNVFSaVbwhw+RHafcXgFmIp4XNXi2MSOrQ685rGAddTp3TQT8aWDsve6OR0T1JXehIj6tGaLu0rFy1RSPA6AJyOm3VhNWzzZJzLrcpSNCBNuVj2lXXcxkHslV46QlvqufudgrMoN1kknrGiKTbkgZY8rLmLa6Z1x2u6W0WXeYFs51lps7MZj3ETHz+iFRAQ26jxtFkRB0vdYpQ4OXpAD9Q2BwU3Qt7auqGYbTe/7N3b1tLIhsZWQYbg7y2ELfiQOAroDoo8eBsdg==
1827,王小红雨欣,女,440111200302289907,m0P20kl2XF1,OZw^i}t.ACs,dvTsb0M0/leFLT9c8hitXNJw4nSRfWMCDbR3YeumOmzBSDMXOmUtvMjFg5Udl9z9IGkRIfIK8BYmUTsvgPpKPxCLoVo1zA7WdAbAWmQLykqtnlabaVtvLeuXt/YsamQOC7H9LE0NbPY2HUfzT2ZKvNR42yh3XKEszoso4Q9vbfzF7UVxF0Qa+XCev72pXd+Frpul5AjURavYua3Xe8FrL438aVVDRIWftPjtvt7MA5u+9iNCioSqY4rQsd0RKCglv4q+GiCl2UXHUM3oABR8cS0xL7J2rDgfoevEoluSgRAlWpTIDD9CJipzB8xwVKKjgq/pKsgmlhtLXxdioa7Z/Q==
1828,顾旭帆,男,440111196512256258,KGXMf7aEkVT,iKGZ!dsG_,BeS3Y99ymJ2LL35KFlzxlQjvjzYDCfp5nEXgQE7YUEoulKJNSbri+0B4etDpXu308bjfHpWx4bNaW0y420f9/XrIyPOxZ8E2TLGllPVRQqEOJMoCqWuDF6YATHSJ89XWzsb4IsG78shwKQFeb2G2Oe+TuuxexKFaeDEHLVpwU+7XpOCGypYx2/iKWqGHKsI7xkVDJk2RxqeN5tmZZLLNlUIxSXL6eakmjpNWJcCichZStTNmwxWYFFA9Ix1GRj0s/P0q7qfH8QCYLd+lWC3fXu9i/i6RSO/T8j6gsIn+6dRKV6d0L3RLf6SebrwNsIrQrgxnECuBdXta6JpaONYq+Q==
1829,屈安琪,女,440111196609263585,p2fUPa8MD,1Qzs@Q_>TP6R5d,YH9vg+xGTGi5jZgTYvwEYvF1Emi/23AE3wN9xYZpPSwP4Q/W78dp4zMrLtAnMfhS5dsEgT1cwrqrE7s1OjjhHiL/rJscQkxzTSz9iGiydcjgqnfPgl/eS8G+XE0yMfib17hAQUxIjMdJBgTtNMDQwvzQnfb8ocyTu9aCTrpOTwWlek+cCoRVo7zS/FaRvyENbHeTv8lQgyMqepmZtX4eOVD0kHvYIrw14St0l2iEBixotbxWDGG897nbrK08FOqQCiSyc0Xe4d6FUqjsLXaJ6f5Z9gRCRZT1uSlDvATVgUkT4sLX9mORreZyQsN8HzScNZDYhxODXKIe5k5Ubs37Og==
1830,侯龙,男,440111200308090499,cYfFyz,873I+!V),JzjfcAmWh3XHD1HS6VYJsKv0J7R2j0X/xGskg/zIbI5ivTTzTHm7h0A0mS0A8i9nD4vViFNZgd33VQIKGQ5XYaeF4hzBSHJfLZyBHixxLVBoGIp6F8NlSR1DYGD3BAPsJidhAvPXSQCl5dQJIeTaykZCaouCYbLmu0u74DEfAN2Rc7CtyFpDVUmkv3xfy34+Hnn9uHKb350J4BqeSh5/aIhRiMTYuq8DrAMALZ5nGTyn9H9syODc+1xT9Eu1AADArronweEShlS2Smcu49H+G5LmYEZjxoujCXNMVHQ5oOqyaWx+hjc/PSsDwejW3L7x194wYrohFm9zz0ednMTzVA==
1831,柯诗语君,女,440111198512066461,0mh1YWfk,e)60khd:Wo=,MxloTsU99Gr6GWlQp4e8/iVlbuvzjytAub+nSrH7edNy9KFuQN7O2OsrEy8aeP9t0DGbWQDw4dpMRD/Nio/3PSmtc88tP8p0hqAIFCpOeIoz9+L5Ow/MijsmFI137uRSrm/X8b1I0X71Q5TqvGLBV1tYQp0SRrG0SH1MiERTShUZsfxff4R+ijGtkFFf/QtXElJlpqQGP/BMnvBiBqZNRyKayhcYixNpM/waKjxbSGbzFybggrnFv6ExQGyMJ9qVmsqA4w88kaDtOvfrounAnTNxinHZIXc5eKY6k4oiCbHZG6rJMgvW3jg340w/X8Xz6qkFvCEe7fz3B2Oy7AdJJQ==
1832,庞彩云,女,440111197802221445,SxZOQmI6MLLg,c@j?WpA8k\}-UjE,WaNZeos0M97ihoHo7xGmfen8Foyg40JoqzPRuiHUq3uLQlbYt9CwPjbUgHnpjInTDv3iwXoPoqKTCBxjLJahIQejkpCzm/wkMYLaHNec9TU4uhmD0lhbTwKkX736VlqpBfi/QAT7mAs2h3GSCugZ1TpeS1lwmAus/hj3dsdOqo5ukLLRFDJrgC/1+nFcuwisggpYk7ofKvsij9SevjyzYJQOtRlOBnDLGe8vqgshEkx4xsDopuIIPeotXFwJhIt6OYgwVgyn5w8QtALVwUBNm0/ZRe5tmbhJ7mR9/kbTbisi1pxdr3QGOUBkd66v3McgBhk+VGSDYP3baCfH6+G62Q==
1833,白星河,男,440111199007227070,HZTt1mAGQ,R%zF~27zb>aGdu9,YejEiiwD4/wYvyWboTgzJCXVYTm0i0HfcjiQC1PxyaCXGSUogpOA1/2xwta3KNzhCQyz4MIbNdcXmaJhRTEVx5/uuO3nv2phDgPuMp+7zBp4AFzBjNrwSrfMPK0iy18WfEc38o6m/7f5XY7azb3IVzv//LqCKAZ7OyDQyxhPD8kk+zgJ2K6NSWvoDmCkbLLKzIdaTkQG2verR1K5+AK49RXhY4GRGyJb6S0sNCWdEOJ13fBDXyD1Ug5DyaiEHJbmjXy8XfdQ+dwi6BJwutd8AIhYbLROjf4E4hpIWHIC3YKmaH0LZJ9M8QfGZkLeZncN4rvp42umAGJTvsWEfk0I/Q==
1834,袁光辉,男,440111199610098154,ySJ3JyiI5,[;DU5M}k0\c,Nol1juh5a9Diychw+ep1/AaY4GUflcNYoF6CdyqB3bhk4Jvc0gw6/HXPi3n6TN9+s/I1ct7C6d9KDZ6kYE1U9S+NnfEgbu1iudeT6sssaFUr7mizyq3PWiLNEVNhMF9RW10dzWPoovciTuOeCzMOPSYCJ8TGev3iL8xnq8+vTbl2JRCqn8YWo6v5yn7/SbOMfXH/E4kmi84QH1eEhvgc0YNxa4Or78e9z7Mx2gayVcISMYhyC5AN8V5O13fTlBskYqPXfuNOZG0i2kpv4x9rLSEbMCSg7qxb0yKaYWf/DL4ZYG/aMc+zkkDCMOew7PbVLjpzJzFmrXAfhRkU5ffY6g==
1835,毛明哲,男,440111197005214357,LUlbMk,n61q}gvD,JHFfU1qJUq4NLTQnm8+VQZpkaGHbw7t5pSZsBtscevLqXI2tRGj9EgwUZJ/T0EUCxC0jUPIMjrBAL0Lnc/B2m+51J8EYhYjHxXZdJXEObg3HukZV/RHjWYoPORtcGfw9Mo/Aq5q7Nx3wU6hf2JI5tfN0SOog4wj3Z1yeT4CIbqiHzVvvHwAs8bbVfsYkkLkJVWzhSD3vAIYDJg2IUFlvs2LmUdSGsYk7a1LjMh+WxAqFTS7NsgakigJ6/tzf0RxrVNsxKUlcsarUPKR279iSYG0WqCmOhfKBx07K53rcClBFD2JSHQBMTfzQ8K0eDWHx4KA0ByiKPuKLIYzhCN9rTA==
1836,蔡林博文,男,440111199010104418,bB8jISR7D,01i*Wb9M(Za,N/junKTsTKK0IUKwqHlbodSu+NLRF5o6JzSstof5uo05+UxpH0eiZF9faLvqntNATWITWR0krPDXDei9afH3z33i1j6ysjoPMnQUmkl0hVoOHPuQRltVjpEpebi/wNseiCbJ6sv1ndKBJeMr+0wqbqFprvdUPFvwuA5pUtRzQElt6ZVl36Mm3y9Pa9UovP12uN9lk/R41dTgkRHAHCRhRzFHXyAmo9yAD2Sg1N0/lrwGEpGzrJ61MRyJ6YhK9D/iujMQQO5hyMXovfI8Us9NLWXbriDRO2ltuz2HscBAFN278tgRgrmglZWRgvlzSUOMVR5qcDggmA7wbxwbpt95Pg==
1837,伍慧敏,女,440111196710118286,hOCWMlja,.^S:j\Yf,bH7fzRpEqJAdGicr2AFLfFLm8pExEQLSFhuqTOADdtTZcz3Yj2AW8tF3yyevaJFMcjdCwgatdcoRZeMtnQ3iQx2KzdNCNTeObMBV9uTIeagWBV6gxUvXhn66apjXORQJ0nwBtCek+AssYRM5MyV7XLMEE3KGhceTj1tz/lG3MFNYsUIFnbbDBSJwKyzqlqhP9RogBdUoVpo5lUyhMmsdllhJU27wpJ/Vsym6cyki1UlRonncApVbRdLhu/iN56hZ4EmeVCxRCfg+cMhfB00ieBLIfmS6Y6KVm4CZDWsXqdrmUU8GUH/Ttly21Lw0TKKZ/NgXFQIoKPMdMI+79KxJ8w==
1838,周娟依娜,女,440111199611178025,z2RpjDL,w~p7_DTs|fn-<^,gROxRQ0+ee44ZOo8uDbgp+PWJUi4fjEooTd/znlv7P4pfGNg6wdvdLQnIsWtEh6FuX8RYgLiGrQ6r4HMHMH2g26p1xaWfh79NDdXyyFQKz3f5uLHGs9owC/3WgcC5eYSjSMpUWCHFF7cili4HvIeTsYP2fO6zHUbqTcvv7QWATUcuCiE3pj8jE1MOI74r2K02NSnUg2h3TZcPF1+W05ONukfkS1845IqdtZbI9QmBJgio/3PTXVYPw8nlBqEEnUjaL1jp5CgGnnUlBMHLGsJC11Y4uaQesoRJ7qyk0zAJ2GqNr3oATJWqPH3j1Tjk8xj+qODQNfbd5K05+rEwkoeOg==
1839,童伟,男,440111197006027457,UIg6EGlrHJ,;}hXWXj}%4mC,OJZukR0yRBI/t0RfyYEirpu3yDloEt+ISSS0bhVpNpHHRCeVgchJ0tWirQYJVCts/OTKBGq2stlQDKjBkLZKTRMVlrTOeLb9GmuCWiK3YEtw8htf8E8TEuSGM5L08SplWzRcd1ssaFTzMIF28prIzZ04/HWl+3G+Giqlm/dcKHqhi3WnCgHctjVnbcYdupwGybgBuG/xyF1QP1ui+Mmew8Uf2kz2IpvRdO7bJ5iUr6WffDrSOw22RAaB5Sy+KiwZ0BE7Gxr6nS/Nb3d2s4fNX0RaH4MSqMb0QeQbPq0jfmWBuwpU5UZkAv7CYuaBLLuLa4nYWeAJZjb6lWd8iRnamg==
1840,霍安浩然,男,44011119800916307X,PYcA5hlmd5a7,pR=/&BlsQcUgrD]],K2HJrJp/gi33TseWcPehmfUp5Ie85leZYlx/6ZY9Q9SJriefb2eRH2DLLbLb495wDGia3q/45nGPm5yH7notg+Tj7VRu8GUKgbzIArvfvGd1poey574PZeH0p32/gT5C4eVy0r9CDgLdCguIsmfQljU7qAC2/eio8jMFu8rqL7AS2i4qaH9ft7TdYZyt7hVraVtfJtxBDVmK6ETMUsEWs9E++oLVfchVr/qDHL3SlMphcbTJsRwh+JEdyjqsHKAcqT0gYDfhxMpmpy9Z9GbzgVEmldYwoRqgX8XTwMFV6/RqVbO/dX4HeX0N3kmCQRzf0qjfgBvLE+AQBEgH7BInUQ==
1841,范霞,女,440111196508052586,fOsQruLF36,tjWyhbZepDm,WMt+mQ6gPHCmC7qpNHmMdaSFAhy1QtW23ZJN+h88RrHZEFn9DVV7mKi07hahsXIkQx4QoVGYK3uG/j13ai86ZRVBZFisv73zU3wq1DLG5ehc7kep2CIv1sqQ0fe4XH33LcfuNTAoatSZ53g7xNAgZHOXo7zETqgCFUnkHQzEM5uBE63RPDuQ7SZ/uawwZgZRhMEZENxMe39CUUSDt3ZaSZJ/nRby3YvTw+5PFtkSV4rcR/ywe6/ltC2/+HmqE1tTBgDn0ITqKRPpq/YmDoCxgLfFqQEeupJmoKymf5A+9NpNf0FNpSb6E3x9SFI57+tdN1MRhxbuRNSGyApJLU1K1g==
1842,孙艺秀,女,440111196912310022,yan38dKjpq1,^SqM?^?C=N{w3,YmYaH8Lum3KhC2Kea6kyC+wTt+T5P39/Xf0dMt1Zl4L6hWkHTGTVhTA+8HcSt5/lVmozJ2iHEeaYNOFeTnnK+Il3511UbjClhN1pU5SNF7Bs/yeEr6FBlYiwykjI6PyKwrEkmqbpWe+03Lovajmo2MqUG9ONC0EqTHu1bv/djF13inJ/8Ab//+zzzOuZf3SGzdXs/qklLq25bmdGmTTJx++XdiKx1W5zJ39Kc/Qql/F4I/si9ZYkLXsAeEbOLQs9DZBti3bOe7FrH+Dj1iSmZtkx7fA10tDcslQYKjZodP4H+Osm0wFyqDIf8c6wDqzXrQJrHTw8rB8267DFmM5Stg==
1843,韦泽辰,男,44011119710617741X,EoYOFC,S|PJ~?oTalptUy,RH/9Lyob+wpv4lJIoFyAZqlQiGT2wIiVd6nQslSeIMPR5TB+/YUOaGRtIkUuVXaGHaeYQsidtLf4Kiw0bgliFkeo6utjSxtqBbeT0pb6Qub/Mpmi6FGEnv4i1xWD1GeZPr55NhcNn6s3ovpwa+PgjtSGZ3vu1Dod3KfAKNcCKrieFmvU3sErpB5P6HHXrXD8zDMXP8nb9EYDlcreJjqY1FZ8IrKPP6+IOidZ254WB5xZhVPffxsQ4Fo5Z3JN6FkW9uEKw0ySHlaFk6BWqDNxVtMIQKylS2d02mYk10CXlt4OUHyfz6x0jZ3wBpezTVLY2KpX4YCDfjyrp/bLKAypyQ==
1844,杜琳,女,440111196705162784,WLhrsszjkU,O[tiP4V1ggNI,HyacgsC4qLV+N127LlQq0u4iKutxLECSLPv5C68wl1knf63POtbbfxnwUWVW+L8sWGeWw4FFe8Yg9b71f6d5GIY2/yGyqCGBsbGKAanuFzU+qTGpXF5ZfhKwh9WAUUzxecjd59nW99kfvOiO0Jp9waG6JmbnkDsb1s22nkcHhCfgse+EmT0EVDsbtH8UrPevRKR8kGnQsjMQ7+tIgyBSNubSq/0gKDpE4SERr1JSUQKBJOadC9Sh3sQiROQuuEuRH9UxUBah7RgGw906dueNMVslrcjW9UIt7/3Q+Vxq1IPgmf4jZEl5f2/f6OFbclIF98it3Mr21xxxC71AYWb6dw==
1845,黎君眉,女,440111198907187321,tYjynW6j,WwoQGh<Z^YUfA*,sjrz4C4foRFKKFwtZ8Vvt46BsImBx8ArFxAGuFCVY0KidWVpGV6j5QAAR3v3zAAUOqUMpw/qQlx31lgfnPXnqGf8mKRdVJ7y2772MH4N/vM7ZlpXzzeCQwv442uFhpUCh1sfqrPPgwkm9l0FA2eKtPtnL+pGThSN1TVlVG9q+crGmU1fFFZa3ssmWE8/n+fQrH25M1DGZZUxck/Q+TdPSWH891F3xJ9ss2974uMYE3yXS4r2eJwQDOrtDAXs6VncNuHlnGmEBGW7GjeH1okWcg8TiG+Z/OcYqkmqP6xUqPP096ERdKZWKcNwfoBNTh2MSWlPf+9XcjNEvI/hNJM4Kw==
1846,欧宏伟,男,44011119740910367X,mKUKqIi,hvKi4cy1]gD.zm;5,LwDyvu6XKZExg3tu/FHZ/wAR8HzKI3jya+VkKt8CLbaEQccCBPrpfwQh0PIQM5qBL+R1CCkDC5FA8cihDZewLfmkY56E5pohIOetAPVfM87ZYwwMUrUnw7cuXGhfmA8GSgPALExUJvcHxORIgVZc1baCQNpX6uEDbRTSo9GjoxgYYjveGYj1TFZbQd/tc9PdA/nJYohg5l0gfAtMBZGPYGpRpqUFsUny8yIN/lGeCztVH1BrVLFJAeiQ6iBjhsEywy3x7iDY8YfnyJpk63VwilcwknkQxsAGtp1zYh2S/KCaaZDBys3EGy7p9SyjmP+BBSB4vBpFaBFW573444IYMw==
1847,邢丹莉,女,440111197505202643,hBjCIoCT7E,5{[Et;x0~ws=tN,BBZZ1KsZWIrqPtD9M/TTrd/GaLe0XCoP2dUe4+nGA51kTOgzwETceTgcv4kycYfDeF8A5iXSsbtvvJ4A2VdOPFUwESLpAuOMWO5jZWl1M7EdBClXqgDxQrZMl5HYaXGAri2aFlP0nhGSYyTV43qTVIfdADmw7KowPKfB5cVvwR91UXXgyQGOHKw4cCHertnpIFCT2StPQGIurPruV+SJIjBlH2isVGHDKZCLseSx6n1V9lt0IIXSEgrJvSwC/29uYCN1IWVHtC3UgrS1xrGkRUSfmeRz8o3lWtiYmKbCcScyCBS3hy1ayEU8q38CcOx+hsX77bm/Ue06MR6gg+Unsw==
1848,潘美玲,女,440111197803123484,FqZC1kULQ0L,I8t-pLuBbC|,HXoJW//ghb9NPAmBZQ/HfaoaajrxwJxgm6/7iDUqNWioRXUthwH7gt8YJlEPqsEO28dGWDqN7YChn8DkLUbz4Dhzrz60lkDg/dquUlxPI7AMjgpeOFh62fISZou1lpzDf09rsOsvCnmJ1vyYXD8H+nPJ7MLaolV/zWyB8KRZyd2i/SHAIV+qjN/52LK+UPrYW3dyZi3FBUxaqoYaJVPFXh6PxnxDhWRuwu/j0sm3pOjV5eGtHaWdHG2fhR1oPeHkyg5g0sSQWwhfIfsgiBqEx01MuChHtAmqsmsq5qYPKf+R9WPrdgdVE/Or8cOTpS/a1nlWWaqNp/F5EWS3XeQkzA==
1849,祝舒雅,女,440111199007068903,It1Ce3sQj6,+^xe.l}9BVT,PwlQHIsoL1FhbReAPhNfZCHMWThfwaj65f9QYvBESGo0B+tPvBOSAiNkpfMXb9VoSK/eoOYP+P9t0Oxcjiuya8K/iqynt2RXFbmFq2SwSUyGnp1ffqh+Sby/5qlqbbRwKqXnkbl53ZZ5gMkmBtsNCk3Vff3TagI9/bPzqfTbKr0eI7ptCRXKzW0Idg3EOakz6jPUQfclb31IXQxFlsG9xO9xqL62v62T/rZTdGfqUw0erMHLzi63DQMms5b1UQKocYxrgwHJe+hqR2I2L4YsVxFUXFDw2Z4/7fqZJosVlO2KF8YPa4anjigmIpF187xzNimn+gF2gFKd+q0UjA8EDQ==
1850,易胜旭,男,440111199305220336,twQ0aoO,X*JgyOctueQ,ZbU+4ReANJht1e/R3EN6I7VHwdqhMGI/deeaYfSQ37YzMC+uKvEiHuqZE3RSAGw3gDJIKEvIrnjq0u3GB7Adww3QkkdCHshs6YP89WwTGlxaR7t9J2u8pD7528y/zLwAE2jkUdyhOwjCF7q7I+D+vKz5U8JrpqKKHQiavV28vNqhrZfp1SXhlCnspe76szcobBDlLomPEVdF8WtUc9ODFINxH6QLwYO0+H94qmR7bcP9kgT1a2DfuEu5D0mKlR7AJ+3sNlO8nhhAD6Cd44vjlT2xq2J9tJQHUAeU6kbQoEXp0/QBKg7V9ZuGbUxQr8/XuATh559312U/Fx2pR7EqOA==
1851,谢锋,男,440111198812032239,b8AVm6Eau,Hp{!:0xaH5[I,VjfhOTRub8lQDGVeG6OsIkMXZvyPX/XBXp0Wx88ygHqEuzmyvub927VuMUieTvOyOibsXzT+XGHegaHN8g99Uk67TBvZa7vzFZNjeGMs+Kk9Hk7wINPWMBSggFxBJvAVWB44LwJA6Eta+KBaXxq3B4BXK8SaHN85xvgTBurGDJeaCWkWeYho0q9n0RjGNJoOV4xyDPUbrQkei1Zw22e1sRR8sWcWrc2rZVHpwVl7zo2aWwRs8rBpwjoZkGb9O+6LENwsOD3dcGU2G0Nayzfnyz9dDPVC5NbSC8lVp8Q5ANRPzLTzmZa+Ih9RhzRSyhL+DhN+h0qO0N7X5A/Da+Y2Ww==
1852,闫帆,男,440111199801310752,ML6PrJen,D{Ed#iFS,NZ+mLOpfkkwK3SMvrKO8ESZL0st2vy/wIhZdgPiRxolc/OdUPrSCUGy7YZhrI0OsQK2fIi9XZuEAQU6qMu9pyuny0IL3SyKG3VW0IvYqh2O9TryxmydWCk7TRAVknJInHGeCCVSa8YygaZRQNxDH8njkrA54r4AhlUj1nN0qEFxhPIOxDxX0mq6h0kUncgsa7w3e8BdLtf1SKuskfVNLORIDSILBYMnZevd/PtjzOIxbu7FFHQe7c3TpzFv5tGWkhnV8voXN1l1RFDNmIMz0ELlxyoHYZRXrt638AtGskRZ7Hah8U/jJFjaX4a/MJisGnAmG8fkIc3JBYbow34Emfw==
1853,段晓燕欣,女,440111197504213121,GriErv,LOtNR8KUIXC`F,r24Bd+B12r1RUNWrBT08nWtqrjZ3+uqHPz4Hht3JPVnGJRILiQaOwCo8C8z/s81oEQp722gtS0k3djynrrJcu41Apwue1hwXeVwgGbW3bYyJxnZlL6WA0Poe/12139uFy0U79ssrlIBAmmn859ZJcZBfeqLK7yodDyvVQfok/AAQEV1++QCEioxQObwQUshcYyqkxhV1TUjb/+4TVqazZahtNfB9a+ZbccCN++bUoMDtITJMUHXBoijIBDAuWUu6A6Jmn05I7pfk0JEOBwfgl7YRGCjMhi8a4Z3mBWhIvuWK8zldILylADuoZTbk1wb7c1VQzmJ17ESgedeTFE2Wdg==
1854,史怡,女,440111200409239424,Cau0JvqiHMA,6VZUm{5Ii,UfSbj3JP/VvxqiMh0Tk1lkhRktmxVr3vn8ZeAIFyAxwD3923UmQvyCERNActm2OItF/bbbXGyNesz4U7KlRNInKEHE2PeGFsFdk66U7ElxCpxZd0cbTNPTE2RSBDNTo9m72IS46ZK67tFfSeQQhlrrkp9InK4DDMGHrtO0HAHVjnPBbfjNrXOS8d2SXsDAGxUwt7pa0IT75zPwh7GDSgZ0A24lESKjliqEGZYhf1MwMZI3nBwfWiIijgZXulQmjk8FsxwuYewSmLJGxKo4avnKDcqeYx995SRUPtkvCosTs2e4ybH0DNXqt0L8UH4OFnKPF4OBpPW0YmlHA19yFajw==
1855,汤晨阳,男,44011119800228379X,fBgRyUecu,XGWou-oW,cHPTdFw0uOvWF+qMVosEcPTbX8vxXeS2k9LuC3Lo09hpUnmRIURZhfEGePH/eJ99QMv2KyhscdsrX8aq0nvjAPi4DwYM/GLsPspH6yhbYB23t3wCuC6drkOt2ekPp8cyxIv/vhg+TJ9Rd1aTDZa162/pjMvn7NIYB87kku3rERBafTM6AkKSL+vlVBNMXrO0Vcxh4buxFUxLVabYLsT9heH9lqKInDbi9VWejKomlgAMLFtDjZzIXplL4NlwrZ7ioQNTWwPugZjlQuNfG+AUe0fjHI/HwuXVxJgffDIvMYk/lr8tzwK0YKpZK4Dx3VWiIOvQ69lltm/RNpX4RVkxYQ==
1856,岳健,男,440111197206182435,k9gYXQNgX,!{!:GdTz,aYEH1ZqdSE3EMPdmx0rVDFQZ1LSYmQnFPRLZASRXj2s9iP9kzGn2cDLBhblzL+ZBYNX9VRdWZMnT1d2kF8ramMvSZHZUQXR3Ri0M9SG89/ajMFDyNLas1jDcxs/Ok2Pxfj0ptvFh1L9ucZUtRMhJT95bxSPvY6qIQUshAteZh/bYyLq3fejclKnA3ks1iMB/Jwtq1c3NC+TW3fswNxJciUEY8qLFEvO1KYa9nzKwAPzG35tLAOe17e9V7JlbjQ7prJ5rzZTse4XIkNFpyANQtJZowQlKMqLqWZ+UDzKX3CCl/7uwtLKWFLx5GfrxbEOTv7aryGjM73GvLAlLW4wiwQ==
1857,秦杰,男,440111200303109074,A1rFjDArYM0,=lu%[N1;*aH1/v4,LmM90m8x+dRVd5uItlQjesy8ZI+s3Acydks8Q2IIVK49cFE87d5cclaWTGsIszppJ9ejalNboIq+6A+Zkq9ZN02Zwm+LHdfCxvZwxtmnjAQQYvNMbqLF/4bmInzpYvpiITor2WA2SHFXDYRsu/HRs8aMgoVeCe8L+U/N3lLwv26ux56dXaNKoqhLz0CbS3CQo0UNA2njSwPlfDKFNHpW9tpE6JIt/aq9BmAiDG8fup8fVwlkryVzZ9c86knfoGCs0H4KvmeE7jW3wl4uOh+0t20OFVXiLoeA4pivnRBIheGym7E1S4/2ir98z39rY7HW4MpfMEKuElPWygwdBehzeA==
1858,梅慧,女,440111196506260648,ncEf1ZRNy,mj:kr=0~(u+F8<k,cgDvHoVJmO5mm/TNV+HQpEKosWWRfoB4nQ+RZLW1FJrmmBbT7wr7sJo0pLNN2+DoQbhQV+gSZHSvSrZ7ntp/xnHR5AarhVJx7wWihbsPMIQtuA++/mhHQ0+NoTjEYwg6sq0B4DscWO/fdMma3Cx+ztqFEoqnogDF4d46c10qK+rtoRRRPQgr4shpnURyqLpLyMFC6fqvWoLs+sRAxV3/nCWCZcWpMjZnifqiZ2o7jj0VPmRO7O7pWIRTDDp1ISQPTjEn1JdoFKHxfINaR5YphdGCvTGIGKoAf25pO6upMDaF7h+UDIMJh+YaxCrY3AnApJUCtXL4pSeLN7789NnJAA==
1859,葛睿刚,男,440111197603289391,cJRGTm,TtaH:6yw9inabA,AcqE+VXKw6Ljq5xGpcN/0BSm98FrR78EDYzNGwezft7EWI+PD59QcSlCn6ibP10xuS6ByP9TNZMbZyDg8lk5tAlUadCx2Dc7hQohmAQHs1JWd6Yio8oPmLrYPN17ebyUqSIEOQnWo+IdsLrhSNIu4tHipz/GwGHqh97hSO5rbs+86U7mE3068BIRNCqqUfRH3lxNntAmK7jhSqX9MGkRjysGLYx5q1JZpvS4fRjjCu5KUujGrRDSIHxTDJ2q4E3dDLVWZ7gCCjlt/lyo1apMxuer0NWXZPiSRQePLpcmSsHDdJlp5O2MXnXEZl8bci+4PftxlGKL5ktEGcy4t8LlPg==
1860,郑玉兰娟,女,440111200601122867,Ctd378IUSvO,fT\~7^=}yW^4_tD,Gc5CGiaRIPpNH0FNJ+cwq4ijD0bKYKvagTcQ1bs+n3Cgd/2PC4KH3tz0cXK/bhQERRgSWFsEjWxLVYzUAEYZcifJgA4sqaHRyTE/BHqVvpIbNGDYlQx1Ky+KwFRCIOioTsxtBMyJWqYuSc22+HmPxeXc+AnGn2X1hDhRH256Jf+F5N2JgAwTN1pMTxFbZoyURhOyuIL52gSnXriCselav86xXgfp+Nvov2r/YVXPt38aLEJH1MMQhQgGIldcxa7yEDbOComNNT57T2vsw4N6IY+M79HOu3vLlujRbU4atpJ2jO6GARKxaN50IeJotHGpJXkeSrTMRVrRHF8lQSzTog==
1861,叶芬颖,女,440111196907238345,MRemf2V7t,pkB)>188;u3^,doi7wdFfOpE1WXmf28NBgDB8GzxjJJfIyfXIkqqc+vzGtdBk8M4sonSW7mz4/CVjmg2va4/lR1cwF9CICFliItmdkLezpMqmviGj4YHgdvLtqH/NJy0rEqSmxr0FPdD+VOydBSdTVdHgBGZ95cP/c1yu9W3ImP4DyjjfH/64eTDvApgloniMdkytPARYFcv70095jsyiNIWSVKkI7BeohtQoHwXD+ONeSdkGoIVQSAZDNvHebJyw6T+jqc4jAK/DcsP0hlR9G0WdtHweG+rskakncAJfaHbaQBUXvPMdopwxbwJvuZq3H2i59EItXnTTIRiRHF17rV9WLf9mH/c8wg==
1862,司斌松,男,440111197509155952,K3MsZ3W,F8`38YV;5,emffuA4z4H8kzQBXYNzI6PuAwlZ/emgW/Hv70XeWhfNHya/V1FYmNhSD0aUveKyqII7cpv1GQu4wPy0IG5R/MS6mlZQeviFecyi7M6yI2Y7jwqmfg5CNCFwK0ZMpNElCF0Wcp8ZfgKYhH5Txqc9vKSr9MKkcAs7KlNA1NRd6+EMaZ9HFiVYUq2sf07RoBR8q4RrIGvcVPY88ngaPPaaO2nl/WFMx7P5/+1wa+UZ1G7SYrZGmoGRBbc3vcfPQBuXTxcIfGuHlp37vixR7S+e/f4Hjn17gNPjXB3q58PLDOTtpUF/WWuV2OA+gchwGhBhEE0HJRk/YfdDiHGbS2wMRKw==
1863,汪婉如诗涵,女,440111198705057406,y0OTnBZ,c:q}E:gtNF2g(9,lDL+VP1VBi/irKwOYcJxBEEp7ytpjtGjYk+D71facMTE1jvApU3zYZ/dyjUdCdUXgt8lT/hcIkuP6dVRSQ/I0thf97uD/vwijQFHfoOr8udy2ey92tuWLmYBYGRwVIcYNFd9gOmugrItxvugNpd4NVljLycP9aYxJqylSFVAS8zSQfE0emAU0JOF/R6jPp2NN86HXYrRuqSQbZ/xvdXWqubDzYu+Lk0MOnb2baWxLiYwoMsww3cd/I6qsKCJXTc2D+GBRmIc0PRi5avtJQVBwWo5OTiT+wNCjlTCRdUBCsoCqFe5hjC8Q8WcgVVJGzwL3nh5IXaDtbPE3KZ9ONMQpg==
1864,姚旭子轩,男,440111198709055950,L5JZYzl6t,#E}%2R07c^4,hLFrznf5rkmLbmG8Y5ztliBQrX6MGiBopyoxTKIzJyDHOfXfSaQ5/6vshSZGVyMfHtK0WW4WH8Xp7hu0XwaAPtPV63BpbeOqgi09Og4d8m2yckeZOV0MfH9ay5ESwp71wwaTeyf1ZarfMPNnw18BMuuyb8jR2Xjvg8yoT9MmRQfsEz4UeDfR17mwAV6xrJvGfU5DZx3RSs1Rz7j3ZDwt2cV6r3W2UegsQqL5RdDKDre020tRNU8QpLMkz46WRgBGxSKkilgoxg71ot8Uhho7aXAinqjEt1V0/OsnEluM8eDnA7TnIOytyqcshcnIzWyeMZMq9WNZT94I7N3lJ6ykiQ==
1865,蒋巧云,女,440111200308098124,wGS8dEPkZ,K*7>if.}/`lUqW{),lodFkSTDJCzeRkzFV3ijjSQdT5RmFRALxIdHG1gHtlWw+J0BoPC66bx0l5ufytSCUBUGiZzV3JP7kvXYwtsBRsV7VKEaCX2vHcjeB7FKVaP0dXCqAwuhpimwKLxh+vgk+GFKfDz3bqfvK5FqksxDmTKvNV2pbiz96DamDSerl26DF95QSllM0sjPeeFsIc/oc0/KBCp3BBTuF1KJdCOEB26N6UGpxUlU4aLEV7FCmV+U1Hl8tp90yBAyn/pyU53Q6SnVZAPbSIhU9B7pBJt3mNSuHEvM01wjQlbPuzhLZr/js2DiuE6QTmOQLjaXzz2YpIaSetJgfP+FMBghckIp9g==
1866,施夏兰,女,440111199012314603,u7dzKAtgFTlA,8b5Da+9o=E#jM,SOpf1jR15tXHfM4ZaMJRX5JkYS66wl8ey5P2rF7rb0CNt1WcdwhwD3gWM6irMCUArPD1cgWqijQkg6AL+2vke7gV+EGisu3orBirJoamVACDJS1/iB6CtY9SygFzbE4gw2jwMMePd4+zHtEbf5+UED9zQnH+Kua3rRKUfDy05QW343jQSCZioJzNdSKm0wvhuFVASDiOJrd6rf9AEaiHuu/pqAqGpdWbyI3xk2eMZwBcOrT7LQ10hAOj4pkPULfqP9/S/voLnntQB1dI+X5K/dVh3dcX1q14V6ozGDQovlmS9e6Csprr2EqKxkoLT8yKsTy58YocdCH6KaupXG24sw==
1867,司博,男,440111198301165750,SfLDHUXQ0V,$Ps(-}t]UlF[PzMU,xfIfJOmKnwJxh/QpYmK5VqhkiXNg40uTnMie3uKGZ0DO/hBToRHEpcvQ8tpOiUQOfyumWKY2A4T1OGNVjGI4BL98tvRqg4LNEg6EejK2pwyoi+crT2QJgf858g14viexbLVneyXduuOz8FFeHaQ17A4ji2Eh/tVcKJ8CQ0mRUy7QzssIGOa2NkZle3ddoLwX8iB9yuBvbJ5ub8s22vOYHzq+GvV2vLkzgeWAweJylItUmMrKQZUAtTc+Ndx8Rlj3i97FO0TeaeRwGT5msdPpMa6eEWzPj24c3FQwH7FYeOVGbaMC4LvCorYX2QheSYsyOVipZ46Ty1YSU5ke7gAivA==
1868,闵庆云,男,440111196806224139,UG6EOisPq,NeS)*z^=m$7]Sl,s8jdObqrAXp0sAaoqwf/mnAnu49S9xFBpeiKrtHm5TYq2ov6tFrwhORpB9fNScBQ3AoZO0c/uGbhCpxfLczRk3c1zOJWhItvzZ2z6dBCRlaTdhmnNSUfjY3+AXsqwfK5VQ8IHO5A+9Vfg445hpHqlgU0jafZMi9lLNWO1iV6ctlMlLfg1QuQI/mKzt3p6as19HWEWv6pGatxgHk5nWyc8IBUgiG0qo47tlw1FASAPK6YPzDKECOErNmzEuW/4Giny5M6tlT6EoufyVqFjMEtwFIuJae0axr8PHYiHhUOkIPozKu9gWOucGRED87z4E808RfnZC+cFsH4vUy1Z3AVEw==
1869,韩舒雅琴,女,440111200301117425,xj7xnnmmUV,Y`]H%ixv\og\;4n,BDbdBGe4PCZou49RYqDZhhBdQum+uuOBIJIl1kl9ojoo7uM59l2a+okks1wPrunsAB/CoDW2mJZelKFJpVNaowaqRp2wQFGtsbNV0y8wiJ2YyNd5JA2C1d41RVE+1yuLiP/fORn2B4Iwv8BcBGo9prKwQQ05T4biWRYd/0kzgz+uwaZ8R91wAuWPJQLWiP0E09/EDODuUzmGXC24fUl1x5eAC4yLHhnBbnEMn9XhmjgRIkO8a0P9Cz5hKzA3ejAbqc30BjYiY8v8yg9cAtmEkVBfEWdbcDjQRiZ/iyLCbzgcsz4gpbMKRbWhYnoSDiln8gGNTJXVNfFQ1J98ZuX8+g==
1870,潘家辉高远,男,440111197012230478,P1hDkxZWP,/@>8/3PLe+<,NKuXJKCwsjoKRFwx5saaYqs3Aeiy0uREUmQ1yxm0LuijfA/D5dQyKZs+FM1IzGltRmP7bPlEyI+k5mJJFz9kPguFDK8EpxdyWgdXAlMz2cZ3JUZCF9PLd6WS1gEPiNXcGHy7N2e+DjyfBnBBAtNKqh2uHvdDDgUd/+Tli2laGxzD6b/gvsWChskNpwfNndBFxAwHbmZkw9Tny0Fk881oVbxDECChDBUkFW33vfRsArg3wqTqrXK0QiY7stnXX+eCCn9LtL2iq71X8xrgqoJcJGckGMMz/nmvxnPCVL3fXAbPiksNdxPHIgKDSjnZ/dMBFE2Gw/IlYxqf1XmGteHyzg==
1871,严辉平,男,440111197909021937,ECzlq9hV5h,F%Te{9Q1fuV;Q!,OTtriZhAnhyqhewwZrUFtNukVt0DJ2xqeTqjPgBLRn6CWAk75ygMMTRzgjwi7iQG0nSCYSWwBSFSN2tefb77fu/eqzewsTd86LP1KQxX1HIVSyeBaIJUtBnFvio+V9XIe5CeRqGx98zEE3fn5zbRC00Pp4l6Qg1lBW9drtHJBiTU68uuSfSJ/I73899Q6fJ2K5n18Wg0TYdmli8GnWSLCoZqKbYNDq9N4sNHGREMM5fiQu71Q6WFHqlsYq1gCH46i/aFzySv48JW/w24zvrBAFwrWjSNFEM/e1vcN/2TLb1gmu8j02oXf2/TWFS/eSCZGWdWIjyuL4878r8LwqBfIw==
1872,霍薇聪,女,440111197611255669,iQ63U1Mu,~^S}zeQ0QCoQ,fgBcckXruxce3Lo0dT65/PutoVOupcnCl/LDjcWF9KZZ2teupCyshDW8CRnEsfqq83sjoIPM4B8i0SbiAvZgIV0vzJChPSCIOoU1Sps7KM7yfTb/4y779uMW2RlLrhHekx3Bfnag+We9NWrmgA3mzHEFWH4FC7jx+rVsizdLnkF0+sNRvt2+G2l1JdbIQqMttK1sfJdFJNToZp1dptRMV32vf6oy17g1KoUGnoyUbteKYUlXtV/QuFgOjzLJuWvbZAI1K+romnJCEMmV5H7/XL1ZYIvPWAvA0ft2krxwSkRIQPGz11oSDy3QXrPrGFSqM8tMZJ+uzXLJpcatFJ38CQ==
1873,罗俊杰智宸,男,440111198406213253,boVOgH,*+;n+nl(%;-,52OHSGRs2Cc/dl5BVbPVi0NXJdyozLwqLMDZjUVzHHX60ejlqwOuvRxk8Ge6XolnfB2edm/WUqGTZkYVzVmbsOCIYkVbP8H8A6Ra6LOi7l6VRY/2a4uGgsNRCA+Ek7AIl2okPk6XVKyHJW4yENvFIKeqNyneDpK1jHFnKpvLGk5JeTc+VZfSqO/XDSl2NbqY2H8HURmZfjU04L2T6elWCfD8iap+q6lF9i21WoaZbALlPppxM1C0ffdXTobwdp947+xCcKt2RqVnJI+4RfWkuOp19Nj8/piNNOBFO4OWyeT0j7WY12P6Y6IFqyH8wJa38BD9H/NBP6+kwjW3SU467Q==
1874,邓春梅,女,440111200211070109,yIN1DZp,{_o(lSe]km),zcvGEKJ3YdBiDLys2dF+7Ol044Aj62sIW3BLlStp7CqI6KyWczJ113eFC2kbYV8d+x6JDGxNhORB6BfozeI0H5xAc4RzWIOzG6plnAOMVJgxSQaC8eHH6Af5ZaEl/rSwfTIKmUZCAgGVr1RNcVEdVHDSkOw4xLVffwPDF0Wd6EAgBri9uzlTyfe1GbNyfGZIlAnGaGokmK4icU1D+QxXDGY5tol5V2oosNBmcXmUAOLcZCUl3jCEQhSuMhtj8Y3pyTYVnEaadrcuPcnIBV20NaRJTj5XDExeMK4hTXUcs2eodeZKSY7LrZ4jNnEA1MuZksLRE46jkz7YjYguu+Y3Vg==
1875,柯爽瑶,女,440111196811209726,kiFWBCS8ZA,USeN>5Jo|V?bJ,nCQ/EH0+g5/2cxzPSJtXzg4z/mghUM8QHzOq5daUUufJrXPrxioD+U6vhK79PVOJiOfFMX+ZCKiOz/qZaU9xOYYeG7nayM7xOEeSvPifgiM30JBMMhh0YPPTbVz2oKi/8VDXP+KHfvs8e9fZK72iuffvRmjppKS1/aw03A9k3bsXEw5G8tV5uVq8HGCiUiFYPxeUSzqY6MZIbx9mcU9joGmGxO9xu32RPCX4jpyDBKnmNjuVraEgVrstzxm8vjgqr6Ban9TorVTZKsjzYCqF+WmwAjxIuT9MMaVusZhz8chP7rNjepo4uvbRtJ42CwUzQbOeH/G7TVgw/29e386t9Q==
1876,岳阳,男,440111197908319299,QOekekQ,(O6+@Z.r*<ofRV),Sz0yQ8G7HxP/13n+lMOXIyvdLp4Lf0IRXAPzvM2Yahd3Y+GvCuJwM7vT53l1YtXLE/goM+JTBnml+NJcRK108JEOPsISBpixmdgiYpnMKc6jLUJy78IM/VJdbt7xQ8vsqgu4vV1XQA2gWPajXRmqIyfLQNj/6eqKIGn4dq+lOwt3or14Sd0aZ8Vm4DQmG1I0+yl5vIt12NXAAVRTX+h2gvjpTUMxmXf0apiR4jK/n12Ct8+mT70kkchot+t3OLRpxO6tbmrCvUaxZ0QiU1lhjI5ZFRuhFzW2IxIugrtSR5IoUFQ93HlkD9wm6byewhOSlidIl544wolbZu7vxsrzdg==
1877,康智宸泰和,男,440111197406267353,DRv4cf,dI>b=9f}h@.DxN,Zx13RZCyPor9I7RZ7/Fed7E9qAz3tJ5awtT9rTDh/Fqu3L8vuqslMYURpQdg1rXt0ee3OIHrNxyEwCaabmewy+NOdkNx2WKjYruHJjNR+HX+gRwhYFJT0c3onH1gLkJ/+3TJgJh5GkoB7OmlC79LqYpR3QaPyvAvXMYdupvxhSq0UgPuVqQeb6HFKogdnRNw2hSmWhEkwPE96XduO/5ctEhZs1Tm1fTRgEyil2Jc7oH0k50y49yLg+kdpP4rMTvwt7JcpBUSgYx5hol+iY8B093adnwI5IdrIE5y/fGAABfnY/av3MBfx22nrPONGO/msyzOpX70X2tZDDxT444YPw==
1878,房秀英,女,440111197804012145,XFVoA5UZt,?zSPXBa9E,ROg3zRydfLPYR2PF/2LYUvfvJS+oeqGyvDqND5Xb/2YVDsMOxusHL7o4FIfAiZwzXX8x9alAGtWT893hJygUWULbiQkd6Oxr2Qsg8XDHXp62ldiJiko16wmjYTSzlbXb0SFb+FxGrwubSUmjmwcVHSdkiC2vxh0X48p4jhhL1WNjbEHgVlFdciTKDAgfkMd7NvqGN0NYLTnjdJY/OhphKnZl0IGGetdf8ALhXNomvyTh6SCiwkqUSzkOuQ0mkhHkBwStWJaBg2LwewjOMc7otyCxvdMrc1wvteGHykasZZvaqvyvZBbo5/CglW2Qk7k/AKoWxQXarLkMP/JE9iZUKQ==
1879,朱世杰光辉,男,440111198411219852,SbbJpuV3,.5dZearbFSPdRZ,rZl6CAHGC0vYZp6VbauJttVzxblJ8B5Cz9d7xJBMPYr7jeprluOB1LRS5SMdwz7hWfEi5dFEQlrdO1LL/ry4AdSUdMh76vJNQkzPr4R7tSetsVlKSHFyCllIdjS6Dt6R8tyVTZSs0HhQ3/3+YEKoFANvIyAH0uCGXz0LhaYx26D/F//CzIFW7uzhMp6H7SiwADzt8MBqZLlT4IPJoLpUS4cConDVXGxlTyNqKN/JnWzCsNw3495YhXNpBn0P+hUapWKOvXqGM4obmT1VArZmzBorBvQ7uiw4CamX3jSmnVXNaHzgez88Te+CqTRs91exXbvjGCedJKZFH2EcxMhfJw==
1880,章琪,女,440111198212036527,PWpoGrf,X0>3^}q0(n,VPNHzHVDTHyYHWhiV60zoyqHaDmPXVdsm8jZ75QIZAN2rFBNARd1mHFyjeaunqxELAIHhzfJ7a3lnRqon88x2BMDa6MTaqxfXDeuZzrso+Cw/1iKldzCJ+ZjpAZUvP6CaG+LYHo/IPrYtL/VClXJW3LLBDS7AB79Y+jVaKV7irXz6qava6SiG6udL4nGtfAvlWPpY07TYrCf+cVZHUoiymvCFUvtUp13+rq/3hooMGW2ufsOqm9hUGzPooaxn4GbvALgzrvrGOhIRzBtBEBlWP0kTMlt4Wwfv35P5wFFRzxAGtbfPGNRnmiM5kYgbunHPchkzvujcXq0eW0VQxYAmw==
1881,方胜明辉,男,440111199502211519,oedIjp,BxygviMHRp5Win,UIsoBrNXFnlSWRMyy3tgWq6OgGNmZt43pP+cVpZisd0EhbOfH7Lo2O7z9DkiIoJiQVM+Ye2zcWWZQDkE0/0VhjJ0LGxPXkHiZ2h3NxVcO8jjp1gDIhwLgShbjamaarD+xShIZpBWfrFjY9Y47ToMmZJqSgpjhBz1vCK5QtqKZMbkQe/5Gcmyhpo91dDCAQ7FvkTmre/xsma9JPIzvia25CqKodQxmPMgW5fo39L2YITxpW7TVf3Ejbd6JVNoplwfLyupV/K62a1zsNIHrOzMiEJ5s0+3ZzUPnNnHcgdu7oKwgUUjVySKtPSFw+NWZMSmA04zsWm2HE0VvkAlmfK73A==
1882,闵瑾萱梓涵,女,440111198812059925,sGBJA$yW,g%_|/N/9Z/j)Jh,ijwtsflUXANpOJg0+otjnkz4XhPN4jPGT3y+J6LRBpxDalOWoHntO9lDmc74+g+DtkdVl4GLqREANOBB89x3101+qdRQcwpzvYMjaXwZcaXCxJudmA9xDu7zy8awHm/Jps6AOtHN/XkCUGeixs9d39CZgoB4FhVuXIJrmqxr7jPb+XYhKT6UfFPDmrmIyCKe8vwcoQaq59ufxXpoI4wFiCXXqvg4veGDYu2pQxGE67U5VTT2gLoHoi0vGRfJa6sx91x5seHO2VgnAD+HigVVE12tdRYQ1XQ9vLgrWghUQ+fqlY8zUsvKWh8BPDavPIr7oLYTeTMklA8jAqEZvuvuSQ==
1883,沈宇航,男,440111197703124930,JrWxAykTDvc4,mudJ9?VOP!3O<F,KYy/+kUC135DPppyeaAAxuwspP2wiWQpJmxyM2TUDU3fQskSU2SZeajume6H0qJr15mRzkUnFnLG/nSIgDslyCGatKWclvSMJaJmWcmDPGSO4+U1mxIS3OXq32QaCZu7HmqZ7blht+/1t+JQExot3mKiYw5X5Z2+ETQJGUVoq6dLxyqSzV6Q7P6LXIjyHY4g/YM6lapWyCqlY9mUl0fZ6uz/lEJnWhF27tK9L4N3HUZDgfJapN/xYZC9dCDDZZFnm47rE5bmMMv0/tq03YSu0+zhPSmud00T4WmWTkEcEoB/ZdjD+9LQFzj9LQtEi2A8mUBtlzSfEGByci8f7KBfNQ==
1884,解涛,男,440111200310227693,jVLiSu90e,luM`)ckb9lN2TMNB,OKQdjGtxvdMnw6OdnL5QSrpMYtkj0XowQ6++xlLqO7dZaify7OwL/L30I55sDPJbJ5CJNnk0gikPZfFDCHXMpYWUbwlZnjlIiOBkTSXQuXiMSaH8qFkMI53p59skp9PTPUQEq/iRLDS1U4gkMn5Ctt1hIAH1ZRNT8nPoDj0x6ti+SVUjozNQigTzDhOPkWb2ISbA9//yv/o7XNxxeeMGc6M6HBI7UTRuPXXZDBF3IkjccihX+JubvWdTmky/wLiScxrpBgHuUPd89rqwCXAl6WufbhRwp5mdFxH17xghVJBnO3BC+jFJ7Qjierz6K6utAW59DIm/UNyvvcKUTOQnpA==
1885,岳鑫磊,男,440111196603080454,aiUmj8L7H3x,iI!@5@+hlIZ,NWSD0HDVGzWl78R7L8o/fszNFYgrxer92S0TyxePbI2bzeNSxPyFFN9FObx83pls5Y+uDn4w5Iekcbr7vSJFocCqQFuhnSiN1KBo16asZg0LSBVbViSCqNYipcuz2zrxuUEk63jJjp+JV6v1ZFblmRAlBG0+qSZVvAXjHyCQq/s7AGB/bJHQ2Lo2tTs+JdxK/e+1dlNQjcgvc4afWX6BFE8gOqIdcsymiht/Y7BcoFfUIm0UgQLJwBvdaEDmqAlKUjPco9Pj6/u4vDPsV/xSoxfZ8isF7v78wFhScw5W8SRnXHFM7xJl2ut2JOQVyy/fLtY5J8jnhP4yWOsYnKRwjw==
1886,胡芷若欣怡,女,440111198410065484,KZ1Q6Sw,VQH]+dks+,jVI0LtG8iE2V8saRUjNjacXqg4qDrfVdgBPE/L7xnBshCPHV4SZHgvV7SWtfpTF+c8+qZH9SN0iAIF4OqOOmrcgWszCRF777axa2DzqncXRdbEMSFoCHYO0tmDyybmJSKqOAS/tn0jZmw5ClAiKOALKC14MkUShonIr+DFAoglJv53DIe9nHWc2IPBGTuOLAjF6/Y2T+zGKeok/eb4+VqpnOtrrz/TtIOLYSpUXTP5pryx0XbxM2nXU6P391ueaj7D6H+/cPvPbM1HCm00BKFexcfiz8ZrEmHe7q1yiJwNIom+YO5Z0UZmF/kZs+YNPUfhBfA+0bIHr+GHu68aIWgg==
1887,解瑶,女,440111199902184249,cEgExCR,jedwl+Y[,cPBGhUGhFNKgcIOYJFAfyjSF/VGM7WxdhIUE4yMNhaaxvKKJ1EC7jyFgrBxsUY199TJ7QT+x6GCPQ9+SO3PZXo7gRIB1ts6nXWc+6fddPfyi5hPStqKEhfo/nCrVZZUcNbBuhd+butu60IR9AXXhZq6qu/yNblwF73PJC/wp7Cpi/qbfONB1zakVosT7TyTAHHMO7RoK8nZhTah8N4E8rzRxSd32HHx8uv1sX6PzNZs5kiakIC4EK2auII6LpcKSKd3LL72O48qaF2vvVTwELZxonx49if4OgRRHk05MG/r4pCVjVQkLhBFjkfeu/eVK3GQdbIgle+WioogA7X7lfg==
1888,乔帆乐山,男,440111197412183551,PTNNgSk0D5,c8ZDuma5![$,CRftcZg8O+7Y1UnpU2Tmib5qbJHk/ZI8DiwyosYHTzQt4JQU0hS4XN4VjrYpaVcFFRQDgJJl6Cbmubkc6w02WMR7LaUGiH0V8e5jO9Uo1w+qnwgH5lA4biSnd592NceSokIod4CET7iF3IeQXkNKazSXR8vjCYD6sDpp8+KAyZvbWctppXB+7DW2srM7uFsNlBzL2XFRsIGV+FoWhuYoD06WYAYRHjQOOYsEBrDZAzQ9/HMy7HXyi1YX7+kD0kdlUD/CW4v2ls47685ehuE+Hh1DVGqn+2X/1GCEbSHOquhIIucOxd/wWsES+l/MNd52ehB8uBrGIEzP7Pmwsbagrw==
1889,侯博文,男,440111197504230335,AUVLLjoA,#-I@JE#Cjk,eHrtKSazsct3SrhHpQm5+ajYBaTgzqtG8DbiNlnsEKRadPRa0Dcl+W7qEll/UL0jfJU8t37ngMn94EbuX1dJ8NbRJmFA4nsVJSPwGRmBIz5t9r6HTlGaeRN1k7+9kGN/XpJHr+WVltNT1bRbgH8cZqT/q8JnHa9qzHaL5tp2czfubcosThl1KfyzY+mCU4gJ/ukNABeeW/FpYOhl65yswxAI16XQG0gJuI9JoOfVxPhcX/42dg7+c8eFZrYkVPbWQsNTmPQby0tbcwZmxijpCRsZTpY60NCQHLvEgzcz2G1T/wIKKOIuxp7Xu8ljM7sFQSSaPtFEi7ALKA0JYGk23Q==
1890,牟雨欣,女,44011119781203474X,e8yaJ9Y0Q5,9&1sC`C(j$,TFWpVFnvRuPkmaP/3k9t7J3O5bbdUBBop/a180fIolqUHji9yK6FGy+Qc1xahkyiNLumxciBdE4ih4S9koTdt9MfChzAqvEG/zd6ji3t2IjXcEZUsFVu01pd5VmjR2STzZ9WINzoQR0dRbmab1bssfaAMLoBz7ZK2WvxB0K1XZ8P47dmpE5nQ/5j5gxQHaA9s9gstQpCIyKtS8xyOBXNPY/LoHrryaIX/Q2R/hQTbwqrrf/g+Zad+GWCb+RtTjJhkRPDD3yTepCUQHnZRmvlxt5yfbP0XNX3hkQns73TREfyL4Tvxb2lu+Txfc6DA8b3GRZHepLTx7pxq698Csc7bQ==
1891,柯勇志强,男,44011120070124903X,S2s4GkNaGH,>9<YYlVJ)T/^e,T5aUk7jXgHHNDuywJn4R3v9KSouhgGwrlVk9ZgwDKOmZK01eMTaxDCPAf62ri+8A7uvK2c446USytkwCQOq0+bA21HzN+C7Dp8dkG3Z2onYB9VPubAOvOZLpaFvZBckgchW6/qOLACConjziyBIWNFHeJL0nykPMFWXgracNXNjfsWlaOiPOBDkfhB7egEjHr8s5R7XJEHXNPTS+qZSGy3LHqPsobavMQrXfgVpgDEO7VleTZw9GwEGttiEprtbvcoPduAoaba1V986dosUfCyIpeQCdqCOECAd7aVl56XT87HUxrebVPGXDyFM5m5mGTfoaQL3hV4xJ9phDennOGQ==
1892,秦艳,女,440111199604138463,AVrHramwQ,0BnptG~^>2/tD\4,czCSLYHRwX94U1tlxDbmDXYmrLWajVxDXN4P3fa2kk/AV/SqU1V4zaapSWBN58CHB2WU800eLeKN5PGAaO9jAX7iLkLjLjHsPIePhaS8AsEObpBZmbc4IMqzQmbbyQBYU+M37U/SFz5IKXX9uJlAyaOwsOVSGU6cSJuEF1pevStfG0ksBxNQh7qAO7RWfS1IAu+Lj9t5Y9ZNzAGZngWteyNMxzxGo0n9lzlMvKGDyR8scs8g71MbMuOdWfywImDHyuBUdlo4mEdwvbCDqpz/hk6eMlkBELNckukGUxhU7qi7KQUFqKuvy053lokcLt6uCqZ7oKJwSogo1Ebsm45z3g==
1893,马鹏飞,男,440111200311120492,QrqOD6Gq,`*SFR[Is![U,Dr2AmEJme/bHv+RPJTke7F43tvvQAswi88Y1RNtti6v1DqeCoS9LwlihJPRXv4LPFn/I/qM/VZnKBHnu7mDlfEKgDn5pRFZ0W5sJGtuSeXJlRy8sLYw3w2cKd9oFgG+E829QK7+Q7la2eZsC9zhj7ZfFoJUU0UwAPAs+rzocYaztpwMYckEdE2nwhNwuo8RYp/1v6SmdpFRad/NubMZ0WzIySLnJTQtuFK6hUhbMSv0CAEDFbMtLI9WZMhwfa7o1QlKTbBeMl3vApqA5F+AO/4CbFnIfHdKSUMAkPFFtMLQPJ8sAHe3/wKuRw4sQ15DAbbM6OakNdo7H2/8ARgMYOg==
1894,葛航,男,440111200005043214,fjAvDz,o?G=F+aQ=3U&y;,Blv3r5vNQRsBHRCCaoL8o8XM/K57MoKOdZgR8U6IWORByTq/bPQ16koy3cUHFJxNcp9wWHDIRN0zOEWMlpKFjjzYJZ25Y2Jh49KfWArSVxRiJSMBTsc7kppYRHwiJH7InrehCj+BYSl7cTjNUbY3I+eH1LOnSyr2+yVj+iYRxU20M2rir1OTxRbvdE1kSClBvUj1dEfZ1ZLkbIhGrkxpK8/Q2oQo8qdUpGcIeWH/8r97D05ED/y+4PBCWyHp3OabhzY8Vysx2ToC/sblhp9cvUv+nKqekPt347zgtKydxp6jpJMyyO2cpFNQN0pHD1Qr1uBKGkLbQ5Wgtnbr/3SlBQ==
1895,彭书瑶颖,女,440111197006035107,h6TXNEwRV,zASwDFbXW,CHdgDR/J1ApqNGN3gTecLzT9C+JocDL7v7ID+T7HcbqKsBs6oD4csaKu2pbrOOrdZvwct/k2DxEi0bJuaOQR0VsZ0/SMHVzJNFUAc06ZngDR/aQ6CdYoDh6JD/VyYgckDMGpUV05v6oqF4UXfAtxUow1aVyNNEi0bbqKwRLZprvYm++obyPQicAxo999pYWeguobagqYt3xs2DNjdlbTTQRzmJ8drRFVNyhnyiM3ZKJpvMEBx7jPNsG+mVw+D+WeisQ0+SYj+4gfJt43q1gBThSRaIyOnnK+T2nAfm7U110kUURD/VVXjTyLoG+KWx9Vxkmm6qzGrmOGVGrn4bissA==
1896,徐晨阳,男,440111199912127352,hYpttBj3W,~fNQPzDO#EnM{xZ3,AYCaTwvEGYMbXO/11/KWu11AOM/kTufyu5ol30ijpF+QhzBk61ke/UBdlsqmEwstRVrfEhPNecA+r8+es01uCq1Mo3mxv9NKeS29e/ItllLYRXmHYD30hxB/bn21wjfQt+kjge+8f+9voFEaBBRDjWjKz6nVDyuNaSBva3kMcniZrh9yUJukh2uxrao4t2GZz2Ie1OX1OBFRG8LwuUzLCJcUiCex3+IhTyVMIOT4JrnKNpNYE2hVPvf9ySv+cJU4WllyjGaVgaDWqRr1L/Bj2MJePysdyG42GibcrV953mCOTJ56NOzZSuPwgqCAwXVyIfY+InLZJO2we2EEzWHGVQ==
1897,蔡宇轩旭,男,440111197602247296,ljWt7ippC,M`-Y{PDJO\t,LCR1kz4KuN94CjbJZla7hPOw1D/YlooPrDZmarrQqVnbHbyaI0fimq/x9kEuGNZYFBhBaoriOlxtmIurjr2/YkGOhyybnYrBQiIMKsGB0lDlyuudUVJc7yNjGMKMYqIniala2tvKJxcWfYeLzutZMAqTT9wWccOW9Edq9VqcoRoIY0kcNTozar3QaAb28mY5Y+yMN9U3MBWFy2XyrfMZMycu0d5NGplLwoKyxPN+a7nZqAunAsKvYP6Ctg6Ts/u6MrqJFBO0W5bSKBcJ/DDGB0xupBei/KbCvbcmlMuOcVqP8BlXjDDsb2wiy34fSZutvJfF9UfZCwNqzqPSLIarPA==
1898,魏佳怡海伦,女,440111197510193323,cHkGHoe,1~$M6GLESr`),0KXaiiXFvUnrKPfcXvES7UBBLybfGn37sEcO2RJFnE//K0nFIQ+c9xz1CmL+DEsu3Lez4YD/BieKMJQzn3Fa74QjZ1KBLsSYEOwl2iPR3v2DnTy4SfSqhKOm5eJ6XPtVQpM01vl6kZ1XdUtTS5WXoqE/XwlD2OcB2rSegVSsNnAKZrLRqiUDfGg54+bPQTqfCEqLjG8BgE2BKtp96sWEGNKfYhMOx1mOxzDcsmApvBhi3EO/gW03sLYRIf7BvbaA51z/kEzp2ayjis3aZY91kELCDtNbd/s1TWGXFvuMNVpQPAPEq71QyX2VxtZaipMr7qYZIqIszCZPDsHYlqsfww==
1899,程信鸿,男,440111199402060098,UZ7Wt3,XD-C$rxZ78eNP;D,U/b90rM4hFyc9AIcu1B+ZSqpBKnr5KAebjRnA0nJNjG9NNtvcokSssv2viCGfYLh9gFRnwzntrA/17vLuTArnissGf8bXEhIitm5Pt7AsbDA1cH0fd+Z9Rmw2SHjw+eLXRBVZO4ncKKmKo0hveJY/R9gEqCdzLiySJvFfhxbVWO0oXfjV0RGrO7T9UdmT9vZAYU0z3skJPqDp1eWZArVBJaBm6njJlDmWMiqgBxhXWpIMNODhyBQSIRy7TPTyFpHtGrUYkr3t3RDw10OlnlHb9YILUF68IIFB7+fWi2wIh1PipmAx8jpHVLelUBQoXvPxc7paLQy63preKFMDE5NGA==
1900,尹文昊文,男,440111200007254859,N0HUAa9lC,]Xj^UZtA.b*`;,bCqLE/BLfAG45dvEZqokUTUFb9tTsarkbZP5IPaDOi2/0+vi7sZszUosNGfPyA81PriFmYrxrrzlVDCKr+D9rbvpdnvhH2ZxbDQN3CybkbU8d90LRDt7ynq1xfTKwl/mQC2Wqd0SHoPVrd7JtggpcUKs5Pzb5frI8aaCdJBr/W+oSkTZ67VyY/C2gXOCiUjV/xsnIqJhKB9OhOpn8ghEqao89KtQhCnCk6kEm8a0VyJQBHqzNJnCjXO7Gd8i6SDKMUgdB6rnEbaHP6GH/yFdZ11u6/+zykYnNU04C3n3o3ADcu8uSQWJZ5i8hFs/T3T3qTFsQVpvUcjOd/oE6WPcaA==
1901,叶韵,女,440111198304261123,GG7lfB6oB5l,90dGjG1HJ}By(I,hThVnn9ldVzcw02/dbGqL6xMAc0wf2Q950T6/IP3r3UY5g7rTRpEzFxGcTn5gkxEa2QZo76ejAv82DqArJiSQjQgExKNGR+3iO7jmOh8nJISTc0+MB5JKg1CaV/rbTvbwaNk1NrZFHfm5Yiawgjgky2QSgUg3P5CrY6GuaPEH8OGyU69sslPfDCwZyeDgG1zbloXNpvA93Vog5MPRA1uyxx/OPWyLnkqUC1aR8ZgjUkjwKLl9H6MiLjnBVzAtmLBucVfCYeqhbk1F+JIKpQam6KzgXiY0q0Tio/OIAt+/ddroniwlyZBc34XdW1EhNY0L9i3neDcv5HhlXB8rrhRZA==
1902,许浩明辉,男,440111197310057976,eeVGWf,$ZEuLmusj,ExAWVsC/GcN26v9LiCcmkyVHurbtQynCap4XDO+mMC0VVPTwofx1/kaaxqjpwCXShHK+vo9WhPqNuHigboPvRyctQgULjTcZNQ6DfNbu8qUyuJZOMtyz+VvTAaDFa28v4qObJOoX6pjyzXT/lDAH7a8o6FJxxwXp3P8+dXLIBviajlrGncTTJHCiBCfUzfTbFzj1rJ9dmPX8yyWISzngKlXggzYE3nhbW0Oa4+e0f9fyM81XjBZ1A7S5IbLAE45B3Twi5mnEOr4hmYWW7LFbGbVPDwUeN5rvQvyf74XN2SpfPzqvxNmCvTyydkpE1VsyhENmSaK/GOTpbEA20c3UdQ==
1903,雷阳,男,440111198402079173,QBaytb13cnx,+>CM4%g3,xj1wDGRxW+axr7tUwxdaib8efmfmhXPd5jz6TQlssDsY6B5ga8Kt6XD+DmrBW80TSmKX7DuybcAmaDqW8ajh3DuJ4YGjwE4/zlsb4wcbfHqMunUrKJpP+2vbGcCd6etC9TOxJfLb/83N91QeJATflIg6QrdbEQMV4wWOiwrkezCxM0asywoy+aQB4XdxO0ovge5kytB2UOTWWakyCQMAAg8DP/h3kpGl0TPLkplLLu/yEYryLth7g2S9aKC7U+91fy0bC6bFZBcShwppTIhk8YYdnzPAQP39IcndgNcS5oza43b6eaB+71ciBGn5H2vDC5tYzA8fK/S0Uf1QFCe0FA==
1904,汤雨涵,女,440111197701085843,Sxq2iok1w,$[fh?8;LYw#jS0,FNqxoMyPAaTiFgHLcqIdlxXF7DZIn2U79MItq3PHNVWmIupPDgtQHcqHbBw0CN/N1zOhhqPdJi6jSlDcCz5DddvzG6htzWmeFrNFrX8q08wjQDldjHKDA7TQ2M8J6CYaWgvt8Z3FVY3cqgyc/C7AUFMp/uRGppbCBZbVPpaHHjlsSLUoF/3Kl3jHCLXPYbNPYf6AQ+K8Q47fl5mLiPk+HVrdSQWW5dqAAewPWGlyWugRYZtTMIsbR5O8pJj2UorK1mlBH5GU/jfwv5/lJAus/WolleI4L5MqJtmfMaPlFO3PMiVHXywyByLF5HsY0SmdW7dGhC1sQG6Y2A662bWahA==
1905,林婉琴,女,44011119990706350X,c7mNtLihg,PiWXzqJ]Ax.h+V8D,gbbCteb9sr23wi6F7XmcYJH+g2nMvNk5m7dk3y66iCf4r2QS0UdLrc8Nvm+XS7rV0CTycTczwY9xY2TPAwTwV0yCooJ3tbiCI1tF+l4Tn8AnjY1sTrN1PS6ylYEinwjq04FVxeVvVebFnHUo6Mdory5tRGtgMNlKPIYJHfwhxPKRZjIxz1VbsF9+skdc6HK0B0freiiUzG3gucesiS3UhU+xSzwB0l9ZHmHLpGNbs8vjxf2A8wEYHyool1aZBShpZbXWeXkx5WB3PrypsZUP9Uh+mxvGoicFkd6UK8mGSzGgd9keXlcUQo/QqEE78W5VSniy0zQ8nHRML66SXLw+Sw==
1906,黄翔英杰,男,440111196703129278,ZEtC3u2Y8,\6PL;SH5[\\>V,LL7vfuKRpK2zkETcjbYyYbuhHk83Euz8KTCeFg8CVuEqutHrNWHqkrFQLnPu1j5iIIJXHt3IKKNRa/j7ZDjwwVH/8IEZjVYYdSkSfUgAEiwV2HcrElWAq6GmVil9SL5Cj163vtN6T3pcIUN6ncyLZAHT6mwVBk+ULGPNrTCCm6h039lcnFsJBk+ukUT4UxI0ywSOlImTHsrgKGlF7ImsL/fsPOUq7Abm6SmjtdO1NC4D3mJtKgRusZpBPWWYRQfiJ+cAI5ALz97G7zVdrSBXga1ggzpaHNWzWaMtwyYgj7hsBBz4LcWebG5RTLS6jOvOLSRZmKUdne60B5jh/AP3CA==
1907,叶鹏,男,440111197806239212,l7J6oD,h>!.\bBBRM/:,frcsqtElZgKMkGTZHl0qOMVXC2fS8EExrmYKx+cCmhBdG/IGq1VC2Cop9KRQ4sAAh9AZtV3idWYu8mPU1Ap2p33ynuqM2Xc+V513ERZB6Z7MK6qtC8mPj4XxTeg1deHo/Rb0ATkK5660/hmWdN6fazJ2v7Uz4jm7lqxOwIaHzAyn3ho+UXQZ681hilpvZoMVNAHvni7I6Cxfst0gI0rv1/asdsnMGZ3UQPReyCumpAqV5LhDWEuAQnTcKTtYgjREcY1d0zJs1ImgupUTQYZMc/A6sG7t5suWntjqqo0q7g9EAPG51KclQyM1+v0wUwDzNob79hIxeuBQwUQLS6LlEg==
1908,陆雨涵,女,440111197708298980,dspHCX2rieG,Z)^[8iPGb3X#,d9S/WUBuoOn1UjDJC/pyQjcGa2bYVsDApNIoE3Bw5rvkt6dcIy8Pwx7xNlgDB8emYQUErUDDzXnm1jnTuxnP+I6m5v+xbP/y6SD2lrRZmBjB40EjlRWu7xNRkg0g4txkDWcmZWpCXL+Ssx1EaxqtzOIvFu/S1lyjCncUPL5EaU5lAdMxGKN7kI2m2MY+b5CLPkF7GrKTUSJLKN8Ngq3Slki6oWI530ll99nJHuU+1t0pGoCefLZFPT56cHpY5BYeK0S6ETkthGPB/m8yzOHmbujGwjFj91l9EEQzxnDqzTwf03NI9LcrJmhMcAuwH9WPH00d67ZS0qA/hGPXReOW+Q==
1909,陶峰,男,440111197204099435,WPLKImzi,/!yGbo[[URwW],g+HhcrwtfZYViyeOX0dDvrMOH2mC8Pj+YkCv1IQ0OAzlu+TDvJgYyJ34VgiJl21Eh9H28ZiB/IR3KNlej3USBYKAeik+49oDbXQtWpHJ8s3WX1J8u240ApTIz9iMVbdDqEziLIG1f4CCFwGWpuda/QwBKCr51QojYDr54s6Z22r/+Yc2F7juVPmIlEH+B3tYVkQYBwKbI7hYs+ckdwD/USMIXvNhc64G7iDtIq2d3Oz1mW3NwfL1yse/Vx1LxnaIfr1RZAPw/d3nfubRX/jeXVUjNKldfBbW7jx8/nKcxPWd2WENIgFPskQbC+ioxpXmWvnapHni9UETkBpIz/90ng==
1910,汤曼丽丽,女,44011119690713428X,MuWgO4Fxs,w5vR*HIYe;If9#R,h/sqHrmuUezLK2iyiIhwXAVBQAk/qCEQRw1ibAqgTcPhtCdQIaElIq0V7aPhs46Jw2YOgajH3L/7+w0oXeSSQZMrVpn2RvBf1yKwCkWizbDnioHx3/CudbLzsvdrG7wP9d6xCg8dPls4iZ2v8CA5Gyjqe2jSADx/D3DCj879w8ggrdrZeyXJMH07ZT50y+wEDxhbliYn8jU96cjWZdblDZ9Bn6bhiE6SJ71RysWCROklzGPym38fKwK5j0a/rQ7y/qp/9vZUCQOciGjpwlS5dUc7lJHnc3i1jlafXCMo6ouLTE27NRXlVsZQi+cBEJo6UugZ/Vezt9Jdic6g+yK2/g==
1911,鲁升,男,440111199301195436,LEX52N0cSi,^]:wPSdO{P\a,QphH//1tisgM0CLqGb6JdUiwBKORIDiQcr206uemueaJqme8NV3+MkRxuPptwlSONy2gJlAE5nD4dhBdeb6DFeGR9dQwj/hR7J/pqMfSkXwERronwe+qey0Ny2py3EDQX9W9go1Wms3vmw+Skl3Tm4qQO2B1/kzKoFLKNSkx+94byL8diYOXZYmAb+sx3CikMOejIQ+WR6XuFUiM6hZVan+VvVra0ROQHZoNjkG72UrkDImeho5lCe0YaC4MynqNs/9VPX930KxE5n0pFGqd45KZCs/NaCzhRRkqlNM9ApIV2ardl0cV6JLZBnPfCOS/lItM0b+7G8b5ojEH4MyWSA==
1912,霍曼妮映雪,女,440111196807015283,oUeyOTVo,XoD_.nbHOHDprd,NkXGAb118+TUYJjYbyo5qxlc5CPBQp4z+YOl6W3OAwPjUQLBAewXaoIjd4RZrGPkUzFh4L4HBcTn7KjLVfOiLqjAW3l6isvryRE+Q7U5/tIwqQnzpYGqtK4YfWf5xSlTb8PDf7Sf5atCOgquQShytN+UrqgrmHIh6Vj9vLZXP7aFyhTIY+usxjMzDIaVCN62WegLFyB59W0tvZC/YvmTNBDMxZw7fwYNNesu3pnXQdja/VkhY2d6rSAH750M7s06AFw4/UjZjceLVzt0loJ4IzbgXPMUSaQziiz3shSSHKzq8eaRRcijsFIyqvlmrzz2GEDj7t2YTZW8FIkhHBApdw==
1913,鲍卿彩云,女,440111199108305349,xywuPV6Q6Hp,1MFPq%X$RE;Ou,AE3kTjjfNu2u6n4NxE9AMkY38k84XoaX138/5buHI+obZL0pDdjKiqJWA2zF5PrB+xEFJX6KFnCHNVNE1p8fzfFOpty9W1F7yAuLT41MPl5l0lzwwZRDpoAnMZvbb+wMc3OPdnqnWB9HDXLm4h436aKyLWz+pqINozAHX0q2pNjSMiaL+eP9RpQPGm3WfVnk9SOwZOqod9TlRVseGjB4cJVKCtNvKARBdSrCpbT6jlwp6OGIHr/LAXQK3qG6T5AlW85OLYDJsWnP+Rpt9Q+y5mABl+oVjOOkleVwXWIWrijag00Pkk/h+wziDEWWTXimD2MCLYYDyoqCONloX7rTqA==
1914,殷紫萱芸萱,女,440111198809231085,BhJ0cE,6YR)c%C4,Yk7/2fFp9hTNanE3XrTp/nNSMpfEwTjXVZHnOMBkB/nL7qzz5hv9ycz2tg75ztox8UTaQWAAPcOGTzi/SOsHKUPfNmbL5f+5mz0CqVO3SwhdmptofHU15BQjVxC+AZje1i2prMHocDpJQHHisEyyEj/1cscoGhz98h1ot2l7EdT6y7hyoGrRB8OKW4/Hk0Goakfd7GsLBiGzcEHmb6BGbR/G83A/GaoOQVSQlUlTxsvxTdrYTmdBL0PWYVXW9ViA3p1yI5oUDA1AqeS1W9XS1ln3KNCrhLnjR+c1q/i7qCAeMAdaUaLK9j5IFV+tyxnmZahzNo2ZzfXOAQMHrsoZvA==
1915,蒋昆鹏,男,440111199005065696,WUTpygnRKY,$|RU=N*tbbB_Zy,nROsLcMdAr8iMZ8MhQhQz8mGkjPw937H+1IhaW+NSFBMBol9oBe/MZrQENqBVkVZyLsUHFoF9808yc4m9Ut2wf64nv79/A5v2MoHe50yzXcbduFLUAM1+gpaPcmXwu8MUS5sYHHLNykZ/aFhywQ5yBUjVvRpvFEpthXGux2TaBEFQebbiEGwLPC+mqgd5BHRrYDfIbEOmwqaGbDHOBZiVH0xpz7U0a32qnxTtsRlP3UfFModhxxhQyahzxoOWVzCSCA3FnoY4Z3MXkodK44XdFzhTGjvGPWNWtEI/lYACIDci5ouXuw/PalDo7uMzXOoG05XYo/GyWe2Cd750iS73g==
1916,汤书豪,男,440111198704283970,etemwKHat,01ZOdr/M\8g2{BtA,aut+1AynjYfQ/YpIqpkiSIfol1EXuc9IvyIMakX5F6b6ohBNQB9LxT01fLJGVaLFn9Al0q/gjhtMQMCA/o+JU0iLIFHJl58ZKSnHlGml2td4JUoBCfLl8UzVtJwcHl9btVWN/X0bC11aGOjIRhOZ9HTomNAlKk4Md0lQNeDhgSWnuI7J2draHrIh93/VBF55A6osTp2y+vuvgONWE2CKylmosn/0o98mpa1t+Uh6UMrhgQBQkV/FIRhns8le9MXpW5yOeeknMnwW8mfc1HcVU/MKE8VMRZYE95b23+08IAnZC0CfzRttbYWbGxYCFc7TLQ7bzjuI+h1fONP3oXLX8A==
1917,许明辉,男,440111198608234335,EtGkcZY,9w^gKL|J,BVMusskee0nJ2dE5BasVQ4bh4D4dE14CcqG8hYrzK5kM2DfH+IZ1SQulOQKv/s57MtkXkxtPt/ZSD0cTTEOmpCpG1lj+vW91FSCnJdaPuS4IiDOmegzWrz8Z5ECfXR+OnqyLL/7Au++3uZPaTZ0omdXFqYg3LT8HE6BS3eN2s8MTUwg745xZ6KtwHt2drhd7/VxUGv6A76zFWVypEoC1LQiUoH56oSvT02Izg1RjbaJT1QRuhQXNGJBKxJSoiL0UJYZf62zMAEryv2zrz/2mP3MQ4CVnrs7NR61mBvcKEu6ZHkPZgZNazyNN9+7a18bX+28lyVa83eB2WA3zu+2azQ==
1918,崔诗涵,女,440111197409197864,ru7CU5,3yRahpyqD@y,eTT6Min56w/Y9YFKwFiar1CPYMyrOMM9yHjj3CB6XsgFoesRGS9uvZ9KEo9YxOalkpZ3ljlNYqfrqBQJUNSjachaBW/a55zPdbbPPj+pwJBPzLAipFTicy68CGAjCxAbfAUN3WzAHfvS8DQh0seI9ORn7gy8+K5g8iT1gzE7jvwfaeYpMsgRPWmKUDF51smP2S6xooY5pfcPkqpfwCWOAf7SYyL76vsIn/YS9gtMRpoaP41sVhkTDpx6cN0UrcR0mBJdS8oEeXyaucaw998O/zSTF58NhEiA8oxVxzJ7ll3K8S3ZuDIjqKjB2tmiT2wKAu0KEe0D4s4aFpuj75ts7w==
1919,夏佩兰,女,440111198410104367,JwFU1zLjTj,1Om~J|8#1,CDqGZmFAxk7HguC/wrBmQjS/A87to44qbfCpVsAnqrcIjmRiFiNRuO44kSw9KdEmMgYPU7TS2hg3D3BNnFZv1KynDDhnLB/KP0MOv4D8PBYlsQQtJBog8XVA8OQ1v9AgtZtZsk2CiQNDyiJNobWJFYbhEnUMESvnHReY7vDNlVLL/Ee5IJf7Bluq+ketgx3fCtIsN5qkXWK6+JEudnESbl81jVDxIHNo/K0AKLYUM5NSMqC9bxIg9bqgtjUehhPH2MYbpMEHn49D4goVMxyUNsiuPniDcCtElJNN6iJ2HYqYKxS9RubyKcGziE08yGdchQ3REohSPEZHBCiXx9Uq3w==
1920,韦聪艳,女,440111199705057785,jnxPWJVfL,EA]~!}9|gGP!,yX3HsIJom7tOQEKuoC6C50QRgKDAzHAH0mCQybGc3bNAF/Uf4HyJY5XAC1Sc7OMo43vNMrMPLw33l2VOzyVxpBEbyOB7u72yxKBc/Ne/p9lDlql5c0OIfqDrUIFUEltQ7w/o25qul3OTNPBXTf97g899R9DjWGVTNa+IM81hIeAjsCxygGy/L4QpDCamAev/OuuVtKfz7TH7Wqrl97xD39iah+9wh1j4nI69TGY1uToVFIPeyCLMBTkzF/YDyp7HK/WwCuRzMyyXcZDfE25G6buWRhE5+cwGYvN8t0tLY4Y1pJi5/nBmAPmH3YNfc+Pnkpq2tMqAsThKv2V4HCoSXg==
1921,阮雪语桐,女,440111198208288641,QU2Mb8jBtKG,4Rq2.FprF!SOG2x^,fT+jzcjLAyObzno62tL/JMz54roRhBTbjCjHl1YwX5SXiEaTEourR5LaqWqS1Pc/wrJVdkEZVmBpF+teYsmCjAZTXBYaaiiRH9zkKhRs4+nitIYJGpcCsDKJrSxZXtsoupn6J0POZn5SNgGC7kOAxiCOZV94vIKGD9/dLSNsaFMXxusZgabLd2O8j1Kzf8+vkBkk+oMYdj/0ZM7XVm4ycAN55AWSvJkAhrwBgXCvR5o9bbWxOMpacqVMtNXUWlAYBXXizHOI4tEHjCusSaJBD92gdmKcQkIHyT4p8j7fb6wAI8w/IDLXGOrJwh4pi5aElYTTrw77gNO166U6FLG1yg==
1922,伍雅雯琰,女,44011119741009642X,hQdYx5Ev,s>V=DCQmd$*~4lLI,r9GfzR1dem5I2hYH3+IPRfvH5fVJdEu+BLG2yYzfGhlhnYXh7MgSmjUOAMrV3mV3Ly+L1BLFmfgc6NJUFdrFaQzMK1maU2vB05xTvIMrz0p70/OkYTuWVLVFK5a1QHDi6qeC1UVgNZOa1AhFZcKkV/2mNM2lsbBNP7XhJ2j+pVIAYEfjwBfTinKchnQUU6vGTfCg4P8ZuZ9xZVgNm9tfcEJhwJCB82PZvPGgevxj0e7Gxe3KEUkh4f2CXn8hldMEq3xPYACw92/HCH0V2MVUhBjGERBEstE64IXH7JpkXvZq1TNDeClnfLoPrkuqgujizXGuryQePiyaRvD41rJRlw==
1923,詹蕊,女,440111198603270900,cbinMa8sUc,Re.Z\p>G-b[\@,bNCnvVehZvWN8XPNhHpVB71hvkzUEZFIKunAWvbvHT3GohKE3MQyo4YHVLhTMqHGbe7LiwueP1t8aYaz5c2jgKpPi4+FnOk81I4KzAXyfqnDM7UOecDLzbWf0PHZlIxBVYe0VF5NEuMksS2Fmpd4UK09pv9JVyYF2pZbG6RIjF4T92Jl0o17Ka3VJT0rgyWBy7u4tmj8sjXgcC+HWb6LLBVWPCAnc2CEkfiZ4UV1QSfng30LFRapwDhVeCyIUyzqEeOjEPJlEiWJk4eQjeNyLY4KYXx+2raKE0t7vIU9GIHzFhbFiZusENdluHFivJRmDDh0JHs4zimNb6ooaRB3cw==
1924,卢菁,女,44011120060327870X,ptTmffPX6,slKz&vF.L{7,IrGblK6fBuEpgVDzS4KGAmvVOoGweB9ozq/QsjTiKHXvKhB6Xgr9cALjIwVpYWz3YXhKZpgL8m5Qk5BIbEp3WXrjP2PfAxQJkxTp5FrNC/5JoeJfqXcFrv08u5G61PWu/o7n6Yt4KmjCp3x3uC1dCzzBiURTfuieu5YfRTA4ilnTFF4d/QVUhunBv7yojHRIIAu+xlVnORjVkkDVh3Vn0Jo1Lk+qc7S+NQg1Qol/iNwb3LAW63QVogu5n5dAvNPPa/0OFroQ6mjF1KhnEGZqcbQArouhbLGSOH5uuPieJYnZHJK7GSnQ4Vu8j9MV3shpYOerM4RWB2/jN/zbOsiCAg==
1925,沈媛,女,440111200212140543,Q0Vmrb,d7<E4~M2,oC3ZY/b8Hu7scnzS6ZOp5Xsv3IwNcxCN061vOYLJhPcEW74Qks/HylrKNn9AXZGgHVWgOwMZkOyzpb6qknx4vPzVTzyA8WA66ipU6z7XiVvueiPqdvqsA+A8VyYoSuQJk8kBrpjS2AXywz11yIxhi58CZQuWWfnkWIAPw/9K01vlBuVjRdbPAd5OOeKVyABht45QrFNC+zmPMme7Wkki+NY8g+K+CHBOhDT2XpscZicuj2nYCni5mU3tT7cVLJRw61b731kIkzXBjMFxzbcSaY66/n6Tgz6T054ppuFIfh2O8JxhClqautk6BUfI0E4qKmGUBRpiod1lOLKSNT3SWw==
1926,牟颖秀英,女,440111199910164969,Qr7iQz,de2%*s*plQ;;.-,kgRmk6FitgBY2fPTQcpaBlE1/N51GSrfBRwf5zXZskas02G9ijke9mcbfxwv40NRNevMd2EoDjMRMyHBx2TuArmIWXVYsSgkA/7GZUB9z6EIZqN/euqsRHQLdF4FelBobCEFj+2uNlhIQr1RzgKgVo9dLu7wiWR77kMq/uDcB+boa5MM7ufXj2f5svZnlqUCycOQ4Jn5qfU3thcnCe7ltgOvSc+39dF+Pj4v4KV/81u5WForUZj5BJf/lAVJ/kw1iwO/WolHyHnWgOiOBSoqOnSW8Ss0/0HZC8XKlz/zml3m1aDGav7grztt6CJXxGU8RMfhOy+1Sah4ViuK9qOkrA==
1927,童念慈颖,女,440111197708161167,I0XSLcwJ9cy,nb@85CdBrxI]KO,ao9xhQO/TU7t+IBAlw+9tUH0gLSR5Q85HR8iKdXCmgfq+w0WkfP3l5LjobbBbwR5Vdpv/D3tYJikUVq9o7QpG/qVIXHg6ikDJfHuoHnz9C6SATWTkpM0FFTyzsO3vnwL74SJHA75qtbR/YWVENXbdXCX5ylbDgRi+GgODjJh8HzAORDPJGpc2U2NcRDN2YMMQ4Go5lG7FPtyvafvzYWchvFvu8yJYgaLhrr1EAottPDYZtW5RQfFCFh/3hTn0JxEGO7wvYWnxb6zePtKQT5ZWgM+BmfK/OnbBLSj21q62PayOQQKzhGWb4G1XTi1kfmCwdN/TxrtOa6z4NpDxH7big==
1928,易浩宇辰,男,440111200403253452,TmeiFW6KZd,gf60Wy_g*,GJDIHCKrMsqJP4Mql73RhpNqszDioBAbqXNNE8YmBUxWkSofCLq3niDK1rIBqxzvedK3RydLfGWcHI7lmXPPOJSj0dzoSXM1U/KD3Qbst6Zs4tAh+0EZWyqC2gc9+4D46I7XMN+IV/LwbSugXb9+qIvLHQab3FuFL5Dw7SRwZ/XXt0AlKwzzE8bx+RYhrzrcSxwSZvIVYYRhQqoRKw3tm3c9LgZtjEFKdBNEGQss2dgm1M7PdD+ABt4dhHtovNun3Rk9bAGsXQ6YDQaCE8R8XOP/sk9/CmM+Ug98JcSPqh4IkhDQwfCn4IvX1jk6+nX9wOzXWjzVvYu/ROB2L1w1Iw==
1929,戴霖高远,男,440111197203060598,pZH3o2AHg5,u!?nZx;qduP!wC*,ZbjQZC2QjYbkAhOtJZjO1BSsOaibjEGrB+kumO3svhOzqbGv2DhKJSlKRAYVWM+LsSPeFW0nT6/iDcAyDiSgCVuXIe8tx2pGXg7rAGFH0/VIY1C2cho9zKBUtxNB36HT6UXiSzG/iHj2sD7EWpKLLhpNiN2FW/SYtPV+iDRWu5hWzVLLiuPM+WyaD8WrCo9Vfu9tHVOXg4nluYYLQHxUqzyk4NmVJvQ33ESMtcSqoKDDra4KA+Rby3hLR7G558tJU7QCB+dDYGnFzvit3KRtuQq6x0I8+O2C4rvC/s0SMmpu4QnLDPOs6MZu9NI8Fh3Ts6WmU98NnVVHZqROcfR8TQ==
1930,史红,女,440111197403222221,eFxxOMFTjZ,$`k3\AxzzZ.r,WPNTGYBN/GwBZBU3JE1Oe1WH68ifg9PK8ucypsHBlmR9+Ym/+8uYHIG0VNWzUSRaZ/K0YeulTPzBsdAsAodure//k/C+nb9lDSSUX7orJkaKg44b2AqzMdlURkqfqRp0ibgyyodYskNAWmHFrod52THoxfN9+xX5v/eCv01aBC42tzX+ykmnTmVzLf9AtLRTgQXVIdW0vXtQRHaLNFeDCMFEcym1y/G8BS6QVhLQ+eCRn4UFLUKE/TEAyM36NzZawZP1C0g3PnKJxxzOw0PqPsnhL9qu4m6XwQB1NS3AD/TTPy/kXnxaWrfoIyGkE5GXIeh6D7WuYdpOSA87VU7cAw==
1931,闵梦,女,440111197602070769,p4Okz5O,>sNCMM@(<$r3,wAG/TYwHAy0VZ0V7o1OQiF86GcJBiHi2UlnWopBsiyXqeYh4PVvmhoxNBQThQA3vbcIH3eLpmFrue6p0KmVGhVgUxtSzCrru6jYt43XLvGSOAk0ZiSv2IiSgZtbhfCuplmI72DFIHd5ice5k1D3T1l+6lfUQ/3j323j07JWPx+sZtdmG9SNl4i7cd5Nc/em5l2FwdzSYkK1WFiMoEKOQkGjEUm0XCxLrOUqfhQeP5Bc4M8osam6kjh0R/qkFGVKzTvcKiveV1nJRllzmMNqn/slpb9UzZpz4vNrn/An4xNEIgXi0ZcpDp6/x+ukKK+L1irfIzTKxE2WnElLM4ki0cA==
1932,田宁静,男,440111199409013198,0LmHjApHOdtz,PxE28Qe9l,Y2z88ydAa0ygZ4P8ItqL117FM2b9Ug08NMAUWRJNUFxCl4rthEmxoDFb4x/xRMmCGwQTG/LyzaeHb4fZEJqdE17uqj/EswZaH89LZ1smJzh9eOUUAdRMnTZgdgme90fn6Ze45BEi4s1KCiINaZYui+Hm2kSuywsWpVHrkZ+EzIJ+OL4IQasL6nWgTYWIdgkzIPXaua8u/COAig0h9FrrokMULkdDI7oWtWQlq7MPqCbkjAyI5cZzlkH1fnTyhkrcetQl5O0T25Rdtx6MyM7HIpo2XkYuCcQJxl+Hh0kL1zTy3kHWtaV7WkGj8faMui78ytJ70sP4CMYpjKEapcg4wg==
1933,范达翔,男,440111199003163591,qzSgXkonV20,9#_(H|$K>eylmi[,NziTD4YFg6ytmN3Gw4/MU3D2BkShlma27DViKrifn3A/sQ72aG8iMcuI8qG305yqfKmRPG9iaLmtkw3nPBzxkBrPOTQOpGHPVAYNkkqiJx9+rv4Gc3mfK9jwpgOLb5rJ5DbIF5Qk3jGocJ7FXwhLPGtxsa/4myZ2Eh9YNBEgepXTeCLSF96PrXHGYVGy2aYCTm5OQpR0cOdJaWMX8QhKi/rO2wBj9KjW9jFEDPvkQct0PaKE0ag4OQerbmwC2iAS2pONSVxfwi8Wk2FZbRiPvTc8m3cA65wkToJaV8KTtoE0PaAc+MQdhjH0+rXnD+Ro8OBK1CmL6fkh1OolwOBUoQ==
1934,江娟仪,女,440111200303060581,OR7SgOHmhdV,FpGV-MB{*eH,uCHFG1DTMXaxYSnS97Lfb0AKtPS1sqxoKHZZ9LunF5TXs3bKo4MFtRMOi9Won2vCCU8s0s4G1g6FAg9I39pKlezfWKaAIgX812XpX80eJ/GJXroWWZbf6mEN6da9mdptzhi8l/k/kGCxiNxtTXQeUK6/2yYW0R+8LZROcBqzxfGtGQ+qLtyyVAH0rMmghfCPRk9Ru9oJEusguAMLAVSHbpSAB3MmVBLjBfsyQ56Pwon0PP8zP4RsEQNrN8W31XFXOWT1usgy15B7HfBATu2Ub/rgDfJOIPQlg3wygCTNv6uwUODh+V2mzqUjnpuzqhcO8TxOEWRDm+Lf2dlVNBckzA==
1935,涂国栋,男,44011119840827261X,EsSbxFwa8TL,s!!gR76>,IJ4keQ+tBW70axAvjKPf4NIAPumRNNrQz8r/K0RnTZtIjV5jNNnOqjKrPnI59R1f4OqlxYpOJDZKl6NnoAt2rYP/GI2VcwhzXYMdO2aSysnZZyPEDHc7KQ6MCG28RMyuFF3+XBdHw1cCuWt/B+Jse1A9TU4NiXlaqTh16Qhtp9jRlGIn7UKfKOWl1uCbxYu4X9FdzmUZvTfruYMtQviKAePyGj7OGXCYr4za53/1DkSMl8uy6Tf4WARhFDeajyoogOnxyKU4AXiGDPY0G5SuSOax8oeVM/raVXXbBUO0yuM2y8y3+YYKsqSIL/Ab4oZbhCvBYgI7Njlqe/R8DIgDkw==
1936,鲍栋,男,440111200603135012,I5kCq50o,2k.B^2o!<MJ,ayXylKHKgeCqUTGLbKdEIH0Enx3DDVM+byK6Omm4DB7Xeqkiy9iVOXAckdIrCDzLiIsLyJZz3VCfEPNS4dvGoMjXZ3qcOOij6c/E8L9K+WwTQQaCRxoBWUKUBgNyjcFj18sDmtpByMXEk78zfBZWSF+m8xEfOey43iUOXMtdnFo+Yil4gZe6tMZ5bTV/NwYskvnCkZ+2x8gifGfCCt0qQDW3Ut9DBmVLwCixJvUJC46xRlrhdXB+QpN6y/+q4bcZVkm9T6s4fI+Wc+07bGcVVf8uE4EnINpJAbRhbuJCTQTiAD0Y7VHy2vDLKtCATXDEr+KAxJrK9WRxq1fE/275pw==
1937,周怡,女,440111200212100920,ut3ajVa713,\`foG{D*)`q7z,YHjGTwhFWgUxZ5XngH792TSBDNIRqV2J8sO9gR5ceo8j53TpWXdNtCER6EGtpINy39UHObkuf8RdH0Ba0X8UzTRbn6OZBUwcCeZI1vRKAo0H86LDBiEkWEXNBKQNM+jNsj/DgAXw89jXkxmcV/ZyVj9wUI8u/umVm03bhYJPXF3Cq0mfzjn2vdx8FxDtcTIrNLfBrTbYHh+2HDSuTjY17GeNRCSy5z/iPj8uGFVsu7FVWAGMNCV8So+QPdD5pMFpR8lyHPY4k6AT/R17QGRwj2tew2Kv+8g9TqsDL6DUe76WBcsfMwD4KmW8AuxCCj+NATcM6PPZgbXndeaUMAMSDw==
1938,聂宁凯旋,男,440111196906129497,ANUsnHiv3,RHIXWn?k]M0X,LdKfu37Gdj9/lUuSe3wI8qF+AOO4tOJS4RM9Q43/NfLQQ2lgNgwHSqlM+GRN3BJqBSWEyBVgSMkHapq5wsNNmVTrdXwGjnCbQ1eMnlPnu3aR7yHp39CtEcjH2Ir0KOWBASG6xBJQDXd8sSCv37I5rsnBiLn5/Wo0seiaSk17hh/y1qk5qQgMu1Kaxt5NHVSmAemaXsEM13FIfNiywKS4hrVYLVYxuwLp8ko21zWyVUQkzTce6xRe7qb58ze50X3ABw6sMlQJ0lM7TEu7DnnwqZLqXwc8aeaq9CgaZrGNn3G1RfJUEeU/jcWYqDxXUWGb1QYHXShgsx+zq/qiVwOsLQ==
1939,韩辉霖,男,440111197612132898,BrHkFIOiw,On5R)d:$ZT&o#,5jndAP3qzKMNSU7I6MgMyDNCb8ATI7IhJnRzncIyAJ+S5H4qYP/AjgIw/Gb2ql3xlLOVDyP+AlOohkLdGmsK32vcoy5jTnX8cuJAr5L5oyepr4b+6M9iYkiPB1+QNrcT5F1kNO1FbUdEU3j1HzN0pL7UOY8wU4xWk8NKB5jqU2eth3b+eJnYqSQkh0B7awFWG66xoHysZrXoGpzscnQ8kKWDpHpM81Qnu0PK3ShYc2vkpH1SNN4wqn1vXHoYcGR49zu26UFv79vBYYgSUQgBUSso9Z53JJSE+noYw+L/Is3HgXz1DDuKeUO0VJ98+xP3j3Bm2MSSNF26f+jMNwxvUA==
1940,岳旭东志强,男,440111198006070353,uSZxKtw,[4s9^o?V6K2-==,mIxsOW11P3Oazn5kwl2GxxEGHsduHP5MQBFFqJsishCeb711Yd6kBkCZS1QuN7MIfAc8HVBvRF+zVc0od2cm+eUoJ4pQFOO0MM7DHmLPdyxaCeTmYkrng45mU86SnMBVexkocXsBJxSclR5W4GgxgeWhL6ugLYgGr+hWVqwV7DCY13B8nAYsh6SV1RLFnIND8C9p0LHBSMb85xR+Se4eFT6k9pKETMUdB84A0NDUr0bnChg6MPeH8cFCiXxPM9yxBmnjc1+ExepM6SlCZ611Ow+chaaJqinUDuboMFrWosd2vbaGuB2nUlIOMQtkIjZ2YAxnw0pVwYXsHYNEFNgiyA==
1941,程怡丹,女,440111197512295649,V87tb90Q45h,{i[+aHnWdK<}4\B,hXT4k7VpoiAME0EnFPB+Sz+1MPUS+1TTYNdXivrM+gc30kR4M1/QwSwPlIJl2K9joGXNE6CMXS30p6TK1VA+STpnc4N3DkvD1+4vi7+2d20s3Ngqw1QctRLovCkzjmtqUVlIVshttdcRn9ocaCWfbEK36GsiHIA4DTaUxakrUUU471yNlMq8M3BK+7mu4sG97/6rMRLl3t1a3pMg15+QVeMITkuNQmwcWOpfGeJ66Wqjbe/PGTNk/Jvp8WekmSyS+95b49e6jgEjEajKHQ3va5O5NBYuXQRjRq3stJ9y+rPM3x8rhfAhcU3Uvb/T9CxLYtFpay97y2mkczaY31po7g==
1942,蒋泰和晓明,男,44011119940924739X,nJj5H6CY66,}1xn>V0V_DW)k,nZf6z3rlq/BesKo5hYLphUR7rrg6fTT2jQzGvd522n4QI8H4Svuoda+x1yk0LkcA4GhrN7rrLOmnB4Nyk374Gm8QLIjWZ3cfZM2qKbeaGs0wqhv0WCOV/EljMf2I8Itkvp32uroKqSFow/P2gDhwaPtY3xTuR5SJI+ILCH8jiF8njw2Wd2WDizOsT0JeVSQ/AIPi57AFJ2/mAdqsqzlg7/gOpjFbq7josfpbJ/rDQ79kr0wBVC4ZMzX5G3hBKuHxOQl59W2bCHggMekt8yV5Pgo1X04OLggalB//wqKxAVEv3Bla3p6HyyqEOzikLW6hnV8ddvhN9cs3TfAy9hOB9Q==
1943,邱航,男,440111198206044539,lyQ2QBm,6by&@c/1T?:S}Ntz,Vk81XZSWfJ8yIGgfvXT2SD5Z7xypCuCTleTVU9CLaungEHXnw+Gl74wtdQikniSE/KGmX8yTNyaTZuYDZkMmSs8LQ1ZXxEUuFICv7UfH0cHEcVL/xTQcyQlaVAY48/417NL3yri3sej/D9VtvNRLv36fPifS3jZrs38RQx7Se9lUgVEYr/Kb2Ro7MvnwhiJWkhcYPdAO8z0f8V5vgU1p7znfVXAjtQ5YeI4OEJKJdmFn5wAyIbN4ExaH7nirixWV2qQBoI5tXXbsn0SM2/9+MIJ8AszogPmeglV3YhiOfYVmIL7453D5wk5W0Y5PbCFw8N9FA03ST5vRNV0XLZ7Vpg==
1944,杜爽,女,44011119880104586X,FThvrhNbbOvC,#3Y3LFAQxhbm,S7U561kALrVxNDUKhl1fQp07Uyoc7sIKPFd99LCYRbMNm852j35ZfPf/x6E8RgQJjDG8weizrMzCGuZ8F5zFlUNXlUlWEfCQ4C8Y+w7rAxocFzzMfC/VT801KBfeJOkmWzs/plXg7wzHoNMvCeJFJNlLbpVPdJAgogxm6B5Y6+oVoruITI1tCOZUyy/ZpATSHMtz2KcPaVPwJpcGvC0LfNqWTGhtbtTu2oCE/+6eic8HYY7Q/uOQPbGQDRWi23V9zKvhy4iyBVK8etz9+D1BMeAJcSyqthA7XRRZf8oj1i5ipt/wmlKsMKzGcj53lu2LlA/EtO8HyVexr8HjGhtbhw==
1945,孙航,男,440111199901302477,urBOlgEQWkh,AO&dBMp|*6o^,GlLdMlyrGtauD5zkM/gJXg3UWekQ9AOvu1TsxKQ1RkuUfCJ9T9GTH7yGsWevXkSSkHdwq5MN5oPgn6kiQesLor9SJHvRN++mpga+2M3QPgM59ILnkbIokHPWbHJqxT5nW8SOIObkaemeY/BTBvnNkcr6BQkWr/ARLymaUXaGpPYiDKAwl/z4xf+zDSfl6czdxrA9FNq+SYDf1Gsze95N5Pnwi95+PNtSrpWVpPYmlKV8VSCfvMarYzG47ijoKPGkFWx0q6Aeij0umv0mEezHR8DagKMycku1DfeE/Jkc1RhzQvpNfS5jt7ljdpSuTlXCA/iWOqRKNdsrRbp8HNm0DA==
1946,钟雁,女,440111197706088429,AK933D,xZv6L3h5Bsz:e|Wv,rmEbSmn9gxOGGVVPWvq3pf62nPMyhSlWkSNU/lwaiKsZ3yjKIey4axaADO//V43snv/eF4ObTQj5MqFwZnRAdQqFn9U02VQdlMzxFaUBMLBWKPnd6VzAQ0DVaBz8JOdjqpI0VgkRWYqWU0q7Y6YyFPgsFl3LasIb4rojkN4p93XELLjgbpHffiL1eMuCqYSZbZWnRHDg7v2My5NEhjeChe0nv1qGfNuTkbnbJIVcT4zKmLtI2QAD93EJVtdbyhgsX0Wfg4TpNEy4+FiO9Ycc/RZnNhNbT3Jhzkjh+UhuHn+aTHs6GcvsRoe44iu51tNGVkohI+haDJ2jr38EhO8hhw==
1947,祝小丽静蕾,女,440111197511197705,dwDH1eIMQv,oZX3M4E),qW7ZM7t75fSnotHvP+ZZ43mYvCbs5MRldndJurhhreRlzkrDNT1NRb2O7kEU4oBlpL7rnNV+mPRO60vZkVXe/dMr7TNeDEfCGgvTYWeFYodP9xD4CA9CxhtXcElEmEp2VHYLH1yXu0Zm/VL4+q6PHzSytNx+vdO3gKh6ZpN5GYl74m85hgHcfFhZWVYHyWKYnQAfz7f8yMJAuV7ZxXmKkCg3/NHqh12T4z3cxtkLYPtpYOrx/Lmg2Y00W/nJIc4kQkakWdVmu7faeKTgEcl6ypPYq9xwaVov6HFN7OWetAdDCXpba/NNkT+ioiDCpmQrnkB5cHvNCuGfYRC/WBSZww==
1948,詹松书豪,男,440111196611294575,iHdB26gSXNeC,DYwqmJ.B8!Wi<4`,sd6mno4AdHqNZqH1ICwnKHt+Nx3URly2x1bfLtEt9Grznj2kdjmxDmETZJqqMFqJY1pcftmUUgCdbVccbIEyaqMn8mm04c5jp2ifGxRNM9jjPf/zI5fBE+BtHPwlLxx9teIHCV/mzBkeRpEjne/FYhL0A4VuiJLfskK6uzXGvfSkshbNIWspKIlnGPxYfEcJB5GX7ePRBkSJ/u+UqIXRyMe/4FOFCGKWOgGrLLp39C4JMA9E7pKwZxuL+3bWYJKaz7fF3vkoh+O+2ByH8Ni2WeFuy9vUal2WYnys0iqKDBoesczN5JPj96xUYdHz7FyODnGUW7RjRYsMeEKhb/fLIQ==
1949,高建国平,男,440111198101054335,korJqypF,u_5LVWYq,bvGLeGUPmmaflYj8XenRGM1WqCagSBV4eW/+DkaTLDTOiWPX21zCCz5xvtdVTqeY8h0Z4i+7nIR+TfQINnvQ11GzJF3Bu95FG0WrLs0puL5+djPIddZ1squP0VZIaGFgr11rcGGR+7Ozyjq5njM3LbqBW20SXm++HBTug4nNKDeHyAcwbyXKhyzEDAcI3cPJj8XPRp/C2BAq3dptXWttog4Sw5n+SwLJV+EXVIj3U6uYIwVUWeouO3ZcKbGrri9F3jqx77m0928t3D7P7nS6qvEC4ZANwvDRE/jKSPFkEuCazNr/vaMr8hsJQvDOAPv37h0cJfoNqsw8bZNXIit3bA==
1950,时晓明昌盛,男,440111197206286154,H46A2F,Wf=15\~w!:ndV+cR,kZAI13dQopc0qRUdlgrc7g07XGJymDNvEWgC5reCL+j3yfp8i3WqpxqJ15eNAC/JMLHdqd5komhVyPld0JpjyRycxhIWTr3zyjZLW3xYQ2BV2deWoAchoVim1WS2Go095EYC8buq8JjqDjS2iAFG6odfI/IKTBN1sBvX+2JrjioRyfJofflt6I2l5ICZOcz3i5fCHbJb+VOhNzjEd7GF9pgo5r56H/CDVR/1XCYtupXL/OlOr1ROsVOunfy0F0oSpwEa30cCgFyEixZdfTrpejGI7v2o50FqsiVDBnQMuxUdBvqhkQ75J7GDN2qDZoIccLXWV+AwgspFuzXZTcj2Vw==
1951,唐康健宇轩,男,440111199705132298,jecw6YZeVE,`DCf>u%Cx<0MWDY-,WuTjK8/HSecE8YQTI19H9F4uMMapPxemmupYb3XPQc1cEpSdUP/uBhNal5tbU/sh5O93v+86Cbj5R6cFQkadCldD7Xlri1l9KoKNq38omKRCwAN71Ambq2g6IFNzg6B5DZX5KGgUcmYHd8pZYgoVdkLs/Qf+jebpeSDWhespEleA6uz+QsP+Fdci84gIU5N8Lcpb4PEePT0UIWUCKjjTVMUYhI9E91VOP97YMPs61Dbl6Ce7VlbMudBhm2Xtom3VGgAyEI0oR9t6ul/WcP40MYH+V5ScgbrliU2yXTYyjx3uKIkE14woN/sFpeYfLPF8+86Q0+dUbNJJoT9D6rLCXw==
1952,蒋雪琴淑芬,女,440111198909204367,Km58dATMbMC,&iP-M&(O5=t#F8-,dRwXi3hPjXxPX29DU8EOKNaZPhGogyvACsiKxr6vDOsJLfctb8Kzz04UUCxR+Xj03R4bd0EJyQytRa+v3IpO0ObiD4E1Bb7OTioPiVVyxLTW2M4tBaFhbHPR75yJkjyBN8jDipU09OhgZCzH2BaX4IWnJ0qTJp7ES4PCFWbPDScziw+En5hkUtaIbgQtWy+iz8HQ1UEdsEz0zmSsWParyrHksIN0alpJJOCepcOyYqojPJxYfvoFhPRIxbBixASTqeqgQtMIKruYcXoRa744FuKtxZ3Tqjgw6mqG4MhBflUT435jpU1AFk3QhkDkQrKdSqYV02E5oFHvT9AbsJZRDQ==
1953,姚芷涵,女,44011119940312652X,QmmxpSNKbeo,xH~?}@z/;mdtF<,LYXcNPbSy95G+2becKxjaTpxOx/7AvZuXb7nlqK98Vyff0/pOV/RUk03ccXtlc1HBvatuAN5g/f1O0X6il5vI8Y3SKZI3e3ipwZ81fVD1vmLByqJs3xg5PHUDEzkq78ZENp4nG7N+CJtwzXIXfWUALVSdVc3+KIm5QILduWEbcDNPCKFQBuzw+piao22Y7WrSihUaqh+OcFlzAdBrAPxz2zGiPHsT7h5bP4b1IP4KhelZb+32RffcD87276D8qRDuGrZJu9k33A0yD2azuihaVij+dnjHT2zvr9tqQcJfu9ZI7VeK8y4FEXaOmK4Iw0NT4P7DUXs5DESqzAeB43ALA==
1954,高明哲,男,440111196608011052,xfv1bP,-[$AmM4gB6r%,dIek3WT3wYDBtlE84iWkuWcLagz9fAznQda+l4nFfh0B6UgKc5nBresU7Ysvbhf2TcOFH1Z71J5Xil/krbebAKf8uQAi3E16dj7iKTisj3HuhNklsdhGcjgsDMk3mRAaHSCf39HwvjK2MPKNSs89tBLfKlbyFiL/YweyB3sj06c8qPvNpX5rYHOb1EP1yPp1+8QkUGrTQF/5gBs5G2vrZbZ1WGXYiuwhzOhGVoe68TTViQ0+BjVDedKpMAWLk2BFo3F/wqewHM1hvOfHOcDtV0uVjAp03XzRdoW+eBjMdAkVXNwWwULq/wCY1hcJCYQKr1+9XMY/PjB8RSU+KEklZw==
1955,郭乐怡,女,440111199703139867,VKpdfxz,bcQrL*[^x,G1784VdTtuc4Hl+NF2MRoBMEUimQUAEjYtADwZKRmgWmtXt1jlC7nDeXoaT573UvTkh5HpvRVlTp9spjRC9B1r6/5D0a6c3oIBhDmCiavm6XPqQoguOMEvjquVW5FtScxi1WDRwz4Ckl1m5/kIJej7EsCnGLQeC3hZuD0eMG6c0eHZ6XmLQu2olzSRjvcqnJndlgbtWaeg6r96y8kUis8FV+4/H9l2RIKcO9EXzxC3a6nQBPT/lpd389GnhHkUsgREEcovXayycmffjl3DN6J6BZhSToRnzbZuN78nZML5z9u0unnCP0BiaWMm34BNCmFVZY2m71gKLvUwp6f4pfzg==
1956,胡兰,女,440111200504201563,NHpLojpdn,*ueT%\PtNxAn.f7R,Qj0tMrO0Hic3DohMlD8EGZASbIIECHAK/HXQlCwtOW4Fa2WMWQdXe1uhHycvgieB0Ig3DHke24g6pxTE2Y7XlExe8GFa7Y1xpMblKJjQEUxQqei0AqRhEFKLKmYTXaK7ZJ+67P7r7yyl9o/44Mdv8LkgZMxXC9cvWSVRz9UZSSiQFwgzsxPSHPO+QGZRJraQ+hhuVCtSf2iCB7neAnyb91s+ReUXtQeBfz/0FEcksBRG2eE0ZZRclEkLoJY2LEExSfhZb4KjWkrxuF/JtPyB+bc4hKIhNaHsS+m5OTPpy+COyp0h0q8ZctEIUUjRajEEKsFHACjXqwHfwYNn2kzogg==
1957,刘乐怡晨曦,女,440111198310319483,tYqSKpV,xC_Ua+2:ZO4(],GX3VLLwGNSQeUQhTKcN9khxoQUAODFydUG+aDTycIGgUE+ebb2J0kMmJRMIKcWjl1QDDtiQsVrvoyoZLK2dHU91CfOZmPG9RdCpR9LxZTOkaJP742WsKoMVvl1pSCP2uqQHtzBzk0gi9zvS7Rj51GU5IFT0B/5sU7IPjSaWxc4CLnpuwZge5wu5Iw8LoFGOdkO3KTW96wvEEv1wAHKjDeFoI2XtQOhTnYaGC71tiza6x4yinYz/YuSDOjpyYbgVMB1JT/60Ms2AxEco5DPRJ9Xalcyl9TTSKrzdH/nQjOkIc9+47Q0Q9b+RoPEPIAbXkkuxvhKfduWLPL4Y0TR3MWg==
1958,颜若瑄梦洁,女,440111199304166104,VmGeVuAb8x8,s^_unYKJ<,dSQDiX261bFKTHyK3ou4DkWnxXPQ2STuyZ8pVj6fCtESV6D4k9luIay54KRuAMdZK1fJccKO9Dd85TLiZgSvyh+dyzSNWFn1gxsdMy6twByZmbLHFGNQVCzOZiVG/t9T2KWNw0Uu+MeRS0Rt/d4Z8wcBMo17QYIFkSBFvURtGhu+JyKLx5ce8vpIev8LxVUWZUATzVMpc/mbs+N7mtIEfzGcAM/1NNNHMbQogd8ydGoAMj0G6i+WNz2yNWVWlDmrQQE0jidabwhHKfCQ7U0YbzwmrWL8GUvOdN3iuQUqrPuYVdXkeq0xZtDQrGE7xIundPaoK6bZwTS6MY3MeINw6g==
1959,薛琴璇,女,440111200212126186,Q1Xd48Y,Glq&c;Y)(wUK0gFb,wY6/+Et2fXdu9MHYQPgxBQIRFHSbNqIaLJRvim23wrUeS80nbHU8vCyCzoudVTxKPXtS0K3AA6ljCBJIMht4iQQslP0EpY6V+ULBlVg6rTupQQXNNciwG6fTvn1O0s9sU32apQWfQ4IgDT8WcivwexTugMXUfw+bgOgnEcco2RDJGQxKMwWFkhl0BdlycJccq50PN4/rup/8zo+C68YNiioIUHXX25/iOPwXtQWCCSf9a3b7DjJGD2dq7z+Gd9Eb2gQE196mI140jl6eD8wX9R2msFw5vwzDOjARBoB549B1pxIvEX0+t7FGO1avs+ASX++aAy2BPCxI/YLiE2C12Q==
1960,左婕,女,440111197204103262,HO5NsU,\bx&!Dt<t)ROi+TF,LlCW2PVRCc6GF+7S9amvaDvd/FSSYMiE/JkcEezul7fI97dYVeup/roJBHrvXLRkMvHhTUg1xA/RUvTguZZSnlfojp0mAGfKro3eY1Q6s7gDxooNLJrxWoO7seFZpDlvWq3sOvIO1toVGvQDkfhIPYnfUUL9NZXoJu0PQFy5YkmdYYDInpsQsVCic5cPtWjIL9U06gkw/tYfSIxngHpmD1FdMmZ/kQx7fl+2U0GvwkVoTSk1Vo3H6iIW0y5QkSPvT32ELCKshk+DG5z0A6kPXZv3sehFY5CAOedi+hQ0bPpguDNeyqhNZD4bNlii5UJiGmtjvV4oqEOIVtMO11gOGQ==
1961,李欣妍芸,女,440111197712098543,PDxVH3Y,?[;MGp*N~a\,jyiln0mee17QPJ3xr9qjw2enCWvW4YTeh7KQntDp2v43jjNCsTX94LaQ5d8NMcC2UxfSQU3b+FoZu6yzg/SbMxre2oYPMqlNRqQ8IrN8VtIBa4ropjk2S2PxvfSnqGis7ByXRt2as9owk4sNKnBT90LqJhxYLNQKOwqOZw0N8Oon5D5+CDbpKqBbJTz1z1mvabqYJZxZaVyLnzZxh2vkoSksX+gcIudLJDsoMKYdJKVLgNTdm4/tJXontRAu1gPFCN7191BFi7UZ8O2fYb7S6f49l8oRxEpoj0MqwdqN/OC2mgP8dzUgD+ywIBaJI3jmLQyRCrKziOD56cADaSR6wg==
1962,孙和平启明,男,440111197508224813,jDFdhzYpYtFf,l^Fr<TMV,NjP7qPYwPK2weZXtYrB0AsYBoBT52FTa0POebuY0552yywKqwAwe9o3zI1F2MAw/DAI9PWwHEvKpyYAA7HU5IjMucMikRreAE8pXCl8BM0YDpZ3qB7njan/mgTUyh9gXoEE2iy3TExxZBXsLoa+50BGrCxq0/RKKFHWCYZSQhNeWIclCpFZuQD1OuQ00RPhOg8dz7RNmPZbHo5klkoD2NUWfD3/lgP9B1Nnku1JyP0wj+xIZoARvDDS+o5fUBxDSbzr96mEd05fNp1uHHZHGKG0R5g3M94DeJcGE+lvA/IgQ23bFHINCs9nqyMu00p5+rTlGyW5W/tcj1YlfxO/TvA==
1963,解安娜婷,女,440111199006145903,ZwrA6u,bV<xd:Azk%*+$9Op,o1BcjEXsKE3uDue9LybvMy8D15T9ITh21+iHo+opvv/2ZSCEFjzSF8K4QOB5Pi4Rt6MZiT2EWfd/msqnyp3IdtVbGJiCBT1O4JIcyL42CSlCZDPKKGhrTUuXIYJuFuxllCInaF69lViXJUoh3NUtoTiYv/B7oIj7zBBk3varbFWVwU7TMcOpu2XV0MYWxb6nF9nPbPzpUOwaXXRuY4GOePcwpTw3CCWeC1kw1ta2/qf+JG/vzYr1FHoeh0V8BUdD2X6MXnbzuTN3oUVl7VbvYgphIWWF53n7v8IzeHj9gqYZraO3WJZDhXF0ykgN5G937Duem0o3nFRZRz8Qq6+INQ==
1964,范达宇,男,440111199303152456,o3OF9FA,\9v9%LI|B[nRf=_l,Ljg/wQ62Qw2Q6h6G+lwzPQmsu6ES36RNzvbuARsfgwztUCvHGNK32om3c7gbjUYBZG3+SIz/4SCQh6f1L8IdxEDRzbZgxLNihmZtUAiVRq22TZaUcGyE67NVr4FPfRg2pnzgp3pFwA3yBkIyGxu8fm1sxHXhuwOe9M5C23SW+SoG0vGS259g0F8jBTzyU7qc7U3t9EHxiAgLJSzH2LAMttHzdGjA0+rHgehV3cl2EnCv2LIo+B3L2qzWF228zYT3Vvth93f7gcrnq1cG+iyQSMJMBBbcRAadOte0AFbbzCFL8VPnecJ7ZLyklYE9nON4BIjoux8GQA8GRcFyN9CWkQ==
1965,房彪博,男,440111198509273099,0VP0ffplqe,m(jvjTEN_dxx0]k,TLRxRUrxVjFneaskKMf8UdORhDPdPlJN/ytNiB6ZjDXfHlC3VNormCB8Paap/7kdi0AX6HzRZJaHwIC7GBTODsHwsSunj9tuVnGfzXk3XOV51t98u7p5+asmyJpcHBQYtpBrmLCLSt3hxCPU1uX0o8i/1jx4cFyEJnVoZbadZE5jkdnDZpKdHOmgAzqsQnaQLC0Sw63r/zqAFWmobzWNz+DejaV2K9Rz/NBkhevsL8gez+CcKbw/E5K8d0lKG6MEKcAVcI1OjFYqR68XIH6cDkeiwbjxAum58G9SYzjJhaSKiFacxZY5A9JFShvNzeyLnu5veJyT9oI5kvTulCqiTA==
1966,于琼晨曦,女,440111198408212780,zwVejIzRY9nk,Zgd<nIcI<{,2t3J2dfO6JTRfsbXXECiywqSGnRYgVvDC4X0crhVoR8nQ9+7mQVgiz+tNYoiEL6ssgtLYPP1odsMkECTMbW5dkyDzqo0LrFMsEpsU5z6ZrLQFjauBS+O76Hqs+h7zs+Ewe5fUVuCVdG1BuxjSe/cr+43oAJzH0atgUU9FTI1YO/ADFmYs8wcwJO5fkmIBmaqspI1ev1QoCQD3+lVByMfQLe7RLYg4uy4Z3W1kJtb/IkGzvD5Jzz3o2uHatAllCqSaN8mxZChGRVR0b/E3lCrNnX2VbUJCM1AM8i1vp6hDoWLOKpkZKmIkXkYk9t+2940OqrRRG42kcxDHrSXfCvGbg==
1967,龚纨菊,女,440111198104022005,y46tL2M,$E.IX8%P2<uo22F.,TFR6TJ5vjYqqMJg28iFClzani415TFMoq9n9ioH/BJTBXNlMSxslQ/ukHtwbIgHRqZTvd0+Vu83uGTW22VS1C6npSeGvVQz5kLJPSW55EjWk+scUdLLit8OGbKUlrWjHczDmo0rg6J1vwlVc7T7EMl829ro+CjArPkT+WS69ivtI//iQou9Jwdd0ecBW1zE+eM7TTKir9xq4HIRGgKEMMTbKtE+lTlXko6slmeIgh7YYUNRKym6+fMqNDgY0KmyvTNl90ABQiBR3fidNeVji/2SMCpwG3C6CNSZ6smXig/9SV1a8EV7H/DtWs14ZCDNZCEynKr6sOW8w4k60O/MqJA==
1968,孟宇航,男,440111196507209318,PqEeStoRKa,R_ITsR`sT0,K+LW/mwH0+Z65S9kcck40VOsiAexz0OOqXeD1e2K3fIGUOa0yf6y/8144Nhc69oFD4N4a1noQXFSXpE9PDZQjArk718ZVRwylqWH4Iky0T26uFwY6zWPMfFfABv6f8LMVHGsDWFzlgFk1amHzEzylOXSRMr/8srWgrZ60NPlg0pkiIIeI5kI7KDmJjtKNxOP21PJjZk2kXmriSZumFiE4LVg+uf8BCTsjFMhtfl7E8Cggffb7cyXgomrCmKo0ch5YhbtIwsZHpgDAn4i3mPiOmNnkCI9z1iHpVXoP9uqKwHxMSDIN8FQ1rPr8GH3nvarx2tXZ1PigEUu8sKp/Jdpdg==
1969,涂彭祖,男,440111196506218175,PzIDuB,8Irc`{LSrUi,n9QcliDV+owxHXRWXwbxknwrZcC4vkmYxNg0W99MlHljHBRrbLEsy/xGIZBG22zpMAJPu1RYYzQmvXbLFYFhh/30JEo7wcffklWLp1YWoEkP7ZXJxRCARK3Bvz9/gYZkoVdQnGd34+KEvBsj1XGPUZcYKZXozfowT+vqDq5y9ie+rZxWbFN1X/qDldXP35U6T9rAX5/SaufeRsC1QB3LC68CmpVFkTdztGa62YvC6A+D82xsgBU7wIbzCm2Kv846HsqRqldE7177207RsSGgK/8yO4PRmOMSrMaurB/8fPznTgV/52pLqJX54D1le4GwKbQQ2nwCtnYWuxgNP45BwQ==
1970,贺江向阳,男,440111198807172114,gDU1ay,32pf}GZ<?W`,pmblqR+Wy9WnlPFP0n+H1LkT9WLEi6M+dM2P6PJ5nfYBJmjjlyrpPNubMfgeGr25xOu13r96hH5Tsl8kXe9hALP7VoqdG/d0A8JrAbi7Ep3H4ZFKTVU7bmvghdDJ275ADn7GyhH1yLu0kSefM+WZAg2XTJbwxriOV+vx5uNFow3+NP47ks41wdB+sDIeZ8EnkhvRnM17JS+d5ewRuKBLqr5GrTgmftegMkNgaTATHP8zchnpjoIUQFNlQwIhzdE/YuV1ZWYqmxvEKFAJvimxcPdO/GPo6r8n+CblNL3Jj6ef23KlMPnGXt1owXvl1uU4ZUCxx+HJfmRTuWBVRzmHZA==
1971,翟雨欣,女,440111200106076920,yidMNDyA1,\d2rEBsJ),j/Vcf4/q8u4gEgfx/UNgTI8RNjeEGy1DLU8GoRi5hZc2yElGDTZGhkbXwTbpKF/xsc7nWBCLEmSieDq/uUH4TPq27xITeQz6SfNCWBPh7OGCmlZyIwdowMn/0KjOxYC8Ffzuk4rZ7Qq4JgRrNy2vRo8RIfAepU1BAiWDVQg5/i2+niurh4C+q5bdTb7k7dlSdhofjN52txdbRI25Fu8Rabumg3tsIw72umPUX8qAXrd2PNwHqSaFzexcWd/OdFXagn2VsaKtnP0VjfEw2MIObC8oYpOMTHAqAXdXLpOl0PoszAIhk0nR7WQwgM5EaPYrf/ZQDW7MeFeQ6jtMCKDw0g==
1972,孟心妍,女,440111199411225843,VItge92nqz,8wgWQ9vyfI~,ZHZDTFVZOu1Wjy3duBrVNGu6rB8gGLtdfilR86tjLjdcmSg2wzrYfQkMfi3SynaQ19Y2czlm7zAD1bEQqM13poNjZl7Wm0VrgeRF9JaY66Ox7Gz32XSd0u72766mQ9AKxFWOUl90DGSI6/OPGi0+Jxu/N3rQSGlQ6jP2C+T9B0H6pjQuvhUB65CzPZY8iKmIfUx7MC6hpmp7flV/oE/HavZG7df4uI+h+6UGQSkNiULt8Cx75tYNHErV7YGaGwBqLlS8NHMV90jUJcYlt9den8SAKU69B+SFK4PHxeLTlppu7QW8WMBMCvBI6l7hcMC1tylfIU++aOgKND9eP2Uu7A==
1973,洪君娇,女,440111200306067500,ZYBcOW,=L1+i%wW43MQD,lS7huXAIzoCdtxHWy4rd/KMa1Q3Mmy8lteBFfCIOxCxuC1TToPO5tPjbr2G1+hlb2ru5SkS1Ht3Br/CKI7/HNE8qqIXZYzPah9ZHZQuU/Bl3yx3ew6/1ZMX9Pihg4iJBImxLhvKDUjRpdKZFZSszW6Vpek+hQEnN3xDeKThrDfA1MeRN/knR8Eh+D1396YpFNluQg3Guh1StY6H1HrHUDbPIINlfDpYUFdcV11+uiCFNaF0hlE2lU4SYEL92WA6TcKjKndN5aXNluyCjpz5tuwxsFd0doyoIG/kSZAXMu58KGoVWb15kSwJK18nF/lKSaT3l2vj2qZDM3UIZyIHs1A==
1974,戴婵,女,440111199302033463,xkvwz8q9G,mZcU*PRJ1_,XInEZQAcEO1avvcUJb0uQ6C5/GeLlu+WVPlAZC8BGHeUtDcyjlD0QbaHTof8jICSLY+P3I6zAemCiz1gzIui2bO3ruZivCAb8SXZVwonrJ1PcKU3nwZHsiIDJ9jkp2l0uoiUWlDQSxMsoH8reFoggBL1dEFXC61KtsHWotLJ5xPihFFwwVCub2RSf8bGwNsxDAcZR97YlrtHXZ7HXkVVvfE/YsMnCU/qgnQw0v19Up+hUv04ZKLSeW3UeCrpGWPNx/EaEQD1/aiT/0E0DqQTmcYHOvwzYb8YbtrZSfou2tH0zYmOSOFksNOIn+8VHim7NhYXu0YxkZ1KG91aOXiEBA==
1975,宋子璇莉,女,44011119771130662X,VQthIDVofxA,qp:}QS$7_dy,SCqSKR3JtiCnhWiC8KjU7vwrs7AHuefLu0o/NBEBiyaM7CWVUo4Ordw5H2AhCgudG3Ow7PRTvJz/+MIgBHaAVRC9oC4y+Pv1h4PxKhuE40DFJAKJu8wyv/nZNtCqkrOztFjlRPBbzid1+HmNJAUP28DR/e2oH947hTTwYPo58AGci9LLqcVca9FKffaEz4ftGPBDZr/yAhCTZG7nwe/Imh03EKWRKp477LTahEnQYxVH3bV7kK90Kf0nMfIpIs2pezeCIkCR0ekiTP+ZPjbgWfGUxnDYmtgkDuz+QISZ3H2gcItiL3Su2DPbAmOIQyZmoAc3b1CtuqP3KbcRe0kn4A==
1976,谭明辉子轩E,男,440111196612116615,llkzcZcv,b[vR~7?Jf,ug6M41cRcr8g34GpDqc6MCapREEpQygx/CGSMJRxHAcJzgnNZ4OlPhypl8U4wgEHEJ8Q6Yb89t+Gj8TfOwxZMUyMPbFZS2+/59wwFs14vR86lSs3eCshm6+EGPUNefcadiT5RiKZLER+QoN2uxK6KX1KLgRhC7H28VQ98ERc/ez2sT6S3zsYfZHsaaU927t3Za5qf0fQoJBIn2eenBx4yiWMlR3fOUj+vY722FKjJ+FlRXFPkmu+YL6943EpZ9TXrhAduIiGgc4f53fASiKg+938g3eGWdmY359FQNqvGUBlVW6oRXr34cLZSz3LIyCI4UlNYty9j7yoVR9GXq+1lQ==
1977,吕康健,男,440111196610190117,IIM0RNq,~%qVs[Rqb3^],L65y8WmyFVI6T7ILQ6ti2evsNrXvXqox2tej03BSXh1+gedHrtGWBcE2J7ISeZBG4cl4hAPntbbw8amJrKMdFdHOxuZaB9z3VlbJ0w92F+A5iwrFvxteV5nAoYrm4ACeT/Wu/6fG2eZFV1c1JuB+2BMTsY7+8plJaCy/rigBGeb2ASh2mpf4JC8cCq0apF3E4LlWRn7tyaZ+dRuwObMJoM0lt/FM+NtNcxBqXcqVNbVJ17W56y2MD5FqaLz8QLKfveONZ43hEZcTS1EzuWHXZkDl82ntBNRaYcvUJ+EvYRopzcEt9NFOVbvTpg0Ap2gX2nsoz77dH347F3k5xeZQDw==
1978,曾良平轩,男,44011119800424513X,Q7BzTbYkc,/4HDEzSV,PxaXUl5gCy/TvPbxjSh+SL/MH4IfDkxU1ByLakMvitRlXptqXJMDFGQ+5dt3cmhx5g/d/sdPJOL2zyU7xIYQE9gpNvHG31aCz1HLXNrm1lSAl1XrkeqtQ0/Ut2dyDMyLAVWcvWI8wVgu9l9eEI0w7V3KN/TfkFferGLcaZSfK+FPtJE7MN1DFncF9ELXSrs/u9HLkIOKlFQDIRyKRDdrG1IHIsn6JatrB19pH3/ps3BQILyqAAJf26zFQ1pPSBi8IvB2NANDiVWUzle1Z2bi4/pGn0pQygbMNtdwRx3CE0iC2HX3cxpIB5vVnNwACmU14yg/In0F5iiReF7ITZWhnA==
1979,岳昌盛,男,440111200511093679,aK8JLg0Z3RXv,#[pMxyFQW_#|jpDV,j4FQLx15cKMq8QF/aVsPsa3+U6YVKylTT2M8Mo1pjTYM3G/Wq7SD1UkLa3UBla/1lCT2mPwZj7m04vkcz6BsNH/XYKSkXzCeLX4osq8Q/lZFvjXC3hKb/fmZYYJeVm5btOm1HZTFDqRfNzZRRZAUvTx0qbZgyMNvN9hz1MNPgn8AfGfdGvcBi6frFqS6ppJ963tYDgcJ77JuM1zgb4C3g7nqLAaLMGG5ZoiZIICzjR8r00FHFd6lRIDZYgKIJegQ6RdXd6/j731AcUYORQE6LgB79JqqJa1TzCcn90iPGM06CQUvrT3Eod5hq3DvmzVvdj06I+NomDS9TPF1ceY7SQ==
1980,蔡丹,女,440111198811107024,rKGqnzEx1J,OYxP`/rf,YWesf0gSP2CFK8ZbVmgNesHv8lvWobIVUlht7/00EsGhlJy+waxjH66MM8tTsU9tgzghguONrPCXngkV/+oVMVeLB6wbBBS3z2ilujzDb9vUHNRpAOMvB8NL185GBCIud+diJ9VN0SqxtAhJx/UfSlecYxLzccWfIVscO7uJOMlou8Ct42Xq0EGP6gf+EAtTd0Pza8UVj4JOZXH8V/1YuqW8eZIO9tgftVsC1GGWCoQq6Lmn/e8/18XOIxnRFtfBBScai5L83D9vjquDT1Swd7D+DUzlDIna5aok9RWAtR2Op0CQVCuyyFay9B0Q7ZPclhYOvoLhMUIzQ8u/MHO4mA==
1981,常磊辰,男,44011119831118551X,eazV9nSgZ,u/+m::C8e,wSjG1BHRQPLuD6CvbF6jJcF7K7FYP8MW6e2Jui3SadTAphVRWMpbvJLsS1iNXo+Ye+/+kwUTWDHr8Prh//W4u1fM+FfFvvNVFdmeGWInHRGZ0gbgnmkGd+sugPxNhXQry82l/Tx922CVsPUBJpzXuXybhFzXqfsZ9FkxXvDpLaxjQIOU6xSQmn/6yP+6fge2HXZljxcYhxnfv66QB27y0nN3bsyTaL/4cJyk6lAjoxVuaHUUxSSbBJMU7Irg3r1xGw/1y2F5LBU6k+0K8s7vStHTnMYM1xE+R9xzcmm8VJhb9I9aM3CeUNh9Xq+bGi24ibpdiHDjKp0/Dls1Xi9RbQ==
1982,蒲凯宏伟,男,440111197103120397,vn5oVUF,/%V4TJuoDpw0)Z+,mppTDVbxAiRos9bvpJnISmh8FGAdVbwmJQnd+xH4mVSX5kfvW7sntz39cxS7CJyqo2v4RRmykv5EYwpdaUahahog/hpVj9gNJfQZGRRlKGjn7Ic/olhSy7izL6OyS3pG/QJMpto5z77oh9RwN1ubGMJvUfyUZsyGndY2aavMQFlIIbmuerXRuign1ZI0/qenXpGHju5XMqUC6Wjayxq683MQ4eAO0v8l/Yyqm6MYhD0WMcn2tdQmFWnOL5/ggBD5lbLMRlnmcHe7dv/Zk001w8elpxWEsgjxFKs8TrI9sAGQyja6Lt8d3GfnM6uNGT+hkKS33SKMM79XNfcRpMCEeA==
1983,屈瑶,女,44011119680609782X,zhVMf6cHb1,B&[[a<C7d,GT2H0SQlvn+pL4z107ZRfnB1CieXSvoCZS2WOxVZ/cmgshNE9yhPwaJ/iJDNfLHBfNVgaiaSNR6gL8R/14gxBlsBQrz/ehJ6J70eGABXpbMS5iqXBMGl8O7sHXeqB3j1pQFqZBCtPS77ExR5op2wJGj1WpIBUlFL8Z1bCrrMrAByfPI0jicOgXaRCSnhALdAVjSDVQt/JfFgE6h5Vp2pibx002/o48/n+XSX9mwewhn3X7o1NgYiw7w1l5BS4vKBkBh/nAD2ziXczSPFiDDMp3Pk0hzqoHrs913vngGKk/RZO+gd+uYWCVqhESqatNBFwSrWbvyA10jzTl0nXRI/IA==
1984,顾敏学,男,440111200404239118,FM83hJpR,X(3MdE;_)X,n20MaHPFEHKkeaQRkJwYNv2c/Ib/1pWaE5YEP9nX+JNi02P+kABdcI3UmfDyQ9QdvhNHJjM8kIoYeiiVaELZ0WauA1TCIoRkX1DQfxhlLde+LFKt/ZSj20bkCS9SAMaZQblhvu4MHEkpP2VroEzgV6TNdGJuBdcYWO7TzWwT4wVX7BXUpm8jtzC4UpnR9bwS/UwAyxL+x30jOGDDHU6jQYAjsfnO4rZE8EQXx/ESYmxguO2w7pmo5TgDxzWbxuPYn+JFD09ArgphyHs2Bo/LR8MMtiZzhBZUgFTyaMD/Tc3gb24GcvXnbtYTyExonhJn+gLOL+klHdaFbBThsy1IAg==
1985,甘静,女,440111200211300568,WkHsQi,78C=fN?(,H0Lw/Un1S2aDIlnzOSkD73C8egQyLAOUzXm0j+o5OMSJgNPUXhEGx9ART7yLTpXzZ8+cOxkgFbby1bQRINyTMtSyBnSHxocyWntn9UlyqmGx9/FQTwwMPIBWwekb3S1UUvY59uWleet5Uzp0e1Z0OAhL4+mUoXjZQe7CoTnukDFmnYHzUOMQFvBSwvoozdPxbmu4d6fI/5Z24/DypDHQzFZ0vH9SgaEA3q+GF8iB9d2v9mnXvaQBnmO6faeDu+Nr/8YTqOUhN4Ay7TIUK970GiOVG1cwIPCq8BQYExjuiLEjUbDRzEMIDCAwVIQQfUPyfopeWA8iqjSQ8bRBIXJX+A==
1986,叶栋安,男,440111200407272597,pnW40K7OBuOM,~|&Dcbv[3K_T8,ZCLH6e0/8YOLyuLYcasVc8hmdrXRo4LX/tFrO5qstsSLceCYceXYVGtE/wn0XF2JWzefSqdhr7sQqwpxgt2kAFLFpr1lYozoAQKChcY+qI9xjLmNJkwcIJMO+ofjz2FCbrvowcmJmOBiXMR6lojjJaA5RqtiIkKUwTyAm+B02qgO0RD1qwoaahEgewlV7iB5BXXCcgUdUvqVxMZvHTeBAUQ7WCUnE6rZFKAXA/XMXE4fenCfeGiyBKVcLV5WM99jEJcaA2lE5TFO2XSxVCbIVR0pIypF/aJC2CfLzAXnkKZF0MCoAWQh2nplU2XpnIJakQeyLH0Kx5Ly/PZkJm+KCQ==
1987,黎帅,男,44011119710118563X,aIuzgbE,i!;/QS-~cVz;,hbd7Dq7UcXHLTzeuotDWAlMk2iCzF2m+oJpdL+UfPLw6JPXclhTafWqOWuMiNO68x9qWHuSKsTZZfD0/z10POBUnhkIcyFkDkwOSBpU4aWMpLHusQ3wqDk84H0XsfPGXFatVEsj/6JV5pXPrb76iFpSLcyMpdFLayVkN49L5HLadHneL4Pzj4n3GorkM7yHN0MWYh8FJCx5/Dht5Kw7yLS2jfnMADjiM9VmSIiPNug04r+6Eq/JVG0u7MivWl1BmigQkSKYDpC3oF5+fJHJ4DSJLFW7LhheACyrI55gPmpFE/XiNkizrmwtrvBVAgqSbxQPrkyw06gqiI0YIfIOmHw==
1988,邢怡,女,440111199610315227,BQszEvJ,BjK$gZ.Ly-/02id,Je0IbAveErcaKgD1Rr6lVKxZmCOvGg1nPXqSqS6KZAJaOPrD441m2VnoCEMI4EPmssuTmEAGOgOHwVx1+IBJ1FlFlVzbJN0O9VlNPn+Q+Ru+gCU+N9DjCgVEE5rbpmhSLSV4/KqkVPzMeIR6WUuU/PCPrXjQZ3aOtLuPmq1b1Mrf1+DD/PEshW2BbN0IL7YD1ZprYyOUt5H6TU3QaLLiuguR44q+HwXFKulxIC3LzS9lrAur9cKcq5c0ZdJsphgEPdWjDfidW+HMMQwlVBY7Dw8FeeG2VaayTCA/QvYfLxRL6ihbKhZ2F6T5WjEf49fCvCqpaPm88XGMO8Wz/JRkJQ==
1989,韩可馨,女,440111197204014286,MTkflc,5Sd7c^[Y<?mZ,SWpR5x09rqp1XkbJIzJy5I7QGmbhsi+jWuFKb9ASWDq05rAvLkwlPioXaCZZIJynWfV27NTw/VIHiTHoIrzSgspw/yPu1LCI0gCPTi152sk+utlfMho1T1CiqYBPsCXwBbNNwdjLPS6dw32nBg12PhUX3odPL6Pj4DhH4MVLrIZ97CpC2V30y9kSFQyxKinbVosWCn2CgJRdlWCHr3gru4ktd00EpfasE+ZhwKvjPsX/QGbH4AORbAMSwUk+bMsm/yTDHl1bRCKl6/6u7C3qku8gd4nIgiSc7gztQ4tIR3B7mZ6c0BTIv8EieC9xNpOlT2x60HygeEWs37G1d7RCWA==
1990,常嘉欣,女,440111197810255709,F317AnpjSw,x]+{szj=:fl,keh29LOl4dIDqMqFmHBeRovmAOABzMUd5/YLJVov1Da9DgfmpOvbruMw20hvvJNGMARxR4/CtOMZRJrc3QCJ2aEOUNrhYCiGzoC4rBCP6XitQJsC01dvKzJZQa/ANTGVbO6BW+iS/31Oz2NQaocErusyEvKAbTV/qrqzdw4sMG8zzmejAhJp7lxOaEeNjeRzFvFW7AlrGdD/JzcpWYfCfI4msITq79vI3V1gF0EvBPyRKE+/7fSjOcrDnZ+6D/z2dE9GbqyZ1NiPEJxj1NUsooYpkM0rpu8JqsvyzglwTqAmIcY+ZUCvjH5wpSSKd4zo41bEwaiavx/2hSe2qD55mg==
1991,黎彪明辉,男,440111200607218333,wyYGAEfFD,|;n7F@MH{BA,ixSoHLh5gmLfWiPmxeXb+YZmaz3EZ4QinvO5RpwwZD1M6JmtGjvqk9Pq/66rvitOlzlG3NEflb+/m5NAt2EB6A8iwceRVCu+19lZIVgALI6Y8GPTguiIgUPmeqpvTO+EKbffViPTY0Ph8E19I4e4q/g0ZmDLjU4/9YFyuCw5Ma4FWvNikoZeGjdPu5TRsSrdud0ZtZ8ULdit99GajY6BGkpHvwi2x332Bk1yVvNkK4Fd70PhW6i2O5/kwuEPu3a+3rBZ3onuG/D+98QCL+aVO4Y2b2E1ciThpbQG7YV8xc+G/x4hnh29KRxrVGrLrbhpjl5utRL3qql7FzDb2oMY4Q==
1992,韦语嫣,女,440111199302072227,qihChb0OS,}P5YMi%VM^zA,VjULg4O3MfPkFSjtEp6B5OPfFNoDGDS6ImOC/wKY2qjQoZukn7RXOMI2UTljws/a/aOcgeEWQ6e3roAK+6OhoI1RRaPiQH6x3qc9gD4DURjx9OUrPkk2cQjUuHyohU9mmQpD3fxJsTlgtff/dPxVL3alpuogtHPSAz6DucBHUfTwrJiIHKodj71ayikTdsxsdA4CfQqiM4izgexHkf5Ff+aqzui1yk2bUcyMZCCFpOWVaCxmjuzm6iufTILOF4RGQE76YzdxqQRX7YYsj5qKk8/GWQN5PneA3GniZuwosxvox87YIF0hiYoD0MoIllq0GifR5JK8i1yGBAYgPjbrPw==
1993,乔博文,男,440111198405070932,m4pwNGgsUe,bbGuE8>(?[y]:%j(,QentSq5Cz2QL0IJ6PG3PpZyA20bsimjFiNEsf7OUiC/LoP2sRpIlbeZhKKN/29l1HTQwGO8d+58e7jv6Q93lLMRGsAKwWiAiaVkLMsRfW5cDwYg4YgT/SiJDgRtWvzUP56+xG1P3NI9vaK2O15CGoScPQmKP+07a04kT51TUgHY8IA8pfwJPnbNQdaBLJjo9JJByIEp0eQ14xGkwKBhqjaG7MOyYrdBn8Q5JODr3uPKWAP4guiVBPOfBA5qHFqbOWCDwAwNUynoxOqbq/OlzV7c9Uk0mwMirHvkjM2xDG0M7bFe2Um0rfmG6mjZReJMFNhmllkM6PFHdeoZFKrEyjQ==
1994,安彭祖,男,440111199208126735,bJNpMH,mM%k5+@zs,A+69TC5uF1BzoHtv/Riwc2sT0Hk5Qrrh4xIHsmaeX1tueMqLpZsI8BbdwsjNwC6gA2keNUHm/WU+dJEBdoWAbKeFI7n0FS2vxD/XCL2vKtChproR6E7wnkuGKMSHZkuFGNGQhxJSC/zmE3lu9ZPpjKNnyJ1UfEXbk9ZYwiRp0Vi7HJ5XkAfA+wpoK2/pr7JLSZ56EVrnwtHHmwpXm4X7zjbH6X7suuMeVXmAzrpGLrrOmrGMGUdwxdWmwT2SVAqRLyCm7Q26AWWLFYbUutaiiLy6vHS1/Dmeq069K1pfS0dcMDHkWd+h/Xu7mn+S/KtHBUr7/KUQbdrj25o2ZYGxjQ==
1995,钱萍,女,440111200305082725,dpjjDIrvz,Rc_vnUVumR0,SD0Tlj4dUgNwq9Luf/iGc0Btx8N/3b/KTleN+aji7ZQX9FCbl+TcJMNLv/HfaLJwP/MkUeiyZDt1QxTIlmo1BWMRuk0XIlbpEH3Vaq91SlKFAyxwFiFWGy5XG2v5yXi88zGd6Oy7SGG/7q3L8j7oCv9qsNrJr93O5ubyUl8zTLS8eDNlvNMSNWw9mRRjfwugeL5lQak2nhlBEiDNrKoKThxXbQz7mENnBgSRBtnTXyN11M6cIctwRlmKdk3s3FHIlTPdtqB7WgIY4D+t3joC+3o6VG3E9zLLhkddmlmRsVt3+FcqclrL8Zw3c0LvGzjHCsKTpdrzdwhlfpT1ZpEKVg==
1996,曾浩,男,440111197004259094,oXRcmt1UV,7|8!.$d73=<I#p,OXiMLZTofgsmCtlXazh3u21t2TAe1eXwZcng51pkEdS2CGTICjOtK7c+Qs5rMrgQmAFrDm86Z7JcqjqU7l/Jau8rhBrYKPtFCs/NlnCm8/G+8E3f0DxnMx06ffxqGsZGxBkHVulee+FAlEXz0LYjeFrG0LWvXuqTpMW+dhOX3UafVU2f6nEgOJj1/n7+U47TIpgIeO5m1UNqoDckt3/LuL14MU1bCFFZdZlPSDtSMZXbBfYFqHrsjQZ2nBxAbw40XbUCMHqfw/klsMF471C4hsl3Y1rB9fVgSPKRb6pRTgVbaT12/VD+p5SK3cHNBf6whryeaXIos5jZGPEgnhEPJw==
1997,蒋嘉慧秋菊,女,440111199807284188,N73Ylmc8cg,}va/++-{HVvmiuU,LDcwMVUKylVtxd+3Ma9vH7e9GAqIbyLxDoxQ6ntbreDZQwiqUu3ylIyjnTNTv9VDAR9VujizWZn8Beu/ctV6XnqyRjU5x5CSXe+kAemqV46CHZjGweFFU3kqhYH53+bXBlDzjhkYh4OIgnSx0Jc74eY4iVDYjcEUGCGrgRPgzuDD//hFkO3wqslJmMPEcjNeLD65BZ991uzNI9SPFgUFLq1LeqBZsVh7kZsVrx+TsdBLvRE84OQ0WecdnFFBPoxqZN+37ZJjuwsBJLW05JxaZlvYmy3fTECErQ6zWd8OXHlBNWSWWjEDWojT7WohyCD8nCJzNFKaWKC+Ozmc5V1Zxg==
1998,于依娜岚,女,440111200510191429,nC2Avp4lrf,NKd!H$C(me,HB75bCIZfYhbLvEk/3oQwHHV+fixIB3jJX9rbXqkkh/4Vc22VPktaCea5+MA0fzPTO/T5K7haQ7dxIkRuh5VS6ggOhX6wKLhIdMXTwxdpPlgCk8ffI8Sv6d3oj5n4mJzZX1eh+sLABgNBuOQSS6rTKMwuW8tQIT+r563JnG2aXFf9IkMtQBMJ5FBmoOp/sg6aDAy8jP/baXTiEMnemlUYpHZB4/jpLg6vuqHWxhuZKfuE3CJGXYAi8KDHY7L7dlK/s1bfnkQqSStMf2qEJPEUHKowmfG/v+W6yPF9S9/IHAR8we+1JeIm3xGiYOB5D36H3BYvVxdm2b/nhsFw07rUQ==
1999,牛智石,男,440111198302032271,T7QtiZ4,}Jz-vb1!nTw{UC,Cg/ThqlaNEh90+hXhT3Ww8Zjse562qCFzAtdgag/Gh6KnTDPAsYQC2KOu9srFPsZj54IXreeixI/xYUhkqhrzzRRtqOdhTfnVbrsG5FmGBeCqejQ8TJreE3OsPEH904bHUFNRmf6fwzQHCrIwI9x2Yzrr+4xP9Yi/MdyFK3simpx+cKfelb7Tns6d8rzcRqCHuBxRBmzx2kSaZY3K6KcpHEsqgc91kRPQFCQVyUXsnkH26zIaU1ku2N/B/+tukaP7scJCKl5SubX2Si5MUGv5SBeWvZBVaPi8rNWDgBwksCIpGl0zpzovgtWXPlyyFk6amumUm80vSe6E8pStgEJsQ==
2000,魏若瑄若瑄,女,440111198901069105,hI3DjXXI5Xl,2cUZ/(v?Ka,UeJboRSQqj4LjIByCmFISbwGOqPDH+6XpiMQMHhFHIs5lfXT9ObeV1k1ve+AnHDT5xVj/bxpD5hSt51Y7WYSNIlGidkDcbmsN/kX0y+dsZsrY3Z5K+Fze3+zDuQrm48zMT1ME/xpjJoLgmUzVWSNam1AKN920/XC5jla1JEUJAKUiwYseJOlkvC1E/GK7Q9oqeC/9xI0VNSh//wUp4yxg/PDW3qMtDIb6SFS6BQaHrQKcfXX0zuluhwkHHmIcsotMA2VP5VkBrnEgN1mN/0jKw8/+zzJ569Stv1exUWZBJl9QKpqCZLIBZCvsmtnpJnj694txG8o0phRC12UJT4jSg==
